Kecamatan;Jalan I;Jarak (m);Bagian;Latitude,Longitude;Jalan II;Jarak (m);Bagian;Latitude,Longitude; Jalan III;Jarak (m);Bagian;Latitude,Longitude;Jalan IV;Jarak (m);Bagian;Latitude,Longitude;Jalan V;Jarak (m);Bagian;Latitude,Longitude;Jalan VI;Jarak (m);Bagian;Latitude,Longitude;Jalan VII;Jarak (m);Bagian;Latitude,Longitude;Jalan VIII;Jarak (m);Bagian;Latitude,Longitude;Jalan IX;Jarak (m);Bagian;Latitude,Longitude
"Pontianak
Utara";"Jalan
Khatulistiwa ";6570;Ujung 1;-0.01774287001357279, 109.3425198933207;Gang Batas Kota;197,7;;0.013442982510206378, 109.29199201401168;;;;;;;;;;;;;;;;;;;;;;;;;;;;
;;;Tengah 1;-0.0002899713641320311, 109.32383625302253;Gang Karya Usaha;1850;Ujung 1;0.010853236749893636, 109.29484576687102;Gang Karya Usaha 1;70,42;;0.010971648729592763, 109.29536187328073;;;;;;;;;;;;;;;;;;;;;;;;
;;;Tengah 2;-0.006115696064614831, 109.33075715550036;;;Tengah 1;0.013217641053019289, 109.2956036767599;Gang Karya Usaha 2;47,69;;0.011190248758825112, 109.2950299499152;;;;;;;;;;;;;;;;;;;;;;;;
;;;Tengah 3;-0.006428111665570041, 109.33107321924774;;;Tengah 2;0.013804569226494864, 109.2957828983955;Gang Karya Usaha 3;47,73;;0.011543870796871924, 109.2954849119891;;;;;;;;;;;;;;;;;;;;;;;;
;;;Tengah 4;-0.012133593970557143, 109.33636106172403;;;Tengah 3;0.018217207439182755, 109.29695715579523;Gang Karya Bhakti I;274,48;;0.01223905547871837, 109.29780075087002;;;;;;;;;;;;;;;;;;;;;;;;
;;;Tengah 5;0.010065622317890361, 109.29538391506647;;;Ujung 2;0.022084346753467994, 109.29806821844562;Gang Karya Bersama;299,92;;0.012555142782707952, 109.2980697095929;;;;;;;;;;;;;;;;;;;;;;;;
;;;Tengah 6;0.006516515998499151, 109.30447329712014;;;;;Gang Karya Usaha 5;129,41;;0.014507096027977463, 109.29695981449458;;;;;;;;;;;;;;;;;;;;;;;;
;;;Tengah 7;0.0032725271886673408, 109.31386264593516;;;;;Gang Perjuangan;341,11;;0.015216709955999686, 109.29899992401658;;;;;;;;;;;;;;;;;;;;;;;;
;;;Tengah 8;0.001195197675562376, 109.31998575059364;;;;;Gang Karya Usaha 7;124,23;;0.01725335931644969, 109.29784187657407;;;;;;;;;;;;;;;;;;;;;;;;
;;;Ujung 2;0.011715605885259595, 109.29137574870087;;;;;Gang Karya Usaha 8;357,43;;0.018117469187203923, 109.30029118266758;;;;;;;;;;;;;;;;;;;;;;;;
;;;;;Gang Karya Bhakti I;366,87;;0.010500825024286144, 109.29856224361984;Gang Karya Bhakti 2;82,29;;0.010282294102896525, 109.29636468641066;;;;;;;;;;;;;;;;;;;;;;;;
;;;;;;;;;Gang Karya Bhakti 3;187,6;;0.011645979709823413, 109.29588043177587;;;;;;;;;;;;;;;;;;;;;;;;
;;;;;;;;;Gang Karya Bhakti;128,84;;0.012023426851031575, 109.29777224268048;;;;;;;;;;;;;;;;;;;;;;;;
;;;;;Jalan Flora;2150;Ujung 1;0.007913088904916826, 109.29982880443619;Gang Flora 1;430,42;;0.007524467792196702, 109.30383144934748;;;;;;;;;;;;;;;;;;;;;;;;
;;;;;;;Tengah 1;0.013133034555004945, 109.30197735555241;Gang Flora 2;239,19;;0.008703715809159091, 109.30246013701182;;;;;;;;;;;;;;;;;;;;;;;;
;;;;;;;Tengah 2;0.019616549317053842, 109.30479875549733;Gang Flora 3;219,98;;0.010397996033894717, 109.29875792786595;;;;;;;;;;;;;;;;;;;;;;;;
;;;;;;;Tengah 3;0.0210046559233867, 109.30541724785577;Gang Flora 4;189,05;;0.009255476052682258, 109.30221711694134;;;;;;;;;;;;;;;;;;;;;;;;
;;;;;;;Ujung 2;0.024471126481683737, 109.30642152010077;Gang Lusur Paun;381,24;;0.01181996034076801, 109.29778247734441;;;;;;;;;;;;;;;;;;;;;;;;
;;;;;;;;;Gang Sinar Flora;380,55;;0.012036683600952528, 109.29799543281068;;;;;;;;;;;;;;;;;;;;;;;;
;;;;;;;;;Gang Flora Melati;359,55;;0.012333075723282426, 109.29824917133136;;;;;;;;;;;;;;;;;;;;;;;;
;;;;;;;;;Gang Flora Mawar;408,3;;0.012533308681841649, 109.29819203217113;;;;;;;;;;;;;;;;;;;;;;;;
;;;;;;;;;Gang Flora Cemp.;176,37;;0.01234435385386365, 109.29992819965149;;;;;;;;;;;;;;;;;;;;;;;;
;;;;;;;;;Gang Rambutan;310,09;;0.013987361624246722, 109.29931608810855;;;;;;;;;;;;;;;;;;;;;;;;
;;;;;;;;;Gang Flora Indah;357,04;;0.014558045455756683, 109.30603129824006;;;;;;;;;;;;;;;;;;;;;;;;
;;;;;;;;;Gang Pesantren;373,46;;0.022127269432547156, 109.30222148577032;;;;;;;;;;;;;;;;;;;;;;;;
;;;;;Gang Mandiri ;91,65;;0.0076314959491162095, 109.30143350402635;;;;;;;;;;;;;;;;;;;;;;;;;;;;
;;;;;Gang Usmania ;172,62;;0.005572013540012492, 109.30170927024962;;;;;;;;;;;;;;;;;;;;;;;;;;;;
;;;;;Gang Masjid (Pesisir);208,1;;0.005248486408945438, 109.3020183381619;;;;;;;;;;;;;;;;;;;;;;;;;;;;
;;;;;Gang Berkat;109;;0.007497493617443347, 109.30223402648096;;;;;;;;;;;;;;;;;;;;;;;;;;;;
;;;;;Gang Muktitama;785,07;Ujung 1;0.006254861594486613, 109.30715856871663;;;;;;;;;;;;;;;;;;;;;;;;;;;;
;;;;;;;Ujung 2;0.012487451736393783, 109.30885778080906;;;;;;;;;;;;;;;;;;;;;;;;;;;;
;;;;;Gang Sambas Jaya;770,07;Ujung 1;0.006663742049103877, 109.30774054828039;;;;;;;;;;;;;;;;;;;;;;;;;;;;
;;;;;;;Ujung 2;0.012307179054490447, 109.30942420480406;;;;;;;;;;;;;;;;;;;;;;;;;;;;
;;;;;Gang Beringin 3 ;749,15;Ujung 1;0.005937803547397813, 109.30921585664727;;;;;;;;;;;;;;;;;;;;;;;;;;;;
;;;;;;;Ujung 2;0.011720062206452782, 109.31082609945001;;;;;;;;;;;;;;;;;;;;;;;;;;;;
;;;;;Gang Beringin Baru;388,8;;0.008794685689818739, 109.3106614827867;;;;;;;;;;;;;;;;;;;;;;;;;;;;
;;;;;Jalan Panca Bhakti;3270;Ujung 1;0.006612966361401409, 109.31138826152528;Gang Hidayah 1 ;423;;0.009843435936457349, 109.31315472280566;;;;;;;;;;;;;;;;;;;;;;;;
;;;;;;;Tengah 1;0.010428088094367093, 109.31113245712147;Gang Hidayah 2 ;86,95;;0.008747598562255845, 109.31161018426602;;;;;;;;;;;;;;;;;;;;;;;;
;;;;;;;Tengah 2;0.015389830631241176, 109.31069846435484;Gang Hidayah 3 ;366,55;;0.01109041135022975, 109.31325911493465;;;;;;;;;;;;;;;;;;;;;;;;
;;;;;;;Tengah 3;0.016960384734144237, 109.31056744156994;Gang Panca Hidayah 1 ;186,79;;0.010537457236729908, 109.31183717360067;;;;;;;;;;;;;;;;;;;;;;;;
;;;;;;;Tengah 4;0.02012684579541646, 109.31076955510439;Gang Panca Karya ;179,57;;0.011296997675345971, 109.31183359736929;;;;;;;;;;;;;;;;;;;;;;;;
;;;;;;;Tengah 5;0.0206923437065268, 109.31087524691402;Gang Hidayah 4;285,63;;0.011610635519166503, 109.31312454060686;;;;;;;;;;;;;;;;;;;;;;;;
;;;;;;;Ujung 2;0.03068553679261716, 109.31131284940783;Gang Sambas Mandiri ;432,45;;0.012382063280128482, 109.31023894616462;;;;;;;;;;;;;;;;;;;;;;;;
;;;;;;;;;Gang Keluarga 1;345,85;;0.016544409470115796, 109.30953736810693;;;;;;;;;;;;;;;;;;;;;;;;
;;;;;;;;;Gang Keluarga 2;572,65;Ujung 1;0.016161285565195742, 109.31181314633929;;;;;;;;;;;;;;;;;;;;;;;;
;;;;;;;;;;;Ujung 2;0.014889366234846688, 109.31699445837945;;;;;;;;;;;;;;;;;;;;;;;;
;;;;;Gang Beringin 2 ;683,44;Ujung 1;0.005528050577639504, 109.31209004681376;;;;;;;;;;;;;;;;;;;;;;;;;;;;
;;;;;;;Ujung 2;0.009986930398063327, 109.31444494256156;;;;;;;;;;;;;;;;;;;;;;;;;;;;
;;;;;Gang Beringin 1;353,48;;0.007217408574194431, 109.31324968256241;;;;;;;;;;;;;;;;;;;;;;;;;;;;
;;;;;Gang Beringin 1 Dalam;465,19;;0.010090928752079495, 109.31567197021035;;;;;;;;;;;;;;;;;;;;;;;;;;;;
;;;;;Gang Akrab;316,33;;0.005866635062741549, 109.31436700332002;;;;;;;;;;;;;;;;;;;;;;;;;;;;
;;;;;Gang Akrab Dalam;397,15;;0.00919165026077266, 109.31575135667318;;;;;;;;;;;;;;;;;;;;;;;;;;;;
;;;;;Gang Usaha Keluarga ;322,17;;0.005639717942302712, 109.3150013719747;;;;;;;;;;;;;;;;;;;;;;;;;;;;
;;;;;Gang Usaha Keluarga Dalam;368,57;;0.008926877474060348, 109.31646663979177;;;;;;;;;;;;;;;;;;;;;;;;;;;;
;;;;;Gang Satu;322,7;;0.005610342722559721, 109.31539848812855;;;;;;;;;;;;;;;;;;;;;;;;;;;;
;;;;;Gang 1 Dalam;533,38;Ujung 1;0.005834525925392459, 109.31558828072228;;;;;;;;;;;;;;;;;;;;;;;;;;;;
;;;;;;;Ujung 2;0.010069062916681802, 109.31716124843851;;;;;;;;;;;;;;;;;;;;;;;;;;;;
;;;;;Gang Usaha Bersama 1 ;319,88;;0.005526272152563757, 109.3155892523805;;;;;;;;;;;;;;;;;;;;;;;;;;;;
;;;;;Gang Usaha Bersama 2 ;144,73;;0.004084209690538804, 109.31513329148645;;;;;;;;;;;;;;;;;;;;;;;;;;;;
;;;;;Gang Masjid ;332,05;;0.005328242869431689, 109.31592220394894;;;;;;;;;;;;;;;;;;;;;;;;;;;;
;;;;;Gang Masjid Dalam;433,73;;0.008670818472473838, 109.31715688806088;;;;;;;;;;;;;;;;;;;;;;;;;;;;
;;;;;Gang Famili ;325,69;;0.004987118114146493, 109.31641023355957;;;;;;;;;;;;;;;;;;;;;;;;;;;;
;;;;;Jalan Kebangkitan Nasional;7600;Ujung 1;0.0034416786846128773, 109.31892008579915;Jalan Sinar Karya ;702,13;Ujung 1;0.0041332259057346495, 109.31894895493468;Gang Sinar Karya 1 ;356,89;;0.006654209172245071, 109.32027422098339;;;;;;;;;;;;;;;;;;;;
;;;;;;;Tengah 1;0.003984182495026877, 109.31920742999381;;;Ujung 2;0.006317129419267268, 109.31416502601446;Gang Sinar Karya 2;142,35;;0.005197523328940582, 109.3178770086357;;;;;;;;;;;;;;;;;;;;
;;;;;;;Tengah 2;0.009334462475168523, 109.32406815658315;;;;;Gang Sinar Karya 3;453,39;;0.006393299040406379, 109.31847400556214;;;;;;;;;;;;;;;;;;;;
;;;;;;;Tengah 3;0.019997384627403355, 109.32436347621785;Gang Sosial ;229,93;;0.003944226652773915, 109.321177633525;;;;;;;;;;;;;;;;;;;;;;;;
;;;;;;;Tengah 4;0.022316493936766872, 109.32422799916175;Gang Bantilan Karya ;130,75;;0.005248710130383066, 109.32024639816346;;;;;;;;;;;;;;;;;;;;;;;;
;;;;;;;Tengah 5;0.024583496917513672, 109.32716473911468;Gang Dwikora ;169,02;;0.004728038649686244, 109.32180581069466;;;;;;;;;;;;;;;;;;;;;;;;
;;;;;;;Tengah 6;0.02496395088285549, 109.33053375332004;Gang Dharma Pala;270,47;;0.0069537656974328725, 109.31981586459736;;;;;;;;;;;;;;;;;;;;;;;;
;;;;;;;Tengah 7;0.02385763742661267, 109.34125057117674;Gang Trikora ;169,12;;0.004181152273348289, 109.32284799048757;;;;;;;;;;;;;;;;;;;;;;;;
;;;;;;;Tengah 8;0.02083047358317815, 109.35258865670147;Gang Dharma Bakti;147,6;;0.0069653762375926865, 109.32067901021055;;;;;;;;;;;;;;;;;;;;;;;;
;;;;;;;Ujung 2;0.01615641284516027, 109.36476416993743;Gang Puskesmas ;285,91;;0.004516546857950662, 109.32315781802829;;;;;;;;;;;;;;;;;;;;;;;;
;;;;;;;;;Gang Merapi Indah 1 ;299,15;;0.0049530887442230725, 109.32401826202792;;;;;;;;;;;;;;;;;;;;;;;;
;;;;;;;;;Gang Haji Said;636,76;Ujung 1;0.006886612497558613, 109.32194100301834;;;;;;;;;;;;;;;;;;;;;;;;
;;;;;;;;;;;Ujung 2;0.00904416070560174, 109.31721282243093;;;;;;;;;;;;;;;;;;;;;;;;
;;;;;;;;;Gang Baru;347,56;;0.008610734018471976, 109.32088046887563;;;;;;;;;;;;;;;;;;;;;;;;
;;;;;;;;;Gang Baru 1 ;26,29;;0.008385564893482748, 109.3231966151635;Gang Baru 2;145,77;;0.00977011282179934, 109.32329766920382;;;;;;;;;;;;;;;;;;;;
;;;;;;;;;Gang Baru 3 ;100,21;;0.009644436276625964, 109.32365644487996;;;;;;;;;;;;;;;;;;;;;;;;
;;;;;;;;;Gang Mawar;124,4;;0.008731087528350247, 109.3244694268596;;;;;;;;;;;;;;;;;;;;;;;;
;;;;;;;;;Gang Kurnia ;128,31;;0.010555005972387599, 109.3253348739564;;;;;;;;;;;;;;;;;;;;;;;;
;;;;;;;;;Jalur 1;89,18;;0.013091409225401685, 109.32368094349178;;;;;;;;;;;;;;;;;;;;;;;;
;;;;;;;;;Jalur 2;82,86;;0.013045552304863924, 109.32335456303534;;;;;;;;;;;;;;;;;;;;;;;;
;;;;;;;;;Jalur 4;67,25;;0.012912256274643619, 109.32272882957396;;;;;;;;;;;;;;;;;;;;;;;;
;;;;;;;;;Jalur 6;262,41;;0.009925008594363077, 109.32242796694891;;;;;;;;;;;;;;;;;;;;;;;;
;;;;;;;;;Jalur 7;263,21;;0.009914709013158147, 109.32276663783944;;;;;;;;;;;;;;;;;;;;;;;;
;;;;;;;;;Jalur 10;118,74;;0.0099401982426286, 109.32381331688292;;;;;;;;;;;;;;;;;;;;;;;;
;;;;;;;;;Gang Sinar Baru ;183,65;;0.01321422290006379, 109.32550293609573;;;;;;;;;;;;;;;;;;;;;;;;
;;;;;;;;;Gang Cendana 1;175,33;;0.014363754603594427, 109.32599802469811;;;;;;;;;;;;;;;;;;;;;;;;
;;;;;;;;;Gang Al-Ma'adi;244,24;;0.01504125975241074, 109.32537011942092;;;;;;;;;;;;;;;;;;;;;;;;
;;;;;;;;;Gang Hamimah ;79,57;;0.016681177191899328, 109.32373497495291;;;;;;;;;;;;;;;;;;;;;;;;
;;;;;;;;;Gang Cipta Karya ;68,76;;0.01748844199734816, 109.323819404384;;;;;;;;;;;;;;;;;;;;;;;;
;;;;;;;;;Gang Sepakat ;218,6;;0.025428475696199195, 109.32604609439574;;;;;;;;;;;;;;;;;;;;;;;;
;;;;;;;;;Gang Separat ;416,15;;0.027731742241894234, 109.32712146801634;;;;;;;;;;;;;;;;;;;;;;;;
;;;;;;;;;Gang Merpati ;1060;Ujung 1;0.02499718621667963, 109.32851072682028;;;;;;;;;;;;;;;;;;;;;;;;
;;;;;;;;;;;Tengah;0.031010333967029506, 109.3283807009068;;;;;;;;;;;;;;;;;;;;;;;;
;;;;;;;;;;;Ujung 2;0.03429248754655012, 109.32798083202589;;;;;;;;;;;;;;;;;;;;;;;;
;;;;;;;;;Gang Dayak ;106,5;;0.02472135103974336, 109.34177697554017;;;;;;;;;;;;;;;;;;;;;;;;
;;;;;;;;;Gang Family ;95,36;;0.02394249145960271, 109.3444644092663;;;;;;;;;;;;;;;;;;;;;;;;
;;;;;;;;;Gang Sukses Bersama;199,95;;0.021522100169749554, 109.3559750079583;;;;;;;;;;;;;;;;;;;;;;;;
;;;;;;;;;Jalan Pembaruan ;517,28;Ujung 1;0.019241413911076137, 109.35763563989862;;;;;;;;;;;;;;;;;;;;;;;;
;;;;;;;;;;;Ujung 2;0.015315480709045079, 109.35562380729792;;;;;;;;;;;;;;;;;;;;;;;;
;;;;;;;;;Gang Bentasan II ;678,25;Ujung 1;0.01758125055150394, 109.36415264549194;;;;;;;;;;;;;;;;;;;;;;;;
;;;;;;;;;;;Ujung 2;0.022583190777655353, 109.36548924773763;;;;;;;;;;;;;;;;;;;;;;;;
;;;;;Gang Dua Lima;281,02;;0.0033684362941247387, 109.32022261302632;;;;;;;;;;;;;;;;;;;;;;;;;;;;
;;;;;Gang Usaha Baru ;555,04;Ujung 1;0.0016573737137373023, 109.3197177922282;;;;;;;;;;;;;;;;;;;;;;;;;;;;
;;;;;;;Ujung 2;0.00463300877681588, 109.3226159894889;;;;;;;;;;;;;;;;;;;;;;;;;;;;
;;;;;Gang Pratama ;36,15;;0.001514061885255244, 109.31991421869832;;;;;;;;;;;;;;;;;;;;;;;;;;;;
;;;;;Gang 7;36,45;;0.0015120502291378173, 109.32008655062752;;;;;;;;;;;;;;;;;;;;;;;;;;;;
;;;;;Jalan Sinar Pelita;1110;Ujung 1;0.002076391280121758, 109.32133048280383;Gang Keluarga ;66,05;;0.005455770637997471, 109.32535179947008;;;;;;;;;;;;;;;;;;;;;;;;
;;;;;;;Tengah 1;0.004365868424154122, 109.32350075862142;;;;;;;;;;;;;;;;;;;;;;;;;;;;
;;;;;;;Tengah 2;0.006104479942992788, 109.32507758012851;;;;;;;;;;;;;;;;;;;;;;;;;;;;
;;;;;;;Tengah 3;0.00901284616135611, 109.32543873697074;;;;;;;;;;;;;;;;;;;;;;;;;;;;
;;;;;;;Ujung 2;0.014181902881962492, 109.32609507708179;;;;;;;;;;;;;;;;;;;;;;;;;;;;
;;;;;Gang Sinar Khatulistiwa;320,95;;0.0034760294430221947, 109.32340223605456;;;;;;;;;;;;;;;;;;;;;;;;;;;;
;;;;;Jalan SMU 5 ;587,3;Ujung 1;0.0006420061545708906, 109.32401725510985;Gang Baugenvil ;230,83;;0.00023487749542819156, 109.32620105333395;Gang Flamboyan 1;185,4;;0.0025038902703829833, 109.32595446598273;;;;;;;;;;;;;;;;;;;;
;;;;;;;Ujung 2;0.003962212223826219, 109.32668935387579;;;;;Gang Flamboyan 2;188,61;;0.002281546219198248, 109.32628223991868;;;;;;;;;;;;;;;;;;;;
;;;;;;;;;Gang Kancana ;174,19;;0.0032816722338280652, 109.32435185528017;;;;;;;;;;;;;;;;;;;;;;;;
;;;;;;;;;Gang Damai 1;166,36;;0.0046167903961278536, 109.3250741667175;;;;;;;;;;;;;;;;;;;;;;;;
;;;;;;;;;Gang Purnama;107,31;;0.0027184213039158664, 109.32342470434384;;;;;;;;;;;;;;;;;;;;;;;;
;;;;;;;;;Gang Damai 2;174,99;;0.004894100451408014, 109.32478411705382;;;;;;;;;;;;;;;;;;;;;;;;
;;;;;;;;;Gang Kencana I;130,64;;0.003617942356599652, 109.32457997944337;;;;;;;;;;;;;;;;;;;;;;;;
;;;;;;;;;Gang Kencana II ;162,44;;0.004150686187927538, 109.32517167937995;;;;;;;;;;;;;;;;;;;;;;;;
;;;;;Gang Lestari;115,57;;-0.0011651755325365635, 109.3232328378732;;;;;;;;;;;;;;;;;;;;;;;;;;;;
;;;;;Jalan Asrama Khatulistiwa;154,1;;-0.000019338349733972868, 109.32555670675183;;;;;;;;;;;;;;;;;;;;;;;;;;;;
;;;;;Gang Teluk Batang ;530,87;Ujung 1;-0.0011411677719264115, 109.32543419205551;;;;;;;;;;;;;;;;;;;;;;;;;;;;
;;;;;;;Ujung 2;0.0015731483788538154, 109.32854662540348;;;;;;;;;;;;;;;;;;;;;;;;;;;;
;;;;;Jalan Budi Utomo;4760;Ujung 1;-0.002885396905905113, 109.32853004958402;Gang Mandiri II;46,27;;-0.001728281606248572, 109.32868388134072;;;;;;;;;;;;;;;;;;;;;;;;
;;;;;;;Tengah 1;0.000590243954350096, 109.3304091129723;Gang Tlk. Sahang II ;754,65;Ujung 1;0.000813356353209949, 109.3296886069997;Gang Elsa Pelangi 1;271,96;;0.0013299448304974323, 109.32879263622016;;;;;;;;;;;;;;;;;;;;
;;;;;;;Tengah 2;0.004683516630034065, 109.33257355596513;;;Ujung 2;0.005635361219848599, 109.32626825889473;;;;;;;;;;;;;;;;;;;;;;;;
;;;;;;;Tengah 3;0.00449620556605971, 109.33255394629403;Jalan Tlk. Sahang ;556,77;Ujung 1;0.000018341039130724197, 109.33059006645168;Gang Makmur Jaya ;160,57;;0.00027338817467443025, 109.33254032461012;;;;;;;;;;;;;;;;;;;;
;;;;;;;Tengah 4;0.004410117143742355, 109.34569107431155;;;Ujung 2;-0.002715892817496977, 109.33393348960603;Gang Sekolah ;93,69;;-0.0014304893860640092, 109.3334706237206;;;;;;;;;;;;;;;;;;;;
;;;;;;;Tengah 5;0.002515989592257691, 109.35395640883702;Gang Purnajaya 1 (Kanan) ;81,09;;0.000812346140101413, 109.33128132785119;;;;;;;;;;;;;;;;;;;;;;;;
;;;;;;;Ujung 2;0.0014483993722011971, 109.36246313154021;Gang Purnajaya 1 (Kiri) ;1090;Ujung 1;0.0018629217364218747, 109.33062553292852;;;;;;;;;;;;;;;;;;;;;;;;
;;;;;;;;;;;Tengah;0.005365731277755817, 109.32835363083362;;;;;;;;;;;;;;;;;;;;;;;;
;;;;;;;;;;;Ujung 2;0.009471941125182955, 109.32573652496644;;;;;;;;;;;;;;;;;;;;;;;;
;;;;;;;;;Jalan Purnajaya 1 Jalur II;1230;Ujung 1;0.002661534567593694, 109.33161659758937;Gang Punajaya ;304,41;;0.001262347440971913, 109.3294708776321;;;;;;;;;;;;;;;;;;;;
;;;;;;;;;;;Tengah;0.0069154963832679115, 109.32879125424425;Gang Karya Tani 1 ;1110;Ujung 1;0.00870016922796272, 109.32801659907604;;;;;;;;;;;;;;;;;;;;
;;;;;;;;;;;Ujung 2;0.011472711018373435, 109.32587687416651;;;Tengah;0.013012466931241461, 109.32887985372872;;;;;;;;;;;;;;;;;;;;
;;;;;;;;;;;;;;;Ujung 2;0.01766578766012013, 109.32997942252655;;;;;;;;;;;;;;;;;;;;
;;;;;;;;;Jalan Komplek Surya Kencana II ;150,01;;0.0031418909131258506, 109.34536591957206;;;;;;;;;;;;;;;;;;;;;;;;
;;;;;;;;;Komplek Taman Anggrek Residence;171,35;;0.005778229823977743, 109.34675678038415;Komplek Taman Anggrek Residence Blok Lama;182,54;;0.00740386861343778, 109.34601330627723;;;;;;;;;;;;;;;;;;;;
;;;;;;;;;;;;;Komplek Taman Anggrek Residence Blok C;179,28;;0.007470253284103582, 109.3463512646131;;;;;;;;;;;;;;;;;;;;
;;;;;;;;;;;;;Komplek Taman Anggrek Residence Blok AB;178,06;;0.007472408872470065, 109.34739604732955;;;;;;;;;;;;;;;;;;;;
;;;;;;;;;;;;;Komplek Taman Anggrek Residence Blok 8F;285,7;;0.008316384119870825, 109.34834329905436;;;;;;;;;;;;;;;;;;;;
;;;;;;;;;;;;;Komplek Taman Anggrek Residence Blok KL;251,52;;0.008034091177087359, 109.34896887328917;;;;;;;;;;;;;;;;;;;;
;;;;;;;;;Gang Family;205,76;;0.002113872493204252, 109.34878563564467;;;;;;;;;;;;;;;;;;;;;;;;
;;;;;;;;;Gang Mursid;752,76;Ujung 1;0.00326227936427252, 109.35236017265099;Gang Hikmah;214,69;;0.004058261958424857, 109.35054980149545;;;;;;;;;;;;;;;;;;;;
;;;;;;;;;;;Ujung 2;0.009130818200357866, 109.35445635180508;Gang Seleman;98,84;;0.00304805796021871, 109.35329671711922;;;;;;;;;;;;;;;;;;;;
;;;;;;;;;;;;;Gang Suka Mulya 1;187,69;;0.004702625604169298, 109.35128970502329;;;;;;;;;;;;;;;;;;;;
;;;;;;;;;;;;;Gang Bintang 1;64,87;;0.003973010761938413, 109.35351341509211;;;;;;;;;;;;;;;;;;;;
;;;;;;;;;;;;;Gang Bintang 2;184,87;;0.004999441078021294, 109.3515000145379;;;;;;;;;;;;;;;;;;;;
;;;;;;;;;;;;;Gang Harapan ;57,64;;0.004272714860207102, 109.35365778048678;;;;;;;;;;;;;;;;;;;;
;;;;;;;;;;;;;Gang Nurul Iman;180,31;;0.0053776432870073915, 109.35181082477587;;;;;;;;;;;;;;;;;;;;
;;;;;;;;;;;;;Gang Intan Permai;288,97;;0.005768852470848641, 109.35102725315177;;;;;;;;;;;;;;;;;;;;
;;;;;;;;;;;;;Gang Suka Mulya 2;481,37;;0.0067539845509277585, 109.3508069715427;;;;;;;;;;;;;;;;;;;;
;;;;;;;;;;;;;Gang Keluarga;532,5;Ujung 1;0.005779600449629563, 109.35365280505292;;;;;;;;;;;;;;;;;;;;
;;;;;;;;;;;;;;;Ujung 2;0.0077508481273558935, 109.34977162832992;;;;;;;;;;;;;;;;;;;;
;;;;;;;;;;;;;Gang Anugrah;567,45;Ujung 1;0.006524109999059084, 109.3538550766681;;;;;;;;;;;;;;;;;;;;
;;;;;;;;;;;;;;;Ujung 2;0.008768761108567929, 109.34952165913018;;;;;;;;;;;;;;;;;;;;
;;;;;;;;;Gang Pendidikan ;504,21;Ujung 1;0.0019674724763511235, 109.36117401431856;;;;;;;;;;;;;;;;;;;;;;;;
;;;;;;;;;;;Ujung 2;0.006038777248210339, 109.36180577356338;;;;;;;;;;;;;;;;;;;;;;;;
;;;;;;;;;Gang Terpadu;474,26;;0.005787994076202683, 109.36213532835133;;;;;;;;;;;;;;;;;;;;;;;;
;;;;;;;;;Gang Bersatu;501,83;Ujung 1;0.001757528390308194, 109.36191771612937;;;;;;;;;;;;;;;;;;;;;;;;
;;;;;;;;;;;Ujung 2;0.005958110565580628, 109.36253935758157;;;;;;;;;;;;;;;;;;;;;;;;
;;;;;Gang Purnajaya II;481,35;;-0.0003026034171223871, 109.33075066291882;;;;;;;;;;;;;;;;;;;;;;;;;;;;
;;;;;Gang Tlk. Melanau;525,95;Ujung 1;-0.0045962999943247144, 109.32971681135113;;;;;;;;;;;;;;;;;;;;;;;;;;;;
;;;;;;;Ujung 2;-0.0013515439570854788, 109.33212938468041;;;;;;;;;;;;;;;;;;;;;;;;;;;;
;;;;;Gang Tlk. Pari;392,94;;-0.0032708658382700306, 109.33152734531372;;;;;;;;;;;;;;;;;;;;;;;;;;;;
;;;;;Gang Tlk. Air;370,26;;-0.00344537739763005, 109.33239339519524;;;;;;;;;;;;;;;;;;;;;;;;;;;;
;;;;;Gang Tlk. Air Jalur 1;76,61;;-0.003217884937418553, 109.33180557957338;;;;;;;;;;;;;;;;;;;;;;;;;;;;
;;;;;Gang Samudra;122,67;;-0.006331232005213208, 109.3325501595122;;;;;;;;;;;;;;;;;;;;;;;;;;;;
;;;;;Gang Pasifik;81,34;;-0.006821976972583658, 109.33248732837926;;;;;;;;;;;;;;;;;;;;;;;;;;;;
;;;;;Gang Teluk Air;121,67;;-0.008575184805965244, 109.33163478215847;;;;;;;;;;;;;;;;;;;;;;;;;;;;
;;;;;Gang Keluarga II;83,67;;-0.00846732320563223, 109.33208102682582;;;;;;;;;;;;;;;;;;;;;;;;;;;;
;;;;;Gang Tlk. Bone;100,55;;-0.007219265317057821, 109.3330798145952;;;;;;;;;;;;;;;;;;;;;;;;;;;;
;;;;;Jalan Tlk. Selamat;649,73;Ujung 1;-0.008100531540054412, 109.33321532394935;Gang Selamat 3;108,03;;-0.007183311455911852, 109.33430882868228;;;;;;;;;;;;;;;;;;;;;;;;
;;;;;;;Ujung 2;-0.0029264422374571577, 109.3340746269566;Gang Selamat 4B;35,41;;-0.006280733886426125, 109.33284517996802;;;;;;;;;;;;;;;;;;;;;;;;
;;;;;;;;;Gang Selamat 4;114,61;;-0.005698321108430558, 109.33219701465816;;;;;;;;;;;;;;;;;;;;;;;;
;;;;;;;;;Gang Sungai Selamat;284,79;;-0.006054575717298822, 109.33568100696152;;;;;;;;;;;;;;;;;;;;;;;;
;;;;;;;;;Gang Tani 1;150,4;;-0.005059937168086586, 109.33199993992896;;;;;;;;;;;;;;;;;;;;;;;;
;;;;;;;;;Gang Selamat 8;280,97;;-0.00514340374931093, 109.33574906230483;;;;;;;;;;;;;;;;;;;;;;;;
;;;;;;;;;Gang Tlk. Air Jalur 6;158;;-0.004065550666815414, 109.33228276806466;;;;;;;;;;;;;;;;;;;;;;;;
;;;;;;;;;Gang Selamat 9;159,62;;-0.004148040303087912, 109.33360636123871;;;;;;;;;;;;;;;;;;;;;;;;
;;;;;;;;;Jalan Tlk. Betung;737,17;Ujung 1;-0.003075374482053814, 109.33475577283647;Gang Tlk. Betung Permai Dalam;80,25;;-0.005320335064990998, 109.33767821075944;;;;;;;;;;;;;;;;;;;;
;;;;;;;;;;;Ujung 2;-0.007490496817473512, 109.33653532704137;;;;;;;;;;;;;;;;;;;;;;;;
;;;;;Jalan Sungai Selamat Dalam ;3120;Ujung 1;0.02247140370286793, 109.33348234365393;Gang Harapan ;373,77;;0.019739144219005127, 109.33065264470272;;;;;;;;;;;;;;;;;;;;;;;;
;;;;;;;Tengah 1;0.008331182127329648, 109.33393164976957;Gang Pakuk Raya 4 ;326,8;;0.0194946029717656, 109.33651606603655;;;;;;;;;;;;;;;;;;;;;;;;
;;;;;;;Tengah 2;0.01348060045518196, 109.33374857219408;Gang Lebandait;23,02;;0.017585232906718384, 109.33385664036962;;;;;;;;;;;;;;;;;;;;;;;;
;;;;;;;Tengah 3;0.014924179511744172, 109.33368292889479;Gang Tani ;553,76;Ujung 1;0.01272792019225989, 109.33348193996471;;;;;;;;;;;;;;;;;;;;;;;;
;;;;;;;Tengah 4;0.016866011819333934, 109.33363811007847;;;Ujung 2;0.012716513681527783, 109.32916299421048;;;;;;;;;;;;;;;;;;;;;;;;
;;;;;;;Tengah 5;0.018983025961211732, 109.33358561751686;Jalan Pwan Peraman ;1198;Ujung 1;0.004558172998506308, 109.33448085242341;;;;;;;;;;;;;;;;;;;;;;;;
;;;;;;;Ujung 2;-0.002555835148319074, 109.33417151897439;;;Tengah;0.0041607494304980305, 109.3358084047306;;;;;;;;;;;;;;;;;;;;;;;;
;;;;;;;;;;;Ujung 2;0.00362895669142854, 109.33457978059843;;;;;;;;;;;;;;;;;;;;;;;;
;;;;;;;;;Gang Makmur Jaya ;148,38;;0.0003761141239997306, 109.33300753395343;;;;;;;;;;;;;;;;;;;;;;;;
;;;;;Gang Teluk Betung I;444,79;;-0.006693739954343795, 109.33661991883969;;;;;;;;;;;;;;;;;;;;;;;;;;;;
;;;;;Gang Teluk Betung II;298,6;;-0.007860496956908955, 109.33602078682779;;;;;;;;;;;;;;;;;;;;;;;;;;;;
;;;;;Gang Teluk Betung Maju;380,48;;-0.007944492562503298, 109.33647061106049;;;;;;;;;;;;;;;;;;;;;;;;;;;;
;;;;;Gang Teluk Betung 3;555,94;Ujung 1;-0.009788752268165444, 109.3352981165728;;;;;;;;;;;;;;;;;;;;;;;;;;;;
;;;;;;;Ujung 2;-0.008390780094488598, 109.33890676064439;;;;;;;;;;;;;;;;;;;;;;;;;;;;
;;;;;Gang Tlk. Keramat;217,3;;-0.009477234246139946, 109.33635571160336;;;;;;;;;;;;;;;;;;;;;;;;;;;;
;;;;;Gang Teluk Bayur;207,45;;-0.011140986537978764, 109.33702496426069;;;;;;;;;;;;;;;;;;;;;;;;;;;;
;;;;;Jalan Dharma Putra;2230;Ujung 1;-0.011608236956459851, 109.33708684671493;Gang Dharma Putra 1;185,89;;-0.010080814789699664, 109.33851750344289;;;;;;;;;;;;;;;;;;;;;;;;
;;;;;;;Tengah 1;-0.008743930529988685, 109.33901929804402;Gang Dharma Putra 2;218,8;;-0.010942369236797853, 109.33968389144988;;;;;;;;;;;;;;;;;;;;;;;;
;;;;;;;Tengah 2;-0.006267856838451044, 109.3424029659542;Jalan Dharma Putra 1;85,57;;-0.008931955909382895, 109.33800391125251;;;;;;;;;;;;;;;;;;;;;;;;
;;;;;;;Tengah 3;-0.0034630336004519277, 109.3426851729265;Gang Dharma Putra 3;309,58;;-0.010560184617510106, 109.34081570399636;;;;;;;;;;;;;;;;;;;;;;;;
;;;;;;;Ujung 2;0.004297354388286296, 109.34332601166001;Gang Dharma Putra IV;246,66;;-0.0066154051055565734, 109.33847410600049;;;;;;;;;;;;;;;;;;;;;;;;
;;;;;;;;;Gang Dharma Putra 5;182,69;;-0.006580257608874164, 109.33919082184138;;;;;;;;;;;;;;;;;;;;;;;;
;;;;;;;;;Gang Dharma Putra 6A;333,85;;-0.010060696822440337, 109.34147509916347;;;;;;;;;;;;;;;;;;;;;;;;
;;;;;;;;;Gang Dharma Putra 7A;176,16;;-0.006357532268608604, 109.3396016461267;;;;;;;;;;;;;;;;;;;;;;;;
;;;;;;;;;Gang Dharma Putra 6;326,53;;-0.009925911732787873, 109.34197852082129;;;;;;;;;;;;;;;;;;;;;;;;
;;;;;;;;;Gang Dharma Putra 7B;245,59;;-0.006292609858771826, 109.3400185191655;;;;;;;;;;;;;;;;;;;;;;;;
;;;;;;;;;Gang Dharma Putra 8;306,43;;-0.009403224613639275, 109.34233250499213;;;;;;;;;;;;;;;;;;;;;;;;
;;;;;;;;;Gang Dharma Putra 9;237,8;;-0.005161976983195008, 109.34020003030511;;;;;;;;;;;;;;;;;;;;;;;;
;;;;;;;;;Gang Dharma Putra 11;195,56;;-0.0055799813101604255, 109.34069519580781;;;;;;;;;;;;;;;;;;;;;;;;
;;;;;;;;;Gang Dharma Putra 11A;162,77;;-0.0052706938984329035, 109.34122479529697;;;;;;;;;;;;;;;;;;;;;;;;
;;;;;;;;;Jalan Ghana Darma Putra 12A;266,52;;-0.008368152874273374, 109.34321266363008;;;;;;;;;;;;;;;;;;;;;;;;
;;;;;;;;;Gang Dharma Putra Antara;240,42;;-0.007748652781279838, 109.34369370207796;;;;;;;;;;;;;;;;;;;;;;;;
;;;;;;;;;Gang Dharma Putra 14;215,29;;-0.0065685059774130685, 109.34419318089859;;;;;;;;;;;;;;;;;;;;;;;;
;;;;;;;;;Gang Dharma Putra 15;255,87;;-0.0059329274579972115, 109.34448511464828;;;;;;;;;;;;;;;;;;;;;;;;
;;;;;;;;;Gang Dharma Putra 16A;276,47;;-0.005483435578491433, 109.34465411033169;;;;;;;;;;;;;;;;;;;;;;;;
;;;;;;;;;Gang Dharma Putra 16C;291,22;;-0.005150733251775719, 109.34481991210805;;;;;;;;;;;;;;;;;;;;;;;;
;;;;;;;;;Gang Dharma Putra 16D;305,7;;-0.004355295776337959, 109.34475777210906;;;;;;;;;;;;;;;;;;;;;;;;
;;;;;;;;;Gang Dharma Putra 16 B1;72,8;;-0.003337255586805883, 109.34204807009647;;;;;;;;;;;;;;;;;;;;;;;;
;;;;;;;;;Gang Dharma Putra 16E;311,54;;-0.004097615496760514, 109.34487783638112;;;;;;;;;;;;;;;;;;;;;;;;
;;;;;;;;;Gang Dharma Putra 17B;311,8;;-0.0036747161371762007, 109.34025038455412;;;;;;;;;;;;;;;;;;;;;;;;
;;;;;;;;;Gang Dharma Putra 17A;321,52;;-0.0037827549120125216, 109.34539323067142;;;;;;;;;;;;;;;;;;;;;;;;
;;;;;;;;;Gang Dharma Putra 18B;195,65;;-0.002644337742233235, 109.34111768777115;;;;;;;;;;;;;;;;;;;;;;;;
;;;;;;;;;Gang Dharma Putra 18A;323,3;;-0.003398197894558599, 109.34555052559865;;;;;;;;;;;;;;;;;;;;;;;;
;;;;;;;;;Gang Dharma Putra 19;195,98;;-0.0026734918141543915, 109.34488863466734;;;;;;;;;;;;;;;;;;;;;;;;
;;;;;;;;;Gang Dharma Putra 19A;306,19;;-0.002429500812111086, 109.34589791021135;;;;;;;;;;;;;;;;;;;;;;;;
;;;;;;;;;Gang Dharma Putra Jaya 2;177,68;;-0.0007121073628965231, 109.34221357842854;;;;;;;;;;;;;;;;;;;;;;;;
;;;;;;;;;Perumahan Dharma Putra 2;325,46;;-0.0013302505155925338, 109.34655669025275;;;;;;;;;;;;;;;;;;;;;;;;
;;;;;;;;;Perumahan Dharma Putra;353,76;;-0.00033946950631132046, 109.34068068157319;;;;;;;;;;;;;;;;;;;;;;;;
;;;;;;;;;Gang Dharma Putra 21;384,28;;-0.00018878585796993594, 109.34693474044523;;;;;;;;;;;;;;;;;;;;;;;;
;;;;;;;;;Gang Dharma Putra Karya;267,09;;0.0009204774882386257, 109.34184141360471;;;;;;;;;;;;;;;;;;;;;;;;
;;;;;;;;;Gang Dharma Putra 22;213,88;;0.0006313877127849241, 109.3457563270161;;;;;;;;;;;;;;;;;;;;;;;;
;;;;;;;;;Gang Dharma Putra 27;130,49;;0.0012944961836311188, 109.3427274925939;;;;;;;;;;;;;;;;;;;;;;;;
;;;;;;;;;Gang Dharma Putra 23;432,66;;0.000504653856823845, 109.34757126978884;;;;;;;;;;;;;;;;;;;;;;;;
;;;;;;;;;Gang Dharma Putra 24;459,04;;0.000980658793680039, 109.34767849921907;;;;;;;;;;;;;;;;;;;;;;;;
;;;;;Jalan Dharma Putra Dalam ;2190;Ujung 1;0.005298481265829997, 109.34308877830951;Gang Mawar;120,76;;0.009080727327285584, 109.34050529622111;;;;;;;;;;;;;;;;;;;;;;;;
;;;;;;;Tengah 1;0.008660663604967526, 109.34172092991678;Gang Kenanga 2;184,24;;0.008672302012206016, 109.34039421638276;;;;;;;;;;;;;;;;;;;;;;;;
;;;;;;;Tengah 2;0.01021093511774717, 109.3411422625659;Gang Kenanga I;710,68;Ujung 1;0.007482627301186187, 109.34184059921658;;;;;;;;;;;;;;;;;;;;;;;;
;;;;;;;Tengah 3;0.01160199858383697, 109.34073938275627;;;Ujung 2;0.0077817459185090575, 109.33630309289238;;;;;;;;;;;;;;;;;;;;;;;;
;;;;;;;Ujung 2;0.02329570332880402, 109.34159468646774;Komplek Dharma Citra Residence;350,77;;0.007009474194270853, 109.33927070532472;;;;;;;;;;;;;;;;;;;;;;;;
;;;;;;;;;Gang Madrasah;310,17;;0.006426334263551514, 109.34514014026814;;;;;;;;;;;;;;;;;;;;;;;;
;;;;;;;;;Gang Kurnia;93,02;;0.006023070977855185, 109.34356770530802;;;;;;;;;;;;;;;;;;;;;;;;
;;;;;Gang Tlk. Nilam;197,55;;-0.011807876775017694, 109.33837640488042;;;;;;;;;;;;;;;;;;;;;;;;;;;;
;;;;;Gang Tlk. Intan;396;;-0.011622590553829531, 109.33932734512376;;;;;;;;;;;;;;;;;;;;;;;;;;;;
;;;;;Gang Setuju;626,16;Ujung 1;-0.01146594661016051, 109.33966977159733;;;;;;;;;;;;;;;;;;;;;;;;;;;;
;;;;;;;Ujung 2;-0.008095967142735317, 109.34374949691323;;;;;;;;;;;;;;;;;;;;;;;;;;;;
;;;;;Gang Tlk. Mutiara;285,36;;-0.01231906679037208, 109.33979320207075;;;;;;;;;;;;;;;;;;;;;;;;;;;;
;;;;;Gang Kurnia;67,03;;-0.009996583941159248, 109.34271980994639;;;;;;;;;;;;;;;;;;;;;;;;;;;;
;;;;;Gang Tlk. Berlian;618,39;Ujung 1;-0.013870770807436317, 109.33853540309322;;;;;;;;;;;;;;;;;;;;;;;;;;;;
;;;;;;;Ujung 2;-0.010881194889986295, 109.34231648942946;;;;;;;;;;;;;;;;;;;;;;;;;;;;
;;;;;Jalan Parit Makmur;619,11;Ujung 1;-0.014999193990498132, 109.33995139314497;Gang Sukses 1;124,1;;-0.013353699640671932, 109.33991324128533;;;;;;;;;;;;;;;;;;;;;;;;
;;;;;;;Ujung 2;-0.011134996859198481, 109.34296325286589;Gang Teratai 3;96,96;;-0.014265175058397486, 109.34166049248618;;;;;;;;;;;;;;;;;;;;;;;;
;;;;;;;;;Gang Rapi Indah 1;233,49;;-0.013649231774844343, 109.3422618713108;;;;;;;;;;;;;;;;;;;;;;;;
;;;;;;;;;Gang Jambrud;89,86;;-0.012605082984012143, 109.34079897512697;;;;;;;;;;;;;;;;;;;;;;;;
;;;;;;;;;Gang Bunga;39,58;;-0.013428767870494676, 109.34166166114582;;;;;;;;;;;;;;;;;;;;;;;;
;;;;;;;;;Gang Nusantara;224,4;;-0.01386989476615424, 109.34293136316573;;;;;;;;;;;;;;;;;;;;;;;;
;;;;;;;;;Gang Baiduri 1;101,45;;-0.011807128547658714, 109.34146251137388;;;;;;;;;;;;;;;;;;;;;;;;
;;;;;;;;;Gang Darma Karya;186,18;;-0.013153388901075475, 109.34333443879535;;;;;;;;;;;;;;;;;;;;;;;;
;;;;;;;;;Gang Baiduri 2;92,3;;-0.011620416586475155, 109.34190184141316;;;;;;;;;;;;;;;;;;;;;;;;
;;;;;Jalan Makmur Indah;160,73;;-0.014947681752041699, 109.3410722195382;;;;;;;;;;;;;;;;;;;;;;;;;;;;
;;;;;Gang Dharma Bakti II;382,17;;-0.013878346421069691, 109.34270276983563;;;;;;;;;;;;;;;;;;;;;;;;;;;;
;;;;;Gang Dharma Bakti I;472,61;;-0.013376543310851616, 109.34340263889061;;;;;;;;;;;;;;;;;;;;;;;;;;;;
;;;;;Gang Puring;98,48;;-0.016563938691030147, 109.3421773263632;;;;;;;;;;;;;;;;;;;;;;;;;;;;
;;;;;Jalan Parwasal;2550;Ujung 1;-0.01738411910462118, 109.34266871431153;Gang 1;89,06;;-0.016338765809373285, 109.34244047697462;;;;;;;;;;;;;;;;;;;;;;;;
;;;;;;;Tengah 1;-0.01268089331085283, 109.34429982985904;Jalan Parwasal 2;127,47;;-0.01569421233951251, 109.34221150484662;;;;;;;;;;;;;;;;;;;;;;;;
;;;;;;;Tengah 2;-0.006883294578231789, 109.34644083827666;Jalan Pembaruan ;93,97;;-0.01602505448000728, 109.34405189600781;;;;;;;;;;;;;;;;;;;;;;;;
;;;;;;;Tengah 3;0.0019504481536408121, 109.3515399532577;Jalan Parwasal 4;91,76;;-0.014916677454671694, 109.34278628549342;;;;;;;;;;;;;;;;;;;;;;;;
;;;;;;;Ujung 2;0.0027649388455330734, 109.35204744107148;Gang Bambu Kuning;45,05;;-0.015240414605245028, 109.343865105107;;;;;;;;;;;;;;;;;;;;;;;;
;;;;;;;;;Gang Duitt;73,96;;-0.014904967502496811, 109.34411482889172;;;;;;;;;;;;;;;;;;;;;;;;
;;;;;;;;;Gang Parwasal 7;107,52;;-0.012868101681103075, 109.34337169536694;;;;;;;;;;;;;;;;;;;;;;;;
;;;;;;;;;Gang Barokah;189,1;;-0.013638178555431753, 109.34565647867836;;;;;;;;;;;;;;;;;;;;;;;;
;;;;;;;;;Gang Ilham;152,03;;-0.012988950894435615, 109.34564692534491;;;;;;;;;;;;;;;;;;;;;;;;
;;;;;;;;;Gang Hidayah;194,73;;-0.012660256696724595, 109.34593283636157;;;;;;;;;;;;;;;;;;;;;;;;
;;;;;;;;;Jalan Parwasal I;189,01;;-0.011004346529027575, 109.34318849623943;;;;;;;;;;;;;;;;;;;;;;;;
;;;;;;;;;Gang Kali Sari;171,53;;-0.012156797335937808, 109.34610502234369;;;;;;;;;;;;;;;;;;;;;;;;
;;;;;;;;;Gang Amanah 2;178,88;;-0.011878561706714629, 109.34629150083991;;;;;;;;;;;;;;;;;;;;;;;;
;;;;;;;;;Gang Amanah;207,08;;-0.011555811003241972, 109.3465949802979;;;;;;;;;;;;;;;;;;;;;;;;
;;;;;;;;;Gang Harapan Jaya;170,24;;-0.009869141016573981, 109.34378912388225;;;;;;;;;;;;;;;;;;;;;;;;
;;;;;;;;;Gang Keluarga 1;187,82;;-0.011049936628011387, 109.34646853057663;;;;;;;;;;;;;;;;;;;;;;;;
;;;;;;;;;Gang Perjuangan;187,01;;-0.010713477739421233, 109.34657478192638;;;;;;;;;;;;;;;;;;;;;;;;
;;;;;;;;;Gang Persada 1;168,11;;-0.009484026081459054, 109.34395565279539;;;;;;;;;;;;;;;;;;;;;;;;
;;;;;;;;;Gang Ikhlas;179,48;;-0.010287988610121484, 109.34674131117383;;;;;;;;;;;;;;;;;;;;;;;;
;;;;;;;;;Gang Persada 2;167,57;;-0.009011547022156645, 109.34417155559866;;;;;;;;;;;;;;;;;;;;;;;;
;;;;;;;;;Gang Persada Antara;162,21;;-0.008582409108225279, 109.34434061886284;;;;;;;;;;;;;;;;;;;;;;;;
;;;;;;;;;Gang Amal;179,2;;-0.00976882928668103, 109.34692355669108;;;;;;;;;;;;;;;;;;;;;;;;
;;;;;;;;;Gang Persada 3;161,81;;-0.008264353716882961, 109.3444432592092;;;;;;;;;;;;;;;;;;;;;;;;
;;;;;;;;;Gang Amalilla;181,21;;-0.009136471618798395, 109.34717683405174;;;;;;;;;;;;;;;;;;;;;;;;
;;;;;;;;;Gang Aman;186,9;;-0.008837322414488263, 109.34729231719564;;;;;;;;;;;;;;;;;;;;;;;;
;;;;;;;;;Gang Persada 4;225,75;;-0.007490721110838482, 109.3441245052771;;;;;;;;;;;;;;;;;;;;;;;;
;;;;;;;;;Gang Trijaya 1;177,29;;-0.006384190405993926, 109.34491064749689;;;;;;;;;;;;;;;;;;;;;;;;
;;;;;;;;;Gang Trijaya 2;221,67;;-0.005969607775643533, 109.34485983245062;;;;;;;;;;;;;;;;;;;;;;;;
;;;;;;;;;Gang Trijaya 3;219,98;;-0.005759653520476731, 109.34491619454539;;;;;;;;;;;;;;;;;;;;;;;;
;;;;;;;;;Gang Makam Muslim;183,92;;-0.007100097058845368, 109.34744317129226;;;;;;;;;;;;;;;;;;;;;;;;
;;;;;;;;;Gang Trijaya 4;221,64;;-0.0054637414154743566, 109.34503748111175;;;;;;;;;;;;;;;;;;;;;;;;
;;;;;;;;;Gang Trijaya Permai;220,06;;-0.005198860707847206, 109.34521734261665;;;;;;;;;;;;;;;;;;;;;;;;
;;;;;;;;;Gang H. Harun;180,59;;-0.006664219095119051, 109.34809180968305;;;;;;;;;;;;;;;;;;;;;;;;
;;;;;;;;;Gang Tekad Bersama;225,97;;-0.0035268196799048855, 109.34581774600044;;;;;;;;;;;;;;;;;;;;;;;;
;;;;;;;;;Jalan H. Harun II;426,01;;-0.006229250586577238, 109.35073193291653;Komplek Garden Mas 1;319,51;;-0.005314050270276931, 109.34884018713274;;;;;;;;;;;;;;;;;;;;
;;;;;;;;;Gang Makmur;229,66;;-0.0027894636778360666, 109.34617187979451;;;;;;;;;;;;;;;;;;;;;;;;
;;;;;;;;;Gang Zainuddin;234,25;;-0.0024425984779385362, 109.34654133250409;;;;;;;;;;;;;;;;;;;;;;;;
;;;;;;;;;Gang Permata;57,15;;-0.0027044278655229295, 109.34797283341712;;;;;;;;;;;;;;;;;;;;;;;;
;;;;;;;;;Gang Cahaya;306,72;;-0.004279305633110746, 109.35088040693897;;;;;;;;;;;;;;;;;;;;;;;;
;;;;;;;;;Gang Pulau Indah;256,65;;-0.001538317622950913, 109.34674913057448;;;;;;;;;;;;;;;;;;;;;;;;
;;;;;;;;;Gang Rembulah;262,53;;-0.0012477163126881172, 109.3468822838564;;;;;;;;;;;;;;;;;;;;;;;;
;;;;;;;;;Jalan Garden Mas 3;384,72;;-0.003988292700015629, 109.35180048719697;;;;;;;;;;;;;;;;;;;;;;;;
;;;;;;;;;Gang Mawar;266,91;;-0.0008130659423724831, 109.34713666171218;;;;;;;;;;;;;;;;;;;;;;;;
;;;;;;;;;Gang Mawar 2;268,67;;-0.000391263856723835, 109.34735345177232;;;;;;;;;;;;;;;;;;;;;;;;
;;;;;;;;;Gang Cemp.;240,75;;-0.002676752549232653, 109.3512006405169;;;;;;;;;;;;;;;;;;;;;;;;
;;;;;;;;;Gang Melati I;194,67;;-0.00035809679208104395, 109.3480143581529;;;;;;;;;;;;;;;;;;;;;;;;
;;;;;;;;;Gang Cemp. 2;443,66;;-0.003200690431891067, 109.3530325828385;;;;;;;;;;;;;;;;;;;;;;;;
;;;;;;;;;Gang Melati II;270,03;;0.0002714104146442435, 109.34762692752552;;;;;;;;;;;;;;;;;;;;;;;;
;;;;;;;;;Gang Wahid;268,1;;0.0005778762737466397, 109.34790442201675;;;;;;;;;;;;;;;;;;;;;;;;
;;;;;;;;;Gang Mursid;277,29;;0.000921598216920345, 109.34807118447803;;;;;;;;;;;;;;;;;;;;;;;;
;;;;;;;;;Jalan Grand Parwasal;263,89;;0.001466439184025928, 109.34839782450346;;;;;;;;;;;;;;;;;;;;;;;;
;;;;;;;;;Komplek Amy Permai 3;309,04;;-0.0008906505384107806, 109.35303271149935;;;;;;;;;;;;;;;;;;;;;;;;
;;;;;;;;;Perumahan Pengharapan Setia;294,28;;-0.00042987984128579996, 109.35305586133562;;;;;;;;;;;;;;;;;;;;;;;;
;;;;;;;;;Gang Hollywood;265,69;;0.001978955921520422, 109.34882645280506;;;;;;;;;;;;;;;;;;;;;;;;
;;;;;;;;;Gang Ananda;180;;0.001955515276786302, 109.34962674470893;;;;;;;;;;;;;;;;;;;;;;;;
;;;;;;;;;Gang Hasan;123,96;;0.0005674845104744878, 109.35202621305376;;;;;;;;;;;;;;;;;;;;;;;;
;;;;;;;;;Perumahan Aloevera Permai 2;257,41;;0.00038526438907407576, 109.3532216004709;;;;;;;;;;;;;;;;;;;;;;;;
;;;;;;;;;Gang Ojolali;127,87;;0.0024247954294540704, 109.3504545401701;;;;;;;;;;;;;;;;;;;;;;;;
;;;;;;;;;Gang Keluarga;122,8;;0.002063639855227375, 109.35028198118822;;;;;;;;;;;;;;;;;;;;;;;;
;Jalan Gusti Situt Mahmud;2360;Ujung 1;-0.015441794327654206, 109.36188114119201;Jalan Terminal Siantan;164,87;;-0.019137149477071427, 109.34231600672238;;;;;;;;;;;;;;;;;;;;;;;;;;;;
;;;Tengah 1;-0.01620822227785214, 109.35720301912974;Gang Selat Madura;515,39;Ujung 1;-0.017742042211801735, 109.34359042050889;;;;;;;;;;;;;;;;;;;;;;;;;;;;
;;;Tengah 2;-0.018507814626207326, 109.35092297691921;;;Ujung 2;-0.014098396937773578, 109.34548863965227;;;;;;;;;;;;;;;;;;;;;;;;;;;;
;;;Tengah 3;-0.018291290491276917, 109.3451850869362;Gang Selat Madura Dalam;404,79;;-0.010856085560279493, 109.34699080507299;;;;;;;;;;;;;;;;;;;;;;;;;;;;
;;;Ujung 2;-0.017866324471673183, 109.34287483304819;Gang Bersatu III;152,36;;-0.019291643163543388, 109.34314811773402;;;;;;;;;;;;;;;;;;;;;;;;;;;;
;;;;;Gang Selat Makassar;469,72;;-0.014367181177348335, 109.34583841161353;;;;;;;;;;;;;;;;;;;;;;;;;;;;
;;;;;Gang Selat Karimata II;235,01;;-0.020250339050737077, 109.34519785280648;;;;;;;;;;;;;;;;;;;;;;;;;;;;
;;;;;Jalan Selat Sumba III;212,02;;-0.01663758500254839, 109.34626761934459;;;;;;;;;;;;;;;;;;;;;;;;;;;;
;;;;;Gang Selat Karimata I;248,82;;-0.020448253206733397, 109.34588301447693;;;;;;;;;;;;;;;;;;;;;;;;;;;;
;;;;;Gang Mahmud;178,89;;-0.016859168718320525, 109.34672195730487;;;;;;;;;;;;;;;;;;;;;;;;;;;;
;;;;;Gang Selat Sumba 2;158,83;;-0.017231098141794535, 109.34699565875808;;;;;;;;;;;;;;;;;;;;;;;;;;;;
;;;;;Jalan Selat Sumba;1710;Ujung 1;-0.017219104617127418, 109.34788938591436;Jalan Selat Sumba II;340,04;;-0.015895253388927652, 109.34523523296097;Gang Buntu;29,81;;-0.01751749727391291, 109.34728469085006;;;;;;;;;;;;;;;;;;;;
;;;;;;;Tengah 1;-0.01697298108492485, 109.3480109168623;;;;;Gang Selat Sumba;291,47;;-0.014893076643374092, 109.34844685195749;;;;;;;;;;;;;;;;;;;;
;;;;;;;Tengah 2;-0.01567820703687937, 109.34862961144192;;;;;Gang Harapan III;287,55;;-0.014687355005188732, 109.34809197728158;;;;;;;;;;;;;;;;;;;;
;;;;;;;Tengah 3;-0.010750157680133657, 109.35136423894468;;;;;Gang Harapan 2B;165,23;;-0.015534140934969274, 109.3475347639385;;;;;;;;;;;;;;;;;;;;
;;;;;;;Ujung 2;-0.01316411678609153, 109.34965889426711;;;;;Gang Harapan 2;298,39;;-0.014428841743047434, 109.34780081908994;;;;;;;;;;;;;;;;;;;;
;;;;;;;;;;;;;Gang Masa Jaya II;300,25;;-0.014286068686686642, 109.34767463690571;;;;;;;;;;;;;;;;;;;;
;;;;;;;;;;;;;Gang Masa Jaya I;300,41;;-0.014156788907195522, 109.34749375867754;;;;;;;;;;;;;;;;;;;;
;;;;;;;;;;;;;Gang Mantuka;595,71;Ujung 1;-0.0162374730478465, 109.34617722173294;;;;;;;;;;;;;;;;;;;;
;;;;;;;;;;;;;;;Ujung 2;-0.014278675296012856, 109.34899545569124;;;;;;;;;;;;;;;;;;;;
;;;;;;;;;;;;;Gang Selat Sumba X;379,01;;-0.013105170086382375, 109.34706323307907;;;;;;;;;;;;;;;;;;;;
;;;;;;;;;Jalan 1;45,99;;-0.017280427619782456, 109.34833266869528;;;;;;;;;;;;;;;;;;;;;;;;
;;;;;;;;;Gang Bersama 1A;167,17;;-0.015339970128912304, 109.35036685545545;Gang Bersama 1;304,49;;-0.017474541773913936, 109.34856007896177;;;;;;;;;;;;;;;;;;;;
;;;;;;;;;;;;;Gang Bersama 3;302,11;;-0.017781033323119828, 109.34926757035187;;;;;;;;;;;;;;;;;;;;
;;;;;;;;;Gang Baru 1 ;389,73;;-0.014900887581821017, 109.35232484040202;;;;;;;;;;;;;;;;;;;;;;;;
;;;;;;;;;Gang Baru 2;197,31;;-0.014416750317701224, 109.35099446510479;;;;;;;;;;;;;;;;;;;;;;;;
;;;;;;;;;Gang Baru 3;218;;-0.013897517022688377, 109.3512274749507;;;;;;;;;;;;;;;;;;;;;;;;
;;;;;;;;;Gang Sederhana;215,56;;-0.013538723485360315, 109.35123080571837;;;;;;;;;;;;;;;;;;;;;;;;
;;;;;;;;;Gang Perjuanagn 2;149,19;;-0.012017768817758871, 109.34873288620068;;;;;;;;;;;;;;;;;;;;;;;;
;;;;;;;;;Gang Muslimin;120,35;;-0.011045649636305277, 109.3483633583657;;;;;;;;;;;;;;;;;;;;;;;;
;;;;;;;;;Gang Melati 1;281,93;;-0.012969337061390463, 109.3521988262796;;;;;;;;;;;;;;;;;;;;;;;;
;;;;;;;;;Gang Sentosa;325,37;;-0.010152371721682173, 109.34810381393456;;;;;;;;;;;;;;;;;;;;;;;;
;;;;;;;;;Gang Melati 2;264,62;;-0.01283030236321567, 109.35232438159103;;;;;;;;;;;;;;;;;;;;;;;;
;;;;;;;;;Gang Damai;347,95;;-0.009741243329346751, 109.34831762238262;Gang Mulya 2;109,76;;-0.009125883345336915, 109.34744312422902;;;;;;;;;;;;;;;;;;;;
;;;;;;;;;Gang Lestari;321,2;;-0.008896124549959427, 109.34889155494017;Gang Mulya 3;293,25;;-0.008897021891072707, 109.34757717611532;;;;;;;;;;;;;;;;;;;;
;;;;;;;;;;;;;Gang Mulya 4;122,33;;-0.008552726553086417, 109.347683094116;;;;;;;;;;;;;;;;;;;;
;;;;;;;;;;;;;Gang Mulya 5;150,45;;-0.008010375731003872, 109.34793483386379;;;;;;;;;;;;;;;;;;;;
;;;;;;;;;Gang 95;259,61;;-0.011951942991720373, 109.35330863755276;;;;;;;;;;;;;;;;;;;;;;;;
;;;;;;;;;Gang Veteran;237,88;;-0.008665473857153388, 109.35036078989573;;;;;;;;;;;;;;;;;;;;;;;;
;;;;;;;;;Jalan Komplek Zamrud Sumba 3;341,96;;-0.007726819030579883, 109.35004410507847;Gang Usaha Maju;204,5;;-0.00681953195073872, 109.34834631086345;;;;;;;;;;;;;;;;;;;;
;;;;;;;;;Gang H. Boimin 1;361,48;;-0.0069819507892108276, 109.35137614192449;;;;;;;;;;;;;;;;;;;;;;;;
;;;;;;;;;Gang H. Boimin 2;361,54;;-0.006302537516573525, 109.3514452429549;;;;;;;;;;;;;;;;;;;;;;;;
;;;;;;;;;Gang Flora;244,32;;-0.006033956912266694, 109.35247707609962;;;;;;;;;;;;;;;;;;;;;;;;
;;;;;;;;;Perumahan Grand Andika;351,43;;-0.004878097713930391, 109.35219757356948;;;;;;;;;;;;;;;;;;;;;;;;
;;;;;;;;;Jalur 4;292;;-0.004886813508899583, 109.35285857957321;;;;;;;;;;;;;;;;;;;;;;;;
;;;;;;;;;Jalur 3;361,77;;-0.004211027015437555, 109.35258918633416;;;;;;;;;;;;;;;;;;;;;;;;
;;;;;;;;;Jalur 2;361,41;;-0.003874208813605593, 109.35285800123853;;;;;;;;;;;;;;;;;;;;;;;;
;;;;;;;;;Jalur 1;368,86;;-0.0035343622652971706, 109.35305793284037;;;;;;;;;;;;;;;;;;;;;;;;
;;;;;Gang Selat Bangka;220,84;;-0.02065623844337011, 109.34941747387437;;;;;;;;;;;;;;;;;;;;;;;;;;;;
;;;;;Gang Remis II;83,52;;-0.0180333649070305, 109.34987648855405;;;;;;;;;;;;;;;;;;;;;;;;;;;;
;;;;;Gang Sempurna;232,57;;-0.020561757164568255, 109.35033112396079;;;;;;;;;;;;;;;;;;;;;;;;;;;;
;;;;;Gang Generasi 1;223,76;;-0.016622778814283094, 109.35113606864104;Gang Selat Sunda II;379,08;;-0.017721466634744228, 109.3509365491599;;;;;;;;;;;;;;;;;;;;;;;;
;;;;;Gang Selat Malaka 1;216,22;;-0.02046996908036458, 109.35104471876117;Gang Amilin;75,7;;-0.01995735541930828, 109.35177841034114;;;;;;;;;;;;;;;;;;;;;;;;
;;;;;Gang Gaspar;281,61;;-0.01606671630681901, 109.35164192564076;;;;;;;;;;;;;;;;;;;;;;;;;;;;
;;;;;Gang Maluku 2;140,81;;-0.01743500721892675, 109.35232685175225;;;;;;;;;;;;;;;;;;;;;;;;;;;;
;;;;;Gang Selat Wetar;101,01;;-0.019395633788150124, 109.35208984975739;;;;;;;;;;;;;;;;;;;;;;;;;;;;
;;;;;Jalan Selat Bali;1360;Ujung 1;-0.01883784354075159, 109.35241152361424;;;;;;;;;;;;;;;;;;;;;;;;;;;;
;;;;;;;Tengah 1;-0.01996220154371089, 109.35254820151275;;;;;;;;;;;;;;;;;;;;;;;;;;;;
;;;;;;;Tengah 2;-0.021012840911106882, 109.34796867493105;;;;;;;;;;;;;;;;;;;;;;;;;;;;
;;;;;;;Tengah 3;-0.020291685799906787, 109.34489214548348;;;;;;;;;;;;;;;;;;;;;;;;;;;;
;;;;;;;Ujung 2;-0.019327327418661562, 109.34301635412787;;;;;;;;;;;;;;;;;;;;;;;;;;;;
;;;;;Gang Maluku;493,82;;-0.014201051504930551, 109.35347115756761;Gang Maluku 7;140,12;;-0.013425041952183202, 109.35245808156546;;;;;;;;;;;;;;;;;;;;;;;;
;;;;;;;;;Gang Maluku 8;187,78;;-0.012932456966756212, 109.35245967669714;;;;;;;;;;;;;;;;;;;;;;;;
;;;;;Gang Blitar 1;257,19;;-0.015517191301008268, 109.35321003913947;;;;;;;;;;;;;;;;;;;;;;;;;;;;
;;;;;Gang Maluku I;119,37;;-0.016421405962126472, 109.35353062558177;;;;;;;;;;;;;;;;;;;;;;;;;;;;
;;;;;Gang Slt. Lombok 1;145,14;;-0.01595620100295241, 109.35398742726122;;;;;;;;;;;;;;;;;;;;;;;;;;;;
;;;;;Gang Swadaya 1;208,69;;-0.01916249328988979, 109.35373033198759;;;;;;;;;;;;;;;;;;;;;;;;;;;;
;;;;;Gang Swadaya 2;165,5;;-0.018647573733635757, 109.3540473134996;;;;;;;;;;;;;;;;;;;;;;;;;;;;
;;;;;Gang Slt. Lombok II;115,5;;-0.015992639204753883, 109.35439601367568;;;;;;;;;;;;;;;;;;;;;;;;;;;;
;;;;;Jalan Parit Pangeran;4020;Ujung 1;-0.0167109278336557, 109.35485466704773;Gang Delima I;188,12;;-0.015371944037600225, 109.35329283448385;;;;;;;;;;;;;;;;;;;;;;;;
;;;;;;;Tengah 1;-0.009192473237731319, 109.35545804512546;Gang Cempaka;120,94;;-0.015513272649670597, 109.35599441521457;;;;;;;;;;;;;;;;;;;;;;;;
;;;;;;;Tengah 2;-0.0029234617095007776, 109.3562864942874;Gang Delima II;243,17;;-0.0145223498754339, 109.35379860597995;;;;;;;;;;;;;;;;;;;;;;;;
;;;;;;;Tengah 3;-0.0030436422997963497, 109.35626852250884;Gang Melati II;128,79;;-0.015103408615095477, 109.35607604309149;;;;;;;;;;;;;;;;;;;;;;;;
;;;;;;;Tengah 4;0.00470970731480952, 109.35723451305195;Gang Melati III;128,48;;-0.014806731486339349, 109.35608556792546;;;;;;;;;;;;;;;;;;;;;;;;
;;;;;;;Tengah 5;0.014193592349800393, 109.35844309865482;Gang Delima III;177,35;;-0.01417731448548816, 109.35370285708876;;;;;;;;;;;;;;;;;;;;;;;;
;;;;;;;Ujung 2;0.018291893347427573, 109.35925186369039;Gang Keluarga;110,48;;-0.01413972012036893, 109.35595623772883;;;;;;;;;;;;;;;;;;;;;;;;
;;;;;;;;;Gang Telaga Indah;105,43;;-0.013660626431776375, 109.35593759403562;;;;;;;;;;;;;;;;;;;;;;;;
;;;;;;;;;Gang Nengeati;91,29;;-0.013122739799833744, 109.3558490775721;;;;;;;;;;;;;;;;;;;;;;;;
;;;;;;;;;Gang Nurul Muslimin;202,51;;-0.012125090053594112, 109.35354668381602;;;;;;;;;;;;;;;;;;;;;;;;
;;;;;;;;;Jalan Sungai Sahang III;553,77;Ujung 1;-0.012744388934291723, 109.35538727030247;;;;;;;;;;;;;;;;;;;;;;;;
;;;;;;;;;;;Ujung 2;-0.012860697948219629, 109.35958269546622;;;;;;;;;;;;;;;;;;;;;;;;
;;;;;;;;;Gang WDA;71,62;;-0.011954685994835365, 109.35445794908942;;;;;;;;;;;;;;;;;;;;;;;;
;;;;;;;;;Gang Karya Bersama;195,83;;-0.011163473610054393, 109.35365425331116;;;;;;;;;;;;;;;;;;;;;;;;
;;;;;;;;;Komplek Zamrud 2;172,8;;-0.010836307706487417, 109.35381931447586;Komplek Zamrud 2 BlokA;89,1;;-0.010490610119459221, 109.3519132978385;;;;;;;;;;;;;;;;;;;;
;;;;;;;;;;;;;Gang Buntu;90,17;;-0.010275612010962812, 109.35205254253754;;;;;;;;;;;;;;;;;;;;
;;;;;;;;;;;;;Komplek Zamrud 2 Blok D-E;87,68;;-0.010020861500233475, 109.35225788398378;;;;;;;;;;;;;;;;;;;;
;;;;;;;;;;;;;Komplek Zamrud 2 Blok N - O;93,64;;-0.01025141949247827, 109.35315389987227;;;;;;;;;;;;;;;;;;;;
;;;;;;;;;Gang Buntu;56,03;;-0.011744510617138498, 109.35567410765805;;;;;;;;;;;;;;;;;;;;;;;;
;;;;;;;;;Gang Karyabakti;177,53;;-0.010116463420544406, 109.35382909674534;;;;;;;;;;;;;;;;;;;;;;;;
;;;;;;;;;Gang Karya Usaha;329,38;;-0.0094547640559524, 109.35290380762476;;;;;;;;;;;;;;;;;;;;;;;;
;;;;;;;;;Gang 25;83,69;;-0.009914961477128486, 109.35463400469439;;;;;;;;;;;;;;;;;;;;;;;;
;;;;;;;;;Gang Selamat 1;553,67;Ujung 1;-0.009431061392174677, 109.35574079935554;Komplek Simphony 2;190,87;;-0.010465520798927251, 109.35680898337617;;;;;;;;;;;;;;;;;;;;
;;;;;;;;;;;Ujung 2;-0.009581432798720207, 109.36019043452508;Komplek Simphony 3;99,45;;;;;;;;;;;;;;;;;;;;;;
;;;;;;;;;Gang Metal;208,71;;-0.008029319142090327, 109.35393712238637;;;;;;;;;;;;;;;;;;;;;;;;
;;;;;;;;;Gang Kurnia ;556,54;Ujung 1;-0.008498469774174802, 109.3557898297648;Komplek Permata Zahra 2;73,14;;-0.007958505123904926, 109.35857736483432;;;;;;;;;;;;;;;;;;;;
;;;;;;;;;;;Ujung 2;-0.00867739857807697, 109.36028357613867;;;;;;;;;;;;;;;;;;;;;;;;
;;;;;;;;;Gang 201;55,21;;-0.008324123252321427, 109.35608837896541;;;;;;;;;;;;;;;;;;;;;;;;
;;;;;;;;;Gang Permata Sari;116,38;;-0.007850891716515315, 109.35458750467589;;;;;;;;;;;;;;;;;;;;;;;;
;;;;;;;;;Gang IDT;161,73;;-0.007460765612646576, 109.35443739305374;;;;;;;;;;;;;;;;;;;;;;;;
;;;;;;;;;Gang Martodadi;557,82;Ujung 1;-0.007659049961837101, 109.35580394853696;;;;;;;;;;;;;;;;;;;;;;;;
;;;;;;;;;;;Ujung 2;-0.007780900923206448, 109.36048591013775;;;;;;;;;;;;;;;;;;;;;;;;
;;;;;;;;;Gang Merangkai;474,99;;-0.007625178162101321, 109.35963133630214;;;;;;;;;;;;;;;;;;;;;;;;
;;;;;;;;;Gang Pengharapan Setia;131,82;;-0.006946635523217914, 109.35535302587944;;;;;;;;;;;;;;;;;;;;;;;;
;;;;;;;;;Komplek Pangeran Permai Blok AA-AB;484,26;;-0.0067017913751281286, 109.3601521829565;;;;;;;;;;;;;;;;;;;;;;;;
;;;;;;;;;Komplek Pangeran Permai Blok AC-AD;285,17;;-0.005996052887135065, 109.35848193474747;;;;;;;;;;;;;;;;;;;;;;;;
;;;;;;;;;Jalan Citra Sejahtera;41,4;;-0.005701336027495709, 109.3555643944831;;;;;;;;;;;;;;;;;;;;;;;;
;;;;;;;;;Gang Solidar;559,05;Ujung 1;-0.005558901846743008, 109.35614314866987;;;;;;;;;;;;;;;;;;;;;;;;
;;;;;;;;;;;Ujung 2;-0.0056576492427998755, 109.360805015146;;;;;;;;;;;;;;;;;;;;;;;;
;;;;;;;;;Gang Citra Madani;555,65;Ujung 1;-0.0052570951363935005, 109.35632815313778;;;;;;;;;;;;;;;;;;;;;;;;
;;;;;;;;;;;Ujung 2;-0.005370768678541475, 109.36077499073704;;;;;;;;;;;;;;;;;;;;;;;;
;;;;;;;;;Komplek Permata Alam Sutra Jalur 1;475,64;;-0.002616097287341439, 109.35317459060552;;;;;;;;;;;;;;;;;;;;;;;;
;;;;;;;;;Gang Surya;119,14;;-0.004874609099933367, 109.35713787721002;;;;;;;;;;;;;;;;;;;;;;;;
;;;;;;;;;Komplek Permata Alam Sutra Jalur 2;416,66;;-0.0021528297622628125, 109.35327011313402;;;;;;;;;;;;;;;;;;;;;;;;
;;;;;;;;;Gang Damai;558,41;Ujung 1;-0.0044612611949422535, 109.35652115382686;;;;;;;;;;;;;;;;;;;;;;;;
;;;;;;;;;;;Ujung 2;-0.004590794354428906, 109.36086580751446;;;;;;;;;;;;;;;;;;;;;;;;
;;;;;;;;;Komplek Pangeran 3;459,71;;-0.0013037622583882478, 109.35314721811244;;;;;;;;;;;;;;;;;;;;;;;;
;;;;;;;;;Gang Mawar;556,97;Ujung 1;-0.0039947438766186364, 109.35626111471517;;;;;;;;;;;;;;;;;;;;;;;;
;;;;;;;;;;;Ujung 2;-0.004201272566661754, 109.36101956739144;;;;;;;;;;;;;;;;;;;;;;;;
;;;;;;;;;Komplek Pengharapan Setia;90,68;;-0.0033458598474575053, 109.3554964767609;;;;;;;;;;;;;;;;;;;;;;;;
;;;;;;;;;Gang Parit Pangeran III;556,7;Ujung 1;-0.003553503126923029, 109.35645982128855;;;;;;;;;;;;;;;;;;;;;;;;
;;;;;;;;;;;Ujung 2;-0.0037058329148752372, 109.36103936876441;;;;;;;;;;;;;;;;;;;;;;;;
;;;;;;;;;Gang Pati II;396,77;;-0.003296547325299203, 109.3598310980307;;;;;;;;;;;;;;;;;;;;;;;;
;;;;;;;;;Gang Keto;417,08;;-0.00041348420340004435, 109.35343020061111;;;;;;;;;;;;;;;;;;;;;;;;
;;;;;;;;;Gang Tarim;197,43;;-0.002742338202121823, 109.35809555531013;;;;;;;;;;;;;;;;;;;;;;;;
;;;;;;;;;Gang Mandiri;452,39;;0.00020964452360464541, 109.35337351623507;;;;;;;;;;;;;;;;;;;;;;;;
;;;;;;;;;Jalan Parit Pancasila;559,77;Ujung 1;-0.0023259981753655156, 109.35654756449941;;;;;;;;;;;;;;;;;;;;;;;;
;;;;;;;;;;;Ujung 2;-0.0025127886842017657, 109.36125165390263;;;;;;;;;;;;;;;;;;;;;;;;
;;;;;;;;;Gang Rahmad 2;51,65;;-0.0020236465044131654, 109.35687590192812;;;;;;;;;;;;;;;;;;;;;;;;
;;;;;;;;;Gang Pangeran 4;469,42;;0.0005267706373497947, 109.35352036257748;;;;;;;;;;;;;;;;;;;;;;;;
;;;;;;;;;Gang Komplek Rezeki Permai;332,48;;-0.0019108391001014884, 109.35928708746344;;;;;;;;;;;;;;;;;;;;;;;;
;;;;;;;;;Komplek Perumahan Raudah Indah;941,19;Ujung 1;-0.0011714420152070517, 109.35599895162756;;;;;;;;;;;;;;;;;;;;;;;;
;;;;;;;;;;;Ujung 2;0.0015152822142790354, 109.35349399230304;;;;;;;;;;;;;;;;;;;;;;;;
;;;;;;;;;Gang Hasanudin;663,44;Ujung 1;-0.0008970706675076542, 109.35677759249508;;;;;;;;;;;;;;;;;;;;;;;;
;;;;;;;;;;;Ujung 2;-0.002331134726012203, 109.361433766725;;;;;;;;;;;;;;;;;;;;;;;;
;;;;;;;;;Gang Keadilan Bersama;94,95;;-0.0005196172328087203, 109.35746307041961;;;;;;;;;;;;;;;;;;;;;;;;
;;;;;;;;;Gang Ratubadis;376,66;;0.0008084453638372724, 109.3601741115345;;;;;;;;;;;;;;;;;;;;;;;;
;;;;;;;;;Gang Khatulistiwa;195,32;;0.0013817055378421927, 109.35845844064968;;;;;;;;;;;;;;;;;;;;;;;;
;;;;;;;;;Komplek Pondok Pangeran II;344,58;;0.006611682689913637, 109.3543309609068;;;;;;;;;;;;;;;;;;;;;;;;
;;;;;;;;;Perumahan Greensava Hokiland;560,11;Ujung 1;0.009578341235513453, 109.35801293138762;;;;;;;;;;;;;;;;;;;;;;;;
;;;;;;;;;;;Ujung 2;0.008900441973976063, 109.36284040239107;;;;;;;;;;;;;;;;;;;;;;;;
;;;;;;;;;Jalan Pembaruan ;220,28;;0.01616599036757964, 109.35747531477627;;;;;;;;;;;;;;;;;;;;;;;;
;;;;;Gang Garuda Sakti;101,36;;-0.01574828608748915, 109.35517243638851;;;;;;;;;;;;;;;;;;;;;;;;;;;;
;;;;;Gang Sampean;106,9;;-0.015713828602246998, 109.35541147964955;;;;;;;;;;;;;;;;;;;;;;;;;;;;
;;;;;Gang Situbondo;97,11;;-0.01568537726201288, 109.35583653345115;;;;;;;;;;;;;;;;;;;;;;;;;;;;
;;;;;Gang Reformasi I;73,48;;-0.01703204928268795, 109.3562172859733;;;;;;;;;;;;;;;;;;;;;;;;;;;;
;;;;;Gang Pelangi;180,26;;-0.014702289838519674, 109.35648752484025;;;;;;;;;;;;;;;;;;;;;;;;;;;;
;;;;;Gang Selat Sunda;323,5;;-0.01920208172968172, 109.35691084507569;;;;;;;;;;;;;;;;;;;;;;;;;;;;
;;;;;Gang Tidar II;238,6;;-0.01635803996986512, 109.3574028775128;;;;;;;;;;;;;;;;;;;;;;;;;;;;
;;;;;Gang Ali 88;169,91;;-0.01456316217397832, 109.35777705839317;;;;;;;;;;;;;;;;;;;;;;;;;;;;
;;;;;Gang Merauke;200,15;;-0.0177361742261579, 109.35783923773164;;;;;;;;;;;;;;;;;;;;;;;;;;;;
;;;;;Gang Rahmat;176,93;;-0.014415327470102256, 109.35823032612156;;;;;;;;;;;;;;;;;;;;;;;;;;;;
;;;;;Gang Sabang;321,83;;-0.018869311903135393, 109.35842172000088;;;;;;;;;;;;;;;;;;;;;;;;;;;;
;;;;;Gang Sidomulyo;185,11;;-0.014645892963150933, 109.3588895030758;;;;;;;;;;;;;;;;;;;;;;;;;;;;
;;;;;Jalan Sungai Sahang 1;1030;Ujung 1;-0.012698898477646025, 109.36005547731902;Komplek The Spring Village;99,14;;-0.01135820123929261, 109.35927719528091;;;;;;;;;;;;;;;;;;;;;;;;
;;;;;;;Tengah 1;-0.009980807809348015, 109.36038341463973;Komplek Villa Mandiri;315,56;;-0.011526656990682688, 109.3583925974724;;;;;;;;;;;;;;;;;;;;;;;;
;;;;;;;Tengah 2;-0.008291409279727893, 109.36063038964465;Gang Podo Rukun;41,83;;-0.008959462427465951, 109.360150496694;;;;;;;;;;;;;;;;;;;;;;;;
;;;;;;;Tengah 3;-0.006992302620924287, 109.3608266288242;Gang Kardi;72,08;;-0.006699018101173013, 109.36021580848562;;;;;;;;;;;;;;;;;;;;;;;;
;;;;;;;Ujung 2;-0.0037619149791833307, 109.36123962798659;Gang Flexi;355,18;;-0.00486181225028069, 109.3578721336415;;;;;;;;;;;;;;;;;;;;;;;;
;;;;;Gang Swasembada 1;327,79;;-0.013059156060921232, 109.35942274207069;Gang Jalur 1;102,34;;-0.014383193053590057, 109.35847884686737;;;;;;;;;;;;;;;;;;;;;;;;
;;;;;Gang Sadaraya;295,85;;-0.017948332309024092, 109.36005935627318;Jalur 2;102,56;;-0.013975561851909969, 109.3585074539112;;;;;;;;;;;;;;;;;;;;;;;;
;;;;;Gang Swasembada 2;311,66;;-0.013108247435804757, 109.36004653499477;;;;;;;;;;;;;;;;;;;;;;;;;;;;
;;;;;Gang Dino Kembar;174,15;;-0.014080335883622074, 109.3609561708754;;;;;;;;;;;;;;;;;;;;;;;;;;;;
;;;;;Gang Swakarya 1;208,98;;-0.016746137406750496, 109.36226156727668;;;;;;;;;;;;;;;;;;;;;;;;;;;;
;;;;;Gang Swasembada 3;285,51;;-0.012974179077127095, 109.36200767361146;;;;;;;;;;;;;;;;;;;;;;;;;;;;
;Jalan 28 Oktober;4010;Ujung 1;-0.014763565799473306, 109.36318359862172;Gang Swasembada 4;133,53;;-0.014516914924294608, 109.3621482270483;;;;;;;;;;;;;;;;;;;;;;;;;;;;
;;;Tengah 1;-0.009549980202727628, 109.3634200256889;Gang Swasembada V;149,95;;-0.01377856077852077, 109.36214866258986;;;;;;;;;;;;;;;;;;;;;;;;;;;;
;;;Tengah 2;-0.002749629007095859, 109.36380218217293;Gang Bima Sakti 1;384,49;;-0.012871118662058213, 109.36031030683212;;;;;;;;;;;;;;;;;;;;;;;;;;;;
;;;Tengah 3;0.002175257558735232, 109.36421316979481;Gang Bima Sakti 1 Jalur 2;98,37;;-0.012386093290776883, 109.36099247086153;;;;;;;;;;;;;;;;;;;;;;;;;;;;
;;;Tengah 4;0.0017616473975456371, 109.36416832861705;Gang Wartawan;386,87;;-0.014819913955830604, 109.36465158978064;;;;;;;;;;;;;;;;;;;;;;;;;;;;
;;;Tengah 5;0.012304198891051077, 109.36500962021844;Gang Perjuangan;126,52;;-0.01227604717727345, 109.36268739089664;;;;;;;;;;;;;;;;;;;;;;;;;;;;
;;;Ujung 2;0.015266119332663593, 109.36951798668495;Gang Bima Sakti 2;374,2;;-0.011612179303031678, 109.36043335238188;;;;;;;;;;;;;;;;;;;;;;;;;;;;
;;;;;Gang Kerakterdest;84,22;;-0.011019395358005578, 109.36417976349824;;;;;;;;;;;;;;;;;;;;;;;;;;;;
;;;;;Gang Bima Sakti 3;343,95;;-0.01015579840357494, 109.36065334602101;;;;;;;;;;;;;;;;;;;;;;;;;;;;
;;;;;Gang Nasional;161,68;;-0.009409713401980723, 109.36429942395293;;;;;;;;;;;;;;;;;;;;;;;;;;;;
;;;;;Gang Bima Sakti IV;256,3;;-0.009288724619280484, 109.36107609996927;;;;;;;;;;;;;;;;;;;;;;;;;;;;
;;;;;Gang Nasional II;98,55;;-0.009223354672474923, 109.36418308433275;;;;;;;;;;;;;;;;;;;;;;;;;;;;
;;;;;Gang Sido Mukti;313,63;;-0.008619358489818376, 109.3608351019458;;;;;;;;;;;;;;;;;;;;;;;;;;;;
;;;;;Gang Sido Dadi;115,84;;-0.008416454253621562, 109.36240255894833;;;;;;;;;;;;;;;;;;;;;;;;;;;;
;;;;;Gang Ikhlas;108,19;;-0.008114015787621954, 109.36434832792978;;;;;;;;;;;;;;;;;;;;;;;;;;;;
;;;;;Gang Bimasakti 5;306,23;;-0.008006754911666459, 109.36087450974884;;;;;;;;;;;;;;;;;;;;;;;;;;;;
;;;;;Gang Bimasakti 6;227,41;;-0.007584965794220635, 109.3614271838377;;;;;;;;;;;;;;;;;;;;;;;;;;;;
;;;;;Gang Anyar;290,39;;-0.006558609865993867, 109.36102194102088;;;;;;;;;;;;;;;;;;;;;;;;;;;;
;;;;;Gang Bersama;68,62;;-0.006007125797183577, 109.36418763916731;;;;;;;;;;;;;;;;;;;;;;;;;;;;
;;;;;Jalan Lapan;509,9;Ujung 1;-0.004664397814321203, 109.36397740627493;Jalan Karakterdes;901,02;Ujung 1;-0.004842578026665434, 109.3650311089258;Gang Trisakti;534,11;Ujung 1;-0.006339555812148184, 109.36517284020962;;;;;;;;;;;;;;;;;;;;
;;;;;;;Ujung 2;-0.0047275376632543165, 109.36810787674365;;;Ujung 2;-0.012656067867482674, 109.3642774067005;;;Ujung 2;-0.00485269133401639, 109.36824731692569;;;;;;;;;;;;;;;;;;;;
;;;;;;;;;;;;;Jalan Jalur 3;290,79;;-0.00996112902131038, 109.36714051973627;;;;;;;;;;;;;;;;;;;;
;;;;;;;;;;;;;Jalur 2;295,84;;-0.010332818132161376, 109.36710251785333;;;;;;;;;;;;;;;;;;;;
;;;;;;;;;;;;;;;;;;;;;;;;;;;;;;;;;;;;
;;;;;Komplek Siantan Permai;273,14;;-0.004036379992653264, 109.36128753841295;;;;;;;;;;;;;;;;;;;;;;;;;;;;
;;;;;Gang Siwidari;275,77;;-0.0036807776049813654, 109.36152131662328;;;;;;;;;;;;;;;;;;;;;;;;;;;;
;;;;;Gang Tri Permai Indah;257,43;;-0.002877906096151821, 109.36146088792772;;;;;;;;;;;;;;;;;;;;;;;;;;;;
;;;;;Gang Marga Utama;263,86;;-0.002536091216071398, 109.36155221356995;;;;;;;;;;;;;;;;;;;;;;;;;;;;
;;;;;Komplek Griya Kencana;193,28;;-0.0021317895580857163, 109.36210201156977;;;;;;;;;;;;;;;;;;;;;;;;;;;;
;;;;;Jalan Komplek Pelangi 28;226,05;;0.00039914451359093203, 109.36197026993351;;;;;;;;;;;;;;;;;;;;;;;;;;;;
;;;;;Komplek Aloevera Permai 1;198,38;;0.004321024010922599, 109.36260487373015;;;;;;;;;;;;;;;;;;;;;;;;;;;;
;;;;;Jalan Parit Nanas;939,63;Ujung 1;0.00099791083078538, 109.36446697509717;Jalan Anggrek;598,43;Ujung 1;0.0002972689289933757, 109.36606050235017;Komplek Grand Zaujati;353,32;;-0.0043561369380162316, 109.36818178220656;;;;;;;;;;;;;;;;;;;;
;;;;;;;Ujung 2;0.0005950048503321886, 109.37044060417085;;;Ujung 2;-0.004527637213990434, 109.36508264042713;;;;;;;;;;;;;;;;;;;;;;;;
;;;;;;;;;Jalan Hidayah;1796;Ujung 1;0.0007743743599696275, 109.36621809948602;Perumahan Pesona Khatulistiwa;338,41;;0.0035649196047628983, 109.36991154013145;;;;;;;;;;;;;;;;;;;;
;;;;;;;;;;;Tengah;0.009514106278182579, 109.36870076141457;Perumahan Mutiara Hidayah;211,71;;0.003958799483449621, 109.36886227811576;;;;;;;;;;;;;;;;;;;;
;;;;;;;;;;;Ujung 2;0.014989428154178851, 109.36987009083438;Komplek Alfina Lestari;240,1;;0.004834025925660255, 109.36936171142318;;;;;;;;;;;;;;;;;;;;
;;;;;;;;;;;;;;;;;;;;;;;;;;;;;;;;;;;;
;;;;;;;;;;;;;;;;;;;;;;;;;;;;;;;;;;;;
;;;;;Jalan Komplek Pemda Siantan Hulu;499,81;;0.007208879515162919, 109.36011240758143;Jalur 5;76,04;;0.007639889649719921, 109.36138228034862;;;;;;;;;;;;;;;;;;;;;;;;
;;;;;;;;;Gang Bhakti Praja;204,09;;0.008908025444737223, 109.36126886804496;Gang Bhakti Praja 1;99,22;;0.007559183164013204, 109.3601708146582;;;;;;;;;;;;;;;;;;;;
;;;;;;;;;;;;;Gang Bhakti Praja II;92,19;;0.007861966755092797, 109.3602519796615;;;;;;;;;;;;;;;;;;;;
;;;;;;;;;;;;;Gang Bhakti Praja 3;93,88;;0.008186879945784039, 109.36027899790423;;;;;;;;;;;;;;;;;;;;
;;;;;;;;;;;;;Gang Bhakti Praja 4;86,31;;0.008493663401336931, 109.36039367915038;;;;;;;;;;;;;;;;;;;;
;;;;;;;;;;;;;Gang Kartika;80,56;;0.008806813055509182, 109.3604960676347;;;;;;;;;;;;;;;;;;;;
;;;;;Jalan Bentasan I;461,29;;0.019460476709437083, 109.36814756904936;;;;;;;;;;;;;;;;;;;;;;;;;;;;
;Jalan Selat Panjang;1550;Ujung 1;-0.015609708956073273, 109.3635547796754;Gang Takari;272,96;;-0.017751419391590608, 109.36418155390146;;;;;;;;;;;;;;;;;;;;;;;;;;;;
;;;Tengah 1;-0.014951273356037863, 109.36515320685373;Gang Keluarga;241,36;;-0.01317119619743244, 109.36502726808932;;;;;;;;;;;;;;;;;;;;;;;;;;;;
;;;Tengah 2;-0.015294759343350525, 109.36835619331578;Komplek Landai Griya Permai 2;208,14;;-0.013131385838152496, 109.36558876232223;;;;;;;;;;;;;;;;;;;;;;;;;;;;
;;;Tengah 3;-0.01546891389530727, 109.3741877375869;Gang Kalilandak;346,78;;-0.018033019497532592, 109.36485788712365;Jalan III;79,51;;-0.01681720212002167, 109.36575662796982;;;;;;;;;;;;;;;;;;;;;;;;
;;;Ujung 2;-0.014665276294146655, 109.37628832541296;Gang Famili ;157,13;;-0.01350812051308985, 109.3658242906448;;;;;;;;;;;;;;;;;;;;;;;;;;;;
;;;;;Gang Bersama;159,99;;-0.013452137522449418, 109.36617209690662;;;;;;;;;;;;;;;;;;;;;;;;;;;;
;;;;;Gang Gloria;65,42;;-0.014244016203742497, 109.36651617258882;;;;;;;;;;;;;;;;;;;;;;;;;;;;
;;;;;Gang Ambo Akak;285,21;;-0.012598104528094988, 109.36746533859375;Gang Iman;274,44;;-0.012309886887807825, 109.36509338243378;;;;;;;;;;;;;;;;;;;;;;;;
;;;;;;;;;Gang Arafah;282,48;;-0.011971489506849915, 109.36516805106415;;;;;;;;;;;;;;;;;;;;;;;;
;;;;;Gang Kalawit;322,2;;-0.012305428699539985, 109.3683538858437;;;;;;;;;;;;;;;;;;;;;;;;;;;;
;;;;;Gang Amal;377,95;;-0.018491255060904845, 109.3670280325522;;;;;;;;;;;;;;;;;;;;;;;;;;;;
;;;;;Gang Borneo;405,71;;-0.011948317753676508, 109.3685635646572;;;;;;;;;;;;;;;;;;;;;;;;;;;;
;;;;;Gang Karya Keluarga;655,59;Ujung 1;-0.014982367078888347, 109.36820620757057;;;;;;;;;;;;;;;;;;;;;;;;;;;;
;;;;;;;Ujung 2;-0.012334207240647347, 109.36957845546165;;;;;;;;;;;;;;;;;;;;;;;;;;;;
;;;;;Gang Samiken;303,1;;-0.013147714964355085, 109.37000643950323;;;;;;;;;;;;;;;;;;;;;;;;;;;;
;;;;;Gang Karya Tengah;254;;-0.013409006852498085, 109.37008978329429;;;;;;;;;;;;;;;;;;;;;;;;;;;;
;;;;;Gang Karya Bhakti II;361,24;;-0.01232205256489513, 109.37081188551177;;;;;;;;;;;;;;;;;;;;;;;;;;;;
;;;;;Gang Karya Mandiri;631,66;Ujung 1;-0.015296505503441972, 109.37120806069461;;;;;;;;;;;;;;;;;;;;;;;;;;;;
;;;;;;;Ujung 2;-0.010102033827484612, 109.37205953614476;;;;;;;;;;;;;;;;;;;;;;;;;;;;
;;;;;Gang Setia;254,98;;-0.017678265589957123, 109.37050602692766;;;;;;;;;;;;;;;;;;;;;;;;;;;;
;;;;;Gang Karya Bakti III;365,6;;-0.013987124196743028, 109.37203837007577;;;;;;;;;;;;;;;;;;;;;;;;;;;;
;;;;;Gang Zamrud;380,23;;-0.018173196565710103, 109.3718708277651;;;;;;;;;;;;;;;;;;;;;;;;;;;;
;;;;;Gang Harapan;235,16;;-0.01360809052002766, 109.37394641902227;;;;;;;;;;;;;;;;;;;;;;;;;;;;
;;;;;Gang Sepakat;572,61;Ujung 1;-0.015299365696485979, 109.37353312091048;;;;;;;;;;;;;;;;;;;;;;;;;;;;
;;;;;;;Ujung 2;-0.012412072023464699, 109.37598557295559;;;;;;;;;;;;;;;;;;;;;;;;;;;;
;;;;;Gang Noman;459,59;;-0.01947313564965355, 109.37217800026121;;;;;;;;;;;;;;;;;;;;;;;;;;;;
;;;;;Jalan Selat Panjang 2;1730;Ujung 1;-0.014284002345371522, 109.37653889819207;Gang Kelompok Tani;242,07;;-0.006420410632373302, 109.37680771585916;;;;;;;;;;;;;;;;;;;;;;;;
;;;;;;;Tengah 1;-0.008039702375738212, 109.37529601525833;;;;;;;;;;;;;;;;;;;;;;;;;;;;
;;;;;;;Tengah 2;-0.006162195701871959, 109.37494699002933;;;;;;;;;;;;;;;;;;;;;;;;;;;;
;;;;;;;Tengah 3;-0.0053354534185788925, 109.37478886908485;;;;;;;;;;;;;;;;;;;;;;;;;;;;
;;;;;;;Ujung 2;0.00034692399715803806, 109.37254421358188;;;;;;;;;;;;;;;;;;;;;;;;;;;;
;;;;;Jalan XXVIII;392,67;;-0.0014390163846940318, 109.37148550138849;Jalan 28 Oktober Siantan Hulu;331,07;;-0.004520973964196987, 109.36837496706434;;;;;;;;;;;;;;;;;;;;;;;;
;;;;;;;;;Jalan Komplek Lotus Garden;312,29;;-0.004387585345460018, 109.37415567194417;;;;;;;;;;;;;;;;;;;;;;;;
;;;;;;;;;;;;;;;;;;;;;;;;;;;;;;;;;;;;
;;;;;;;;;Jalan Dwi Ratna II;145,36;;-0.003636197094292483, 109.37270558313556;;;;;;;;;;;;;;;;;;;;;;;;
;;;;;;;;;Komplek Tiara Pesona 1;264,84;;-0.0024685134211799385, 109.37365909869415;;;;;;;;;;;;;;;;;;;;;;;;
;;;;;;;;;Jalan Tiara Pesona 2;242,34;;-0.00209431425463921, 109.37168265015795;;;;;;;;;;;;;;;;;;;;;;;;
;;;;;;;;;Jalan Dwi Ratna;203,64;;-0.001358976261642238, 109.37159642189812;;;;;;;;;;;;;;;;;;;;;;;;
"Pontianak
Timur";Jalan Sultan Hamid II;1110;Ujung 1;-0.025122444406702422, 109.36238083960534;Jalan Tritura;1490;Ujung 1;-0.025617892413958752, 109.36188739086057;Gang Jasimah;138,53;;-0.024363539235221495, 109.36161364195057;;;;;;;;;;;;;;;;;;;;;;;;
;;;Tengah 1;-0.022986740988759215, 109.36269505341821;;;Tengah 1;-0.0257464077778309, 109.35827656021125;Jalan Paralel Tol;1260;Ujung 1;-0.025761164764200217, 109.36158549045523;Gang Palem Hijau;222,83;;-0.028893145265738628, 109.35964090000572;;;;;;;;;;;;;;;;;;;;
;;;Tengah 2;-0.02427328721635106, 109.3625740846266;;;Tengah 2;-0.025316769501835933, 109.35333571945077;;;Tengah;-0.031104968014984434, 109.36011013027964;Gang Ba Alawi;223,76;;-0.029914476867180535, 109.35916753140006;;;;;;;;;;;;;;;;;;;;
;;;Tengah 3;-0.024812194566710733, 109.36246838653524;;;Tengah 3;-0.02503034398372142, 109.35264829812756;;;Ujung 2;-0.03408360497493224, 109.35576856425219;Gang H. Abdurrahim;318,16;;-0.029358386556503316, 109.35835784594596;;;;;;;;;;;;;;;;;;;;
;;;Ujung 2;-0.015715315625157274, 109.36280087157888;;;Ujung 2;-0.02629924200116169, 109.35021532738598;;;;;Gang Permai;135,11;;-0.03104894621745489, 109.35859976019333;;;;;;;;;;;;;;;;;;;;
;;;;;;;;;;;;;Gang Telaga Biru;139,93;;-0.03139350631518147, 109.35788049675612;;;;;;;;;;;;;;;;;;;;
;;;;;;;;;;;;;Gang Melati;283,74;;-0.03047291957164537, 109.35688713086985;;;;;;;;;;;;;;;;;;;;
;;;;;;;;;;;;;Gang Melati Dalam;331,08;;-0.029341270997864467, 109.35826305298215;;;;;;;;;;;;;;;;;;;;
;;;;;;;;;;;;;Gang Simpati;150,39;;-0.031890021618615094, 109.35683717315062;;;;;;;;;;;;;;;;;;;;
;;;;;;;;;Gang Mega Baru;164,36;;-0.024434064759985902, 109.36109872305559;;;;;;;;;;;;;;;;;;;;;;;;
;;;;;;;;;Gang Berkat Sabar;155,71;;-0.024457654306560325, 109.36093283713909;;;;;;;;;;;;;;;;;;;;;;;;
;;;;;;;;;Gang Trunojoyo;54,73;;-0.026189037053480017, 109.35996365796586;;;;;;;;;;;;;;;;;;;;;;;;
;;;;;;;;;Gang Multijaya;124,09;;-0.024738582452172923, 109.35851873843298;;;;;;;;;;;;;;;;;;;;;;;;
;;;;;;;;;Gang Manunggal;291,32;;-0.0277737372351039, 109.3583116002537;;;;;;;;;;;;;;;;;;;;;;;;
;;;;;;;;;Gang Perintis;56,57;;-0.02626528216407944, 109.35756691995638;;;;;;;;;;;;;;;;;;;;;;;;
;;;;;;;;;Gang 2001;72,32;;-0.026396555586960045, 109.35641702011597;;;;;;;;;;;;;;;;;;;;;;;;
;;;;;;;;;Gang Bersama ;200,1;;-0.023891870350610817, 109.35634464844385;;;;;;;;;;;;;;;;;;;;;;;;
;;;;;;;;;Gang Apel;78,77;;-0.02639911762624616, 109.35589055031372;;;;;;;;;;;;;;;;;;;;;;;;
;;;;;;;;;Gang 2002;33,46;;-0.025955755660107736, 109.35539157172809;;;;;;;;;;;;;;;;;;;;;;;;
;;;;;;;;;Gang H. Ashari;207,61;;-0.023967779327761892, 109.35514900780325;;;;;;;;;;;;;;;;;;;;;;;;
;;;;;;;;;Gang Kinabalu;189,68;;-0.02392161289565458, 109.35482387221445;;;;;;;;;;;;;;;;;;;;;;;;
;;;;;;;;;Gang Karya Sepakat;245,18;;-0.02383563808333567, 109.35470923302938;;;;;;;;;;;;;;;;;;;;;;;;
;;;;;;;;;Jalan Askot;305;;-0.0283032088182163, 109.35408652453182;Jalan Kampung Arab;451,83;;-0.025834046262860927, 109.35108249343466;Gang Assalam;117,83;;-0.025833606243171298, 109.35220149750369;;;;;;;;;;;;;;;;
;;;;;;;;;;;;;Jalan Askot Dalam;467,87;;-0.0274840323924214, 109.35816122303146;Gang Dalam 1;57,85;;-0.027920257669296657, 109.35480609437727;;;;;;;;;;;;;;;;
;;;;;;;;;;;;;;;;;Gang Dalam 2;156,29;;-0.026973181025443556, 109.35589166200481;;;;;;;;;;;;;;;;
;;;;;;;;;;;;;;;;;Gang Dalam 3;102,1;;-0.02830853298726465, 109.35506912306285;;;;;;;;;;;;;;;;
;;;;;;;;;;;;;;;;;Gang Dalam 9;57,62;;-0.027921852004389052, 109.3558055909768;;;;;;;;;;;;;;;;
;;;;;;;;;;;;;;;;;Gang Dalam 4;47,31;;-0.027197459447824125, 109.35566831319106;;;;;;;;;;;;;;;;
;;;;;;;;;;;;;;;;;Gang Dalam 11;42,33;;-0.02764145210547539, 109.35591277964541;;;;;;;;;;;;;;;;
;;;;;;;;;;;;;;;;;Gang Dalam 6;46,17;;-0.027006445685673914, 109.35622333662485;;;;;;;;;;;;;;;;
;;;;;;;;;;;;;;;;;Gang Dalam 13;59,63;;-0.02796399867827692, 109.35650392031292;;;;;;;;;;;;;;;;
;;;;;;;;;;;;;;;;;Gang Dalam 8;47,13;;-0.027003168232480692, 109.35655038256449;;;;;;;;;;;;;;;;
;;;;;;;;;;;;;;;;;Gang Dalam 15;101,98;;-0.02831186454598039, 109.35681624993853;;;;;;;;;;;;;;;;
;;;;;;;;;;;;;;;;;Gang Dalam 10;32,29;;-0.027143788679293464, 109.35686391467405;;;;;;;;;;;;;;;;
;;;;;;;;;;;;;;;;;Gang Dalam 12;56,99;;-0.02710636729704997, 109.3570373392982;;;;;;;;;;;;;;;;
;;;;;;;;;;;;;;;;;Gang Dalam 17;104,23;;-0.028299266199936047, 109.35767251604734;;;;;;;;;;;;;;;;
;;;;;;;;;;;;;;;;;Gang Dalam 14;123,47;;-0.026379763533962403, 109.3575729026522;;;;;;;;;;;;;;;;
;;;;;;;;;;;;;;;;;Gang Dalam 16;68,86;;-0.02684152446498191, 109.35810420351862;;;;;;;;;;;;;;;;
;;;;;;;;;Gang Dulur;24,35;;-0.02568530611000159, 109.35369671986572;;;;;;;;;;;;;;;;;;;;;;;;
;;;;;;;;;Gang Tritura;185,8;;-0.02491379506192789, 109.35405229200167;;;;;;;;;;;;;;;;;;;;;;;;
;;;;;;;;;Gang Angket;186,12;;-0.023330881143182488, 109.3526874002058;;;;;;;;;;;;;;;;;;;;;;;;
;;;;;;;;;Gang Angket Dalam Laut;195,39;;-0.022683827236303616, 109.35382297905892;;;;;;;;;;;;;;;;;;;;;;;;
;;;;;;;;;Gang Eka Sapta;140,61;;-0.023712954476337707, 109.3518566601168;;;;;;;;;;;;;;;;;;;;;;;;
;;;;;;;;;Gang Bone;141,22;;-0.023766613497833156, 109.35133371969796;;;;;;;;;;;;;;;;;;;;;;;;
;;;;;;;;;Gang H. Naim;123,24;;-0.024126113337199, 109.35067122532065;;;;;;;;;;;;;;;;;;;;;;;;
;;;;;Jalan Ya' M. Sabran;2470;Ujung 1;-0.025565627986787926, 109.36343468635155;Gang Berkat Usaha;253,48;;-0.02374756085686822, 109.36626962510148;;;;;;;;;;;;;;;;;;;;;;;;
;;;;;;;Tengah 1;-0.02550972650511287, 109.36735507556342;Gang Angsana;132,99;;-0.024332565869610877, 109.3661923646334;;;;;;;;;;;;;;;;;;;;;;;;
;;;;;;;Tengah 2;-0.025611912284017848, 109.37334997530613;Gang Sampurna;146,41;;-0.026723272365316453, 109.36623006525632;;;;;;;;;;;;;;;;;;;;;;;;
;;;;;;;Tengah 3;-0.026070244268526045, 109.37768360392671;Gang Sutera;146,22;;-0.02681980825703626, 109.36646322583803;;;;;;;;;;;;;;;;;;;;;;;;
;;;;;;;Ujung 2;-0.02959086085478774, 109.38243985964871;Gang Orde Baru;448,85;;-0.02170344413284892, 109.36822883722202;;;;;;;;;;;;;;;;;;;;;;;;
;;;;;;;;;Gang Swadaya;153,84;;-0.026867402223684254, 109.36692209462286;;;;;;;;;;;;;;;;;;;;;;;;
;;;;;;;;;Gang Bhayangkari;79,89;;-0.024802389296411452, 109.36752146583929;;;;;;;;;;;;;;;;;;;;;;;;
;;;;;;;;;Gang Gotong Royong;177,91;;-0.027099084884580127, 109.36733818374891;;;;;;;;;;;;;;;;;;;;;;;;
;;;;;;;;;Gang Harapan;230,04;;-0.027548884718748494, 109.36770048872876;;;;;;;;;;;;;;;;;;;;;;;;
;;;;;;;;;Gang 86;486,32;;-0.02229520116551858, 109.37069479765974;;;;;;;;;;;;;;;;;;;;;;;;
;;;;;;;;;Jalan Panglima Aim;1820;Ujung 1;-0.025620249033342264, 109.36896772510553;Jalan Sungai Landak Tim.;985,77;Ujung 1;-0.026946776696881593, 109.36878725343946;Gang H. Abu Burn;123,66;;-0.02601828345064222, 109.36989346652541;;;;;;;;;;;;;;;;
;;;;;;;;;;;Tengah;-0.031541863047530344, 109.36493923898938;;;Ujung 2;-0.032928464344455566, 109.37427471263102;Komplek Agatis Permai;160,62;;-0.02741132791694593, 109.36916217898833;;;;;;;;;;;;;;;;
;;;;;;;;;;;Ujung 2;-0.036251338981465014, 109.3577256445711;;;;;Jalan Pentagon Dalam;416,55;;-0.02744051636627403, 109.37410362369128;Gang Karia Bakti;168,03;;-0.028723226111916675, 109.37116153907053;;;;;;;;;;;;
;;;;;;;;;;;;;;;;;;;;;Gang Karya Bakti II;213,51;;-0.02935589469718675, 109.37171809626741;;;;;;;;;;;;
;;;;;;;;;;;;;;;;;;;;;Perumahan Bumi Ceria Lestari;299,44;;-0.03006578473907148, 109.37255772829518;;;;;;;;;;;;
;;;;;;;;;;;;;;;;;;;;;Komplek Hana Griya;234,56;;-0.029519083688006147, 109.37286883387983;;;;;;;;;;;;
;;;;;;;;;;;;;;;;;;;;;Jalan Griya Pesona II;403,42;;-0.031020832102846146, 109.3733025373336;;;;;;;;;;;;
;;;;;;;;;;;;;;;;;;;;;Komplek Palem Permai;381,93;;-0.030808624263598795, 109.37428400316317;;;;;;;;;;;;
;;;;;;;;;;;;;;;;;Gang Zainudin;203,16;;-0.03098914935779482, 109.37487937086604;;;;;;;;;;;;;;;;
;;;;;;;;;;;;;Jalan H. Samanhudi;319,69;;-0.029872220222370387, 109.37025271473105;Gang Agatis;70,3;;-0.027307782667879348, 109.36903116197917;;;;;;;;;;;;;;;;
;;;;;;;;;;;;;;;;;Gang Kebaca II;38,88;;-0.028870306258188497, 109.36928181387563;;;;;;;;;;;;;;;;
;;;;;;;;;;;;;;;;;Jalan Kopral Harun;86,23;;-0.02825004779748977, 109.37014963770058;Jalan Ramin Raya;244,09;;-0.030165769226794866, 109.37104919603438;Gang Ramin I;67,04;;-0.028368283133392944, 109.37035235805078;;;;;;;;
;;;;;;;;;;;;;;;;;;;;;;;;;Gang Ramin II;63,52;;-0.028790116952695146, 109.37046621786936;;;;;;;;
;;;;;;;;;;;;;;;;;;;;;;;;;Gang Ramin 3;64,95;;-0.029003567480507423, 109.3706938524447;;;;;;;;
;;;;;;;;;;;;;;;;;;;;;;;;;Gang Ramin 5;67,96;;-0.029181103045980875, 109.37095455729795;;;;;;;;
;;;;;;;;;;;;;;;;;;;;;;;;;Gang Ramin 6;79,88;;-0.029710485933397427, 109.37118200112353;;;;;;;;
;;;;;;;;;;;;;;;;;;;;;;;;;Gang Ramin 7;41,17;;-0.029812516625669968, 109.37117905427094;;;;;;;;
;;;;;;;;;;;;;;;;;Gang Kebaca VII;45,77;;-0.029758990495000776, 109.36952245210146;;;;;;;;;;;;;;;;
;;;;;;;;;;;;;;;;;Gang Kebaca VIII;48,51;;-0.029983128668240055, 109.3697283846607;;;;;;;;;;;;;;;;
;;;;;;;;;;;;;Jalan H. Abdul Muis;349,58;;-0.03272131176478297, 109.37090907770484;Jalan Ramin 8;115,52;;-0.029870215205470025, 109.37156147411596;Jalan Perumnas III;61,61;;-0.030814534972870337, 109.37106372397196;;;;;;;;;;;;
;;;;;;;;;;;;;;;;;;;;;Jalan Bintangor Dalam;219,7;;-0.031552170105137944, 109.37254260236664;Jalan Bintangor I;50,22;;-0.030250170106249162, 109.37120732338374;;;;;;;;
;;;;;;;;;;;;;;;;;;;;;;;;;Jalan Bintangor II;78,65;;-0.030572124186050473, 109.37118302761948;;;;;;;;
;;;;;;;;;;;;;;;;;;;;;Jalan Serda Usman;122,51;;-0.03093487146452923, 109.37172256551463;Gang Keladan;193,35;;-0.03247212305645117, 109.37116583373285;Gang Keladan I;83,74;;-0.03125434939116549, 109.37172172217433;;;;
;;;;;;;;;;;;;;;;;;;;;;;;;;;;;Gang Keladan II;41,94;;-0.031536727905831216, 109.37138267469199;;;;
;;;;;;;;;;;;;;;;;;;;;Jalan Kapten Bambang Iamoyo;187,18;;-0.03166021909886746, 109.37212430051864;Jalan Benuang I;27,59;;-0.03161467650039915, 109.37180330389997;;;;;;;;
;;;;;;;;;;;;;;;;;;;;;;;;;Jalan Benuang;98,4;;-0.03117260737306125, 109.37187370579319;Jalan Benuang Dalam;210,29;;-0.03144822012193881, 109.37278604949;;;;
;;;;;;;;;;;;;Gang Bahari Mas;640,27;Ujung 1;-0.028281882912369168, 109.36821123036248;Gang Mandala;363,32;;-0.02996514978327347, 109.36544312968735;;;;;;;;;;;;;;;;
;;;;;;;;;;;;;;;Ujung 2;-0.02660219308152303, 109.36328149739128;Jalan Komplek Bahari Mas;361,46;;-0.02964528039948846, 109.36517566303081;;;;;;;;;;;;;;;;
;;;;;;;;;;;;;;;;;Jalan Komplek Bahari Elok;362,27;;-0.029408530632202255, 109.36499641631771;;;;;;;;;;;;;;;;
;;;;;;;;;;;;;;;;;Gang Mandiri;334,73;;-0.02893589301689292, 109.36465097283327;;;;;;;;;;;;;;;;
;;;;;;;;;;;;;Gang Siliwangi;377,2;;-0.031105687838959607, 109.36640254897853;;;;;;;;;;;;;;;;;;;;
;;;;;;;;;;;;;Jalan Tekam;803,83;Ujung 1;-0.03087372934019704, 109.36610278379602;Gang Pemuda;367,12;;-0.03318579758331767, 109.36376611182102;;;;;;;;;;;;;;;;
;;;;;;;;;;;;;;;Ujung 2;-0.0360533395801149, 109.3709317575954;Gang Putra Tj.;372,69;;-0.029370720278222663, 109.36922195205403;;;;;;;;;;;;;;;;
;;;;;;;;;;;;;;;;;Jalan Tani;119,12;;-0.03100147999947773, 109.36765615435256;;;;;;;;;;;;;;;;
;;;;;;;;;;;;;;;;;Jalan Komplek Green Park;490,96;;-0.03391490947985677, 109.36321242113415;;;;;;;;;;;;;;;;
;;;;;;;;;;;;;;;;;Gang Abdullah;352,73;;-0.03001081740545331, 109.36959542953217;;;;;;;;;;;;;;;;
;;;;;;;;;;;;;;;;;Jalan Komplek Saigon Permai;543;Ujung 1;-0.03245940141626821, 109.36737221339821;;;;;;;;;;;;;;;;
;;;;;;;;;;;;;;;;;;;Ujung 2;-0.0349705877338409, 109.36355411488307;;;;;;;;;;;;;;;;
;;;;;;;;;;;;;;;;;Jalan Tekam;32,9;;-0.03250113013242217, 109.36791271521332;;;;;;;;;;;;;;;;
;;;;;;;;;;;;;;;;;Komplek Griya Pratama I;164,58;;-0.0337219085643534, 109.36666394626849;;;;;;;;;;;;;;;;
;;;;;;;;;;;;;;;;;Gang Family;171,87;;-0.03416335939158133, 109.36696064925238;;;;;;;;;;;;;;;;
;;;;;;;;;;;;;;;;;Jalan KH Hayim Ashari;307,78;;-0.031974419053770395, 109.37054708341518;Jalan Nyi Ageng Serang;342,04;;-0.031483766016045626, 109.36950339799068;Gang Tengkawang 1;153,29;;-0.03191366783262339, 109.36921548886953;Gang Tengkawang 2;164,55;;-0.03194387998830881, 109.36910684175889;Gang Tengkawang 3;63,5;;-0.031973163970787435, 109.36868487160653
;;;;;;;;;;;;;;;;;;;;;;;;;Gang Tengkawang 4;70;;-0.0321652260529461, 109.36937801153013;;;;;;;;
;;;;;;;;;;;;;;;;;;;;;;;;;Gang Tengkawang 5;84,53;;-0.030800868816162178, 109.36903356391309;Gang Tengkawang 6;68,26;;-0.03123806881773311, 109.36873181539893;;;;
;;;;;;;;;;;;;;;;;;;;;Jalan Paini Bardan;196,4;;-0.03401604307172041, 109.3700456460328;Gang Jelutung 1;86,75;;-0.033522966736255176, 109.36854723263853;Gang Jelutung 4;120,91;;-0.03405837082290663, 109.36957415382943;Gang Jelutung 6;44,66;;-0.03414644851395134, 109.36912033805754
;;;;;;;;;;;;;;;;;;;;;;;;;Gang Mentibu 4;135,52;;-0.03247367143298642, 109.3700794738007;;;;;;;;
;;;;;;;;;;;;;;;;;;;;;;;;;Gang Mentibu 3;47,1;;-0.03238485314039513, 109.37046138130695;;;;;;;;
;;;;;;;;;;;;;;;;;;;;;;;;;Gang Mentibu;124,17;;-0.03258172274972946, 109.3700520868915;;;;;;;;
;;;;;;;;;;;;;;;;;;;;;;;;;Gang Jelutung 2;87,21;;-0.03398101534891325, 109.3689835272861;;;;;;;;
;;;;;;;;;;;;;;;;;;;;;;;;;Gang Jelutung 3;87,07;;-0.03435773513974525, 109.36932467279306;;;;;;;;
;;;;;;;;;;;;;;;;;;;;;;;;;Jalan Kristina Marta;164,64;;-0.03283554719495469, 109.37088841527954;Gang Bakau 2;32,95;;-0.03365097900590364, 109.37045038985008;;;;
;;;;;;;;;;;;;;;;;;;;;;;;;;;;;Gang Bakau 1;158,78;;-0.033991355588789844, 109.37016838162195;;;;
;;;;;;;;;;;;;;;;;;;;;;;;;;;;;Gang Bakau Dalam;87,91;;-0.034584134421672234, 109.36954272839338;;;;
;;;;;;;;;;;;;;;;;;;;;;;;;;;;;Gang Mentibu 1;83,87;;-0.03253862195307436, 109.37020326437816;;;;
;;;;;;;;;;;;;;;;;;;;;Jalan HM Rasuna Said;287,84;;-0.02998329740781057, 109.37024579248735;Gang Mabang IV;71,03;;-0.03168269159072065, 109.37023181047398;;;;;;;;
;;;;;;;;;;;;;;;;;;;;;;;;;Gang Mabang 3;119,52;;-0.03127774859699972, 109.37059831705942;Gang Mabang 2;43,55;;-0.03104087495556895, 109.37021064907516;;;;
;;;;;;;;;;;;;;;;;;;;;;;;;;;; ;Gang Mabang 6;73,38;;-0.031957646827956245, 109.3702707795274;;;;
;;;;;;;;;;;;;;;;;Perumahan Hosana Alberta;260,83;;-0.03583383041653968, 109.36739079113724;;;;;;;;;;;;;;;;
;;;;;;;;;;;;;;;;;Jalan Edelweis Golden Park 1;541,41;;-0.036689981590988595, 109.3681952524588;;;;;;;;;;;;;;;;
;;;;;;;;;;;;;;;;;;;;-0.03793277978619755, 109.36662744620071;;;;;;;;;;;;;;;;
;;;;;;;;;;;;;;;;;Gang Assalam;142,02;;-0.036517419784495735, 109.36958205759866;;;;;;;;;;;;;;;;
;;;;;;;;;;;;;Jalan Komplek Seruni Indah 1;258,81;;-0.029304395369950324, 109.36410729056661;Gang Aman;65,85;;-0.030172806960007285, 109.36543308439309;Gang Aman 1;163,57;;-0.02912256193239853, 109.36435277865694;;;;;;;;;;;;
;;;;;;;;;;;;;;;;;;;;;Gang Aman II;92,37;;-0.030982179801196885, 109.36564556555527;;;;;;;;;;;;
;;;;;;;;;;;;;Jalan Seruni Indah 2;255,35;;-0.029735995666377246, 109.36354147855693;Gang Siaga 1;417,23;;-0.03287416198579087, 109.36131467475687;;;;;;;;;;;;;;;;
;;;;;;;;;;;;;;;;;Gang Siaga 2;270,36;;-0.033315601093578076, 109.3605840089169;;;;;;;;;;;;;;;;
;;;;;;;;;;;;;Jalan Pelita;;;-0.03318014956190949, 109.36150534771356;;;;;;;;;;;;;;;;;;;;
;;;;;;;;;;;;;Jalan Karya Tj. Raya;837,36;Ujung 1;-0.033626774187107314, 109.36195871796012;Gang Mutiara;566,33;Ujung 1;-0.034698592378130916, 109.36250512555692;;;;;;;;;;;;;;;;
;;;;;;;;;;;;;;;Ujung 2;-0.03898816353281523, 109.36698131098898;;;Ujung 2;-0.03727339021794442, 109.35855852550638;;;;;;;;;;;;;;;;
;;;;;;;;;;;;;;;;;Jalan Komplek Green Cemara;574,87;Ujung 1;-0.03520774796443096, 109.36274138244003;;;;;;;;;;;;;;;;
;;;;;;;;;;;;;;;;;;;Ujung 2;-0.0376589207117772, 109.35887109753328;;;;;;;;;;;;;;;;
;;;;;;;;;;;;;;;;;Jalan Komplek Cendana Permata;573,87;Ujung 1;-0.035701798374270226, 109.36344574121122;;;;;;;;;;;;;;;;
;;;;;;;;;;;;;;;;;;;Ujung 2;-0.03834547365403552, 109.35944864174907;;;;;;;;;;;;;;;;
;;;;;;;;;;;;;;;;;Gang Bahagia;563,29;Ujung 1;-0.03712020408474028, 109.36493799979478;;;;;;;;;;;;;;;;
;;;;;;;;;;;;;;;;;;;Ujung 2;-0.03974281715660236, 109.36088484269865;;;;;;;;;;;;;;;;
;;;;;;;;;;;;;;;;;Gang Bahagia Dalam;256,38;;-0.036076456523336534, 109.36692854045272;;;;;;;;;;;;;;;;
;;;;;;;;;;;;;;;;;Gang H. Harun;183,68;;-0.038417836615034846, 109.36417827549023;;;;;;;;;;;;;;;;
;;;;;;;;;;;;;;;;;Komplek Zaujati Residence 6;256,11;;-0.03912060045909769, 109.36397443841568;;;;;;;;;;;;;;;;
;;;;;;;;;;;;;;;;;Gang Safana;;;-0.03738734960862773, 109.36659328488405;;;;;;;;;;;;;;;;
;;;;;;;;;;;;;;;;;Gang H. A. Razak;;;-0.03862537405230701, 109.36610954990437;;;;;;;;;;;;;;;;
;;;;;;;;;;;;;Gang Rama;151,14;;-0.03421692932434071, 109.35838353117775;;;;;;;;;;;;;;;;;;;;
;;;;;;;;;;;;;Gang Rama 1;154,83;;-0.03457689382861112, 109.35799815043865;;;;;;;;;;;;;;;;;;;;
;;;;;;;;;;;;;Gang Saleh;41,15;;-0.0358050401715127, 109.35915606473351;;;;;;;;;;;;;;;;;;;;
;;;;;;;;;Gang Bakti;394,47;;-0.022372579214287584, 109.37076355238439;;;;;;;;;;;;;;;;;;;;;;;;
;;;;;;;;;Gang Sae;158,37;;-0.0269236383643025, 109.36931337537331;;;;;;;;;;;;;;;;;;;;;;;;
;;;;;;;;;Gang Nurul Bakti;374,6;;-0.02245602077954608, 109.37093345278731;;;;;;;;;;;;;;;;;;;;;;;;
;;;;;;;;;Gang Nurus Salam;310,9;;-0.022946425879000823, 109.37110805420424;;;;;;;;;;;;;;;;;;;;;;;;
;;;;;;;;;Gang Bakti I;194,79;;-0.02722859796874913, 109.37115040225005;;;;;;;;;;;;;;;;;;;;;;;;
;;;;;;;;;Gang Beringin;300,27;;-0.02308122517625466, 109.37279280345135;;;;;;;;;;;;;;;;;;;;;;;;
;;;;;;;;;Gang Madrasah;219,35;;-0.02373772599706724, 109.37324803621574;;;;;;;;;;;;;;;;;;;;;;;;
;;;;;;;;;Gang Madrasah 2;178,05;;-0.023237538814421956, 109.37318626065374;;;;;;;;;;;;;;;;;;;;;;;;
;;;;;;;;;Gang Sunan Kalijaga;183,69;;-0.02727009725295764, 109.37267282580079;;;;;;;;;;;;;;;;;;;;;;;;
;;;;;;;;;Gang Banyumas;245,28;;-0.023546663530243525, 109.37389058917665;;;;;;;;;;;;;;;;;;;;;;;;
;;;;;;;;;Gang Nangka;188,04;;-0.027306424597123635, 109.37349241491536;;;;;;;;;;;;;;;;;;;;;;;;
;;;;;;;;;Gang Tj. Pinang;219,06;;-0.023811622042711183, 109.37457269416178;;;;;;;;;;;;;;;;;;;;;;;;
;;;;;;;;;Gang Pentagon;185,81;;-0.02734228351417053, 109.37394223881847;;;;;;;;;;;;;;;;;;;;;;;;
;;;;;;;;;Gang Manunggal. A;205,72;;-0.02395179930985147, 109.3748388463846;;;;;;;;;;;;;;;;;;;;;;;;
;;;;;;;;;Gang Tj. Ria;243,8;;-0.023916327971852114, 109.3748800862863;;;;;;;;;;;;;;;;;;;;;;;;
;;;;;;;;;Jalan Dare Nandong;592,15;Ujung 1;-0.02593260728070346, 109.37492194331732;Gang Pentagon II;131,06;;-0.027875034487204953, 109.37457010714337;;;;;;;;;;;;;;;;;;;;
;;;;;;;;;;;Ujung 2;-0.03102366602894854, 109.375142137081;;;;;;;;;;;;;;;;;;;;;;;;
;;;;;;;;;Gang 2000;147,33;;-0.027157465154904175, 109.37523052429492;;;;;;;;;;;;;;;;;;;;;;;;
;;;;;;;;;Gang Erba;159,18;;-0.027274208983951085, 109.37537410247916;;;;;;;;;;;;;;;;;;;;;;;;
;;;;;;;;;Jalan Villa Elektrik Permai;789,88;Ujung 1;-0.026034691824473977, 109.37629404531707;;;;;;;;;;;;;;;;;;;;;;;;
;;;;;;;;;;;Ujung 2;-0.030866810639892408, 109.37738210318366;;;;;;;;;;;;;;;;;;;;;;;;
;;;;;;;;;Gang 91;194,79;;-0.02762530196625972, 109.37657758588823;;;;;;;;;;;;;;;;;;;;;;;;
;;;;;;;;;Gang Koperasi;112,92;;-0.02498408382207981, 109.37725684056385;;;;;;;;;;;;;;;;;;;;;;;;
;;;;;;;;;Gang Mawar;109,66;;-0.02696614217913878, 109.37690200568973;;;;;;;;;;;;;;;;;;;;;;;;
;;;;;;;;;Gang Manunggal B;71,13;;-0.02535703209568759, 109.37742424641418;;;;;;;;;;;;;;;;;;;;;;;;
;;;;;;;;;Gang Melati;203,73;;-0.027789545401296495, 109.37702704686048;;;;;;;;;;;;;;;;;;;;;;;;
;;;;;;;;;Gang Berkah;102,12;;-0.025270617323944203, 109.37805915675669;;;;;;;;;;;;;;;;;;;;;;;;
;;;;;;;;;Gang Amanah;183,42;;-0.027874271530773577, 109.37773721732609;;;;;;;;;;;;;;;;;;;;;;;;
;;;;;;;;;Gang Keluarga;123,11;;-0.025345333506985753, 109.37843523398645;;;;;;;;;;;;;;;;;;;;;;;;
;;;;;;;;;Gang Sagu;168,54;;-0.02782226023295785, 109.37799495258403;;;;;;;;;;;;;;;;;;;;;;;;
;;;;;;;;;Gang Eliyasa;82,47;;-0.025627404189720135, 109.37866004942998;;;;;;;;;;;;;;;;;;;;;;;;
;;;;;;;;;Gang Jasa Ria;245,87;;-0.02848135895864502, 109.378041997251;;;;;;;;;;;;;;;;;;;;;;;;
;;;;;;;;;Gang Waris;247,59;;-0.028651535151334444, 109.37835367279168;;;;;;;;;;;;;;;;;;;;;;;;
;;;;;;;;;Gang H. Taha;571,52;Ujung 1;-0.02687284103036826, 109.37981980054822;;;;;;;;;;;;;;;;;;;;;;;;
;;;;;;;;;;;Ujung 2;-0.03177203718158219, 109.37934582799714;;;;;;;;;;;;;;;;;;;;;;;;
;;;;;;;;;Gang Taman Yasmin III;209,84;;-0.029079809185737836, 109.37968210522926;;;;;;;;;;;;;;;;;;;;;;;;
;;;;;;;;;Gang H. Taha Dalam;275,87;;-0.031566553620904124, 109.37972873999628;;;;;;;;;;;;;;;;;;;;;;;;
;Jalan Perintis Kemerdekaan;1290;Ujung 1;-0.034211064969198256, 109.35672797579515;;;;;;;;;;;;;;;;;;;;;;;;;;;;;;;;
;;;Tengah 1;-0.033976776466111865, 109.35709774066414;;;;;;;;;;;;;;;;;;;;;;;;;;;;;;;;
;;;Tengah 2;-0.033577651642406246, 109.3577425759827;;;;;;;;;;;;;;;;;;;;;;;;;;;;;;;;
;;;Tengah 3;-0.03091038925630258, 109.36049032248017;;;;;;;;;;;;;;;;;;;;;;;;;;;;;;;;
;;;Ujung 2;-0.0282845776046651, 109.36149515525295;;;;;;;;;;;;;;;;;;;;;;;;;;;;;;;;
;Jalan Sultan Hamid I;451,29;;-0.0347382618507083, 109.35593358056708;Jalan Tj. Raya I;1120;Ujung 1;-0.03441680577966546, 109.35577332386784;Gang Serumpun;227,14;;-0.03500467170373587, 109.35380145090411;;;;;;;;;;;;;;;;;;;;;;;;
;;;;;;;Tengah 1;-0.03195575652312925, 109.35403109613242;Gang Famili;447,11;;-0.035819674728777944, 109.35192214717502;Gang Famili Tengah;80,84;;-0.03546979465831236, 109.35394326137109;;;;;;;;;;;;;;;;;;;;
;;;;;;;Tengah 2;-0.030427783718985, 109.35270244734737;Jalan Ismita;209,27;;-0.034498441648131206, 109.35353250002646;;;;;;;;;;;;;;;;;;;;;;;;
;;;;;;;Tengah 3;-0.029213557367899042, 109.35175228946558;Komplek Sederhana Indah;261,81;;-0.03255972717081703, 109.35695629266738;;;;;;;;;;;;;;;;;;;;;;;;
;;;;;;;Ujung 2;-0.026447730423830095, 109.35011358869535;Gang Pemda;202,92;;-0.03411810184696768, 109.3533449828521;;;;;;;;;;;;;;;;;;;;;;;;
;;;;;;;;;Gang Sederhana;261,76;;-0.03215929667127413, 109.35695651723067;;;;;;;;;;;;;;;;;;;;;;;;
;;;;;;;;;Gang Harapan 1;210,18;;-0.03378736684251591, 109.353175783893;;;;;;;;;;;;;;;;;;;;;;;;
;;;;;;;;;Gang Sampang;517,49;Ujung 1;-0.03283775357213582, 109.35471650341707;;;;;;;;;;;;;;;;;;;;;;;;
;;;;;;;;;;;Ujung 2;-0.030461274560341308, 109.35786503313143;;;;;;;;;;;;;;;;;;;;;;;;
;;;;;;;;;Gang Harapan 2;187,66;;-0.033516927343751335, 109.35307558906636;;;;;;;;;;;;;;;;;;;;;;;;
;;;;;;;;;Komplek Pulau Mas;188,42;;-0.031718503521102455, 109.35589484024885;;;;;;;;;;;;;;;;;;;;;;;;
;;;;;;;;;Gang Prasaja;180,44;;-0.03154308966823835, 109.35570914439822;;;;;;;;;;;;;;;;;;;;;;;;
;;;;;;;;;Gang Makmur;387,4;;-0.031833721427910334, 109.35645707163681;;;;;;;;;;;;;;;;;;;;;;;;
;;;;;;;;;Gang Kelontan;254,85;;-0.030426160787716296, 109.35569559267002;;;;;;;;;;;;;;;;;;;;;;;;
;;;;;;;;;Jalan Panglima A. Rani;409,57;;-0.03325181724625111, 109.35048565710801;Jalan Pemda;304,42;;-0.03241412494370293, 109.35233169417086;Gang Harapan 3;72,82;;-0.032955996784224666, 109.35346153094628;;;;;;;;;;;;;;;;
;;;;;;;;;;;;;;;;;Gang Madrasah;365,73;;-0.033138222968589245, 109.35145984898888;;;;;;;;;;;;;;;;
;;;;;;;;;;;;;;;;;Gang Darma Putra;244,95;;-0.03462281217936161, 109.3512898037235;;;;;;;;;;;;;;;;
;;;;;;;;;;;;;;;;;Gang Mahmud;101,66;;-0.03445546430628362, 109.35249874439427;;;;;;;;;;;;;;;;
;;;;;;;;;;;;;;;;;Gang H. A. Karim;95,42;;-0.0349832552101318, 109.35273581798243;;;;;;;;;;;;;;;;
;;;;;;;;;;;;;Gang Reformasi;58,08;;-0.031927948501706216, 109.35201151881827;;;;;;;;;;;;;;;;;;;;
;;;;;;;;;;;;;Jalan Gaya Baru;495,45;;-0.029032261333214283, 109.34924155470078;Gang Orde Baru 2;189,82;;-0.03257288494174908, 109.34993186064915;;;;;;;;;;;;;;;;
;;;;;;;;;;;;;;;;;Gang Orde Baru 4;59,65;;-0.03170078307038901, 109.35070470111738;;;;;;;;;;;;;;;;
;;;;;;;;;;;;;;;;;Gang Haji Hasan;37;;-0.03114227245821923, 109.35052302354522;;;;;;;;;;;;;;;;
;;;;;;;;;;;;;;;;;Gang P. Pati;142,21;;-0.030500825994379522, 109.34891206509464;;;;;;;;;;;;;;;;
;;;;;;;;;;;;;;;;;Gang Kapuas;136,22;;-0.029945895425067745, 109.34864756684152;;;;;;;;;;;;;;;;
;;;;;;;;;;;;;;;;;Gang D. Bintara;106,39;;-0.029644264602280066, 109.348542712629;;;;;;;;;;;;;;;;
;;;;;;;;;Gang Dasadharma;481,62;;-0.029377870717341773, 109.35692428409446;Gang Semerangkai;110,84;;-0.028536878403605342, 109.35596537546;;;;;;;;;;;;;;;;;;;;
;;;;;;;;;Gang Tj. Raya;217,53;;-0.031839276502633226, 109.35156594485773;;;;;;;;;;;;;;;;;;;;;;;;
;;;;;;;;;Gang Bersama;261,33;;-0.029550319062215422, 109.35507727353031;;;;;;;;;;;;;;;;;;;;;;;;
;;;;;;;;;Gang Karya Usaha;237,06;;-0.0298336814632282, 109.35450064074175;;;;;;;;;;;;;;;;;;;;;;;;
;;;;;;;;;Gang Damai ;200,32;;-0.03134281890098802, 109.351157908714;Jalan Darat Keraton;358,2;;-0.029396020756543267, 109.3502736069669;;;;;;;;;;;;;;;;;;;;
;;;;;;;;;Gang Mulia;274,68;;-0.02894974361672778, 109.3546509448403;;;;;;;;;;;;;;;;;;;;;;;;
;;;;;;;;;Gang Usaha Bersama;114,09;;-0.03061870843609996, 109.35163310004761;;;;;;;;;;;;;;;;;;;;;;;;
;;;;;;;;;Gang Keluarga;94,84;;-0.029520589739195472, 109.35308726560864;;;;;;;;;;;;;;;;;;;;;;;;
;;;;;;;;;Gang Usaha 1;120,4;;-0.03036652950002328, 109.3513813695484;;;;;;;;;;;;;;;;;;;;;;;;
;;;;;;;;;Gang Amal;118,59;;-0.02914473001285427, 109.35304260701906;;;;;;;;;;;;;;;;;;;;;;;;
;;;;;;;;;Gang Ahmad;117,05;;-0.028895036795104623, 109.3528086474685;;;;;;;;;;;;;;;;;;;;;;;;
;;;;;;;;;Gang Usaha III;79,03;;-0.029767037020122677, 109.35125549753805;;;;;;;;;;;;;;;;;;;;;;;;
;;;;;;;;;Gang Taslim;112,36;;-0.028125824380258985, 109.35220295434335;;;;;;;;;;;;;;;;;;;;;;;;
;;;;;;;;;Gang Al Mutahar;108,76;;-0.027885096148518158, 109.35198971872684;;;;;;;;;;;;;;;;;;;;;;;;
;;;;;;;;;Gang Jiran;90,12;;-0.028702608108549712, 109.3509702372661;;;;;;;;;;;;;;;;;;;;;;;;
;;;;;;;;;Gang Alhihduah;92,38;;-0.02753611808721507, 109.35154411372285;;;;;;;;;;;;;;;;;;;;;;;;
;;;;;;;;;Gang Kampar;103,18;;-0.028076677135459315, 109.35010702156696;;;;;;;;;;;;;;;;;;;;;;;;
;;;;;;;;;Gang 2 Ribu;15,18;;-0.02678235853256467, 109.34971458267496;;;;;;;;;;;;;;;;;;;;;;;;
;;;;;;;;;Gang Manis;397,1;;-0.02698943209215771, 109.34784911508729;;;;;;;;;;;;;;;;;;;;;;;;
;;;;;;;;;Gang Stabil;115,78;;-0.026776610760259684, 109.34849485867157;;;;;;;;;;;;;;;;;;;;;;;;
;;;;;Jalan Tj. Raya II;3520;Ujung 1;-0.03485906977401636, 109.35620562319902;Gang Berkat;258,69;;-0.03373539683347789, 109.35830537282894;;;;;;;;;;;;;;;;;;;;;;;;
;;;;;;;Tengah 1;-0.03718441934156279, 109.358407225672;Gang Rizki;258,18;;-0.03627690617265365, 109.35443091720501;;;;;;;;;;;;;;;;;;;;;;;;
;;;;;;;Tengah 2;-0.038631390226151016, 109.35964129889263;Gang Bersatu;257,71;;-0.03397157723545985, 109.35850148242467;;;;;;;;;;;;;;;;;;;;;;;;
;;;;;;;Tengah 3;-0.04241598596562036, 109.36349111950042;Gang 5;283,61;;-0.03689130580595036, 109.35474967430528;;;;;;;;;;;;;;;;;;;;;;;;
;;;;;;;Tengah 4;-0.045130693219248265, 109.36607890014658;Gang Musyawarah;176,01;;-0.034786847052476706, 109.35829949627036;;;;;;;;;;;;;;;;;;;;;;;;
;;;;;;;Tengah 5;-0.049413463469986964, 109.36963691363333;Gang Melati;175,29;;-0.034852578846662825, 109.35834432812813;;;;;;;;;;;;;;;;;;;;;;;;
;;;;;;;Ujung 2;-0.058626123940448624, 109.37657837514044;Gang Yarsi;220,94;;-0.03690426285646562, 109.35553980823605;;;;;;;;;;;;;;;;;;;;;;;;
;;;;;;;;;Gang Mulia 2;174,62;;-0.03513284057726857, 109.35864059989846;;;;;;;;;;;;;;;;;;;;;;;;
;;;;;;;;;Jalan Delima Mas;383,85;;-0.034882643982785656, 109.36098697543741;;;;;;;;;;;;;;;;;;;;;;;;
;;;;;;;;;Gang Karya 1;317,8;;-0.03841635263240407, 109.35577639968282;;;;;;;;;;;;;;;;;;;;;;;;
;;;;;;;;;Gang Permata Jaya;350,43;;-0.03533599066907005, 109.36096387149327;;;;;;;;;;;;;;;;;;;;;;;;
;;;;;;;;;Gang Karya 2;316,38;;-0.038973549659765745, 109.35624375575772;;;;;;;;;;;;;;;;;;;;;;;;
;;;;;;;;;Gang Kurniasari;228,64;;-0.03883446938069287, 109.35704757208657;;;;;;;;;;;;;;;;;;;;;;;;
;;;;;;;;;Gang Berkah;305,53;;-0.03959184046297007, 109.35683852951537;;;;;;;;;;;;;;;;;;;;;;;;
;;;;;;;;;Gang Kurnia Agung;217,07;;-0.03715085493241187, 109.36057176653762;;;;;;;;;;;;;;;;;;;;;;;;
;;;;;;;;;Jalan Swadiri;302,24;;-0.03715085493241187, 109.36057176653762;;;;;;;;;;;;;;;;;;;;;;;;
;;;;;;;;;Gang Kurnia Jaya;417,22;;-0.03632476873061799, 109.36225263205898;;;;;;;;;;;;;;;;;;;;;;;;
;;;;;;;;;Gang Kurnia Ilahi;220,56;;-0.04004006064288851, 109.35822739608174;;;;;;;;;;;;;;;;;;;;;;;;
;;;;;;;;;Gang Kurnia Abadi;179,11;;-0.03770602962024928, 109.36095692706054;;;;;;;;;;;;;;;;;;;;;;;;
;;;;;;;;;Jalan Komplek Mutiara Indah Lestari;543,18;Ujung 1;-0.03867293005323355, 109.35982746176693;;;;;;;;;;;;;;;;;;;;;;;;
;;;;;;;;;;;Ujung 2;-0.03595027095719211, 109.36370877956651;;;;;;;;;;;;;;;;;;;;;;;;
;;;;;;;;;Gang H. Sulaiman;483,75;;-0.04192534425754025, 109.35683578091198;;;;;;;;;;;;;;;;;;;;;;;;
;;;;;;;;;Jalan Cendana Permai;590,48;Ujung 1;-0.03897254075592618, 109.36012744291575;;;;;;;;;;;;;;;;;;;;;;;;
;;;;;;;;;;;Ujung 2;-0.03602527565644014, 109.36402142115772;;;;;;;;;;;;;;;;;;;;;;;;
;;;;;;;;;Komplek Grand Madinah;93,74;;-0.03998622792756157, 109.35983086726938;;;;;;;;;;;;;;;;;;;;;;;;
;;;;;;;;;Jalan Cendana Permai I;535,31;Ujung 1;-0.03927532624974081, 109.36040316595437;;;;;;;;;;;;;;;;;;;;;;;;
;;;;;;;;;;;Ujung 2;-0.03666222417641433, 109.36440276622196;;;;;;;;;;;;;;;;;;;;;;;;
;;;;;;;;;Gang Arya;519,21;Ujung 1;-0.03952454060924611, 109.36065359161603;;;;;;;;;;;;;;;;;;;;;;;;
;;;;;;;;;;;Ujung 2;-0.037005585580929395, 109.36452741111876;;;;;;;;;;;;;;;;;;;;;;;;
;;;;;;;;;Gang Sukahayu;255,59;;-0.03875474073406825, 109.36303319697846;;;;;;;;;;;;;;;;;;;;;;;;
;;;;;;;;;Gang Pam;260,778;;-0.0401869697612825, 109.35885503584862;;;;;;;;;;;;;;;;;;;;;;;;
;;;;;;;;;Gang Abdurrahman;55,54;;-0.04018769116495013, 109.36198617491152;;;;;;;;;;;;;;;;;;;;;;;;
;;;;;;;;;Gang Abdussamad;228,52;;-0.041912843197157504, 109.36056135768074;;;;;;;;;;;;;;;;;;;;;;;;
;;;;;;;;;Gang Sektor Raya;323,47;;-0.039135689409437166, 109.36427984790255;;;;;;;;;;;;;;;;;;;;;;;;
;;;;;;;;;Gang Soviah;118;;-0.04172999426822674, 109.36132009455123;;;;;;;;;;;;;;;;;;;;;;;;
;;;;;;;;;Komplek Permata Saigon;551,69;Ujung 1;-0.040873318285411166, 109.36215843256457;;;;;;;;;;;;;;;;;;;;;;;;
;;;;;;;;;;;Ujung 2;-0.03825776280894382, 109.36616509761488;;;;;;;;;;;;;;;;;;;;;;;;
;;;;;;;;;Gang H. A. Razak;375,09;;-0.03927332125561322, 109.365085689704;;;;;;;;;;;;;;;;;;;;;;;;
;;;;;;;;;Jalan Moh. Yusuf  Karim;;;-0.044195790821342056, 109.35936045021158;Gang Betuah;40,24;;-0.0442958441093867, 109.35979974867129;;;;;;;;;;;;;;;;;;;;
;;;;;;;;;Gang H. Fauzi;139,63;;-0.04251385889366288, 109.36196794050949;;;;;;;;;;;;;;;;;;;;;;;;
;;;;;;;;;Jalan Tani;2260;Ujung 1;-0.0416357481607067, 109.36290852903046;Gang Masjid;547,88;Ujung 1;-0.04137394151439361, 109.36346578546643;;;;;;;;;;;;;;;;;;;;
;;;;;;;;;;;Tengah ;-0.03599999571803989, 109.37109502106561;;;Ujung 2;-0.03981815907732833, 109.36765507102507;;;;;;;;;;;;;;;;;;;;
;;;;;;;;;;;Ujung 2;-0.027881134133574292, 109.37578823007772;Jalan Pemda;2350;Ujung 1;-0.03914052136576634, 109.36712715545262;Gang Tanjung Jaya;301,61;;-0.03827445437047158, 109.36996109496654;;;;;;;;;;;;;;;;
;;;;;;;;;;;;;;;Tengah ;-0.0459002858043192, 109.37314662651534;Gang Keluarga;384,79;;-0.03835875256262649, 109.3710465434265;;;;;;;;;;;;;;;;
;;;;;;;;;;;;;;;Ujung 2;-0.05534991659870012, 109.38037520160526;Gang Berkah;225,76;;-0.041868526943833945, 109.36716605830925;;;;;;;;;;;;;;;;
;;;;;;;;;;;;;;;;;Gang H. Ahmad;237,24;;-0.042382630076267844, 109.36725643474496;;;;;;;;;;;;;;;;
;;;;;;;;;;;;;;;;;Komplek Pelangi Fortuna;588,18;Ujung 1;-0.041363933402705576, 109.37015968011092;;;;;;;;;;;;;;;;
;;;;;;;;;;;;;;;;;;;Ujung 2;-0.03912440667004138, 109.3733874131879;;;;;;;;;;;;;;;;
;;;;;;;;;;;;;;;;;Blok C-D;571,15;Ujung 1;-0.04269473466560214, 109.37155894165325;;;;;;;;;;;;;;;;
;;;;;;;;;;;;;;;;;;;Ujung 2;-0.040425108023060166, 109.37474709839644;;;;;;;;;;;;;;;;
;;;;;;;;;;;;;;;;;Blok A-B;576,82;Ujung 1;-0.043018564920590835, 109.3717452690834;;;;;;;;;;;;;;;;
;;;;;;;;;;;;;;;;;;;Ujung 2;-0.04055197933066114, 109.37519935833726;;;;;;;;;;;;;;;;
;;;;;;;;;;;;;;;;;Gang Cendana;208,95;;-0.044966578761594204, 109.36989241968745;;;;;;;;;;;;;;;;
;;;;;;;;;;;;;;;;;Gang Sari Mulya;178,85;;-0.04511234830191455, 109.37035664306629;;;;;;;;;;;;;;;;
;;;;;;;;;;;;;;;;;Gang Padat Karya;577,63;Ujung 1;-0.04523787575179357, 109.37352702959932;;;;;;;;;;;;;;;;
;;;;;;;;;;;;;;;;;;;Ujung 2;-0.04272034449094312, 109.37716054633145;;;;;;;;;;;;;;;;
;;;;;;;;;;;;;;;;;Komplek Yolzida Pesona 1;571,27;Ujung 1;-0.0456222060451118, 109.37353999363255;;;;;;;;;;;;;;;;
;;;;;;;;;;;;;;;;;;;Ujung 2;-0.043179507051696556, 109.37713539064052;;;;;;;;;;;;;;;;
;;;;;;;;;;;;;;;;;Komplek Yolzida Pesona 2;566,91;Ujung 1;-0.04581792921363875, 109.37384812610313;;;;;;;;;;;;;;;;
;;;;;;;;;;;;;;;;;;;Ujung 2;-0.04342783728271067, 109.37731623103265;;;;;;;;;;;;;;;;
;;;;;;;;;;;;;;;;;Jalan Villa Sejahtera;138,63;;-0.049243332565062976, 109.37754281973118;;;;;;;;;;;;;;;;
;;;;;;;;;;;;;;;;;Jalur Arwana 1;540,82;Ujung 1;-0.05078974459860019, 109.37736796640942;;;;;;;;;;;;;;;;
;;;;;;;;;;;;;;;;;;;Ujung 2;-0.047897932475685016, 109.38096383567377;;;;;;;;;;;;;;;;
;;;;;;;;;;;;;;;;;Jalur Arwana 2;536,54;Ujung 1;-0.05108692825187183, 109.3774099076807;;;;;;;;;;;;;;;;
;;;;;;;;;;;;;;;;;;;Ujung 2;-0.0481071080004595, 109.3811290036641;;;;;;;;;;;;;;;;
;;;;;;;;;;;;;;;;;Jalur Arwana 3;539,53;Ujung 1;-0.051313366904867444, 109.37756304078113;;;;;;;;;;;;;;;;
;;;;;;;;;;;;;;;;;;;Ujung 2;-0.04829328372116699, 109.3812848542631;;;;;;;;;;;;;;;;
;;;;;;;;;;;;;;;;;Komplek Griya Mayor;155,95;;-0.05333860529277601, 109.38136658608957;;;;;;;;;;;;;;;;
;;;;;;;;;;;;;;;;;Komplek Grand Mayor Cahaya Indah;157,2;;-0.0538837517515608, 109.3817230582038;;;;;;;;;;;;;;;;
;;;;;;;;;;;;;Jalan Padat Karya;2190;Ujung 1;-0.036199349140065555, 109.37107937850446;Komplek Pondok Asri Saigoniah;365,89;;-0.03864057660934988, 109.36908593811378;;;;;;;;;;;;;;;;
;;;;;;;;;;;;;;;Tengah ;-0.04361080201835994, 109.37791333559213;Komplek Laily Raya;554,09;Ujung 1;-0.03723226549660514, 109.37199521586768;;;;;;;;;;;;;;;;
;;;;;;;;;;;;;;;Ujung 2;-0.051101344741822395, 109.38337418278799;;;Ujung 2;-0.0398926131401592, 109.36829377611431;;;;;;;;;;;;;;;;
;;;;;;;;;;;;;;;;;Jalan Cukb Residence;502,45;Ujung 1;-0.04407156327923718, 109.37783340712666;;;;;;;;;;;;;;;;
;;;;;;;;;;;;;;;;;;;Ujung 2;-0.046591854239257255, 109.37446621538136;;;;;;;;;;;;;;;;
;;;;;;;;;;;;;;;;;Jalan Star Borneo Residence;506,29;Ujung 1;-0.04420255277375966, 109.37821100647665;;;;;;;;;;;;;;;;
;;;;;;;;;;;;;;;;;;;Ujung 2;-0.04687012343469327, 109.37465217683963;;;;;;;;;;;;;;;;
;;;;;;;;;;;;;Jalan Barokah Residence;166,8;;-0.03205517032746291, 109.37241634787425;;;;;;;;;;;;;;;;;;;;
;;;;;;;;;;;;;Gang Barokah I;230,59;;-0.03167472687919765, 109.37282374462023;;;;;;;;;;;;;;;;;;;;
;;;;;;;;;Komplek Tj. Indah;218,18;;-0.04365871521995298, 109.36197093919692;;;;;;;;;;;;;;;;;;;;;;;;
;;;;;;;;;Gang Bunga Tj. I;513,78;Ujung 1;-0.04227785861175953, 109.36349367230241;;;;;;;;;;;;;;;;;;;;;;;;
;;;;;;;;;;;Ujung 2;-0.039902670364853066, 109.36729130139304;;;;;;;;;;;;;;;;;;;;;;;;
;;;;;;;;;Gang H. Arsyad;306,26;;-0.04445945650713346, 109.36174369682585;;;;;;;;;;;;;;;;;;;;;;;;
;;;;;;;;;Gang Bunga Tj.;547,62;Ujung 1;-0.04249381263189435, 109.36374164676671;;;;;;;;;;;;;;;;;;;;;;;;
;;;;;;;;;;;Ujung 2;-0.03999914023188352, 109.36775104740559;;;;;;;;;;;;;;;;;;;;;;;;
;;;;;;;;;Gang Saigon Raya;188,65;;-0.04403016213287537, 109.36268660697733;;;;;;;;;;;;;;;;;;;;;;;;
;;;;;;;;;Gang 93;553,52;Ujung 1;-0.04280213964685431, 109.36406992150086;;;;;;;;;;;;;;;;;;;;;;;;
;;;;;;;;;;;Ujung 2;-0.0402898214534173, 109.3679947086747;;;;;;;;;;;;;;;;;;;;;;;;
;;;;;;;;;Gang Hijrah;311,06;;-0.04497390317001901, 109.36222617981089;;;;;;;;;;;;;;;;;;;;;;;;
;;;;;;;;;Jalan Garden;109,88;;-0.04254950895593534, 109.36497905877;;;;;;;;;;;;;;;;;;;;;;;;
;;;;;;;;;Gang 93 Dalam;475,37;;-0.04081212216120176, 109.36853160922651;;;;;;;;;;;;;;;;;;;;;;;;
;;;;;;;;;Gang Bunga Melati;320,25;;-0.045243918751186364, 109.36235870698125;;;;;;;;;;;;;;;;;;;;;;;;
;;;;;;;;;Gang Ridho Ilahi;107,26;;-0.04287442702512674, 109.36529984210249;;;;;;;;;;;;;;;;;;;;;;;;
;;;;;;;;;Gang Tirta;110,14;;-0.04304714984273485, 109.36549631904028;;;;;;;;;;;;;;;;;;;;;;;;
;;;;;;;;;Gang Busri;179,05;;-0.04484320990853018, 109.36357993051178;;;;;;;;;;;;;;;;;;;;;;;;
;;;;;;;;;Jalan Al Huda;317,52;;-0.04591010705079909, 109.3629016819219;;;;;;;;;;;;;;;;;;;;;;;;
;;;;;;;;;Jalan Komplek Bali Lestari Blok A;210,5;;-0.043266986517707225, 109.36690659580867;;;;;;;;;;;;;;;;;;;;;;;;
;;;;;;;;;Gang Jabar;169,64;;-0.04569854414782755, 109.36454255571373;;;;;;;;;;;;;;;;;;;;;;;;
;;;;;;;;;Gang Indah;326,87;;-0.04676599732516171, 109.36372176606409;;;;;;;;;;;;;;;;;;;;;;;;
;;;;;;;;;Gang Assuha;520,56;Ujung 1;-0.04498353891356049, 109.36611761044165;;;;;;;;;;;;;;;;;;;;;;;;
;;;;;;;;;;;Ujung 2;-0.042845898781115985, 109.36948624416719;;;;;;;;;;;;;;;;;;;;;;;;
;;;;;;;;;Gang Sutera;459,01;;-0.04782943646044563, 109.36298325214041;;;;;;;;;;;;;;;;;;;;;;;;
;;;;;;;;;Gang Taman Siswa;542,53;Ujung 1;-0.04534665746972626, 109.36638820695705;;;;;;;;;;;;;;;;;;;;;;;;
;;;;;;;;;;;Ujung 2;-0.042883937080233483, 109.37041092056458;;;;;;;;;;;;;;;;;;;;;;;;
;;;;;;;;;Gang Said;338,33;;-0.047295251869563536, 109.36412126165094;;;;;;;;;;;;;;;;;;;;;;;;
;;;;;;;;;Gang Rabiyah;75,54;;-0.04537997410212845, 109.36720401376009;;;;;;;;;;;;;;;;;;;;;;;;
;;;;;;;;;Gang Sederhana;105,2;;-0.046253566640233064, 109.36580330784135;;;;;;;;;;;;;;;;;;;;;;;;
;;;;;;;;;Jalan Sami Sumping;545,92;Ujung 1;-0.04597026352827088, 109.36696981396241;;;;;;;;;;;;;;;;;;;;;;;;
;;;;;;;;;;;Ujung 2;-0.043834576848467414, 109.37119581523446;;;;;;;;;;;;;;;;;;;;;;;;
;;;;;;;;;Gang Cendana;256,67;;-0.04512976322199335, 109.36914854269507;;;;;;;;;;;;;;;;;;;;;;;;
;;;;;;;;;Gang Abu M;116,36;;-0.04597935094459239, 109.3682236642606;;;;;;;;;;;;;;;;;;;;;;;;
;;;;;;;;;Jalan Komplek Citra Permata;512,87;Ujung 1;-0.047034285743919726, 109.36776982364248;;;;;;;;;;;;;;;;;;;;;;;;
;;;;;;;;;;;Ujung 2;-0.04472206066852559, 109.37169430618191;;;;;;;;;;;;;;;;;;;;;;;;
;;;;;;;;;Gang Jaya Mandiri;138,38;;-0.04784363484008041, 109.36671634677315;;;;;;;;;;;;;;;;;;;;;;;;
;;;;;;;;;Gang Limau;546,83;Ujung 1;-0.0472847098985535, 109.3679759694789;;;;;;;;;;;;;;;;;;;;;;;;
;;;;;;;;;;;Ujung 2;-0.04488435735812594, 109.37196923132485;;;;;;;;;;;;;;;;;;;;;;;;
;;;;;;;;;Gang Sabar;548,77;Ujung 1;-0.047602411336384806, 109.36825672650524;;;;;;;;;;;;;;;;;;;;;;;;
;;;;;;;;;;;Ujung 2;-0.04516306972084299, 109.3722954267326;;;;;;;;;;;;;;;;;;;;;;;;
;;;;;;;;;Jalan M. Taufik;304,05;;-0.04932456342410008, 109.36604599241963;;;;;;;;;;;;;;;;;;;;;;;;
;;;;;;;;;Gang Hasan;386,92;;-0.04608826526889526, 109.3713727000327;;;;;;;;;;;;;;;;;;;;;;;;
;;;;;;;;;Gang Sabran;195,93;;-0.04775694850966493, 109.37053017155041;;;;;;;;;;;;;;;;;;;;;;;;
;;;;;;;;;Gang 88;144,74;;-0.04970918707110853, 109.36816774845231;;;;;;;;;;;;;;;;;;;;;;;;
;;;;;;;;;Jalan Latisha Terrace;540,46;Ujung 1;-0.04896072104383912, 109.36943888900637;;;;;;;;;;;;;;;;;;;;;;;;
;;;;;;;;;;;Ujung 2;-0.04642817866129297, 109.3731335583822;;;;;;;;;;;;;;;;;;;;;;;;
;;;;;;;;;Jalan Komplek Serasan Permai;289,93;;-0.05067701857160437, 109.36735092487541;;;;;;;;;;;;;;;;;;;;;;;;
;;;;;;;;;Jalan Griya Rahadi;471,43;;-0.04689740944102726, 109.37305181341237;;;;;;;;;;;;;;;;;;;;;;;;
;;;;;;;;;Gang Batara;287,13;;-0.050918307915122765, 109.36756887248364;;;;;;;;;;;;;;;;;;;;;;;;
;;;;;;;;;Jalan G. Residence;134,96;;-0.048843593610165804, 109.37075188551577;;;;;;;;;;;;;;;;;;;;;;;;
;;;;;;;;;Jalan Komplek Cendana Indah Blok A-B;528,05;Ujung 1;-0.04967996732563126, 109.3701324985582;;;;;;;;;;;;;;;;;;;;;;;;
;;;;;;;;;;;Ujung 2;-0.04721728354231275, 109.37400156929202;;;;;;;;;;;;;;;;;;;;;;;;
;;;;;;;;;Gang Saigon Utama 1;1100;Ujung 1;-0.05015899927319455, 109.3705426070088;;;;;;;;;;;;;;;;;;;;;;;;
;;;;;;;;;;;Tengah ;-0.04734735380830235, 109.37479342976678;;;;;;;;;;;;;;;;;;;;;;;;
;;;;;;;;;;;Ujung 2;-0.0445670195738104, 109.37789264049624;;;;;;;;;;;;;;;;;;;;;;;;
;;;;;;;;;Gang Delima Mandiri;301,66;;-0.052078978838966915, 109.36838340601336;;;;;;;;;;;;;;;;;;;;;;;;
;;;;;;;;;Gang M. Arief;306,82;;-0.0524469473101331, 109.36861286748882;;;;;;;;;;;;;;;;;;;;;;;;
;;;;;;;;;Komplek Griya Pratama;312,84;;-0.052720694880260315, 109.36875743048437;;;;;;;;;;;;;;;;;;;;;;;;
;;;;;;;;;Gang 85;456,74;;-0.05383881195098811, 109.36801935378686;;;;;;;;;;;;;;;;;;;;;;;;
;;;;;;;;;Gang Tamrin;318,7;;-0.05340787380974937, 109.36925514523385;;;;;;;;;;;;;;;;;;;;;;;;
;;;;;;;;;Gang Maimunah (Kiri);312,53;;-0.050540780904245276, 109.37422681401863;;;;;;;;;;;;;;;;;;;;;;;;
;;;;;;;;;Gang Maimunah (Kanan);325,11;;-0.05388026550505418, 109.36955730758689;;;;;;;;;;;;;;;;;;;;;;;;
;;;;;;;;;Jalan Amanah;551,81;Ujung 1;-0.05236727590501975, 109.37218675766235;;;;;;;;;;;;;;;;;;;;;;;;
;;;;;;;;;;;Ujung 2;-0.049797394246427325, 109.37589759496099;;;;;;;;;;;;;;;;;;;;;;;;
;;;;;;;;;Jalan Hajizah;326,41;;-0.05414022420196152, 109.36975614331125;;;;;;;;;;;;;;;;;;;;;;;;
;;;;;;;;;Gang Family;142,13;;-0.05486117125421285, 109.36865672195532;;;;;;;;;;;;;;;;;;;;;;;;
;;;;;;;;;Jalan Tj. Harapan;2670;Ujung 1;-0.05404940099216118, 109.36962997143529;Gang Hasan Usman;141,32;;-0.054642248278251815, 109.36850431605292;;;;;;;;;;;;;;;;;;;;
;;;;;;;;;;;Tengah;-0.046459569261862815, 109.36330300957465;Gang Dusun Maya;137,47;;-0.05444071479961078, 109.36840020938216;;;;;;;;;;;;;;;;;;;;
;;;;;;;;;;;Ujung 2;-0.03602918787394825, 109.35424244156667;Gang Budi Jaya;155,25;;-0.05290664369003177, 109.37053655502996;;;;;;;;;;;;;;;;;;;;
;;;;;;;;;;;;;Gang Aminah;144,89;;-0.05328084718715214, 109.367557231791;;;;;;;;;;;;;;;;;;;;
;;;;;;;;;;;;;Gang Harapan;184,56;;-0.05313774279645652, 109.36698528363726;;;;;;;;;;;;;;;;;;;;
;;;;;;;;;;;;;Gang Harun Johar;110,99;;-0.05134917795816677, 109.36901294510824;;;;;;;;;;;;;;;;;;;;
;;;;;;;;;;;;;Gang Polewali;107,21;;-0.05235709334598866, 109.36731971451901;;;;;;;;;;;;;;;;;;;;
;;;;;;;;;;;;;Gang Ami;29,04;;-0.051597700711450804, 109.36832661294797;;;;;;;;;;;;;;;;;;;;
;;;;;;;;;;;;;Gang Ismail A. Rahman;187,57;;-0.05241206874344522, 109.36651640732954;;;;;;;;;;;;;;;;;;;;
;;;;;;;;;;;;;Gang Aisiah;51,57;;-0.051511698710885366, 109.36735579999126;;;;;;;;;;;;;;;;;;;;
;;;;;;;;;;;;;Gang Awwabin;114,07;;-0.05166901297096956, 109.36677039931506;;;;;;;;;;;;;;;;;;;;
;;;;;;;;;;;;;Gang Annajah;141,66;;-0.05162729743163737, 109.36674427819949;;;;;;;;;;;;;;;;;;;;
;;;;;;;;;;;;;Gang H Ali Hasan;176,68;;-0.051511683069489944, 109.36589881901288;;;;;;;;;;;;;;;;;;;;
;;;;;;;;;;;;;Gang 88;50,59;;-0.05019074264077583, 109.36744638170404;;;;;;;;;;;;;;;;;;;;
;;;;;;;;;;;;;Gang Kame;63,29;;-0.050572035341452534, 109.36635656729453;;;;;;;;;;;;;;;;;;;;
;;;;;;;;;;;;;Gang Kite;162,85;;-0.050909391438399614, 109.36546920421348;;;;;;;;;;;;;;;;;;;;
;;;;;;;;;;;;;Gang Madrasah;212,55;;-0.05026692789236926, 109.36494877471917;;;;;;;;;;;;;;;;;;;;
;;;;;;;;;;;;;Gang Mitra Bersama;101,73;;-0.04921875156976209, 109.36714111082121;;;;;;;;;;;;;;;;;;;;
;;;;;;;;;;;;;Gang H. Umar Ali;144,38;;-0.04989706998006206, 109.36470896327047;;;;;;;;;;;;;;;;;;;;
;;;;;;;;;;;;;Gang M. Tarif;142,7;;-0.04964995752473516, 109.36450045007828;;;;;;;;;;;;;;;;;;;;
;;;;;;;;;;;;;Gang Al Falah;172,81;;-0.048009121357969115, 109.36649250863663;;;;;;;;;;;;;;;;;;;;
;;;;;;;;;;;;;Gang Kenange;168,9;;-0.04775246320669771, 109.3665171205914;;;;;;;;;;;;;;;;;;;;
;;;;;;;;;;;;;Gang H. Ismail;237,65;;-0.04905676190014836, 109.36449340303977;;;;;;;;;;;;;;;;;;;;
;;;;;;;;;;;;;Gang Masri;103,36;;-0.04886989423441421, 109.36423007255715;;;;;;;;;;;;;;;;;;;;
;;;;;;;;;;;;;Gang Fasta;110,65;;-0.04862850417384827, 109.36402237578136;;;;;;;;;;;;;;;;;;;;
;;;;;;;;;;;;;Gang Baitussalam I;27,85;;-0.04776018874284955, 109.3648459833049;;;;;;;;;;;;;;;;;;;;
;;;;;;;;;;;;;Gang Baitussalam;130,79;;-0.04861827365396092, 109.36368703835812;;;;;;;;;;;;;;;;;;;;
;;;;;;;;;;;;;Gang 98;30,53;;-0.04783045711897919, 109.36415453596382;;;;;;;;;;;;;;;;;;;;
;;;;;;;;;;;;;Gang Said;84,06;;-0.046921585543435035, 109.36469676453767;;;;;;;;;;;;;;;;;;;;
;;;;;;;;;;;;;Gang H. Salamah;183,32;;-0.04746242073144422, 109.36256172240326;;;;;;;;;;;;;;;;;;;;
;;;;;;;;;;;;;Gang Bakran Sabar;130,83;;-0.04739698327094082, 109.36257584198;;;;;;;;;;;;;;;;;;;;
;;;;;;;;;;;;;Gang Busrah Saleh;63,93;;-0.04620813296709876, 109.3638505799151;;;;;;;;;;;;;;;;;;;;
;;;;;;;;;;;;;Gang Salmah;135,12;;-0.04730014739378168, 109.36243622299426;;;;;;;;;;;;;;;;;;;;
;;;;;;;;;;;;;Gang H. Abdullah;56,53;;-0.04655553012883754, 109.36270106468685;;;;;;;;;;;;;;;;;;;;
;;;;;;;;;;;;;Gang Usama;109,34;;-0.04557473887084363, 109.3638742609313;;;;;;;;;;;;;;;;;;;;
;;;;;;;;;;;;;Gang Nilam;142,15;;-0.04654035962645526, 109.36173388519101;;;;;;;;;;;;;;;;;;;;
;;;;;;;;;;;;;Gang 99;122,68;;-0.04477903478533336, 109.36335324264297;;;;;;;;;;;;;;;;;;;;
;;;;;;;;;;;;;Gang H. Ahmad;124,54;;-0.046234188007310995, 109.36162716682144;;;;;;;;;;;;;;;;;;;;
;;;;;;;;;;;;;Gang Syukur;125,98;;-0.04557904179099658, 109.36105333281647;;;;;;;;;;;;;;;;;;;;
;;;;;;;;;;;;;Gang Nurilahi;91,9;;-0.04411682519627386, 109.36240840273082;;;;;;;;;;;;;;;;;;;;
;;;;;;;;;;;;;Gang Amal;100,69;;-0.04392924945147513, 109.36220962731869;;;;;;;;;;;;;;;;;;;;
;;;;;;;;;;;;;Gang H. Alifuddin;86,14;;-0.04381159727349152, 109.36190772995964;;;;;;;;;;;;;;;;;;;;
;;;;;;;;;;;;;Gang Muhajirin;165,35;;-0.045052068914400646, 109.36017035478959;;;;;;;;;;;;;;;;;;;;
;;;;;;;;;;;;;Gang Limbung Sari;94,55;;-0.04341432351734385, 109.36185326941988;;;;;;;;;;;;;;;;;;;;
;;;;;;;;;;;;;Gang Banjar Sari;146,82;;-0.04294593750711824, 109.36206476647845;;;;;;;;;;;;;;;;;;;;
;;;;;;;;;;;;;Gang Su'ada;181,07;;-0.044770224860283536, 109.35985908396084;;;;;;;;;;;;;;;;;;;;
;;;;;;;;;;;;;Gang Anggun Sari;109,54;;-0.04291047969385517, 109.36158351417397;;;;;;;;;;;;;;;;;;;;
;;;;;;;;;;;;;Gang H. A. Wahab;99,13;;-0.042163155857077965, 109.36073224927797;;;;;;;;;;;;;;;;;;;;
;;;;;;;;;;;;;Gang Babul Khair;50,19;;-0.042257711920885434, 109.3601865154225;;;;;;;;;;;;;;;;;;;;
;;;;;;;;;;;;;Gang H. Sanusi;190,77;;-0.04334971625480324, 109.3582286594194;;;;;;;;;;;;;;;;;;;;
;;;;;;;;;;;;;Gang Sakinah;172,94;;-0.04060921931330434, 109.3600459241192;;;;;;;;;;;;;;;;;;;;
;;;;;;;;;;;;;Gang Warakas;193,76;;-0.043072139423209345, 109.3579032562474;;;;;;;;;;;;;;;;;;;;
;;;;;;;;;;;;;Gang Indah Sari;123,14;;-0.042418160257073255, 109.3580814913211;;;;;;;;;;;;;;;;;;;;
;;;;;;;;;;;;;Gang H. Habiba;133,3;;-0.042339838457058666, 109.35785174678881;;;;;;;;;;;;;;;;;;;;
;;;;;;;;;;;;;Gang M. Ali;155,82;;-0.04228332345595267, 109.35750876481703;;;;;;;;;;;;;;;;;;;;
;;;;;;;;;;;;;Gang M. Yunus;137,81;;-0.04025374458277964, 109.3591466580184;;;;;;;;;;;;;;;;;;;;
;;;;;;;;;;;;;Gang H. Umar;90,02;;-0.0398337622821907, 109.35817755992271;;;;;;;;;;;;;;;;;;;;
;;;;;;;;;;;;;Gang H. Muhammad;134,74;;-0.041175334663968326, 109.35662459581953;;;;;;;;;;;;;;;;;;;;
;;;;;;;;;;;;;Gang H. Abdullah;154,69;;-0.039184811434359264, 109.35834188161188;;;;;;;;;;;;;;;;;;;;
;;;;;;;;;;;;;Gang H. Haris;58,23;;-0.040286437047533694, 109.35672589218721;;;;;;;;;;;;;;;;;;;;
;;;;;;;;;;;;;Gang Kabul;137,53;;-0.040303419849985526, 109.35571432735554;;;;;;;;;;;;;;;;;;;;
;;;;;;;;;;;;;Gang Setia Banjar;67,92;;-0.039018226015884734, 109.35705630016804;;;;;;;;;;;;;;;;;;;;
;;;;;;;;;;;;;Gang Akbar;183,75;;-0.03983202103814268, 109.3557040658404;;;;;;;;;;;;;;;;;;;;
;;;;;;;;;;;;;Gang Kalimantan;126,42;;-0.039760701377116965, 109.35529418481909;;;;;;;;;;;;;;;;;;;;
;;;;;;;;;;;;;Gang Rawasari;62,69;;-0.03845865592273301, 109.35643668324909;;;;;;;;;;;;;;;;;;;;
;;;;;;;;;;;;;Gang Gelora;173,41;;-0.03916505557742331, 109.35472744555419;;;;;;;;;;;;;;;;;;;;
;;;;;;;;;;;;;Gang Kejora 2;138,84;;-0.039090307700777746, 109.35473529999959;;;;;;;;;;;;;;;;;;;;
;;;;;;;;;;;;;Gang Abadi;112,21;;-0.038395894898319786, 109.35473038503974;;;;;;;;;;;;;;;;;;;;
;;;;;;;;;;;;;Gang Potlot;11,03;;-0.03839352523710997, 109.3546506189014;;;;;;;;;;;;;;;;;;;;
;;;;;;;;;;;;;Gang Kejora B;44,65;;-0.03752042507949242, 109.35558429112103;;;;;;;;;;;;;;;;;;;;
;;;;;;;;;;;;;Gang Kejora I;176,72;;-0.03849687177980149, 109.35401481395182;;;;;;;;;;;;;;;;;;;;
;;;;;;;;;;;;;Gang Kejora A;64,43;;-0.03721572545657518, 109.35559349040388;;;;;;;;;;;;;;;;;;;;
;;;;;;;;;;;;;Gang H. Abdullah;48,89;;-0.037509359883255905, 109.3545399921928;;;;;;;;;;;;;;;;;;;;
;;;;;;;;;;;;;Gang 6 Style;110,12;;-0.03755029561950918, 109.35394240819339;;;;;;;;;;;;;;;;;;;;
;;;;;;;;;;;;;Gang 4;219,35;;-0.03552012111169851, 109.3562193022504;;;;;;;;;;;;;;;;;;;;
;;;;;;;;;;;;;Gang 3;203,04;;-0.037529312801024256, 109.35316177881569;;;;;;;;;;;;;;;;;;;;
;;;;;;;;;;;;;Gang 19;88,33;;-0.0366076460709613, 109.35365400108466;;;;;;;;;;;;;;;;;;;;
;;;;;;;;;Gang Nusa Abadi;426,63;;-0.05505082456036945, 109.36926348109877;;;;;;;;;;;;;;;;;;;;;;;;
;;;;;;;;;Gang Suka Suka;344,65;;-0.0517238449148251, 109.37554427199142;;;;;;;;;;;;;;;;;;;;;;;;
;;;;;;;;;Gang Nusa Indah;478,41;;-0.05585106749286161, 109.3694475299085;;;;;;;;;;;;;;;;;;;;;;;;
;;;;;;;;;Gang Suka Abadi;395,09;;-0.051758919745705484, 109.37612730478071;;;;;;;;;;;;;;;;;;;;;;;;
;;;;;;;;;Gang Nusa Jaya;283,26;;-0.05536505998731175, 109.37115289360565;;;;;;;;;;;;;;;;;;;;;;;;
;;;;;;;;;Gang Suka Doa;546,14;Ujung 1;-0.05407004978890795, 109.37347305039177;;;;;;;;;;;;;;;;;;;;;;;;
;;;;;;;;;;;Ujung 2;-0.0520443423012693, 109.37638206596318;;;;;;;;;;;;;;;;;;;;;;;;
;;;;;;;;;Gang Suka Bersih;167,69;;-0.05359883750874756, 109.37487932762217;;;;;;;;;;;;;;;;;;;;;;;;
;;;;;;;;;Gang Nusa Ria;326,08;;-0.055362471390826604, 109.37169315198531;;;;;;;;;;;;;;;;;;;;;;;;
;;;;;;;;;Gang Trisakti;485,8;;-0.05213682955210172, 109.37735015954195;;;;;;;;;;;;;;;;;;;;;;;;
;;;;;;;;;Gang Nusa Pati;180,28;;-0.05548493437726236, 109.37235304878723;;;;;;;;;;;;;;;;;;;;;;;;
;;;;;;;;;Gang Suka Maju;223,34;;-0.05379777914278106, 109.37562029616208;;;;;;;;;;;;;;;;;;;;;;;;
;;;;;;;;;Jalan Nusa Karya;495,66;;-0.057127238182386623, 109.37008940565265;;;;;;;;;;;;;;;;;;;;;;;;
;;;;;;;;;Jalan Sukamulya;540,23;Ujung 1;-0.055024879329558206, 109.37411998560545;;;;;;;;;;;;;;;;;;;;;;;;
;;;;;;;;;;;Ujung 2;-0.05237194633761731, 109.37808908820278;;;;;;;;;;;;;;;;;;;;;;;;
;;;;;;;;;Gang Nusa Sari;358,73;;-0.057026231375880136, 109.37146788973072;;;;;;;;;;;;;;;;;;;;;;;;
;;;;;;;;;Gang H. M. Said;333,13;;-0.057285226154471604, 109.3718846002015;;;;;;;;;;;;;;;;;;;;;;;;
;;;;;;;;;Gang Nusa Permai;512,9;Ujung 1;-0.05594201396538941, 109.37443536929558;;;;;;;;;;;;;;;;;;;;;;;;
;;;;;;;;;;;Ujung 2;-0.058323080988683926, 109.37078958271654;;;;;;;;;;;;;;;;;;;;;;;;
;;;;;;;;;Jalan Komplek Parit Mayor Permai;472,6;;-0.053783823854785306, 109.37832019355065;;;;;;;;;;;;;;;;;;;;;;;;
;;;;;;;;;Gang Nusantara;114,68;;-0.05711047769311186, 109.37417462176994;;;;;;;;;;;;;;;;;;;;;;;;
;;;;;;;;;Jalan H. Kadir;554,46;Ujung 1;-0.056664971655917065, 109.37525286404268;;;;;;;;;;;;;;;;;;;;;;;;
;;;;;;;;;;;Ujung 2;-0.0540333204316121, 109.37919249563869;;;;;;;;;;;;;;;;;;;;;;;;
;;;;;;;;;Gang Gusti Yunus;453,64;;-0.05924686199245866, 109.37209233594065;;;;;;;;;;;;;;;;;;;;;;;;
;;;;;;;;;Gang H. Yaser;189,78;;-0.05815567721005485, 109.3740938445207;;;;;;;;;;;;;;;;;;;;;;;;
;;;;;;;;;Jalan Grand Parma Reseidence II;516,25;;-0.0574218280487496, 109.37578283067343;;;;;;;;;;;;;;;;;;;;;;;;
;;;;;;;;;;;;-0.054851008881920606, 109.37952539291447;;;;;;;;;;;;;;;;;;;;;;;;
;;;;;;;;;Gang Anugrah;192,73;;-0.058484897233948195, 109.37429690928334;;;;;;;;;;;;;;;;;;;;;;;;
;;;;;;;;;Gang H. Sabrah;94,53;;-0.058279711863006456, 109.37522468813648;;;;;;;;;;;;;;;;;;;;;;;;
;;;;;;;;;Gang Suka Aman;557,12;Ujung 1;-0.05778641494506934, 109.37601720112525;;;;;;;;;;;;;;;;;;;;;;;;
;;;;;;;;;;;Ujung 2;-0.055067298200086545, 109.37988286603418;;;;;;;;;;;;;;;;;;;;;;;;
;;;;;;;;;Gang Permata Kapuas 2;540,79;Ujung 1;-0.0580457561683911, 109.3763009786417;;;;;;;;;;;;;;;;;;;;;;;;
;;;;;;;;;;;Ujung 2;-0.05531550124933189, 109.3801721432023;;;;;;;;;;;;;;;;;;;;;;;;
;;;;;;;;;Jalan Almutahar;198,16;;-0.059139587573179726, 109.3747565082226;Jalan Mayoritas;1420;Ujung 1;-0.05951276243222557, 109.37499197258559;Gang Ibrahim;83,9;;-0.06024363409227933, 109.3745542435251;;;;;;;;;;;;;;;;
;;;;;;;;;;;;;;;Tengah ;-0.058470645539629454, 109.37084915577326;Gang Rahmah;88,28;;-0.05988490875254469, 109.37426177240911;;;;;;;;;;;;;;;;
;;;;;;;;;;;;;;;Ujung 2;-0.05300084841513857, 109.36728601761696;Gang Nusa Baru;193,75;;-0.0552097918961545, 109.37103927728018;;;;;;;;;;;;;;;;
;;;;;;;;;;;;;;;;;Gang Al Hamidin;229,24;;-0.052371221173363604, 109.36946130127828;;;;;;;;;;;;;;;;
;;;;;;;;;Gang Nusa Bakti;139,94;;-0.05914216216282011, 109.37537906538658;;;;;;;;;;;;;;;;;;;;;;;;
;;;;;;;;;Gang Suka Ramah;153,21;;-0.057707011559192334, 109.37763045897061;;;;;;;;;;;;;;;;;;;;;;;;
"Pontianak
Selatan";Jalan Sultan Hamid I;571,02;Ujung 1;-0.03926804285428874, 109.34825275109982;;;;;;;;;;;;;;;;;;;;;;;;;;;;;;;;
;;;Ujung 2;-0.037712227824400306, 109.35048001288763;;;;;;;;;;;;;;;;;;;;;;;;;;;;;;;;
;Jalan Imam Bonjol;692,71;Ujung 1;-0.03982141209461255, 109.3483358967458;Gang H. Mursyid 1;350;;-0.03772710584714697, 109.34987383930212;;;;;;;;;;;;;;;;;;;;;;;;;;;;
;;;Ujung 2;-0.043871024664436854, 109.35221197745845;Gang H. Mursyid;309,87;;-0.038397887941373214, 109.35073103789784;Gang H. Mursyid Dalam;287,67;;-0.03885004769242241, 109.35100906771117;;;;;;;;;;;;;;;;;;;;;;;;
;;;;;Gang Palembang;177,72;;-0.04162852860238391, 109.34757062452375;;;;;;;;;;;;;;;;;;;;;;;;;;;;
;;;;;Gang Sakura;152,07;;-0.041767490357463195, 109.34788027497989;;;;;;;;;;;;;;;;;;;;;;;;;;;;
;;;;;Gang Rawa Indah;237,61;;-0.03958339113286198, 109.3506698231946;;;;;;;;;;;;;;;;;;;;;;;;;;;;
;;;;;Gang Garuda I;310,8;;-0.039444786986488914, 109.35134830089827;;;;;;;;;;;;;;;;;;;;;;;;;;;;
;;;;;Gang Rw. Batu;142,59;;-0.04206041676241839, 109.34817022074525;;;;;;;;;;;;;;;;;;;;;;;;;;;;
;;;;;Gang Garuda Baru;201,27;;-0.04029554337491172, 109.35074539335665;;;;;;;;;;;;;;;;;;;;;;;;;;;;
;;;;;Gang Garuda II;382,48;;-0.039836473855611385, 109.35219897953257;;;;;;;;;;;;;;;;;;;;;;;;;;;;
;;;;;Gang Peniti Baru;280,47;;-0.040822651235813176, 109.35198501903653;Jalan Tanjung Harapan;210,51;;-0.04025819538726256, 109.35214729902465;;;;;;;;;;;;;;;;;;;;;;;;
;;;;;Gang Peniti I;355,08;;-0.040402916002582064, 109.35270226620052;;;;;;;;;;;;;;;;;;;;;;;;;;;;
;;;;;Gang Peniti 2;373,9;;-0.0410429396063423, 109.35323034749106;;;;;;;;;;;;;;;;;;;;;;;;;;;;
;;;;;Gang Ahsan;71,73;;-0.04381895702577933, 109.35092412881495;;;;;;;;;;;;;;;;;;;;;;;;;;;;
;;;;;Gang Bahtera;87,37;;-0.044288963208918515, 109.35144976215112;;;;;;;;;;;;;;;;;;;;;;;;;;;;
;;;;;Gang Kuantan;286,65;;-0.042175606191455654, 109.3541954658663;;;;;;;;;;;;;;;;;;;;;;;;;;;;
;Jalan Tanjung Pura;1490;Ujung 1;-0.03930485457525405, 109.34789514870536;Gang Martapura Baru;308,53;;-0.03742765654319015, 109.35016144960568;;;;;;;;;;;;;;;;;;;;;;;;;;;;
;;;Tengah 1;-0.03705243353508035, 109.34684645420751;Gang Martapura II;233,4;;-0.03742229775006376, 109.34935886241256;;;;;;;;;;;;;;;;;;;;;;;;;;;;
;;;Tengah 2;-0.03394066875076023, 109.3461526356887;Gang Martapura III A;51,57;;-0.0377836120509405, 109.34774000090177;;;;;;;;;;;;;;;;;;;;;;;;;;;;
;;;Tengah 3;-0.02985779168123453, 109.34454261512181;Gang Pagar Alam;228,62;;-0.03879856087700466, 109.34533507115052;;;;;;;;;;;;;;;;;;;;;;;;;;;;
;;;Ujung 2;-0.027284147822878267, 109.34295418737693;Gang Martapura III;288,96;;-0.036643032652738, 109.34942999819503;;;;;;;;;;;;;;;;;;;;;;;;;;;;
;;;;;Gang Suez;379,99;;-0.03786860333081904, 109.34520143798285;;;;;;;;;;;;;;;;;;;;;;;;;;;;
;;;;;Gang Murni;62,06;;-0.0366680882710439, 109.34619045477231;;;;;;;;;;;;;;;;;;;;;;;;;;;;
;;;;;Gang Sutera;65,38;;-0.03606958947364965, 109.34737666793562;;;;;;;;;;;;;;;;;;;;;;;;;;;;
;;;;;Gang Sutra;29,65;;-0.03597200337267191, 109.34702809562586;;;;;;;;;;;;;;;;;;;;;;;;;;;;
;;;;;Gang Kamboja Baru;85,67;;-0.0356817693515279, 109.34727595305985;;;;;;;;;;;;;;;;;;;;;;;;;;;;
;;;;;Jalan Hijas;461,74;;-0.03722950890978638, 109.34322298188302;Gang Rajawali;129,32;;-0.03656363293855693, 109.34601719257863;;;;;;;;;;;;;;;;;;;;;;;;
;;;;;;;;;Jalan Hijas 2;68,69;;-0.036039103524570806, 109.34432890613657;;;;;;;;;;;;;;;;;;;;;;;;
;;;;;;;;;Jalan Terminal Hijas;314,68;;-0.03668342517326618, 109.34259401366296;;;;;;;;;;;;;;;;;;;;;;;;
;;;;;;;;;Gang Suez Indah;212,88;;-0.038442253567006875, 109.34506280696743;;;;;;;;;;;;;;;;;;;;;;;;
;;;;;;;;;Gang Pd. Agung;115,74;;-0.03785068022349435, 109.34430764815379;;;;;;;;;;;;;;;;;;;;;;;;
;;;;;;;;;Jalan Suez Permai;361,78;;-0.03926818248097003, 109.34475715171044;;;;;;;;;;;;;;;;;;;;;;;;
;;;;;Gang Rangon;264,97;;-0.03445809761093537, 109.34865697762183;;;;;;;;;;;;;;;;;;;;;;;;;;;;
;;;;;Gang Elektro;154,05;;-0.03487760747177925, 109.3456814232996;;;;;;;;;;;;;;;;;;;;;;;;;;;;
;;;;;Gang Asean;265,35;;-0.034080101585668446, 109.3484202321487;;;;;;;;;;;;;;;;;;;;;;;;;;;;
;;;;;Gang Kelantan;71,45;;-0.035149054836937345, 109.34585605655622;;;;;;;;;;;;;;;;;;;;;;;;;;;;
;;;;;Jalan Kedah;482,98;;-0.036389770335324895, 109.34286422491802;Gang Masa;125,71;;-0.034933418540475214, 109.34552205327464;Gang Masa 1;106,59;;-0.035649613327650306, 109.3450968225716;;;;;;;;;;;;;;;;;;;;
;;;;;;;;;;;;;Gang Masa 2;105,53;;-0.03582829220189899, 109.34481703292386;;;;;;;;;;;;;;;;;;;;
;;;;;;;;;Gang Kedah Dalam;36,41;;-0.03530190532322895, 109.3451816926404;;;;;;;;;;;;;;;;;;;;;;;;
;;;;;Gang Tiga;286,36;;-0.033790186973929257, 109.34838909066559;;;;;;;;;;;;;;;;;;;;;;;;;;;;
;;;;;Gang Satu;101,02;;-0.033726102797968394, 109.34718961397;;;;;;;;;;;;;;;;;;;;;;;;;;;;
;;;;;Gang Baiduri 2;201,61;;-0.0346874123940475, 109.34456792723701;;;;;;;;;;;;;;;;;;;;;;;;;;;;
;;;;;Gang Baiduri I;203,16;;-0.03435711664866206, 109.34444480066128;;;;;;;;;;;;;;;;;;;;;;;;;;;;
;;;;;Gang Bayu;63,12;;-0.033443219197924534, 109.34670785641647;Gang Bayu I;133,63;;-0.03280755052619511, 109.34771548289604;;;;;;;;;;;;;;;;;;;;;;;;
;;;;;;;;;Gang Bayu 2;161,51;;-0.03315297761544432, 109.34789953606882;;;;;;;;;;;;;;;;;;;;;;;;
;;;;;Gang Aden 2;98,73;;-0.033066628291285, 109.34695820481811;;;;;;;;;;;;;;;;;;;;;;;;;;;;
;;;;;Gang Tujuh Belas;202,92;;-0.03402034571413461, 109.3443485192263;;;;;;;;;;;;;;;;;;;;;;;;;;;;
;;;;;Gang Aden I;54,86;;-0.03292004247820815, 109.34633406841432;;;;;;;;;;;;;;;;;;;;;;;;;;;;
;;;;;Gang Landak;183,52;;-0.031888062728294225, 109.3471803053586;;;;;;;;;;;;;;;;;;;;;;;;;;;;
;;;;;Jalan Ketapang;509,04;Ujung 1;-0.03265767897740444, 109.34553158380322;Gang Ketapang 5;196,13;;-0.03495481876259054, 109.34458216246819;;;;;;;;;;;;;;;;;;;;;;;;
;;;;;;;Ujung 2;-0.03476047907658609, 109.34197037304085;Gang Ketapang 7;141,19;;-0.034884745430007406, 109.34319505516956;;;;;;;;;;;;;;;;;;;;;;;;
;;;;;Jalan Setia Budi 1;136,87;;-0.031397129238735694, 109.3448767832776;;;;;;;;;;;;;;;;;;;;;;;;;;;;
;;;;;Gang Irian;164,89;;-0.03136059544929444, 109.34676972378571;;;;;;;;;;;;;;;;;;;;;;;;;;;;
;;;;;Gang Sampit;159,62;;-0.03091890444868818, 109.34665489826372;;;;;;;;;;;;;;;;;;;;;;;;;;;;
;;;;;Gang Malaya;131,26;;-0.03056283780635237, 109.3463759142189;;;;;;;;;;;;;;;;;;;;;;;;;;;;
;;;;;Jalan Dr. Setia Budi;547,36;Ujung 1;-0.031042117154277564, 109.34496355303855;Gang Setia Budi 2;183,99;;-0.03260430714745262, 109.34507417579388;Gang Sukadana;117,42;;-0.03275923017922742, 109.34411709450394;;;;;;;;;;;;;;;;;;;;
;;;;;;;Ujung 2;-0.033264915419618755, 109.34094238011717;Gang Setia Budi 3;179,76;;-0.03319364246241776, 109.34419183051871;;;;;;;;;;;;;;;;;;;;;;;;
;;;;;;;;;Gang H. Abbas II;132,67;;-0.03312594982499931, 109.34348859168769;;;;;;;;;;;;;;;;;;;;;;;;
;;;;;;;;;Gang 4;166,37;;-0.03324884507223788, 109.34347977777513;;;;;;;;;;;;;;;;;;;;;;;;
;;;;;;;;;Gang Lima Selatan;82,12;;-0.033258700622183175, 109.3424170405678;;;;;;;;;;;;;;;;;;;;;;;;
;;;;;;;;;Gang VI Selatan;74,74;;-0.03338569822705338, 109.34202784288348;;;;;;;;;;;;;;;;;;;;;;;;
;;;;;;;;;Gang 8 Selatan;120,23;;-0.03397604510758797, 109.34175601526975;;;;;;;;;;;;;;;;;;;;;;;;
;;;;;Gang Irama;270,92;;-0.031461337464725805, 109.34283854631846;;;;;;;;;;;;;;;;;;;;;;;;;;;;
;;;;;Jalan Barito;143,89;;-0.029633693457975712, 109.3459398590997;;;;;;;;;;;;;;;;;;;;;;;;;;;;
;;;;;Gang Kirana 1;58,69;;-0.029682257514118935, 109.3451573885425;;;;;;;;;;;;;;;;;;;;;;;;;;;;
;;;;;Gang Meliau;250,97;;-0.030133712963546576, 109.34314331299704;;;;;;;;;;;;;;;;;;;;;;;;;;;;
;;;;;Gang Kirana 2;67,26;;-0.029321253663876876, 109.34502100244886;;;;;;;;;;;;;;;;;;;;;;;;;;;;
;;;;;Gang Fajar;38,25;;-0.02898329537442096, 109.34451205328831;;;;;;;;;;;;;;;;;;;;;;;;;;;;
;;;;;Jalan Siam;507,7;Ujung 1;-0.03024394085002472, 109.34119555385192;Jalan H. Abbas 1;263,54;;-0.030032823101201287, 109.34208692969055;Gang Kelantan 1;180,37;;-0.032065343376826344, 109.34149499871397;;;;;;;;;;;;;;;;;;;;
;;;;;;;Ujung 2;-0.030866249548979277, 109.3400821943084;;;;;Gang Kelantan 2;151,23;;-0.03213615709037822, 109.34157031748478;;;;;;;;;;;;;;;;;;;;
;;;;;;;;;Jalan Siam Dalam;192,63;;-0.028551709160345166, 109.34138207002799;;;;;;;;;;;;;;;;;;;;;;;;
;;;;;;;;;Jalan Merapi;176,72;;-0.02878102701502072, 109.34071110379146;;;;;;;;;;;;;;;;;;;;;;;;
;;;;;;;;;Gang Kelantan 4;128,85;;-0.03121025971502327, 109.34187352250393;;;;;;;;;;;;;;;;;;;;;;;;
;;;;;Jalan Pangsuma;168,67;;-0.02783560420854772, 109.34499514902444;;;;;;;;;;;;;;;;;;;;;;;;;;;;
;;;;;Gang Deli Aceh;188,65;;-0.029059023654362692, 109.34202489644844;;;;;;;;;;;;;;;;;;;;;;;;;;;;
;;;;;Jalan Mahakam;173,2;;-0.02722031201611442, 109.34476579988907;;;;;;;;;;;;;;;;;;;;;;;;;;;;
;;;;;Gang Mandor;133,22;;-0.028419333489739313, 109.3422223134005;;;;;;;;;;;;;;;;;;;;;;;;;;;;
;;;;;Jalan H. Agus Salim;669,52;Ujung 1;-0.02734693370685038, 109.34275171147596;Gang Diponegoro 2;117,44;;-0.028891088485018215, 109.34218254162967;;;;;;;;;;;;;;;;;;;;;;;;
;;;;;;;Ujung 2;-0.030293185276456407, 109.33829886164207;;;;;;;;;;;;;;;;;;;;;;;;;;;;
;;;;;Jalan Gusti Sulung Lelanang;762,35;Ujung 1;-0.031248970489389242, 109.3370966609069;Jalan WR Supratman;966,76;Ujung 1;-0.032015070410306656, 109.33657881561344;Gang Waru 1;42,74;;-0.032272253842397035, 109.33728306434055;;;;;;;;;;;;;;;;;;;;
;;;;;;;Ujung 2;-0.03389767685346037, 109.33433411497063;;;Ujung 2;-0.038685647602065464, 109.34135681455724;Gang Waru 5;266,68;;-0.03446969955469199, 109.33555945387556;;;;;;;;;;;;;;;;;;;;
;;;;;;;;;;;;;Jalan S. Parman;539,02;Ujung 1;-0.034447978804507146, 109.33816577256863;Gang 3;71,8;;-0.035319140564270296, 109.33626237641245;;;;;;;;;;;;;;;;
;;;;;;;;;;;;;;;Ujung 2;-0.037185745688753664, 109.33499855914894;Jalan S. Parman Dalam;314,28;;-0.03455758252025839, 109.33699588047939;;;;;;;;;;;;;;;;
;;;;;;;;;;;;;Jalan Chairil Anwar;326,07;;-0.03597125142006918, 109.34102872295111;;;;;;;;;;;;;;;;;;;;
;;;;;;;;;;;;;Gang Swadaya;102,31;;-0.03636182622773771, 109.33889710170638;;;;;;;;;;;;;;;;;;;;
;;;;;;;;;Gang Damai;169,11;;-0.03512305836485846, 109.33449260609258;;;;;;;;;;;;;;;;;;;;;;;;
;;;;;Jalan Indragiri Timur;181,38;;-0.026383283191089117, 109.34434461852165;Jalan Ciujung Selatan;98,57;;-0.02756809098956277, 109.34372445897695;;;;;;;;;;;;;;;;;;;;;;;;
;;;;;;;;;Jalan Ciujung Utara;99,82;;-0.027582429580604736, 109.34387833386897;;;;;;;;;;;;;;;;;;;;;;;;
;;;;;;;;;Jalan Sultan Moh. ;416,56;;-0.029167221557107836, 109.34586601151314;;;;;;;;;;;;;;;;;;;;;;;;
;Jalan Pahlawan;334,31;;-0.04085695563122601, 109.34621555897681;Gang Mentok;162,62;;-0.0409662682913014, 109.34767125743578;;;;;;;;;;;;;;;;;;;;;;;;;;;;
;;;;;Gang Hidayat;42,91;;-0.04006931776022679, 109.34667710942216;;;;;;;;;;;;;;;;;;;;;;;;;;;;
;;;;;Gang Mesjid Taufiq;137,83;;-0.039891196835444655, 109.34572934871353;Gang 30 Agustus;125,47;;-0.040143384203502566, 109.34634871996765;;;;;;;;;;;;;;;;;;;;;;;;
;;;;;Gang Tenaga Baru;145,18;;-0.041240483850877946, 109.34776675240117;;;;;;;;;;;;;;;;;;;;;;;;;;;;
;;;;;Jalan Budi Karya;1527;Ujung 1;-0.04146605866963668, 109.34580500857638;;;;;;;;;;;;;;;;;;;;;;;;;;;;
;;;;;;;Tengah 1;-0.04255358982099416, 109.34551882210067;;;;;;;;;;;;;;;;;;;;;;;;;;;;
;;;;;;;Tengah 2;-0.044456409747242784, 109.34605101638101;;;;;;;;;;;;;;;;;;;;;;;;;;;;
;;;;;;;Tengah 3;-0.04614548251608121, 109.34820732468987;;;;;;;;;;;;;;;;;;;;;;;;;;;;
;;;;;;;Ujung 2;-0.043041898831024175, 109.3507366247374;;;;;;;;;;;;;;;;;;;;;;;;;;;;
;Jalan Veteran;696,07;Ujung 1;-0.04156415354468538, 109.34520210859095;Jalan Gajah Mada;1480;Ujung 1;-0.041059390471125105, 109.34516047062696;Gang Dungun;260,45;;-0.04185200898117903, 109.34304232469077;;;;;;;;;;;;;;;;;;;;;;;;
;;;Ujung 2;-0.045799352339851565, 109.34256720099526;;;Tengah 1;-0.036443246318939033, 109.34228222202518;Gang Suprapto;116,85;;-0.04052498770593446, 109.34335771597482;;;;;;;;;;;;;;;;;;;;;;;;
;;;;;;;Tengah 2;-0.03530764582675788, 109.3418334664952;Jalan Letjend Suprapto;726,23;Ujung 1;-0.041395804330605246, 109.33930618598995;Jalan Suprapto 1;269,79;;-0.03673244661617436, 109.3413625137522;;;;;;;;;;;;;;;;;;;;
;;;;;;;Tengah 3;-0.03314901757909807, 109.34064908024109;;;Ujung 2;-0.03911863079901155, 109.34133876175356;Jalan Suprapto II;365,99;;-0.04044381373754256, 109.3426624176505;Jalan Suprapto III;262,74;;-0.04026832384097469, 109.34185730388282;;;;;;;;;;;;;;;;
;;;;;;;Ujung 2;-0.029827904820748482, 109.33921101393467;;;;;;;;;Jalan Suprapto Dalam;146,96;;-0.04163985236560449, 109.34285913313164;;;;;;;;;;;;;;;;
;;;;;;;;;;;;;Jalan Suprapto IV;281;;-0.04205755748235897, 109.34169454400013;;;;;;;;;;;;;;;;;;;;
;;;;;;;;;;;;;Jalan Suprapto V;318,52;;-0.03921835701984259, 109.33932904729788;;;;;;;;;;;;;;;;;;;;
;;;;;;;;;;;;;Jalan Suprapto VI;333,24;;-0.041269098205518766, 109.34013450788616;;;;;;;;;;;;;;;;;;;;
;;;;;;;;;;;;;Jalan Suprapto VII;79,71;;-0.04090028046747598, 109.33909946618681;;;;;;;;;;;;;;;;;;;;
;;;;;;;;;Gang Gajah Mada 28;72,83;;-0.03739541454273652, 109.34193161964258;;;;;;;;;;;;;;;;;;;;;;;;
;;;;;;;;;Gang Gajah Mada 21;225,39;;-0.036189320034693793, 109.34424125368052;;;;;;;;;;;;;;;;;;;;;;;;
;;;;;;;;;Gang Gajah Mada 26;88,76;;-0.037015945732197846, 109.34169152083021;;;;;;;;;;;;;;;;;;;;;;;;
;;;;;;;;;Gang Gajah Mada 24;62,38;;-0.03643379406233502, 109.34161058399187;;;;;;;;;;;;;;;;;;;;;;;;
;;;;;;;;;Gang Gajah Mada 19;295,67;;-0.034822744580605046, 109.34443622063287;;;;;;;;;;;;;;;;;;;;;;;;
;;;;;;;;;Jalan Dewi Sartika;206,85;;-0.036603979367415385, 109.34060436422206;;;;;;;;;;;;;;;;;;;;;;;;
;;;;;;;;;Gang Gajah Mada 17;288,6;;-0.0340078131467828, 109.34413626774462;;;;;;;;;;;;;;;;;;;;;;;;
;;;;;;;;;Gang Gajah Mada 20;122,83;;-0.035361834740342254, 109.34078994451963;;;;;;;;;;;;;;;;;;;;;;;;
;;;;;;;;;Gang Gajah Mada 18;138,89;;-0.035117955764686494, 109.34043698918259;;;;;;;;;;;;;;;;;;;;;;;;
;;;;;;;;;Gang Gajah Mada 15;168,12;;-0.03354373188621609, 109.34269797167606;;;;;;;;;;;;;;;;;;;;;;;;
;;;;;;;;;Gang Gajah Mada 16;126,59;;-0.03431558829983243, 109.34026162637888;;;;;;;;;;;;;;;;;;;;;;;;
;;;;;;;;;Gang Gajah Mada 14;93,05;;-0.03422907524401316, 109.34024928055186;;;;;;;;;;;;;;;;;;;;;;;;
;;;;;;;;;Gang Gajah Mada 12;95,54;;-0.03380491906972292, 109.34001307072742;;;;;;;;;;;;;;;;;;;;;;;;
;;;;;;;;;Gang Gajah Mada 10;242,35;;-0.03367773690145016, 109.33881364139339;;;;;;;;;;;;;;;;;;;;;;;;
;;;;;;;;;Gang Gajah Mada 11;132,4;;-0.03221079416316512, 109.3413501420563;;;;;;;;;;;;;;;;;;;;;;;;
;;;;;;;;;Jalan Gajah Mada VIII;181,78;;-0.03338114261081321, 109.33950801342466;;;;;;;;;;;;;;;;;;;;;;;;
;;;;;;;;;Gang Gajah Mada 9;100,78;;-0.031707357047584886, 109.34121633711433;;;;;;;;;;;;;;;;;;;;;;;;
;;;;;;;;;Gang Gajah Mada 7;114,36;;-0.03141552487491186, 109.34125213798707;;;;;;;;;;;;;;;;;;;;;;;;
;;;;;;;;;Gang Gajah Mada 6;208,9;;-0.03301495114903244, 109.33879220876825;;;;;;;;;;;;;;;;;;;;;;;;
;;;;;;;;;Gang Gajah Mada 5;181,72;;-0.03132521752840985, 109.34147296151629;;;;;;;;;;;;;;;;;;;;;;;;
;;;;;;;;;Gang Gajah Mada 4;123,69;;-0.031930238455213276, 109.33903241553678;;;;;;;;;;;;;;;;;;;;;;;;
;;;;;;;;;Jalan Ismail Marzuki;452,53;;-0.033392000957576856, 109.338021391693;Jalan Gajah Mada VI;124,6;;-0.032096234012660194, 109.33838670187683;;;;;;;;;;;;;;;;;;;;
;;;;;;;;;Gang Gajah Mada 3;113,54;;-0.030047212550813836, 109.34060211418249;;;;;;;;;;;;;;;;;;;;;;;;
;;;;;;;;;Gang Gajah Mada 1;189,72;;-0.02952687713517071, 109.34093918194077;;;;;;;;;;;;;;;;;;;;;;;;
;;;;;;;;;Gang Gajah Mada 2;194,46;;-0.03092982355109435, 109.33867333177659;;;;;;;;;;;;;;;;;;;;;;;;
;;;;;Gang Syukur I;176,79;;-0.040576018830649846, 109.34390958762484;;;;;;;;;;;;;;;;;;;;;;;;;;;;
;;;;;Gang Syukur 2;162,36;;-0.040895295342846846, 109.34367412649425;;;;;;;;;;;;;;;;;;;;;;;;;;;;
;;;;;Gang Budi;32,49;;-0.04217754293665567, 109.34493362867799;;;;;;;;;;;;;;;;;;;;;;;;;;;;
;;;;;Gang Syukur 3;157,19;;-0.04110031336401868, 109.34351244869735;;;;;;;;;;;;;;;;;;;;;;;;;;;;
;;;;;Gang Syukur 4;154,57;;-0.041658385691300585, 109.34330288089816;;;;;;;;;;;;;;;;;;;;;;;;;;;;
;;;;;Gang Syukur 5;153,68;;-0.042018693171333915, 109.34305989994486;;;;;;;;;;;;;;;;;;;;;;;;;;;;
;;;;;Jalan Untung Surapati;583,23;Ujung 1;-0.043478503018039856, 109.34415896928284;Gang Budi;145,81;;-0.04260899378145161, 109.3451546829386;;;;;;;;;;;;;;;;;;;;;;;;
;;;;;;;Ujung 2;-0.04650387180259381, 109.34794881904229;;;;;;;;;;;;;;;;;;;;;;;;;;;;
;;;;;Jalan Trunojoyo;576,33;Ujung 1;-0.04397216012622492, 109.34398351472572;Jalan Trunojoyo Dalam;78,26;;-0.045585804006217055, 109.34562673942824;;;;;;;;;;;;;;;;;;;;;;;;
;;;;;;;Ujung 2;-0.04696307126619094, 109.3477292166307;;;;;;;;;;;;;;;;;;;;;;;;;;;;
;;;;;Gang Syukur 6;147,25;;-0.043006675945603264, 109.34262982874668;;;;;;;;;;;;;;;;;;;;;;;;;;;;
;;;;;Jalan Karvin;277,74;;-0.045683312196187376, 109.34532813723176;Jalan Karvin II;;;-0.04596384125866071, 109.34441735376495;;;;;;;;;;;;;;;;;;;;;;;;
;;;;;Gang Berkah;387,08;;-0.04276833295444686, 109.3422979044085;Gang Berkah Dalam;194,7;;-0.043851214933955315, 109.34329559156839;;;;;;;;;;;;;;;;;;;;;;;;
;;;;;;;;;Gang Wahyu;190,75;;-0.043625045391240805, 109.34310586696114;;;;;;;;;;;;;;;;;;;;;;;;
;;;;;;;;;Gang Ilham;187,51;;-0.04347422469321803, 109.34286317721754;;;;;;;;;;;;;;;;;;;;;;;;
;Jalan Jenderal Ahmad Yani;2380;Ujung 1;-0.050833355591593965, 109.34576658598121;Jalan Perdana (Pontianak Tenggara);;;;Jalan Khusus Motor;428,4;;-0.05269518035473164, 109.34520638198595;;;;;;;;;;;;;;;;;;;;;;;;
;;;Tengah 1;-0.04524639880764262, 109.34109265222504;;;;;Jalan Komplek Perdana Square;872,15;Ujung 1;-0.051325793446457, 109.34267201484;;;;;;;;;;;;;;;;;;;;;;;;
;;;Tengah 2;-0.04156835831863314, 109.33793585884301;;;;;;;Ujung 2;-0.051676492307139006, 109.34240220556468;;;;;;;;;;;;;;;;;;;;;;;;
;;;Tengah 3;-0.03863583844890137, 109.33553806593639;;;;;Gang H. Majid;174,42;;-0.05304439985094827, 109.34343326691679;;;;;;;;;;;;;;;;;;;;;;;;
;;;Ujung 2;-0.03655505224961944, 109.33385844893438;;;;;Gang Pak Cik;156,52;;-0.05554930188615608, 109.34148088750234;;;;;;;;;;;;;;;;;;;;;;;;
;;;;;;;;;Jalan Adi Perdana;349,12;;-0.05541909373058966, 109.33945315097237;;;;;;;;;;;;;;;;;;;;;;;;
;;;;;;;;;Jalan Mitra Perdana;294,87;;-0.05739002184975587, 109.34046797903672;;;;;;;;;;;;;;;;;;;;;;;;
;;;;;;;;;Gang Setia;151,56;;-0.05762300733839136, 109.33968627511939;;;;;;;;;;;;;;;;;;;;;;;;
;;;;;;;;;Komplek Anugrah Perdana Permai;375,85;;-0.05672936730577339, 109.33793957906472;;;;;;;;;;;;;;;;;;;;;;;;
;;;;;;;;;Jalan Komplek Bali Agung II;809,64;Ujung 1;-0.05895780946158017, 109.34003878322432;;;;;;;;;;;;;;;;;;;;;;;;
;;;;;;;;;;;Ujung 2;-0.05352860524062828, 109.3361268524486;;;;;;;;;;;;;;;;;;;;;;;;
;;;;;;;;;Jalan Perdana Bali Agung 2;290,71;;-0.0579274931635578, 109.33706508160505;;;;;;;;;;;;;;;;;;;;;;;;
;;;;;;;;;Gang Ikhlas;372,18;;-0.05830212370870454, 109.33659934709537;;;;;;;;;;;;;;;;;;;;;;;;
;;;;;;;;;Gang Melati;368,27;;-0.05868639197345865, 109.3363488695513;;;;;;;;;;;;;;;;;;;;;;;;
;;;;;;;;;Jalan Bali Agung III;160,27;;-0.060476950004924014, 109.33465919042857;;;;;;;;;;;;;;;;;;;;;;;;
;;;;;;;;;Gang H. A. Gani;335,87;;-0.06380715476800324, 109.33358243386817;;;;;;;;;;;;;;;;;;;;;;;;
;;;;;Jalan Palapa III;293,71;;-0.04913611195194003, 109.34746375969743;Jalan Palapa II;110,58;;-0.05010264647475409, 109.34590819356228;Jalan Palapa IIA;274,9;;-0.04670750174910741, 109.34872796590285;;;;;;;;;;;;;;;;;;;;
;;;;;;;;;;;;;Jalan Palapa 3C;60,78;;-0.04847591525092856, 109.34710697460693;;;;;;;;;;;;;;;;;;;;
;;;;;Jalan Untung Suropati;560,03;Ujung 1;-0.04990770508878151, 109.3455096481766;Jalan Palapa I;107,59;;-0.049016547528327396, 109.34505395084743;;;;;;;;;;;;;;;;;;;;;;;;
;;;;;;;Ujung 2;-0.04637646370285592, 109.34822839072724;Jalan Palapa IIIA;182,2;;-0.04773799233226454, 109.34516870345516;;;;;;;;;;;;;;;;;;;;;;;;
;;;;;;;;;Jalan Palapa IIIB;381,97;;-0.04608380294688594, 109.34516399015523;;;;;;;;;;;;;;;;;;;;;;;;
;;;;;;;;;Jalan Palapa IIID;289,94;;-0.04640420773378331, 109.34589023894604;;;;;;;;;;;;;;;;;;;;;;;;
;;;;;Jalan Balai Bahasa;211,2;;-0.04947980393106991, 109.34282249209893;;;;;;;;;;;;;;;;;;;;;;;;;;;;
;;;;;Jalan Letnan Jendral Sutoyo;820,31;Ujung 1;-0.0480264814612007, 109.34121577876383;Jalan Museum;410,54;;-0.0503541219588117, 109.34250091809926;;;;;;;;;;;;;;;;;;;;;;;;
;;;;;;;Ujung 2;-0.0498398585726544, 109.33643763486288;Jalan Karya Baru;1884;Ujung 1;-0.05021423681835452, 109.33560486833736;Jalan Karya Baru II;439,75;;-0.0563041372194595, 109.33889951892247;;;;;;;;;;;;;;;;;;;;
;;;;;;;;;;;Tengah;-0.051279154532837594, 109.34001906203828;Gang Karya Baru Tengah;334,8;;-0.04999598742783364, 109.33726519114073;;;;;;;;;;;;;;;;;;;;
;;;;;;;;;;;Ujung 2;-0.057111296024705015, 109.32895638821881;Gang Karya Baru III;350,54;;-0.055490401711257305, 109.33917564174004;;;;;;;;;;;;;;;;;;;;
;;;;;;;;;;;;;Gang Sejahtera;174,29;;-0.05086677588598288, 109.33784423115357;;;;;;;;;;;;;;;;;;;;
;;;;;;;;;;;;;Gang Samin;276,31;;-0.05451571055830689, 109.3394920250431;;;;;;;;;;;;;;;;;;;;
;;;;;;;;;;;;;Jalan Karya Baru;148,35;;-0.05087283404261435, 109.33826037571721;;;;;;;;;;;;;;;;;;;;
;;;;;;;;;;;;;Gang Karya Baru IIIB;259,5;;-0.05361745049473072, 109.34013425669013;;;;;;;;;;;;;;;;;;;;
;;;;;;;;;;;;;Gang Karya Baru 1;436,82;;-0.05674169202004737, 109.33775744345677;;;;;;;;;;;;;;;;;;;;
;;;;;;;;;;;;;Jalan Komplek Bali Agung 1;421,79;;-0.05689046655948637, 109.33757946598254;;;;;;;;;;;;;;;;;;;;
;;;;;;;;;;;;;Gang Karya Baru IV;255,35;;-0.05580367513535371, 109.33647529359133;;;;;;;;;;;;;;;;;;;;
;;;;;;;;;;;;;Gang Karya Baru 5;410,99;;-0.0572265758580321, 109.33679371491465;;;;;;;;;;;;;;;;;;;;
;;;;;;;;;;;;;Gang Karya Baru 6;500,7;Ujung 1;-0.05447630199063752, 109.334482651943;;;;;;;;;;;;;;;;;;;;
;;;;;;;;;;;;;;;Ujung 2;-0.05816474252406576, 109.33648262188203;;;;;;;;;;;;;;;;;;;;
;;;;;;;;;;;;;Gang Karya Baru 7;536,87;Ujung 1;-0.05497773761287581, 109.33420274230137;;;;;;;;;;;;;;;;;;;;
;;;;;;;;;;;;;;;Ujung 2;-0.05858923011667021, 109.33574814631248;;;;;;;;;;;;;;;;;;;;
;;;;;;;;;;;;;Gang Karya Baru 8;317,57;;-0.057570050122545374, 109.33413968998593;;;;;;;;;;;;;;;;;;;;
;;;;;;;;;;;;;Gang Karya Baru 9;355,23;;-0.05810933114086796, 109.33346363456585;;;;;;;;;;;;;;;;;;;;
;;;;;;;;;;;;;Komplek Karya Baru Permai;358,62;;-0.05843373726772339, 109.33276458127257;;;;;;;;;;;;;;;;;;;;
;;;;;;;;;;;;;Perumahan Villa Karya Baru;256,92;;-0.06070416690579635, 109.33374802551668;;;;;;;;;;;;;;;;;;;;
;;;;;;;;;;;;;Gang Perdana Karya;361,61;;-0.056648034729302514, 109.33171412397515;;;;;;;;;;;;;;;;;;;;
;;;;;;;;;;;;;Komplek Puri Karya Indah;354,95;;-0.05875656541202843, 109.33206213637608;;;;;;;;;;;;;;;;;;;;
;;;;;;;;;;;;;Gang Pd. Agung Permai;416,03;;-0.059642658984002686, 109.33135800338898;;;;;;;;;;;;;;;;;;;;
;;;;;;;;;;;;;Komplek Green Karya Residence;273,46;;-0.06150082559396866, 109.3324091214227;;;;;;;;;;;;;;;;;;;;
;;;;;;;;;;;;;Jalan Grand Karya Residence;246,13;;-0.061955526228780894, 109.33225462091987;;;;;;;;;;;;;;;;;;;;
;;;;;;;;;Jalan Purnama 1;1670;Ujung 1;-0.049732574476194336, 109.33555852921954;Gang Purnama Karya;282,23;;-0.052013343301062234, 109.33657846288222;;;;;;;;;;;;;;;;;;;;
;;;;;;;;;;;Tengah;-0.05437387212497429, 109.32781184564574;Gang Purnama I;391,85;;-0.05305649589769132, 109.33643830470444;;;;;;;;;;;;;;;;;;;;
;;;;;;;;;;;Ujung 2;-0.058008831317627484, 109.32407414705061;Gang Purnama II;189,35;;-0.048876430394967585, 109.33388833225399;;;;;;;;;;;;;;;;;;;;
;;;;;;;;;;;;;Gang Purnama III;99,2;;-0.05089458294546623, 109.33534103458034;;;;;;;;;;;;;;;;;;;;
;;;;;;;;;;;;;Gang Pelangi Indah;374,47;;-0.05339761186970938, 109.33570001442193;;;;;;;;;;;;;;;;;;;;
;;;;;;;;;;;;;Jalan Purnama Anggrek I;335,18;;-0.05313410412378785, 109.33523861632246;;;;;;;;;;;;;;;;;;;;
;;;;;;;;;;;;;Gang Purnama IIIB;155,06;;-0.04952465806171021, 109.33334023695011;;;;;;;;;;;;;;;;;;;;
;;;;;;;;;;;;;Gang Purnama 4;107,6;;-0.04970898395266802, 109.33317667608031;;;;;;;;;;;;;;;;;;;;
;;;;;;;;;;;;;Jalan Purnama Anggrek 2;419,26;;-0.053785655036014166, 109.3349490201448;;;;;;;;;;;;;;;;;;;;
;;;;;;;;;;;;;Gang Purnama Anggrek 3;427,32;;-0.05400708350087186, 109.33465130252554;;;;;;;;;;;;;;;;;;;;
;;;;;;;;;;;;;Gang Purnama 6;137,61;;-0.04967841818652622, 109.33240946764258;;;;;;;;;;;;;;;;;;;;
;;;;;;;;;;;;;Gang Purnama Baru;531,11;Ujung 1;-0.05081847631419481, 109.33324728561175;;;;;;;;;;;;;;;;;;;;
;;;;;;;;;;;;;;;Ujung 2;-0.05403445550650377, 109.3341926765951;;;;;;;;;;;;;;;;;;;;
;;;;;;;;;;;;;Jalan Purnama Anggrek 4;206,23;;-0.052386109914668605, 109.33346279719115;;;;;;;;;;;;;;;;;;;;
;;;;;;;;;;;;;Gang Purnama Melati;206,75;;-0.04937209025800436, 109.3314372347633;;;;;;;;;;;;;;;;;;;;
;;;;;;;;;;;;;Gang Purnama V;212,95;;-0.04942751195859077, 109.33113446926029;;;;;;;;;;;;;;;;;;;;
;;;;;;;;;;;;;Jalan Komplek Mega Purnama;387,61;;-0.0537906515555275, 109.33355198516213;;;;;;;;;;;;;;;;;;;;
;;;;;;;;;;;;;Gang Purnama 8;451,42;;-0.05470348473689441, 109.33317181786009;;;;;;;;;;;;;;;;;;;;
;;;;;;;;;;;;;Jalan Permata Purnama;438;;-0.054898946974432795, 109.33290351807536;;;;;;;;;;;;;;;;;;;;
;;;;;;;;;;;;;Gang Purnama Asri;188,19;;-0.05017962574753635, 109.32999947979158;;;;;;;;;;;;;;;;;;;;
;;;;;;;;;;;;;Jalan Purnama Agung 1;214,43;;-0.05326696632198588, 109.3319304927023;;;;;;;;;;;;;;;;;;;;
;;;;;;;;;;;;;Jalan Purnama Agung 3;80,61;;-0.051901809279907264, 109.33091315743535;;;;;;;;;;;;;;;;;;;;
;;;;;;;;;;;;;Jalan Purnama Agung 2;382,21;;-0.05490436346215955, 109.33235049977043;;;;;;;;;;;;;;;;;;;;
;;;;;;;;;;;;;Jalan Purnama Madya;422,28;;-0.049778253972873304, 109.32759688997322;;;;;;;;;;;;;;;;;;;;
;;;;;;;;;;;;;Jalan Komplek Mutiara Purnama;402,97;;-0.05508217488024474, 109.33199347634321;;;;;;;;;;;;;;;;;;;;
;;;;;;;;;;;;;Gang Purnama 9;154,96;;-0.05347696499166503, 109.33070661107935;;;;;;;;;;;;;;;;;;;;
;;;;;;;;;;;;;Gang Purnama Patra;432,73;;-0.05046442252929737, 109.32744831547335;;;;;;;;;;;;;;;;;;;;
;;;;;;;;;;;;;Gang Purnama 10;112,4;;-0.05349796124570348, 109.3302242383581;;;;;;;;;;;;;;;;;;;;
;;;;;;;;;;;;;Gang Purnama Sempurna;601,03;Ujung 1;-0.05251167433899196, 109.32935971909569;;;;;;;;;;;;;;;;;;;;
;;;;;;;;;;;;;;;Ujung 2;-0.050895830976294354, 109.32676811177959;;;;;;;;;;;;;;;;;;;;
;;;;;;;;;;;;;Jalan Purnama Agung 3;356,7;;-0.05570229237744961, 109.3310427871912;;;;;;;;;;;;;;;;;;;;
;;;;;;;;;;;;;Jalan Purnama Agung 4;353,5;;-0.05582323651064539, 109.3306476837329;;;;;;;;;;;;;;;;;;;;
;;;;;;;;;;;;;Gang Purnama Jaya;327,77;;-0.056035059951056385, 109.33024524444359;;;;;;;;;;;;;;;;;;;;
;;;;;;;;;;;;;Gang Keluarga;416,09;;-0.05145673665528319, 109.32607003095968;;;;;;;;;;;;;;;;;;;;
;;;;;;;;;;;;;Gang Purnama Prima;90,29;;-0.05441645498086907, 109.3288137710736;;;;;;;;;;;;;;;;;;;;
;;;;;;;;;;;;;Gang Purnama Griya;194,41;;-0.052668273898338454, 109.32713126740985;;;;;;;;;;;;;;;;;;;;
;;;;;;;;;;;;;Gang Purnama Dalam;333,76;;-0.0521833978117726, 109.32599529398523;;;;;;;;;;;;;;;;;;;;
;;;;;;;;;;;;;Jalan Global Townhouse;189,5;;-0.0555218742146088, 109.32904855245826;;;;;;;;;;;;;;;;;;;;
;;;;;;;;;;;;;Gang Purnama Harapan;184,5;;-0.053404052838004076, 109.3265440369187;;;;;;;;;;;;;;;;;;;;
;;;;;;;;;;;;;Jalan Purnama Agung V;318;;-0.0566654124027451, 109.32917022054399;;;;;;;;;;;;;;;;;;;;
;;;;;;;;;;;;;Gang Karya Tani;1030;Ujung 1;-0.055258685743172976, 109.32760147420203;;;;;;;;;;;;;;;;;;;;
;;;;;;;;;;;;;;;Tengah ;-0.058496664578023695, 109.3294337747992;;;;;;;;;;;;;;;;;;;;
;;;;;;;;;;;;;;;Ujung 2;-0.06275152079060989, 109.33189535541365;;;;;;;;;;;;;;;;;;;;
;;;;;;;;;;;;;Gang Mentari;475,43;;-0.05191458349479905, 109.32600188432207;Gang Dua;44,12;;-0.05454645424027568, 109.32634425151824;;;;;;;;;;;;;;;;
;;;;;;;;;;;;;Jalan Purnama Agung VI;383,08;;-0.05802959804334968, 109.32881297681956;;;;;;;;;;;;;;;;;;;;
;;;;;;;;;;;;;Jalan Komplek Purnama Permai 1;534,01;Ujung 1;-0.05586953113466564, 109.3272323567654;;;;;;;;;;;;;;;;;;;;
;;;;;;;;;;;;;;;Ujung 2;-0.05932184441053444, 109.32903433014332;;;;;;;;;;;;;;;;;;;;
;;;;;;;;;;;;;Jalan Komplek Purnama Permai 2;588,56;Ujung 1;-0.05595492777523328, 109.32700114341037;;;;;;;;;;;;;;;;;;;;
;;;;;;;;;;;;;;;Ujung 2;-0.05996220757358208, 109.32919371124252;;;;;;;;;;;;;;;;;;;;
;;;;;;;;;;;;;Jalan Perintis;886,18;Ujung 1;-0.05511479420888179, 109.32630325227642;Gang Yudistari;304,25;;-0.05134711730952292, 109.3256777678403;;;;;;;;;;;;;;;;
;;;;;;;;;;;;;;;Ujung 2;-0.051908813844387135, 109.3208743401414;Gang Madyosari 2;400,98;;-0.05572858890388408, 109.3222115455441;;;;;;;;;;;;;;;;
;;;;;;;;;;;;;;;;;Gang Madyosari 1A;312,83;;-0.05447716100882761, 109.3222616595147;;;;;;;;;;;;;;;;
;;;;;;;;;;;;;;;;;Gang Madyosari I;367,19;;-0.05502756274345457, 109.32133474971631;;;;;;;;;;;;;;;;
;;;;;;;;;;;;;;;;;Gang Remaja 2;338,1;;-0.05429592306713949, 109.32059487398547;;;;;;;;;;;;;;;;
;;;;;;;;;;;;;;;;;Gang Buntu;53,42;;-0.05252926072692108, 109.32121985451762;;;;;;;;;;;;;;;;
;;;;;;;;;;;;;;;;;Gang Remaja 1;304,62;;-0.05343977696445396, 109.32034368808463;;;;;;;;;;;;;;;;
;;;;;;;;;;;;;Gang Purnama Permai 3;371,03;;-0.0580907775271896, 109.32763115185723;;;;;;;;;;;;;;;;;;;;
;;;;;;;;;;;;;Gang Perintis Jaya;325,25;;-0.055040109249091106, 109.32559817286077;;;;;;;;;;;;;;;;;;;;
;;;;;;;;;;;;;Jalan Purnama Agung VII;507,44;Ujung 1;-0.05682736815028009, 109.32653496736188;;;;;;;;;;;;;;;;;;;;
;;;;;;;;;;;;;;;Ujung 2;-0.059195841862132045, 109.32774707378584;;;;;;;;;;;;;;;;;;;;
;;;;;;;;;;;;;Gang Perintis 2;320,49;;-0.05461300272551213, 109.32450938727605;;;;;;;;;;;;;;;;;;;;
;;;;;;;;;;;;;Gang Perintis 1;309,1;;-0.05509796104280028, 109.32456100125923;;;;;;;;;;;;;;;;;;;;
;;;;;;;;;;;;;Komplek Griya Purnama;504,85;Ujung 1;-0.05736849428717482, 109.32618550667523;;;;;;;;;;;;;;;;;;;;
;;;;;;;;;;;;;;;Ujung 2;-0.06005397905078665, 109.32754781359239;;;;;;;;;;;;;;;;;;;;
;;;;;;;;;;;;;Gang Purnama Griya I;677,69;Ujung 1;-0.05806165206753836, 109.32606724198595;;;;;;;;;;;;;;;;;;;;
;;;;;;;;;;;;;;;Ujung 2;-0.0613858553355805, 109.32783569922995;;;;;;;;;;;;;;;;;;;;
;;;;;;;;;;;;;Gang Perintis 5;273,98;;-0.05601007852721615, 109.32432826442165;;;;;;;;;;;;;;;;;;;;
;;;;;;;;;;;;;Gang Dinasti;407,66;;-0.05923661783825856, 109.32590867077798;;;;;;;;;;;;;;;;;;;;
;;;;;;;;;;;;;Gang Dinasti Dalam;260,49;;-0.06092528136143668, 109.32691903489822;;;;;;;;;;;;;;;;;;;;
;;;;;;;;;;;;;Gang Dinasti Dalam 1;202,14;;-0.061303656111621245, 109.32695179871442;;;;;;;;;;;;;;;;;;;;
;;;;;;;;;;;;;Gang Purwodadi;264,92;;-0.05632041877516166, 109.32409819516342;;;;;;;;;;;;;;;;;;;;
;;;;;;;;;;;;;Gang Purnama Indah I;569,8;Ujung 1;-0.05952241127731145, 109.32549525836683;;;;;;;;;;;;;;;;;;;;
;;;;;;;;;;;;;;;Ujung 2;-0.06095781626702053, 109.32616661025588;;;;;;;;;;;;;;;;;;;;
;;;;;;;;;;;;;Gang Madyosari 3;252,98;;-0.05707021101000832, 109.32372025164474;;;;;;;;;;;;;;;;;;;;
;;;;;;;;;;;;;Gang Purnama Indah 2;393,77;;-0.06026477365839684, 109.32539504923768;;;;;;;;;;;;;;;;;;;;
;;;;;;;;;;;;;Jalan Pinangsia;408,91;;-0.05914503028732783, 109.32443855353603;;;;;;;;;;;;;;;;;;;;
;;;;;;;;;;;;;Jalan Wono Baru;700,71;Ujung 1;-0.05727986957558377, 109.32294925083812;Komplek Cahaya Purnama;74,95;;-0.05733123449123081, 109.32251881556866;;;;;;;;;;;;;;;;
;;;;;;;;;;;;;;;Ujung 2;-0.0559398061782175, 109.32144838057249;Komplek Marina Garden;75,92;;-0.05703795147081846, 109.32235160669667;;;;;;;;;;;;;;;;
;;;;;;;;;;;;;;;;;Gang Madyosari II;316,06;;-0.05501604187652772, 109.32349999686325;;;;;;;;;;;;;;;;
;;;;;;;;;;;;;;;;;Gang Wonodadi 3;507,33;Ujung 1;-0.05694934222260083, 109.32033073669339;Jalur B;54,66;;-0.057016379152807765, 109.32052042057492;;;;;;;;;;;;
;;;;;;;;;;;;;;;;;;;Ujung 2;-0.05880502149370899, 109.31892465934908;Jalur C;192,32;;-0.05819597382727955, 109.32122152992159;;;;;;;;;;;;
;;;;;;;;;;;;;;;;;;;;;Jalur D;80,8;;-0.058817143923840125, 109.31990921495476;;;;;;;;;;;;
;;;;;;;;;;;;;;;;;Gang Wonodadi 2;573,48;Ujung 1;-0.05757567586825184, 109.31859296672943;Gang Berkat 88;53,5;;-0.05702600063233755, 109.31964679175442;;;;;;;;;;;;
;;;;;;;;;;;;;;;;;;;Ujung 2;-0.05862348882742254, 109.3177617228709;Perumahan Cempaka Asti (Grand Satelit City);89,37;;-0.05692869924049323, 109.31863217431373;;;;;;;;;;;;
;;;;;;;;;;;;;;;;;;;;;Gang Keliru;106,97;;-0.05930360381922366, 109.31830395518567;;;;;;;;;;;;
;;;;;;;;;;;;;;;;;Gang Wonodadi I;592,28;Ujung 1;-0.05551515811670605, 109.31917030804492;Komplek Wonodadi Victory;42,85;;-0.05713742831880935, 109.31835772937482;;;;;;;;;;;;
;;;;;;;;;;;;;;;;;;;Ujung 2;-0.05702369885307019, 109.31795615884273;;;;;;;;;;;;;;;;
;;;;;;;;;;;;;;;;;Gang Melda;101,71;;-0.054847532496227605, 109.31892832963334;;;;;;;;;;;;;;;;
;;;;;;;;;Jalan Purnama II;1240;Ujung 1;-0.058541276090406, 109.32357109536731;Gang Eka Putra;130,47;;-0.059690660611504194, 109.32387199819573;;;;;;;;;;;;;;;;;;;;
;;;;;;;;;;;Tengah;-0.06312155105876555, 109.32044040315543;Gang Usaha Bersama 2;440,49;;-0.06213177370241895, 109.32434995331073;;;;;;;;;;;;;;;;;;;;
;;;;;;;;;;;Ujung 2;-0.06398282266081524, 109.31992694024524;Gang Komplek Purnama Baru;210,35;;-0.05906414079022746, 109.32216312848777;;;;;;;;;;;;;;;;;;;;
;;;;;;;;;;;;;Gang Usaha Bersama;217,69;;-0.06126592103470452, 109.32326139570026;;;;;;;;;;;;;;;;;;;;
;;;;;;;;;;;;;Gang Purnama Sutera;381,65;;-0.058937373907730066, 109.32089089624017;;;;;;;;;;;;;;;;;;;;
;;;;;;;;;;;;;Gang Purnama Lestari;223,23;;-0.059043487740163075, 109.32062928281842;;;;;;;;;;;;;;;;;;;;
;;;;;;;;;;;;;Jalan Parit Demang;1460;Ujung 1;-0.06155026067185528, 109.32296199946667;Gang Rukun;41,46;;-0.062295614861306726, 109.32324147055874;;;;;;;;;;;;;;;;
;;;;;;;;;;;;;;;Tengah;-0.06576760525850073, 109.32644907615465;Gang Musdalifah;265,49;;-0.06476317344880185, 109.32500965693272;;;;;;;;;;;;;;;;
;;;;;;;;;;;;;;;Ujung 2;-0.06773011252557119, 109.32779537423338;Gang Musdalifah 2;201,62;;-0.06547772576400367, 109.32488116203743;;;;;;;;;;;;;;;;
;;;;;;;;;;;;;;;;;Gang Wakaf;115,2;;-0.06267873131207528, 109.32484973743037;;;;;;;;;;;;;;;;
;;;;;;;;;;;;;;;;;Jalan Parit Demang Dalam;1820;Ujung 1;-0.06300980586595473, 109.32734888134503;Gang Purnama Agung 7 Dalam;188,48;;-0.06441952789738638, 109.33097695895096;;;;;;;;;;;;
;;;;;;;;;;;;;;;;;;;Tengah;-0.06509056124909679, 109.32547892008435;Gang H. Tajib;210,69;;-0.06512745669326606, 109.32791768933073;;;;;;;;;;;;
;;;;;;;;;;;;;;;;;;;Ujung 2;-0.06986169505653096, 109.32189838605731;Gang Parit Demang 3;201,89;;-0.06534030818098262, 109.32762581732234;;;;;;;;;;;;
;;;;;;;;;;;;;;;;;;;;;Gang Parit Demang I;333,5;;-0.0667947426965175, 109.32786711037706;;;;;;;;;;;;
;;;;;;;;;;;;;;;;;;;;;Gang Macan;72,53;;-0.06690665407542232, 109.32479100142884;;;;;;;;;;;;
;;;;;;;;;;;;;;;;;;;;;Gang Purnama Indah VII;181,13;;-0.06539880508909139, 109.3230972363002;;;;;;;;;;;;
;;;;;;;;;;;;;;;;;;;;;Gang Baru;143,14;;-0.06753068211620934, 109.32463540778942;;;;;;;;;;;;
;;;;;;;;;;;;;;;;;;;;;Gang Kulang Kulit;285,07;;-0.0688832170633726, 109.3252104041727;;;;;;;;;;;;
;;;;;;;;;;;;;;;;;;;;;Gang Anduang;174,54;;-0.06684900679038683, 109.32245201803484;;;;;;;;;;;;
;;;;;;;;;;;;;Gang Lingkungan;121,64;;-0.06007242997979912, 109.32109526532457;;;;;;;;;;;;;;;;;;;;
;;;;;;;;;;;;;Gang Sepakat;79,24;;-0.060511072802992366, 109.32129251996852;;;;;;;;;;;;;;;;;;;;
;;;;;;;;;;;;;Gang Nurul Hasanah;413,52;;-0.060467769885382314, 109.32063189151928;;;;;;;;;;;;;;;;;;;;
;;;;;;;;;;;;;Gang Purnama A. Rahim;387,27;;-0.06230457149867757, 109.32231325928663;;;;;;;;;;;;;;;;;;;;
;;;;;;;;;;;;;Gang Purnama Indah 1;421,6;;-0.060083458465602785, 109.31928823494387;;;;;;;;;;;;;;;;;;;;
;;;;;;;;;;;;;Gang Purnama Indah 2;368,27;;-0.06021566034673151, 109.31872513854117;;;;;;;;;;;;;;;;;;;;
;;;;;;;;;;;;;Gang Purnama Indah 3;368,16;;-0.06059240813528665, 109.31851833869352;;;;;;;;;;;;;;;;;;;;
;;;;;;;;;;;;;Gang Purnama Indah 7;588,25;Ujung 1;-0.0637218034742067, 109.32179625292865;;;;;;;;;;;;;;;;;;;;
;;;;;;;;;;;;;;;Ujung 2;-0.06588372652976907, 109.32385749040942;;;;;;;;;;;;;;;;;;;;
;;;;;;;;;;;;;Gang Purnama Indah IV;361,57;;-0.061476241653588636, 109.31914787746231;;;;;;;;;;;;;;;;;;;;
;;;;;;;;;;;;;Gang Purnama Indah 5;362,77;;-0.06115312273987039, 109.31806683258738;;;;;;;;;;;;;;;;;;;;
;;;;;;;;;;;;;Gang Purnama Indah 6;363,65;;-0.06216082903460524, 109.3189035674958;;;;;;;;;;;;;;;;;;;;
;;;;;;;;;;;;;Gang Usu Kamang;612,12;Ujung 1;-0.06506119918005686, 109.32142761219497;;;;;;;;;;;;;;;;;;;;
;;;;;;;;;;;;;;;Ujung 2;-0.06648971468232172, 109.32288274562735;;;;;;;;;;;;;;;;;;;;
;;;;;;;;;;;;;Gang Komplek Purnama Hijau Jalur 1;378,2;;-0.06240993642803639, 109.3178556326382;;;;;;;;;;;;;;;;;;;;
;;;;;;;;;;;;;Gang Komplek Purnama Hijau Jalur 2;377,85;;-0.06383550472226827, 109.31932659424145;;;;;;;;;;;;;;;;;;;;
;;;;;;;;;;;;;Jalan Nirbaya;1370;Ujung 1;-0.06305068020215966, 109.31756762229661;Gang Bersinar;167,03;;-0.06304457652899181, 109.31529991856969;;;;;;;;;;;;;;;;
;;;;;;;;;;;;;;;Tengah;-0.060915563715393424, 109.31394096946227;Gang Tata Kota;411,32;;-0.06037553753189902, 109.31739078442395;;;;;;;;;;;;;;;;
;;;;;;;;;;;;;;;Ujung 2;-0.05848686565397423, 109.3098708371361;Gang Suka Jaya;195,82;;-0.06114174349281485, 109.31614731499157;;;;;;;;;;;;;;;;
;;;;;;;;;;;;;;;;;Gang Usaha Kita;109,24;;-0.06228340599134541, 109.31439905495631;;;;;;;;;;;;;;;;
;;;;;;;;;;;;;;;;;Gang Suka Damai;195,41;;-0.060515193333384724, 109.31504201254026;;;;;;;;;;;;;;;;
;;;;;;;;;;;;;;;;;Gang Nirbaya 5;155,47;;-0.06107557770535233, 109.31185567843484;;;;;;;;;;;;;;;;
;;;;;;;;;;;;;;;;;Gang Nirbaya 4;284,43;;-0.06156183437462722, 109.3110318564038;;;;;;;;;;;;;;;;
;;;;;;;;;;;;;;;;;Gang Nirbaya 3;117,52;;-0.059769578831982424, 109.31118146914685;;;;;;;;;;;;;;;;
;;;;;;;;;;;;;;;;;Gang Nirbaya 2;218,25;;-0.06014000396116735, 109.30978331441385;;;;;;;;;;;;;;;;
;;;;;;;;;;;;;;;;;Gang Nirbaya 1;62,98;;-0.05896456747005908, 109.3098418812537;;;;;;;;;;;;;;;;
;;;;;;;;;;;;;Gang Al Muchlisin;386,37;;-0.06287908660278255, 109.31662179583869;;;;;;;;;;;;;;;;;;;;
;;;;;;;;;;;;;Gang Rukun;377,71;;-0.06459783481291495, 109.31852030166591;;;;;;;;;;;;;;;;;;;;
;;;;;;;;;;;;;Gang Purna A. Rani;427,34;;-0.06367331708592384, 109.31635517702813;;;;;;;;;;;;;;;;;;;;
;;;;;;;;;;;;;Gang Bina Wahana;120,84;;-0.06532118807522407, 109.31838835497886;;;;;;;;;;;;;;;;;;;;
;;;;;;;;;;;;;Komplek Purnama Elok;368,27;;-0.06840376156195303, 109.32077009117997;;;;;;;;;;;;;;;;;;;;
;;;;;;;;;;;;;Gang Purnama Sederhana;135,72;;-0.06527838325846862, 109.31772203634004;;;;;;;;;;;;;;;;;;;;
;;;;;;;;;;;;;Gang Eklesia;442,68;;-0.06431054494474121, 109.3154739966729;;;;;;;;;;;;;;;;;;;;
;;;;;;;;;;;;;Gang Al - Hijrah;166,45;;-0.06627598064158265, 109.3178100371329;;;;;;;;;;;;;;;;;;;;
;;;;;;;;;;;;;Jalan Harapan Jaya;1440;Ujung 1;-0.06461272290025974, 109.31421805852231;Gang Mansyurin;154,03;;-0.06502665252611949, 109.31595213798744;;;;;;;;;;;;;;;;
;;;;;;;;;;;;;;;Tengah;-0.0622145395636062, 109.31107678817699;Jalan Harapan Baru;364,41;;-0.06789635299767474, 109.31318667142051;;;;;;;;;;;;;;;;
;;;;;;;;;;;;;;;Ujung 2;-0.06036561987392662, 109.30793209905005;Gang Rindang Papan;325,08;;-0.06291965390205485, 109.3160537915394;;;;;;;;;;;;;;;;
;;;;;;;;;;;;;;;;;Gang Jaya Makmur;341;;-0.06742252514010395, 109.3128985284903;;;;;;;;;;;;;;;;
;;;;;;;;;;;;;;;;;Gang Mekar Jaya;198,05;;-0.06575209276730709, 109.31328185448781;;;;;;;;;;;;;;;;
;;;;;;;;;;;;;;;;;Gang Mentari;327,09;;-0.06219081633357314, 109.31531701971858;;;;;;;;;;;;;;;;
;;;;;;;;;;;;;;;;;Gang Asia Jaya;368,8;;-0.06482785926031827, 109.31268760861285;Jalur 1;105,57;;-0.06460104611535436, 109.31320860309782;;;;;;;;;;;;
;;;;;;;;;;;;;;;;;Gang Hikmah Jaya;147,38;;-0.06476278794329786, 109.31218206307733;;;;;;;;;;;;;;;;
;;;;;;;;;;;;;;;;;Jalan Mega Jaya;491,84;;-0.0656944619623157, 109.31052595098694;Gang Mega;180,88;;-0.06470866130713693, 109.30976630199474;;;;;;;;;;;;
;;;;;;;;;;;;;;;;;Gang Antar Kita;327,87;;-0.06190911088059927, 109.31391767928775;Gang Pakdemas;59,7;;-0.061285583244202656, 109.31372764997622;;;;;;;;;;;;
;;;;;;;;;;;;;;;;;Gang Jaya Tri;204,62;;-0.06437842279746142, 109.31128038374406;;;;;;;;;;;;;;;;
;;;;;;;;;;;;;;;;;Gang Harapan Jaya 1;170,28;;-0.06287538472513891, 109.31242111209576;;;;;;;;;;;;;;;;
;;;;;;;;;;;;;;;;;Gang Harapan Jaya 2;162,01;;-0.06379930656084706, 109.31110846848158;;;;;;;;;;;;;;;;
;;;;;;;;;;;;;;;;;Jalan Bina Jaya;629,29;Ujung 1;-0.06323872528230395, 109.31059235793043;Gang Bersama Jaya;107,17;;-0.06311977728336814, 109.3099034822467;;;;;;;;;;;;
;;;;;;;;;;;;;;;;;;;Ujung 2;-0.06591062469338753, 109.30815577835746;Gang H. Taba;96,77;;-0.06357560532808793, 109.3097049223401;;;;;;;;;;;;
;;;;;;;;;;;;;;;;;;;;;Gang Berkah Jaya;179,03;;-0.06603727358108474, 109.30923576702097;;;;;;;;;;;;
;;;;;;;;;;;;;;;;;;;;;Jalan Berkah Jaya 2;135,49;;-0.06701971967977108, 109.31094332301191;;;;;;;;;;;;
;;;;;;;;;;;;;;;;;;;;;Gang Damai 6;276,17;;-0.06695618524172069, 109.30984098277266;Gang Mega Damai;144,69;;-0.06760259248431567, 109.31010760725499;;;;;;;;
;;;;;;;;;;;;;;;;;;;;;Gang Damai 5;98,45;;-0.06668013070465059, 109.30859191020149;;;;;;;;;;;;
;;;;;;;;;;;;;;;;;;;;;Gang Damai 4;247,17;;-0.06768204962193573, 109.30956866532864;;;;;;;;;;;;
;;;;;;;;;;;;;;;;;;;;;Gang Bina Utama;199,19;;-0.06570124718131773, 109.30656340198686;;;;;;;;;;;;
;;;;;;;;;;;;;;;;;;;;;Gang Damai 3A;319,32;;-0.06789276613526223, 109.30917825646907;;;;;;;;;;;;
;;;;;;;;;;;;;;;;;Gang Intan;264,82;;-0.06365953131692534, 109.30912135949188;;;;;;;;;;;;;;;;
;;;;;;;;;;;;;;;;;Gang Pertama Jaya;265,45;;-0.0619368132732696, 109.30667356809042;;;;;;;;;;;;;;;;
;;;;;;;;;Jalan Purnama Dalam;1590;Ujung 1;-0.07185767435766363, 109.31477183568735;Gang Purnama Sejahtera 1;377,25;;-0.06758146986250145, 109.31453768765519;;;;;;;;;;;;;;;;;;;;
;;;;;;;;;;;Tengah;-0.07547855418426477, 109.31272438189667;Gang Purnama Mulia 1;183,25;;-0.07135466930667142, 109.3167114173947;;;;;;;;;;;;;;;;;;;;
;;;;;;;;;;;Ujung 2;-0.07933131488356059, 109.31096524648521;Gang Purnama Sejahtera 2;341,44;;-0.0686916668386291, 109.31314008194688;;;;;;;;;;;;;;;;;;;;
;;;;;;;;;;;;;Gang Purnama Mulia 2;115,03;;-0.07144754298693354, 109.3161101405875;;;;;;;;;;;;;;;;;;;;
;;;;;;;;;;;;;Gang Cahaya Purnama;56,52;;-0.07120185745359793, 109.31472947356541;;;;;;;;;;;;;;;;;;;;
;;;;;;;;;;;;;Gang Purnama Sejahtera 3;424,54;;-0.07111306015907953, 109.31299686954469;;;;;;;;;;;;;;;;;;;;
;;;;;;;;;;;;;Gang Gito;201,46;;-0.07137380682459286, 109.3129538170479;;;;;;;;;;;;;;;;;;;;
;;;;;;;;;;;;;Gang Purnama Mulia 4;322,95;;-0.07406418256304649, 109.31594120839254;Gang Purnama Mulia 5;150,31;;-0.07390115512351503, 109.31517392269534;;;;;;;;;;;;;;;;
;;;;;;;;;;;;;Gang Purnama Sejahtera 4;423,2;;-0.07166534806668763, 109.31191296527635;;;;;;;;;;;;;;;;;;;;
;;;;;;;;;;;;;Gang Purnama Mulia 6;148,14;;-0.07472140679421498, 109.314681306778;;;;;;;;;;;;;;;;;;;;
;;;;;;;;;;;;;Gang Nurul Huda 2;51,19;;-0.07472543848137192, 109.31273109936309;;;;;;;;;;;;;;;;;;;;
;;;;;;;;;;;;;Gang Usaha Mandiri;78,74;;-0.07719005228916212, 109.31271595656456;;;;;;;;;;;;;;;;;;;;
;;;;;;;;;;;;;Gang Purnama Sejahtera 6;154,46;;-0.07715054462019244, 109.310401318665;;;;;;;;;;;;;;;;;;;;
;;;;;;;;;;;;;Gang Mandiri;194,39;;-0.07887123902174682, 109.31295598728391;;;;;;;;;;;;;;;;;;;;
;;;;;;;;;;;;;Gang Purnama Mulya 8;163,22;;-0.07944497294830254, 109.31236692037677;;;;;;;;;;;;;;;;;;;;
;;;;;;;;;;;;;Gang Purnama Sejahtera 7;497,63;;-0.07826712053089817, 109.30985707468358;;;;;;;;;;;;;;;;;;;;
;;;;;;;;;Jalan Letkol Sugiono;792,86;Ujung 1;-0.049028039193271325, 109.33653555596642;;;;;;;;;;;;;;;;;;;;;;;;
;;;;;;;;;;;Ujung 2;-0.0487451349426747, 109.33716127946121;;;;;;;;;;;;;;;;;;;;;;;;
;;;;;Jalan M. Sohor;1420;Ujung 1;-0.04874765575323197, 109.33488960026851;Jalan Surya;761,49;Ujung 1;-0.04807802465725535, 109.33213828207913;Gang Surya Kencana;352,97;;-0.04884990959795363, 109.33324637966257;;;;;;;;;;;;;;;;;;;;
;;;;;;;Tengah 1;-0.046490587096831265, 109.33290920358684;;;Ujung 2;-0.0495596280320818, 109.3275017534365;Gang Surya Lembayung;208,63;;-0.04916402738874782, 109.33305938131409;;;;;;;;;;;;;;;;;;;;
;;;;;;;Tengah 2;-0.04364823708593229, 109.33134078673446;;;;;Gang Surya Nila;229,18;;-0.04897673655890256, 109.3324227070473;;;;;;;;;;;;;;;;;;;;
;;;;;;;Tengah 3;-0.04100429309724645, 109.32971931195118;;;;;Gang Surya B1;44,6;;-0.047836226978684324, 109.3315262284155;;;;;;;;;;;;;;;;;;;;
;;;;;;;Ujung 2;-0.040140169239697675, 109.32931075702736;;;;;Gang Surya Gading;199,18;;-0.048924815832368504, 109.33155958948454;;;;;;;;;;;;;;;;;;;;
;;;;;;;;;;;;;Jalan Surya Resident;122,79;;-0.04938618064257921, 109.33110260233836;;;;;;;;;;;;;;;;;;;;
;;;;;;;;;;;;;Gang Surya Ungu;259,53;;-0.05033693603263963, 109.33156105972624;;;;;;;;;;;;;;;;;;;;
;;;;;;;;;;;;;Gang Surya B3;50,14;;-0.04845437381464077, 109.32928555640548;;;;;;;;;;;;;;;;;;;;
;;;;;;;;;;;;;Gang Surya Jingga;355,58;;-0.05060356022483747, 109.3311552435508;;;;;;;;;;;;;;;;;;;;
;;;;;;;;;;;;;Gang Surya B4;40,49;;-0.04863131140937189, 109.3289795600877;;;;;;;;;;;;;;;;;;;;
;;;;;;;;;;;;;Gang Surya Purnama;405,45;;-0.05128541734807409, 109.33072562329897;;;;;;;;;;;;;;;;;;;;
;;;;;;;;;;;;;Gang Surya Suci;252,35;;-0.04785971616001872, 109.32699308038302;Jalan Komplek Puri Indah;245,79;;-0.04787000800738688, 109.32894842253397;;;;;;;;;;;;;;;;
;;;;;;;;;Jalan Wonoyoso I;438,28;;-0.04786092414093335, 109.32467780722827;Gang V;199,72;;-0.05103963239813069, 109.32586126311857;;;;;;;;;;;;;;;;;;;;
;;;;;;;;;;;;;Gang IV;161,51;;-0.04867673416241519, 109.32722043592065;;;;;;;;;;;;;;;;;;;;
;;;;;;;;;;;;;Gang III;306,85;;-0.051086934947257495, 109.32511468253983;Gang Wonoyoso III;351,09;;-0.05003048210134246, 109.32476618332926;Gang Sintang;80,12;;-0.05060079244413284, 109.32499811692172;;;;;;;;;;;;
;;;;;;;;;;;;;Jalan Buntu;96,94;;-0.04862998066327033, 109.32626333406508;;;;;;;;;;;;;;;;;;;;
;;;;;;;;;;;;;Gang Wonoyoso 2A;162,34;;-0.04927861599572637, 109.3255460073514;;;;;;;;;;;;;;;;;;;;
;;;;;;;;;;;;;Gang II;124,42;;-0.047822568771289146, 109.32523210590203;;;;;;;;;;;;;;;;;;;;
;;;;;;;;;;;;;Gang Satu;190,41;;-0.049177227930252546, 109.32408529641269;;;;;;;;;;;;;;;;;;;;
;;;;;;;;;Gang Mekar;618,54;Ujung 1;-0.04749910278482101, 109.33138637511152;;;;;;;;;;;;;;;;;;;;;;;;
;;;;;;;;;;;Ujung 2;-0.048557493880783696, 109.32789609856106;;;;;;;;;;;;;;;;;;;;;;;;
;;;;;;;;;Jalan Komplek Sumatra Indah;377,07;;-0.04732001210998516, 109.3301302689045;;;;;;;;;;;;;;;;;;;;;;;;
;;;;;;;;;Gang Sudimoro;414,6;;-0.04685271618840236, 109.32914702467845;;;;;;;;;;;;;;;;;;;;;;;;
;;;;;;;;;Gang Sederhana;358,46;;-0.04592673097462555, 109.33019179343;;;;;;;;;;;;;;;;;;;;;;;;
;;;;;;;;;Gang Pancawarna;358,78;;-0.04505190527633807, 109.33097452807448;;;;;;;;;;;;;;;;;;;;;;;;
;;;;;;;;;Jalan GM. Said;442,67;;-0.043493270892351124, 109.33383241647219;Jalan Dr. Ismail;219,04;;-0.045459542083300504, 109.33317409365408;;;;;;;;;;;;;;;;;;;;
;;;;;;;;;;;;;Jalan Margodadi;223,49;;-0.044993955061127605, 109.33360396295161;;;;;;;;;;;;;;;;;;;;
;;;;;;;;;;;;;Jalan Dr. Agus Jam;147,27;;-0.04449178509147096, 109.33412434557471;;;;;;;;;;;;;;;;;;;;
;;;;;;;;;;;;;Jalan Dr. Rubini;188,3;;-0.043765277511295796, 109.3347224340189;Jalan Dr. Rubini Dalam;77,49;;-0.04338013450086492, 109.33532201320325;;;;;;;;;;;;;;;;
;;;;;;;;;Jalan H. Siradj;357,03;;-0.04309077077692122, 109.33288970816731;;;;;;;;;;;;;;;;;;;;;;;;
;;;;;;;;;Jalan Karya Bhakti;723,27;Ujung 1;-0.044299930123114714, 109.33042649619513;Gang Karya Bhakti 2;370,85;;-0.04704145541480978, 109.32640164179828;;;;;;;;;;;;;;;;;;;;
;;;;;;;;;;;Ujung 2;-0.04685227612055913, 109.3259843890848;Gang Karya Bhakti 3;352,52;;-0.04762530310845927, 109.32671052591824;;;;;;;;;;;;;;;;;;;;
;;;;;;;;;;;;;Gang Karya Bhakti 1;180,34;;-0.04568478345927109, 109.32616003268109;;;;;;;;;;;;;;;;;;;;
;;;;;;;;;Jalan Moh. Syafe'i;364,08;;-0.04246897150378417, 109.33225685492397;;;;;;;;;;;;;;;;;;;;;;;;
;;;;;;;;;Jalan Pang Semangai;292,49;;-0.04143922427383685, 109.33173832981333;;;;;;;;;;;;;;;;;;;;;;;;
;;;;;;;;;Jalan Kalimantan;248,55;;-0.04247319610553882, 109.32838883595394;;;;;;;;;;;;;;;;;;;;;;;;
;;;;;;;;;Jalan Subarkah;357,41;;-0.04040410526539805, 109.33190067955745;;;;;;;;;;;;;;;;;;;;;;;;
;;;;;;;;;Jalan Irian;326,35;;-0.041242463880666456, 109.3271996742605;Jalan Halmahera I;229,01;;-0.041262077374079255, 109.32905776492345;Jalan Halmahera II;192,23;;-0.04141795213265856, 109.32775373180895;;;;;;;;;;;;;;;;
;;;;;Jalan Aris Margono;431,5;;-0.042464313284542025, 109.34256766539492;;;;;;;;;Jalan Halmahera II;74,43;;-0.04080725742529998, 109.32923107460701;;;;;;;;;;;;;;;;
;;;;;Jalan MT. Haryono;776,77;Ujung 1;-0.045359517125092515, 109.33570515561736;Jalan Mujahidin;521,82;Ujung 1;-0.042395322823834077, 109.33615764668329;;;;;;;;;;;;;;;;;;;;;;;;
;;;;;;;Ujung 2;-0.04664941734714732, 109.33406750225713;;;Ujung 2;-0.04104849792430224, 109.33516658920132;;;;;;;;;;;;;;;;;;;;;;;;
;;;;;;;;;Jalan Akcaya II;223,46;;-0.04520951304780437, 109.3347363547733;Jalan Akcaya III;154,27;;-0.04585958776463182, 109.33368294893104;;;;;;;;;;;;;;;;;;;;
;;;;;Jalan Katamso;192,26;;-0.03974138050908552, 109.33760478170507;;;;;;;;;;;;;;;;;;;;;;;;;;;;
;;;;;Jalan D.A. Hadi;350,1;;-0.04203728115907327, 109.3346085099572;Jalan Suhada;371,23;;-0.043634970107690976, 109.33617066718139;;;;;;;;;;;;;;;;;;;;;;;;
;;;;;;;;;Jalan Suhada Dalam;113,25;;-0.044037044119579316, 109.33530900033836;;;;;;;;;;;;;;;;;;;;;;;;
;;;;;Jalan Ade Irma Suryani;523,5;Ujung 1;-0.038936109611024936, 109.33720584383342;;;;;;;;;;;;;;;;;;;;;;;;;;;;
;;;;;;;Ujung 2;-0.04013586263957934, 109.33905055140544;;;;;;;;;;;;;;;;;;;;;;;;;;;;
;;;;;Jalan Ade Irma Suryani Dalam;267,84;;-0.03772941416473148, 109.33924125522996;;;;;;;;;;;;;;;;;;;;;;;;;;;;
;;;;;Jalan A. Sood;300,74;;-0.04043151046135212, 109.3338628073299;Jalan Muhammad Sood;90,13;;-0.03962495383201295, 109.3341801465167;;;;;;;;;;;;;;;;;;;;;;;;
;;;;;Jalan Kapten Tendean;423,54;;-0.03753931152039437, 109.33596311569667;;;;;;;;;;;;;;;;;;;;;;;;;;;;
;;;;;Jalan Ahmad Marzuki;276,87;;-0.03813435300561488, 109.33378772128924;Jalan Muhammad Hambal;112,73;;-0.039107974932363815, 109.33383958839757;;;;;;;;;;;;;;;;;;;;;;;;
;;;;;Jalan D. I. Panjaitan;318,64;;-0.03466084348943921, 109.33598289250033;;;;;;;;;;;;;;;;;;;;;;;;;;;;
;;;;;Gang Adhyaksa;178,25;;-0.036935472676711864, 109.33194156624918;;;;;;;;;;;;;;;;;;;;;;;;;;;;
;Jalan Slt. Abdurrahman (Pontianak Kota);;;;Jalan Karel Satsuit Tubun;781,26;Ujung 1;-0.03807666227641611, 109.33186773456822;Jalan Sakura;395,02;;-0.03831861469381956, 109.330665859344;;;;;;;;;;;;;;;;;;;;;;;;
;;;;;;;Ujung 2;-0.04259453920849346, 109.33446427403794;Jalan Anggrek;190,82;;-0.03927331349106502, 109.33120221647036;;;;;;;;;;;;;;;;;;;;;;;;
;;;;;;;;;Gang Flamboyan;164,22;;-0.041172356626691595, 109.33283306359655;;;;;;;;;;;;;;;;;;;;;;;;
;;;;;Jalan Sulawesi;526,49;Ujung 1;-0.042281745270762776, 109.32727791281071;Gang Keluarga;175,43;;-0.042475852460611786, 109.32617212975508;;;;;;;;;;;;;;;;;;;;;;;;
;;;;;;;Ujung 2;-0.04446413821184581, 109.32873861156669;Jalan Maluku;301,87;;-0.04205030564327633, 109.32760541121607;;;;;;;;;;;;;;;;;;;;;;;;
;;;;;;;;;Gang H. Sarah;305,95;;-0.04450245700040396, 109.32700884851525;Jalur 1;129,55;;-0.04340979687841221, 109.32720300516252;;;;;;;;;;;;;;;;;;;;
;;;;;;;;;;;;;Jalur 2;134,97;;-0.04360815941882975, 109.32685416855861;;;;;;;;;;;;;;;;;;;;
;;;;;;;;;;;;;Jalur II;66,54;;-0.043701933689981404, 109.32589189222301;;;;;;;;;;;;;;;;;;;;
;;;;;;;;;;;;;Jalur 3;204,84;;-0.04377076791622018, 109.32553000354656;;;;;;;;;;;;;;;;;;;;
;;;;;;;;;;;;;Jalur 4;86,47;;-0.04474715482547262, 109.3255213638993;;;;;;;;;;;;;;;;;;;;
;;;;;;;;;Gang H. Sarah Dalam;158,94;;-0.0459413741420976, 109.32489423175534;;;;;;;;;;;;;;;;;;;;;;;;
;;;;;;;;;Gang Karya I;176,24;;-0.04478122018960615, 109.32804341402365;;;;;;;;;;;;;;;;;;;;;;;;
;;;;;Jalan Nurul Huda;100,51;;-0.043192392239512566, 109.32469329962623;;;;;;;;;;;;;;;;;;;;;;;;;;;;
;Jalan Sultan Syahrir (Pontianak Kota);;;;Jalan Seram I;311,81;;-0.04499485346786664, 109.3247045738791;Jalan Seram 2;84,5;;-0.043903952901928334, 109.32444489661101;;;;;;;;;;;;;;;;;;;;;;;;
;;;;;;;;;Jalan Seram 2 Dalam;76,95;;-0.043555265831086994, 109.32504101756452;;;;;;;;;;;;;;;;;;;;;;;;
;;;;;;;;;Jalan Timor;363,21;;-0.045000683570725175, 109.32368323750816;;;;;;;;;;;;;;;;;;;;;;;;
;;;;;;;;;Gang Wonoyoso;118,26;;-0.04390675276990059, 109.32470361154286;Gang Kakek;74,41;;-0.044553869149832455, 109.32525035898368;;;;;;;;;;;;;;;;;;;;
;;;;;;;;;Jalan Alor;130,46;;-0.04553501879489065, 109.32454856516583;;;;;;;;;;;;;;;;;;;;;;;;
;;;;;Jalan Flores;318,17;;-0.04611620057395386, 109.32428232494702;;;;;;;;;;;;;;;;;;;;;;;;;;;;
;;;;;Jalan Sumbawa;342,94;;-0.04689727454272394, 109.32395748018538;Jalan Sumba;81,85;;-0.046129510806988225, 109.32377921616536;;;;;;;;;;;;;;;;;;;;;;;;
;;;;;;;;;Jalan Natuna;388,3;;-0.04883685398377901, 109.3217473745849;;;;;;;;;;;;;;;;;;;;;;;;
;;;;;Jalan Madura;349,19;;-0.047294866838382014, 109.3225608752518;Jalan Andalas;362,53;;-0.04868236181655624, 109.32011896415234;Jalan Enggano;176,63;;-0.04798871877600067, 109.32223108117203;;;;;;;;;;;;;;;;;;;;
;;;;;;;;;;;;;Jalan Krakatau;177,84;;-0.048218363381424656, 109.3213934368747;;;;;;;;;;;;;;;;;;;;
;;;;;Jalan Nias;81,21;;-0.047149986853838644, 109.32089917468666;;;;;;;;;;;;;;;;;;;;;;;;;;;;
;;;;;Jalan Pulau We;363,11;;-0.048733064822719295, 109.3208412351201;;;;;;;;;;;;;;;;;;;;;;;;;;;;
;;;;;Jalan Selayar;360,4;;-0.04999261279625257, 109.32118244807907;;;;;;;;;;;;;;;;;;;;;;;;;;;;
;Jalan Prof. M. Yamin (Pontianak Kota);;;;Gang Widodo;417,18;;-0.050560789990443916, 109.32065432317722;Jalur 3;48,53;;-0.049880334293630535, 109.31932985499324;;;;;;;;;;;;;;;;;;;;;;;;
;;;;;;;;;Jalur 4;51,38;;-0.050343121127791046, 109.3197674213929;;;;;;;;;;;;;;;;;;;;;;;;
;;;;;Gang Tlk Pakedai;412,3;;-0.05084198612713858, 109.32010686832231;;;;;;;;;;;;;;;;;;;;;;;;;;;;
;;;;;Gang Kencana;319,26;;-0.05057622375633179, 109.31911677430246;;;;;;;;;;;;;;;;;;;;;;;;;;;;
;;;;;Gang Baru;440,9;;-0.05081418106542524, 109.31889820252293;;;;;;;;;;;;;;;;;;;;;;;;;;;;
;;;;;Gang Uray Hamid;354,61;;-0.05143700779909371, 109.31911558421523;;;;;;;;;;;;;;;;;;;;;;;;;;;;
;;;;;Gang Pemangkat 1;360,17;;-0.05192596351729927, 109.31917208729394;Gang Pemangkat Dalam I;108,22;;-0.05180181297156335, 109.31769257188013;Gang Pemangkat Dalam II;187,11;;-0.05220276792710562, 109.3189558223783;;;;;;;;;;;;;;;;;;;;
;;;;;;;;;Gang Pemangkat III;127,17;;-0.052376786299008236, 109.31835078544515;;;;;;;;;;;;;;;;;;;;;;;;
;;;;;Gang Pemangkat 2;135,53;;-0.0512616894578923, 109.31772041769979;;;;;;;;;;;;;;;;;;;;;;;;;;;;
;;;;;Jalan Tani Makmur;465,01;;-0.05189034560946775, 109.3174453539377;Jalan Kesehatan;1310;Ujung 1;-0.05356344083812419, 109.3185509605269;Gang Adenium;87,2;;-0.05445285987763214, 109.31887253167045;;;;;;;;;;;;;;;;;;;;
;;;;;;;;;;;Tengah;-0.05680457744470707, 109.31582083579639;Gang Buntu Indah;96,93;;-0.05480314860123341, 109.31871115253333;;;;;;;;;;;;;;;;;;;;
;;;;;;;;;;;Ujung 2;-0.061075652592250194, 109.31241620625447;Komplek Guru;129,68;;-0.05521507820382903, 109.3184822801217;;;;;;;;;;;;;;;;;;;;
;;;;;;;;;;;;;Gang Sidomukti;96,52;;-0.05549119192445708, 109.31802643613997;;;;;;;;;;;;;;;;;;;;
;;;;;;;;;;;;;Gang Kesehaatan;99,74;;-0.05579552195376557, 109.3178585313807;;;;;;;;;;;;;;;;;;;;
;;;;;;;;;;;;;Komplek Sehat Sejahtera;93,88;;-0.05678584137342053, 109.31694673926694;;;;;;;;;;;;;;;;;;;;
;;;;;;;;;;;;;Gang Sehat;100,13;;-0.05668723877383303, 109.31638848578974;;;;;;;;;;;;;;;;;;;;
;;;;;;;;;;;;;Gang Sulthan;50,05;;-0.057374891623768014, 109.31589170314275;;;;;;;;;;;;;;;;;;;;
;;;;;;;;;;;;;Gang Sumber Agung 1 Dalam;379,01;;-0.05910738665766841, 109.31716670821507;Jalur A;277,99;;-0.05863699352995146, 109.31723122892578;;;;;;;;;;;;;;;;
;;;;;;;;;;;;;;;;;Jalur B;155,81;;-0.05897081407010264, 109.31492739499924;;;;;;;;;;;;;;;;
;;;;;;;;;;;;;;;;;Jalur C;89,65;;-0.05895948955711083, 109.31564052331119;;;;;;;;;;;;;;;;
;;;;;;;;;;;;;;;;;Gang Sumber Agung Dalam;162,01;;-0.05982701456971311, 109.31723677208444;;;;;;;;;;;;;;;;
;;;;;;;;;;;;;Gang Sumber Agung 2;380,3;;-0.060165234544228945, 109.31614146256238;;;;;;;;;;;;;;;;;;;;
;;;;;;;;;;;;;Gang Sumber Agung 3;323,14;;-0.06063701866112451, 109.31455900612947;;;;;;;;;;;;;;;;;;;;
;;;;;;;;;;;;;Jalan A;184,17;;-0.061798327032183194, 109.31353060451396;Gang Villa Mas Jalur 2;56,1;;-0.0615798903494329, 109.3135234351742;;;;;;;;;;;;;;;;
;;;;;;;;;;;;;Gang Aamanah;183,58;;-0.062171673631551114, 109.31321081792527;;;;;;;;;;;;;;;;;;;;
;;;;;;;;;;;;;Gang Assalam;185,56;;-0.06259210364336507, 109.31286046357134;;;;;;;;;;;;;;;;;;;;
;;;;;;;;;Gang Sambas;250,27;;-0.052690971498338394, 109.31923122345678;;;;;;;;;;;;;;;;;;;;;;;;
;;;;;;;;;Jalan Karna Sosial;1090;Ujung 1;-0.05354361969151234, 109.31952156787187;Jalan Purwosari;432,59;;-0.05121133035155779, 109.3228559468643;Gang Purwosari 1;164,85;;-0.05183865502378661, 109.32152678070825;;;;;;;;;;;;;;;;
;;;;;;;;;;;Tengah;-0.05076306453145573, 109.32141788901495;;;;;Gang Purwosari 2;205,12;;-0.05005033503313285, 109.32287695454485;;;;;;;;;;;;;;;;
;;;;;;;;;;;Ujung 2;-0.04698805177716109, 109.32464657422305;;;;;Komplek Purwosari Agung;157,99;;-0.049975247037931145, 109.32359453696229;;;;;;;;;;;;;;;;
;;;;;;;;;;;;;;;;;Gang Purwosari 3;394,52;;-0.048849168980593334, 109.3251925656548;;;;;;;;;;;;;;;;
;;;;;;;;;;;;;;;;;Gang Purwosari 4;145,98;;-0.05170120763769598, 109.3233116913766;Jalan Karinai;209,94;;-0.05155764892868188, 109.32241218677106;;;;;;;;;;;;
;;;;;;;;;;;;;;;;;Gang Purwosari 5;146,94;;-0.051629661135642824, 109.32418712633135;;;;;;;;;;;;;;;;
;;;;;;;;;;;;;;;;;Gang Purwosari 6;138,13;;-0.052357856227206276, 109.32374752733222;;;;;;;;;;;;;;;;
;;;;;;;;;;;;;;;;;Gang Purwosari Dalam;131,24;;-0.05299723430804376, 109.32387042401795;;;;;;;;;;;;;;;;
;;;;;;;;;;;;;;;;;Gang Wonoyoso 2;118,11;;-0.04897028658189028, 109.32398856466031;;;;;;;;;;;;;;;;
;;;;;;;;;;;;;;;;;Gang Asuransi;62,97;;-0.048437278345632065, 109.32406891229752;;;;;;;;;;;;;;;;
;;;;;Gang H. Maisyah;110,18;;-0.05170464464137924, 109.31688868823257;;;;;;;;;;;;;;;;;;;;;;;;;;;;
;;;;;Gang Swakarya 1;374,23;;-0.053133254443184695, 109.31820348372598;;;;;;;;;;;;;;;;;;;;;;;;;;;;
;;;;;Gang Swakarya II;398,08;;-0.05363011402735009, 109.31778804234175;;;;;;;;;;;;;;;;;;;;;;;;;;;;
;;;;;Gang Swakarya 3;406,69;;-0.05376562643207456, 109.31713711289734;;;;;;;;;;;;;;;;;;;;;;;;;;;;
;;;;;Gang Kapuas Melawi;409,03;;-0.054344063126705956, 109.31755871986623;;;;;;;;;;;;;;;;;;;;;;;;;;;;
;;;;;Gang Sekadim;413,95;;-0.05440400995095687, 109.31705579887345;;;;;;;;;;;;;;;;;;;;;;;;;;;;
;;;;;Gang Eka Daya;414,27;;-0.053514793724339906, 109.31492533889444;;;;;;;;;;;;;;;;;;;;;;;;;;;;
;;;;;Gang Atlas;417,97;;-0.0538263352904596, 109.31471984121319;;;;;;;;;;;;;;;;;;;;;;;;;;;;
;;;;;Gang Keluarga Bersama;487,77;;-0.05536790839280027, 109.31650896661233;;;;;;;;;;;;;;;;;;;;;;;;;;;;
;;;;;Gang Usaha Baru ;431,55;;-0.05503115222273843, 109.3150587307562;;;;;;;;;;;;;;;;;;;;;;;;;;;;
;;;;;Gang Teladan;431,67;;-0.05524129873917884, 109.3145288458162;;;;;;;;;;;;;;;;;;;;;;;;;;;;
;;;;;Gang Selamat;439,56;;-0.05592922303457089, 109.31490576653138;;;;;;;;;;;;;;;;;;;;;;;;;;;;
;;;;;Gang Bina Karya;446,27;;-0.05584557712625655, 109.31348481615143;;;;;;;;;;;;;;;;;;;;;;;;;;;;
;;;;;Gang Sinar Usaha;452,74;;-0.05703668220371934, 109.31478050082325;;;;;;;;;;;;;;;;;;;;;;;;;;;;
;;;;;Gang Sinar Usaha Dalam;462,72;;-0.05742729962655866, 109.31484790571555;;;;;;;;;;;;;;;;;;;;;;;;;;;;
;;;;;Gang Usaha Bersama I;461,73;;-0.056007330867591, 109.31169093827155;;;;;;;;;;;;;;;;;;;;;;;;;;;;
;;;;;Gang Sinar Bersama;467,63;;-0.056432068849884345, 109.31156221278437;;;;;;;;;;;;;;;;;;;;;;;;;;;;
;;;;;Gang Budiyusmana;473,39;;-0.05821354379325424, 109.31380862693348;;;;;;;;;;;;;;;;;;;;;;;;;;;;
;;;;;Gang Sejahtera;476,73;;-0.05836438668937319, 109.31365789895017;;;;;;;;;;;;;;;;;;;;;;;;;;;;
;;;;;Gang Sumber Harapan;481,71;;-0.0579705388920637, 109.312176785958;;;;;;;;;;;;;;;;;;;;;;;;;;;;
;;;;;Gang Usaha Maju;487,46;;-0.059261287744171734, 109.31315257583951;Jalur A;77,14;;-0.058279279557052484, 109.31013404824783;;;;;;;;;;;;;;;;;;;;;;;;
;;;;;;;;;Jalur B;108,22;;-0.05856647985075585, 109.31067813117537;;;;;;;;;;;;;;;;;;;;;;;;
;;;;;;;;;Jalur C;104,74;;-0.05873570508244201, 109.31119001889427;;;;;;;;;;;;;;;;;;;;;;;;
;;;;;;;;;Jalur D;103,05;;-0.058918136907770466, 109.31199945177342;;;;;;;;;;;;;;;;;;;;;;;;
;;;;;;;;;Jalur E;182,12;;-0.05956770831128491, 109.312721050147;;;;;;;;;;;;;;;;;;;;;;;;
;;;;;Gang Nirbaya;123,09;;-0.05874633616824323, 109.30949169354469;;;;;;;;;;;;;;;;;;;;;;;;;;;;
;;;;;Gang Hidayah;84,03;;-0.05950859401454954, 109.30864950018761;;;;;;;;;;;;;;;;;;;;;;;;;;;;
;;;;;Gang Sederhana 1;340,75;;-0.061159888400903806, 109.31005198989324;Gang Sederhana 2;235,68;;-0.05943819467424645, 109.31062037146238;;;;;;;;;;;;;;;;;;;;;;;;
;;;;;Gang Keluarga;74,22;;-0.060702021818858094, 109.30705764781968;;;;;;;;;;;;;;;;;;;;;;;;;;;;
;;;;;Gang Tengah;88,07;;-0.06101477371404505, 109.30672008067228;;;;;;;;;;;;;;;;;;;;;;;;;;;;
;;;;;Jalan Kurnia;537,72;Ujung 1;-0.06316150694436311, 109.3078545531689;Jalan Kurnia Jaya;236,27;;-0.06375806429961597, 109.30770365521792;;;;;;;;;;;;;;;;;;;;;;;;
;;;;;;;Ujung 2;-0.06410577482729857, 109.30946262260495;Gang Ilahi;228,29;;-0.06530363243960743, 109.30738005555875;;;;;;;;;;;;;;;;;;;;;;;;
;;;;;;;;;Gang Usaha Kita;84,09;;-0.0630348354322609, 109.3089685983583;;;;;;;;;;;;;;;;;;;;;;;;
;;;;;Gang Mekar Melati;38,63;;-0.06243948951995644, 109.30530506585544;;;;;;;;;;;;;;;;;;;;;;;;;;;;
;;;;;Jalan Gn. Kota;347,38;;-0.06393119169580205, 109.3072391428997;Jalan Gn. Kota Jalur 1;129,53;;-0.06353652567988544, 109.30466532231638;;;;;;;;;;;;;;;;;;;;;;;;
;;;;;;;;;Jalan Gn. Kota Jalur 2;135,85;;-0.0635041673255434, 109.30519594673623;;;;;;;;;;;;;;;;;;;;;;;;
;;;;;Gang Batas Kota;546,99;Ujung 1;-0.06455711966834445, 109.30558170724106;;;;;;;;;;;;;;;;;;;;;;;;;;;;
;;;;;;;Ujung 2;-0.0659366113167898, 109.30769978727568;;;;;;;;;;;;;;;;;;;;;;;;;;;;
"Pontianak
Kota";Jalan Tanjung Pura;233,81;;-0.026010177209982787, 109.34222541142125;Jalan Diponegoro;651,57;Ujung 1;-0.027957082626534673, 109.34141952817947;Jalan H. Agus Salim;78,38;;-0.027666320675284135, 109.34139194839585;;;;;;;;;;;;;;;;;;;;;;;;
;;;;;;;Ujung 2;-0.02915842813688498, 109.33955266574416;Jalan Antasari;304,07;;-0.026926340802801197, 109.33996535781192;;;;;;;;;;;;;;;;;;;;;;;;
;;;;;;;;;Gang Pati;158,43;;-0.02862743244142183, 109.33927268952873;;;;;;;;;;;;;;;;;;;;;;;;
;;;;;;;;;Jalan Pattimura;643,67;Ujung 1;-0.029065931953859127, 109.33894961870803;Jalan Wolter Monginsidi;408,06;;-0.029015749940834727, 109.33676225525645;;;;;;;;;;;;;;;;;;;;
;;;;;;;;;;;Ujung 2;-0.028500026622027143, 109.33866623823019;Jalan Pattimura Indah;302;;-0.028753133683729528, 109.33595939174296;;;;;;;;;;;;;;;;;;;;
;;;;;;;;;;;;;Jalan A.R. Hakim;415,58;;-0.02533704666997873, 109.33652634867667;Gang A.R. Hakim Dalam;;;-0.027705976448869008, 109.33519704575917;;;;;;;;;;;;;;;;
;;;;;;;;;;;;;Jalan R.A. Kartini;457,75;;-0.026081263210261166, 109.33543176205264;;;;;;;;;;;;;;;;;;;;
;;;;;;;;;;;;;Jalan Jendral Urip;642,3;Ujung 1;-0.02468324438390292, 109.33584533622216;Jalan Kutilang;406,82;;-0.02383770292640598, 109.33232902049905;Gang Kutilang Indah;77,07;;-0.025123396554357916, 109.3332365431311;;;;;;;;;;;;
;;;;;;;;;;;;;;;Ujung 2;-0.02549322447506497, 109.33345321369693;;;;;Gang Kutilang 1;120,01;;-0.02443336956496668, 109.33226994581501;;;;;;;;;;;;
;;;;;;;;;;;;;;;;;;;;;Gang Kutilang Maju;64,73;;-0.023160327449974476, 109.3317274632397;;;;;;;;;;;;
;;;;;;;;;;;;;;;;;Gang Kemuning;182,23;;-0.026037407988287457, 109.33350054236482;;;;;;;;;;;;;;;;
;;;;;;;;;;;;;;;;;Jalan Cendrawasih;506,83;Ujung 1;-0.024274285852634945, 109.33132661232696;Gang Cendrawasih 1;133,61;;-0.02465120807609081, 109.33304475892362;;;;;;;;;;;;
;;;;;;;;;;;;;;;;;;;Ujung 2;-0.023247465056902266, 109.33003898662177;;;;;;;;;;;;;;;;
;;;;;;;;;Jalan Zainuddin;280,2;;-0.023393834532351845, 109.33704870152407;Jalan Tamar;200,59;;-0.023702824492626114, 109.33576026141019;;;;;;;;;;;;;;;;;;;;
;;;;;Jalan Hos Cokroaminoto;847,15;Ujung 1;-0.029443548894793014, 109.33535811779835;Jalan Teuku Umar;646,48;Ujung 1;-0.031076086945160137, 109.33538733852976;Jalan Komplek Pontianak Mall;151,82;;-0.031018445330646533, 109.3363496034536;Jalan Komplek Pontianak Mall Blok B-C;99,27;;-0.03159985074639195, 109.33578063603261;;;;;;;;;;;;;;;;
;;;;;;;Ujung 2;-0.027951471092169913, 109.3336238961829;;;Ujung 2;-0.032303680607425715, 109.33411543539466;;;;;Jalan Komplek Pontianak Mall Blok A-B;97,56;;-0.032058880548973705, 109.33556938091346;;;;;;;;;;;;;;;;
;;;;;;;;;;;;;;;;;Jalan Komplek Pontianak Mall Blok A-AA;95,32;;-0.03196386539030346, 109.33494227208162;Jalan Komplek Pontianak Mall Blok AA;207,21;;-0.03284233772730232, 109.33511405590816;;;;;;;;;;;;
;;;;;;;;;;;;;Gang Sa'aman;121,55;;-0.0310954278016292, 109.33425265804293;;;;;;;;;;;;;;;;;;;;
;;;;;;;;;;;;;Gang Tiga;126,13;;-0.03174829712809419, 109.33367628073921;;;;;;;;;;;;;;;;;;;;
;;;;;;;;;;;;;Gang Upin Ipin;136,8;;-0.03266884574247921, 109.33299734677502;;;;;;;;;;;;;;;;;;;;
;;;;;;;;;;;;;Gang Dua;133,85;;-0.03265805929684864, 109.33234363915554;;;;;;;;;;;;;;;;;;;;
;;;;;;;;;;;;;Gang Satu;137,52;;-0.03325453831764774, 109.33222804129294;;;;;;;;;;;;;;;;;;;;
;;;;;;;;;Gang Aren;113,03;;-0.02915357890455883, 109.33628722994074;Gang Beringin 2;99,34;;-0.030484413157122716, 109.33374073773749;;;;;;;;;;;;;;;;;;;;
;;;;;;;;;Jalan Beringin;623,45;Ujung 1;-0.0304016964193608, 109.33458189995326;Gang Beringin 8;92,67;;-0.031299973566077825, 109.3340937641556;;;;;;;;;;;;;;;;;;;;
;;;;;;;;;;;Ujung 2;-0.03216945713827418, 109.33251776168467;Gang Beringin 3;65,77;;-0.031213207194154012, 109.33326549940702;;;;;;;;;;;;;;;;;;;;
;;;;;;;;;;;;;Gang Beringin 4;62,94;;-0.03147234353677896, 109.33259786530036;;;;;;;;;;;;;;;;;;;;
;;;;;;;;;;;;;Gang Beringin I;121,94;;-0.03196709645303293, 109.33149064071434;;;;;;;;;;;;;;;;;;;;
;;;;;;;;;;;;;Gang Beringin 12;66,72;;-0.03230616944675472, 109.33138057081497;;;;;;;;;;;;;;;;;;;;
;;;;;;;;;Gang Nusa Indah;52,1;;-0.029224535498105046, 109.33572816375519;;;;;;;;;;;;;;;;;;;;;;;;
;;;;;;;;;Gang Ramin;214,25;;-0.028400919672634757, 109.33607922509621;;;;;;;;;;;;;;;;;;;;;;;;
;;;;;;;;;Jalan Meranti;573,58;Ujung 1;-0.02900214457932247, 109.33413197865079;Gang Meranti 2;161,21;;-0.029963265605047175, 109.33402052661363;;;;;;;;;;;;;;;;;;;;
;;;;;;;;;;;Ujung 2;-0.03124253969722835, 109.33148581714083;Jalan Meranti 1;59,93;;-0.028924346033693694, 109.3334899149312;;;;;;;;;;;;;;;;;;;;
;;;;;;;;;;;;;Gang Meranti 3;75,5;;-0.02931584699583281, 109.33286029336497;;;;;;;;;;;;;;;;;;;;
;;;;;;;;;;;;;Jalan Meranti 6;90,57;;-0.030377098270552454, 109.33309599004477;;;;;;;;;;;;;;;;;;;;
;;;;;;;;;;;;;Gang Meranti 5;77,98;;-0.029788206994823777, 109.33252527995131;;;;;;;;;;;;;;;;;;;;
;;;;;;;;;;;;;Gang Meranti 8;79,36;;-0.03069471303707281, 109.33285329495233;;;;;;;;;;;;;;;;;;;;
;;;;;;;;;;;;;Jalan Meranti 7;83,95;;-0.03004071021150289, 109.33198646365892;;;;;;;;;;;;;;;;;;;;
;;;;;;;;;;;;;Gang Meranti 10;81,74;;-0.031191249166485878, 109.33246544701466;;;;;;;;;;;;;;;;;;;;
;;;;;;;;;;;;;Jalan Meranti 9;147,53;;-0.03040879975362541, 109.33139604121907;;;;;;;;;;;;;;;;;;;;
;;;;;;;;;;;;;Gang Meranti 11;48,23;;-0.030802647729491234, 109.33137731931232;;;;;;;;;;;;;;;;;;;;
;;;;;;;;;;;;;Jalan Meranti 13;133,41;;-0.030438445309384384, 109.33087265508345;;;;;;;;;;;;;;;;;;;;
;;;;;;;;;;;;;Jalan Meranti 11;45,78;;-0.03165522943823301, 109.33124026472585;;;;;;;;;;;;;;;;;;;;
;;;;;;;;;;;;;Gang Meranti 14;45,78;;-0.031643787840359545, 109.33123515912085;;;;;;;;;;;;;;;;;;;;
;;;;;;;;;;;;;Gang Meranti 15;124,83;;-0.030454282354542766, 109.33053778477704;;;;;;;;;;;;;;;;;;;;
;;;;;;;;;Gang Palem;215,58;;-0.027293551607409105, 109.33451995233729;;;;;;;;;;;;;;;;;;;;;;;;
;;;;;;;;;Gang Meranti 1;57,42;;-0.028552929104903507, 109.33351222096411;;;;;;;;;;;;;;;;;;;;;;;;
;;;;;;;;;Jalan Cendana;516,83;Ujung 1;-0.02846661564859722, 109.3326569495009;Gang Cendana 10;68,32;;-0.028543616042946956, 109.33312247401959;;;;;;;;;;;;;;;;;;;;
;;;;;;;;;;;Ujung 2;-0.030346501971759986, 109.32991457371233;Gang Cendana 9;114,89;;-0.028500502564517066, 109.33126325905347;;;;;;;;;;;;;;;;;;;;
;;;;;;;;;;;;;Gang Cendana 8;98,8;;-0.029703676682289605, 109.33190731691327;;;;;;;;;;;;;;;;;;;;
;;;;;;;;;;;;;Gang Cendana 6;106,32;;-0.029876531587875635, 109.33174858100689;;;;;;;;;;;;;;;;;;;;
;;;;;;;;;;;;;Gang Cendana 5;55,72;;-0.029088156204653486, 109.33086542844731;;;;;;;;;;;;;;;;;;;;
;;;;;;;;;;;;;Jalan Cendana 4;;;-0.03007194251447951, 109.33095627725078;;;;;;;;;;;;;;;;;;;;
;;;;;;;;;Gang Kasut;44,73;;-0.027861054160457855, 109.33277980081742;;;;;;;;;;;;;;;;;;;;;;;;
;;;;;;;;;Gang Bungur;200,44;;-0.02728692016589775, 109.333702134129;;;;;;;;;;;;;;;;;;;;;;;;
;;;;;;;;;Gang Bersatu;395,5;;-0.029098416996678634, 109.33001956831647;;;;;;;;;;;;;;;;;;;;;;;;
;;;;;;;;;Gang Madu;85,27;;-0.027433495611702167, 109.33173069181434;;;;;;;;;;;;;;;;;;;;;;;;
;;;;;;;;;Gang Sambas 2;49,45;;-0.027034009895354892, 109.33172388319952;;;;;;;;;;;;;;;;;;;;;;;;
;;;;;;;;;Gang Sambas 1;86;;-0.027064714289649208, 109.33126649087282;;;;;;;;;;;;;;;;;;;;;;;;
;;;;;Jalan Indragiri Barat;181,82;;-0.026359770112847958, 109.34401498022804;;;;;;;;;;;;;;;;;;;;;;;;;;;;
;;;;;Jalan Teuku Cik Ditiro;269,43;;-0.02739282901683581, 109.34088317005141;;;;;;;;;;;;;;;;;;;;;;;;;;;;
;;;;;Jalan Asahan;184,68;;-0.025667962419793435, 109.34359221653781;;;;;;;;;;;;;;;;;;;;;;;;;;;;
;;;;;Jalan Sisingamangaraja;499,65;;-0.027242786715374338, 109.3397863797564;;;;;;;;;;;;;;;;;;;;;;;;;;;;
;;;;;Jalan Batanghari Timur;187,82;;-0.02513013657274171, 109.34297269097691;;;;;;;;;;;;;;;;;;;;;;;;;;;;
;;;;;Jalan Batanghari;187,46;;-0.025357163746771803, 109.34247721060635;Jalan Sadang;60,84;;-0.02515717557595236, 109.34210941673071;;;;;;;;;;;;;;;;;;;;;;;;
;;;;;Jalan Ir. H. Juanda;367,29;;-0.02662112755422033, 109.3393905448279;;;;;;;;;;;;;;;;;;;;;;;;;;;;
;Jalan Rahadi Usman;665,48;Ujung 1;-0.023694067154752894, 109.34033575462;Jalan Serayu;182,75;;-0.024682076694814772, 109.3424176307504;Jalan Serayu Dalam;46,22;;-0.024686776477939883, 109.34276422344583;;;;;;;;;;;;;;;;;;;;;;;;
;;;Ujung 2;-0.024823931090982368, 109.3413084135443;Jalan Nusa Indah III;363,19;;-0.025438137504475343, 109.34049032863457;Jalan Pangeran Antasari;88,51;;-0.02557457143492011, 109.33940368845452;;;;;;;;;;;;;;;;;;;;;;;;
;;;;;Jalan Gst Ngurah Rai;181,52;;-0.023908557211316926, 109.34213811933436;;;;;;;;;;;;;;;;;;;;;;;;;;;;
;;;;;Jalan Sultan Moh.;355,22;;-0.02575773296353547, 109.34408761980946;;;;;;;;;;;;;;;;;;;;;;;;;;;;
;;;;;Jalan Nusa Indah 2;366,98;;-0.02564504887063918, 109.33854571718106;;;;;;;;;;;;;;;;;;;;;;;;;;;;
;;;;;Jalan Kapten Marsan;234,06;;-0.02367083732876028, 109.34194454583515;;;;;;;;;;;;;;;;;;;;;;;;;;;;
;;;;;Jalan Nusa Indah 1;340,16;;-0.02484806710723105, 109.33884936199013;;;;;;;;;;;;;;;;;;;;;;;;;;;;
;;;;;Jalan Nusa Indah Baru;370,13;;-0.024372792083858258, 109.3387537992036;;;;;;;;;;;;;;;;;;;;;;;;;;;;
;;;;;Jalan Bardan Nadi;167,06;;-0.022946424173778235, 109.34061605744445;;;;;;;;;;;;;;;;;;;;;;;;;;;;
;;;;;Jalan Jend. Sudirman;306,98;;-0.02425786086321659, 109.33769632290571;;;;;;;;;;;;;;;;;;;;;;;;;;;;
;;;;;Jalan Penyeberangan Bardan;168,55;;-0.02216493602036626, 109.3402052813501;;;;;;;;;;;;;;;;;;;;;;;;;;;;
;Jalan Pak Kasih;608,48;Ujung 1;-0.019820080654171703, 109.33548095925464;Jalan Tj. Pura;111,47;;-0.020705331370148038, 109.3369152603864;;;;;;;;;;;;;;;;;;;;;;;;;;;;
;;;Ujung 2;-0.01819394392759201, 109.33343623866696;Jalan Rajawali;548,3;Ujung 1;-0.022317260101245646, 109.33418149448352;Jalan Sidas;412,17;;-0.02107387360778098, 109.33571757084471;Jalan Husin;65,29;;-0.02152002097518958, 109.33655144724324;;;;;;;;;;;;;;;;;;;;
;;;;;;;Ujung 2;-0.023712880334173084, 109.33325533272783;Jalan Fatimah;252,13;;-0.023475564365929208, 109.33493002129191;;;;;;;;;;;;;;;;;;;;;;;;
;;;;;;;;;Jalan Kenari;317,22;;-0.021671330312934563, 109.33422538440168;Gang Merak II Dalam;314,86;;-0.02299341274527694, 109.3324581386022;;;;;;;;;;;;;;;;;;;;
;;;;;;;;;;;;;Gang Aries;82,9;;-0.021550005649411078, 109.3329712522757;;;;;;;;;;;;;;;;;;;;
;;;;;;;;;;;;;Gang Perleng;100,61;;-0.02017468829162504, 109.33392681911022;;;;;;;;;;;;;;;;;;;;
;;;;;;;;;;;;;Gang Merak 1;437,9;;-0.02157858007557198, 109.33244447398181;Gang Merak 1 Dalam;101,68;;-0.020907007942160466, 109.33268423777864;;;;;;;;;;;;;;;;
;;;;;;;;;;;;;;;;;Gang Merak 4;197,82;;-0.02103096536489602, 109.33090515028593;;;;;;;;;;;;;;;;
;;;;;;;;;;;;;Gang Kasturi Raja;192,53;;-0.02133075086028906, 109.33179962409085;;;;;;;;;;;;;;;;;;;;
;;;;;;;;;Jalan Taslim;134,63;;-0.022833551961097646, 109.33449699697306;;;;;;;;;;;;;;;;;;;;;;;;
;;;;;;;;;Jalan Nurali;338,2;;-0.024273683056075163, 109.33557625183171;;;;;;;;;;;;;;;;;;;;;;;;
;;;;;;;;;Jalan Nurali Dalam;89,36;;-0.022993784732545704, 109.33301383339429;;;;;;;;;;;;;;;;;;;;;;;;
;;;;;;;;;Gang Perkutut;83,2;;-0.02343546465243023, 109.3330647899357;;;;;;;;;;;;;;;;;;;;;;;;
;;;;;Gang Merak II;241,01;;-0.020882408390752952, 109.33400598008222;;;;;;;;;;;;;;;;;;;;;;;;;;;;
;;;;;Gang Merak 3;227,1;;-0.019429389723472138, 109.33396413781152;;;;;;;;;;;;;;;;;;;;;;;;;;;;
;;;;;Gang Lembah Murai 1;233,02;;-0.019944044790587468, 109.33304434013046;;;;;;;;;;;;;;;;;;;;;;;;;;;;
;;;;;Jalan Lembah Murai;419,35;;-0.020949548268975708, 109.3314967248841;Gang Lembah Murai 3;214,93;;-0.01948239007266488, 109.33234340801293;;;;;;;;;;;;;;;;;;;;;;;;
;;;;;;;;;Gang Lembah Murai IV;148,65;;-0.019293387954978543, 109.33180238241448;;;;;;;;;;;;;;;;;;;;;;;;
;;;;;Gang Kepondang;92,66;;-0.018527659554869746, 109.33256445978249;;;;;;;;;;;;;;;;;;;;;;;;;;;;
;;;;;Jalan Puyuh;443,31;;-0.018786874086037318, 109.32974933530292;Gang Puyuh;193,97;;-0.01996552429679383, 109.33144855292419;;;;;;;;;;;;;;;;;;;;;;;;
;;;;;;;;;Gang Puyuh 3A;318,43;;-0.01922629064348037, 109.3307883501549;;;;;;;;;;;;;;;;;;;;;;;;
;;;;;;;;;Jalan Merdeka;930,46;Ujung 1;-0.02370563406214253, 109.32940165813885;Gang Pelatuk;223,36;;-0.01966550796499873, 109.32984484031627;;;;;;;;;;;;;;;;;;;;
;;;;;;;;;;;Ujung 2;-0.025579930518850973, 109.33075360136814;Gang Kasuari 1;114,9;;-0.020254595103317636, 109.32829308351536;;;;;;;;;;;;;;;;;;;;
;;;;;;;;;;;;;Gang Punai;199,27;;-0.020322601329585906, 109.33024738655085;;;;;;;;;;;;;;;;;;;;
;;;;;;;;;;;;;Gang Kasuari 2;135,68;;-0.020822323940873088, 109.32859520156677;;;;;;;;;;;;;;;;;;;;
;;;;;;;;;;;;;Gang Murai;146,34;;-0.020741032961070337, 109.33029017400337;;;;;;;;;;;;;;;;;;;;
;;;;;;;;;;;;;Gang Balam;161,43;;-0.020982841358479585, 109.33036384928488;;;;;;;;;;;;;;;;;;;;
;;;;;;;;;;;;;Gang Gelatik;139,84;;-0.02131165951535776, 109.32826926027715;;;;;;;;;;;;;;;;;;;;
;;;;;;;;;;;;;Jalan Camar;375,54;;-0.022126239470356825, 109.3265361612789;;;;;;;;;;;;;;;;;;;;
;;;;;;;;;;;;;Gang Kakak Tua;209,08;;-0.02149852625941806, 109.33028499121224;;;;;;;;;;;;;;;;;;;;
;;;;;;;;;;;;;Gang Ruwai;193,92;;-0.022296116699900802, 109.32807731242887;;;;;;;;;;;;;;;;;;;;
;;;;;;;;;;;;;Gang Bangau;250,2;;-0.023064805886237626, 109.33078907602673;;;;;;;;;;;;;;;;;;;;
;;;;;;;;;;;;;Gang Merpati;174,57;;-0.02250843438066002, 109.3278786591889;;;;;;;;;;;;;;;;;;;;
;;;;;;;;;;;;;Gang Nuri;399,33;;-0.02326703114746804, 109.32690038920428;;;;;;;;;;;;;;;;;;;;
;;;;;;;;;;;;;Gang Aman;234,93;;-0.023535015827248755, 109.32867168560796;;;;;;;;;;;;;;;;;;;;
;;;;;;;;;;;;;Gang Bayan;213,49;;-0.024122688199096586, 109.32884317184953;;;;;;;;;;;;;;;;;;;;
;;;;;;;;;;;;;Gang Belibis;338,95;;-0.02566365940249362, 109.32724795329942;;;;;;;;;;;;;;;;;;;;
;;;;;;;;;;;;;Jalan Kaki;46,88;;-0.024193864466226653, 109.32984990888845;;;;;;;;;;;;;;;;;;;;
;;;;;;;;;;;;;Gang Pipit;302,36;;-0.02644062740514012, 109.32840340936032;;;;;;;;;;;;;;;;;;;;
;;;;;;;;;;;;;Gang Amal;380,69;;-0.025678990002383183, 109.32946020209612;;;;;;;;;;;;;;;;;;;;
;;;;;;;;;;;;;Gang Merak;149,74;;-0.024134364109642044, 109.33072769135056;;;;;;;;;;;;;;;;;;;;
;;;;;;;;;;;;;Gang Buntu;95,5;;-0.025871809980927002, 109.32974040932598;;;;;;;;;;;;;;;;;;;;
;;;;;;;;;;;;;Gang Parkit;207,44;;-0.024935058000298438, 109.33168748897975;;;;;;;;;;;;;;;;;;;;
;;;;;;;;;;;;;Gang Merdeka;245,87;;-0.026889354479294473, 109.32914580333374;;;;;;;;;;;;;;;;;;;;
;Jalan H. Rais A. Rachman (Pontianak Barat) ;;;;Gang Bukit Selindung;129,39;;-0.02016068411397472, 109.32604768478963;;;;;;;;;;;;;;;;;;;;;;;;;;;;
;;;;;Gang Bukit Mutiara;190,49;;-0.020298174065123322, 109.32579026318919;;;;;;;;;;;;;;;;;;;;;;;;;;;;
;;;;;Gang Bukit Siguntang;186,46;;-0.019803266643375148, 109.32514770436204;;;;;;;;;;;;;;;;;;;;;;;;;;;;
;;;;;Gang Bukit Kelam;190,78;;-0.020202475897016677, 109.32487580558107;;;;;;;;;;;;;;;;;;;;;;;;;;;;
;;;;;Gang Bukit Seruwai;184,19;;-0.020450470128789134, 109.32459825959172;;;;;;;;;;;;;;;;;;;;;;;;;;;;
;;;;;Gang Gn. Palong;197,36;;-0.020568697028436403, 109.32415944083542;;;;;;;;;;;;;;;;;;;;;;;;;;;;
;;;;;Gang Gn. Palong 2;97,28;;-0.02058982650275569, 109.32386143445743;;;;;;;;;;;;;;;;;;;;;;;;;;;;
;;;;;Gang Bukit Rangga;208,92;;-0.02095768585154614, 109.3237538667472;;;;;;;;;;;;;;;;;;;;;;;;;;;;
;;;;;Gang Bukit Sebedang;220,99;;-0.0215971920511438, 109.32331239329929;;;;;;;;;;;;;;;;;;;;;;;;;;;;
;;;;;Gang Bukit Gading;216,3;;-0.020447918770912475, 109.3221692947781;;;;;;;;;;;;;;;;;;;;;;;;;;;;
;;;;;Gang Bukit Gading 2;224,64;;-0.021983068864202177, 109.32218218944506;;;;;;;;;;;;;;;;;;;;;;;;;;;;
;;;;;Jalan Bukit Barisan;375,02;;-0.021379811626710217, 109.32152855841917;;;;;;;;;;;;;;;;;;;;;;;;;;;;
;;;;;Gang Tenaga Baru 1;270,18;;-0.02288691445096898, 109.32020446661177;;;;;;;;;;;;;;;;;;;;;;;;;;;;
;;;;;Gang Gn. Malabar 2;149,03;;-0.02209160119116558, 109.31852099699951;;;;;;;;;;;;;;;;;;;;;;;;;;;;
;;;;;Gang Waspada 1;374,97;;-0.022610072423368415, 109.31736461063846;;;;;;;;;;;;;;;;;;;;;;;;;;;;
;;;;;Gang Waspada 2;372,47;;-0.024392388356272235, 109.31709742568567;;;;;;;;;;;;;;;;;;;;;;;;;;;;
;;;;;Gang Waspada III;374,98;;-0.021810989515043896, 109.31618242998832;;;;;;;;;;;;;;;;;;;;;;;;;;;;
;;;;;Gang Waspada IV;373,56;;-0.023888184926205546, 109.31621393216518;;;;;;;;;;;;;;;;;;;;;;;;;;;;
;;;;;Gang Waspada V;373,49;;-0.023801156957272293, 109.31583698616424;;;;;;;;;;;;;;;;;;;;;;;;;;;;
;;;;;Gang Nusa;343,21;;-0.02444168730498088, 109.31492162818002;;;;;;;;;;;;;;;;;;;;;;;;;;;;
;;;;;Gang Bukit Tinggi;345,24;;-0.02385227410473264, 109.3141508747921;;;;;;;;;;;;;;;;;;;;;;;;;;;;
;;;;;Gang Kodrat;353,95;;-0.024214523982129706, 109.3132904231009;;;;;;;;;;;;;;;;;;;;;;;;;;;;
;;;;;Jalan Komplek Pawan Permai;348,76;;-0.02405534841894099, 109.31225846305935;;;;;;;;;;;;;;;;;;;;;;;;;;;;
;;;;;Gang Panti Jaya;347,75;;-0.023243429271969564, 109.3112868562092;;;;;;;;;;;;;;;;;;;;;;;;;;;;
;;;;;Gang Janur;349,69;;-0.024137207987458314, 109.3111024038731;;;;;;;;;;;;;;;;;;;;;;;;;;;;
;;;;;Gang Margodadirejo 2;734,56;Ujung 1;-0.02440068660558018, 109.31074442723701;Gang Margodadirejo 2A;459,27;;-0.02707617933156934, 109.31080392146927;;;;;;;;;;;;;;;;;;;;;;;;
;;;;;;;Ujung 2;-0.0274607076298231, 109.30844222506632;Gang Margodadirejo 2CC;177,09;;-0.02567400184365755, 109.3090285640429;;;;;;;;;;;;;;;;;;;;;;;;
;;;;;;;;;Gang Margodadirejo 2B;377,63;;-0.029637247739511246, 109.30990723760308;;;;;;;;;;;;;;;;;;;;;;;;
;;;;;;;;;Gang Margodadirejo 2C;271,51;;-0.025003846764719097, 109.30852378213731;;;;;;;;;;;;;;;;;;;;;;;;
;;;;;;;;;Gang Margodadirejo 2D;306,4;;-0.025036783559124004, 109.30797577763684;;;;;;;;;;;;;;;;;;;;;;;;
;;;;;Gang Mekar Jaya 1;176,21;;-0.024823737465454358, 109.3106258156315;;;;;;;;;;;;;;;;;;;;;;;;;;;;
;;;;;Gang Mekar Jaya 2;359,06;;-0.02592362419165167, 109.31074128518405;;;;;;;;;;;;;;;;;;;;;;;;;;;;
;;;;;Gang Kemuning;290,86;;-0.025941942597446394, 109.310557013199;;;;;;;;;;;;;;;;;;;;;;;;;;;;
;;;;;Gang Cahaya Baru;361,15;;-0.02611484499694509, 109.3102912787917;;;;;;;;;;;;;;;;;;;;;;;;;;;;
;Jalan Puskesmas Pal III (Pontianak Barat);;;;Gang Melati 2;39,13;;-0.024608414171118764, 109.30767642991472;;;;;;;;;;;;;;;;;;;;;;;;;;;;
;;;;;Gang Melati 1;153,64;;-0.025008813985446153, 109.3076040784608;;;;;;;;;;;;;;;;;;;;;;;;;;;;
;;;;;Gang Usman Gani;391,18;;-0.026488924692094042, 109.3072455049145;;;;;;;;;;;;;;;;;;;;;;;;;;;;
;;;;;Gang Sejati I;389,88;;-0.027788286044932987, 109.30680766023276;;;;;;;;;;;;;;;;;;;;;;;;;;;;
;;;;;Gang Sejati 2;390,34;;-0.02735166392214607, 109.30632430866066;;;;;;;;;;;;;;;;;;;;;;;;;;;;
;;;;;Jalan Al-Hikmah 2;393,7;;-0.026944929598834, 109.30521244708477;;;;;;;;;;;;;;;;;;;;;;;;;;;;
;Jalan Pal 4 (Pontianak Barat);;;;Gang Ikhwan;393,29;;-0.03205869086097239, 109.29976620900973;;;;;;;;;;;;;;;;;;;;;;;;;;;;
;;;;;Gang Hanura;392;;-0.030634180661484045, 109.29835689450407;;;;;;;;;;;;;;;;;;;;;;;;;;;;
;Jalan Kh. A. Dahlan;1050;Ujung 1;-0.03426214909421885, 109.33191272888237;Gang Ruper 1;358,94;;-0.03508375900035091, 109.32920533529078;;;;;;;;;;;;;;;;;;;;;;;;;;;;
;;;Tengah 1;-0.033796135870950414, 109.33162069275582;Gang Ruper II;391,14;;-0.03445136783515899, 109.3292231910654;;;;;;;;;;;;;;;;;;;;;;;;;;;;
;;;Tengah 2;-0.03210824906998783, 109.33057162396813;Gang Margosari;359,8;;-0.033998130503341766, 109.32852176352867;;;;;;;;;;;;;;;;;;;;;;;;;;;;
;;;Tengah 3;-0.029073182327914664, 109.32867522270564;Gang Wijayasari;359,5;;-0.03160316089178158, 109.32978859310589;;;;;;;;;;;;;;;;;;;;;;;;;;;;
;;;Ujung 2;-0.02817102856693313, 109.32819861829239;Gang Balsa;86,87;;-0.03073251979568978, 109.33047255563798;;;;;;;;;;;;;;;;;;;;;;;;;;;;
;;;;;Jalan Wan Sagaf;364,81;;-0.032299228896471986, 109.3280494217682;;;;;;;;;;;;;;;;;;;;;;;;;;;;
;;;;;Gang Madrasah II;246,41;;-0.03134659794186523, 109.32823242178797;;;;;;;;;;;;;;;;;;;;;;;;;;;;
;;;;;Gang Jeruk;262,17;;-0.03077649869783239, 109.32743968634634;;;;;;;;;;;;;;;;;;;;;;;;;;;;
;;;;;Gang Mubarak;205,9;;-0.029972232958953512, 109.32773300722478;;;;;;;;;;;;;;;;;;;;;;;;;;;;
;;;;;Jalan Johar;430,61;;-0.02792030758964177, 109.32974371967155;Gang Delima;146,59;;-0.026240726648062155, 109.33079197698669;;;;;;;;;;;;;;;;;;;;;;;;
;;;;;;;;;Gang Sambas;36,55;;-0.02719024294222317, 109.33110174183243;;;;;;;;;;;;;;;;;;;;;;;;
;;;;;;;;;Gang Intan;115,77;;-0.028091982993559566, 109.33112078790833;;;;;;;;;;;;;;;;;;;;;;;;
;;;;;;;;;Gang Aladin;115,31;;-0.02666372900905744, 109.32988090427114;;;;;;;;;;;;;;;;;;;;;;;;
;;;;;;;;;Gang Pelangi;119,75;;-0.027188631250131434, 109.32934311838888;;;;;;;;;;;;;;;;;;;;;;;;
;;;;;;;;;Gang Batubara;173,92;;-0.02848107678036801, 109.33044765280461;;;;;;;;;;;;;;;;;;;;;;;;
;;;;;;;;;Gang Buntu;128,69;;-0.0283270623194054, 109.3287825056337;;;;;;;;;;;;;;;;;;;;;;;;
;;;;;Jalan Karimata;355,2;;-0.030199452139940054, 109.32671576069494;Jalan Bangka;55,11;;-0.02976353260984994, 109.32690834089155;;;;;;;;;;;;;;;;;;;;;;;;
;;;;;Jalan Karimun;256,53;;-0.029661720221436292, 109.32638480503617;;;;;;;;;;;;;;;;;;;;;;;;;;;;
;;;;;Gang Dodi 2;78,59;;-0.02759994409526244, 109.32871821230394;;;;;;;;;;;;;;;;;;;;;;;;;;;;
;;;;;Gang Dodi;148,49;;-0.027297940387335407, 109.32879930160111;;;;;;;;;;;;;;;;;;;;;;;;;;;;
;;;;;Jalan Alianyang;1390;Ujung 1;-0.028915492044450535, 109.32609200082265;Gang Citarum;75,72;;-0.027442813892325557, 109.32686366744801;;;;;;;;;;;;;;;;;;;;;;;;
;;;;;;;Tengah 1;-0.031160543480262974, 109.32465835194843;Gang Cianjur I;42,94;;-0.027767274862910248, 109.32679258458047;;;;;;;;;;;;;;;;;;;;;;;;
;;;;;;;Tengah 2;-0.03213166413222299, 109.32313275056313;Gang Cianjur II;38,38;;-0.028124144438870728, 109.32649683982795;;;;;;;;;;;;;;;;;;;;;;;;
;;;;;;;Tengah 3;-0.033812018164982416, 109.32085620044741;Gang Candi Agung 4;73,84;;-0.028155742675095668, 109.32617879002369;;;;;;;;;;;;;;;;;;;;;;;;
;;;;;;;Ujung 2;-0.03519285034161786, 109.31924638329326;Gang Candi Agung;90,58;;-0.028033172890671705, 109.32563524465262;;;;;;;;;;;;;;;;;;;;;;;;
;;;;;;;;;Gang Candi Agung 1;130,7;;-0.028950328361286134, 109.32520703165774;;;;;;;;;;;;;;;;;;;;;;;;
;;;;;;;;;Gang Candi Agung 2;126,14;;-0.02864151267327175, 109.32512914483053;;;;;;;;;;;;;;;;;;;;;;;;
;;;;;;;;;Gang Bahagia;194,59;;-0.03253985007258695, 109.32474874283997;;;;;;;;;;;;;;;;;;;;;;;;
;;;;;;;;;Gang Brata III;170,29;;-0.03206151352994676, 109.32196762551325;;;;;;;;;;;;;;;;;;;;;;;;
;;;;;;;;;Gang Balai Desa;241,5;;-0.03329790680782494, 109.3226496779681;;;;;;;;;;;;;;;;;;;;;;;;
;;;;;;;;;Gang Brata II;177,64;;-0.03233968412243721, 109.32130896118572;;;;;;;;;;;;;;;;;;;;;;;;
;;;;;;;;;Gang Brata I;173,46;;-0.032178800369687496, 109.3208234297608;;;;;;;;;;;;;;;;;;;;;;;;
;;;;;;;;;Gang Harapan Jaya;207,78;;-0.032547275182334634, 109.32010127915528;;;;;;;;;;;;;;;;;;;;;;;;
;;;;;;;;;Jalan Komplek Pertanian;211,62;;-0.03496804695624478, 109.32141028563275;;;;;;;;;;;;;;;;;;;;;;;;
;;;;;;;;;Gang Kurnia;438,19;;-0.033837841164087536, 109.31988793012206;;;;;;;;;;;;;;;;;;;;;;;;
;;;;;;;;;Gang Rahayu;578,03;Ujung 1;-0.03560270979945112, 109.32063069585818;;;;;;;;;;;;;;;;;;;;;;;;
;;;;;;;;;;;Ujung 2;-0.038258718054815795, 109.32139190588056;;;;;;;;;;;;;;;;;;;;;;;;
;;;;;;;;;Gang Kencana 2;436,78;;-0.03358543430338116, 109.31874504456455;;;;;;;;;;;;;;;;;;;;;;;;
;;;;;;;;;Gang Jaya Baru;411,29;;-0.03586470790085626, 109.32001417772548;;;;;;;;;;;;;;;;;;;;;;;;
;;;;;;;;;Gang Kencana 1;435,76;;-0.032754065644406756, 109.31703106781322;;;;;;;;;;;;;;;;;;;;;;;;
;;;;;;;;;Gang H. Hasan Yusuf;302,83;;-0.03667230062812102, 109.32012370745493;;;;;;;;;;;;;;;;;;;;;;;;
;;;;;Jalan Pangeran Natakusuma;817,23;Ujung 1;-0.037119003068960515, 109.31727006822186;Gang Rahmah;141,55;;-0.035315370393667486, 109.31741931127549;;;;;;;;;;;;;;;;;;;;;;;;
;;;;;;;Ujung 2;-0.039470475717981984, 109.3151765383252;Gang H. Sario;101,07;;-0.03702943771664276, 109.31860911657205;;;;;;;;;;;;;;;;;;;;;;;;
;;;;;;;;;Gang Selamat Bersama;427,37;;-0.03466931993058268, 109.3158576096501;;;;;;;;;;;;;;;;;;;;;;;;
;;;;;;;;;Gang Rencana;225,25;;-0.03799739552242283, 109.31898145292766;;;;;;;;;;;;;;;;;;;;;;;;
;;;;;;;;;Gang Bambu;427,43;;-0.034295022766902994, 109.3148928849133;;;;;;;;;;;;;;;;;;;;;;;;
;;;;;;;;;Gang Samarukun;341,39;;-0.039064328812395424, 109.31941348119014;;;;;;;;;;;;;;;;;;;;;;;;
;;;;;;;;;Gang Rukun;413,01;;-0.03982536195668242, 109.319594834368;;;;;;;;;;;;;;;;;;;;;;;;
;;;;;;;;;Gang Langgar H. Ali;576,94;Ujung 1;-0.035732400825413166, 109.31537343390927;;;;;;;;;;;;;;;;;;;;;;;;
;;;;;;;;;;;Ujung 2;-0.03388869919241954, 109.3134083298335;;;;;;;;;;;;;;;;;;;;;;;;
;;;;;;;;;Gang Tegal Rejo 1;913,05;Ujung 1;-0.03287880639646403, 109.31286220121038;Gang Tegal Rejo 2;259,15;;-0.03199713608152705, 109.31221116031772;Gang Tegal Rejo 3;365,11;;-0.02958305754999011, 109.3118876395778;;;;;;;;;;;;;;;;
;;;;;;;;;;;Ujung 2;-0.02620484148973436, 109.31280162861799;;;;;Gang Tegal Rejo IIIA;194,49;;-0.030428939876272425, 109.31103796713344;;;;;;;;;;;;;;;;
;;;;;;;;;;;;;;;;;Gang Tegal Rejo IIIb;181,7;;-0.03131642581599219, 109.31063783149457;;;;;;;;;;;;;;;;
;;;;;;;;;;;;;;;;;Gang Tegal Rejo IV;259,14;;-0.030686242120234762, 109.31020125873161;;;;;;;;;;;;;;;;
;;;;;;;;;;;;;Gang Tejo Kusumo;169,09;;-0.030787937435204027, 109.3133403543973;;;;;;;;;;;;;;;;;;;;
;;;;;;;;;;;;;Gang Al Hikmah;170,45;;-0.02592573503349406, 109.31213263506486;Gang Margodadirejo I Dalem;343,88;;-0.028700347478064766, 109.31190490440753;;;;;;;;;;;;;;;;
;;;;;;;;;Gang Airlangga;432,82;;-0.04029197511347709, 109.3196346815841;;;;;;;;;;;;;;;;;;;;;;;;
;;;;;;;;;Gang Lestari;432,78;;-0.040601584337454893, 109.31930341314798;;;;;;;;;;;;;;;;;;;;;;;;
;;;;;;;;;Gang Delima;427,07;;-0.036814660705384646, 109.31556082292582;;;;;;;;;;;;;;;;;;;;;;;;
;;;;;;;;;Gang Jambi 2;536,34;;-0.03699363342081352, 109.31436229218936;;;;;;;;;;;;;;;;;;;;;;;;
;;;;;;;;;;;;-0.035941418652192594, 109.31367988668075;;;;;;;;;;;;;;;;;;;;;;;;
;;;;;;;;;Gang Sekolah;477,63;;-0.040999063810429025, 109.31890249641913;;;;;;;;;;;;;;;;;;;;;;;;
;;;;;;;;;Gang Taman Asri;225,02;;-0.039864940333517396, 109.31745766275485;;;;;;;;;;;;;;;;;;;;;;;;
;;;;;;;;;Gang Siliwangi;473,31;;-0.04124511724260847, 109.3181093573589;Gang Masjid;32,9;;-0.04159520525263752, 109.31800041950181;;;;;;;;;;;;;;;;;;;;
;;;;;;;;;Gang Jambi;427,51;;-0.03656750638626119, 109.31319825535563;Gang Jambi Jalur 1;72,56;;-0.037470280201708485, 109.31470966982938;;;;;;;;;;;;;;;;;;;;
;;;;;;;;;Gang Siliwangi I;360,26;;-0.04148945485554696, 109.31769063302119;;;;;;;;;;;;;;;;;;;;;;;;
;;;;;;;;;Gang Kusuma;243,6;;-0.03805022168618483, 109.31405510851869;;;;;;;;;;;;;;;;;;;;;;;;
;;;;;;;;;Gang Rajawali;411,85;;-0.042089110718149775, 109.31768793461447;;;;;;;;;;;;;;;;;;;;;;;;
;;;;;;;;;Gang Sumur Bor;246,64;;-0.03828119301895231, 109.31356321974837;;;;;;;;;;;;;;;;;;;;;;;;
;;;;;;;;;Gang Melati;602,53;Ujung 1;-0.040837243070901044, 109.31621401868014;Gang Pada Rukun;39,62;;-0.04086145984078426, 109.31571729828019;;;;;;;;;;;;;;;;;;;;
;;;;;;;;;;;Ujung 2;-0.04323279548769546, 109.31787168302348;;;;;;;;;;;;;;;;;;;;;;;;
;;;;;;;;;Gang Karang Anyar;615,95;Ujung 1;-0.04224176034583586, 109.31605705585447;Jalur 1;39,27;;-0.04151266716211567, 109.31504054618497;;;;;;;;;;;;;;;;;;;;
;;;;;;;;;;;Ujung 2;-0.044201204291740195, 109.31714325796342;;;;;;;;;;;;;;;;;;;;;;;;
;;;;;;;;;Gang Taman Siswa;252,17;;-0.038820147925690746, 109.3128677420799;;;;;;;;;;;;;;;;;;;;;;;;
;;;;;;;;;Gang Lido;107,66;;-0.041417327351519595, 109.31470084052962;Gang Sarikaton II;159,22;;-0.04495664986743457, 109.31528610117712;;;;;;;;;;;;;;;;;;;;
;;;;;Jalan Danau Sentarum;2020;Ujung 1;-0.043108654863025585, 109.31205785283036;Jalan Komplek Alexis;176,67;;-0.04093008546655302, 109.31173545045381;;;;;;;;;;;;;;;;;;;;;;;;
;;;;;;;Tengah 1;-0.0461228435537161, 109.30957471536836;Jalan Komplek Bank Duta;168,86;;-0.04321256065260825, 109.31381637949804;;;;;;;;;;;;;;;;;;;;;;;;
;;;;;;;Tengah 2;-0.048825136184183396, 109.30752811024303;Jalan Komplek Kehutanan;166,06;;-0.04308335943921704, 109.31328662203556;;;;;;;;;;;;;;;;;;;;;;;;
;;;;;;;Tengah 3;-0.05230008428863766, 109.30583676774111;Gang Nurhadi 1;389,12;;-0.045298620223956206, 109.31466657820103;;;;;;;;;;;;;;;;;;;;;;;;
;;;;;;;Ujung 2;-0.05421530922076198, 109.30446403840654;Gang Budi Mulya;441,91;;-0.040999772908594204, 109.309418375499;;;;;;;;;;;;;;;;;;;;;;;;
;;;;;;;;;Gang Nurhadi II;244,62;;-0.04443985777243582, 109.31348027678351;;;;;;;;;;;;;;;;;;;;;;;;
;;;;;;;;;Gang Nurhadi 3;462,4;;-0.04412344800405503, 109.31261249587901;;;;;;;;;;;;;;;;;;;;;;;;
;;;;;;;;;Jalan Suka Mulia;1500;Ujung 1;-0.042481428354545894, 109.31029049574863;Gang Sukamulya 4;330,11;;-0.04305303357091575, 109.30767327673192;;;;;;;;;;;;;;;;;;;;
;;;;;;;;;;;Tengah;-0.03894588388876535, 109.30612894336547;Gang Sukamulya 6;205,31;;-0.04251786253354364, 109.30756404278088;;;;;;;;;;;;;;;;;;;;
;;;;;;;;;;;Ujung 2;-0.03634644941137346, 109.30348966936481;Gang Sukamulia 5;101,65;;-0.04040268424911159, 109.30911329641178;;;;;;;;;;;;;;;;;;;;
;;;;;;;;;;;;;Gang Sukma;259,39;;-0.04266243041646456, 109.30691105077048;;;;;;;;;;;;;;;;;;;;
;;;;;;;;;;;;;Gang Sukma 1;133,92;;-0.0416319118755575, 109.30756087157154;;;;;;;;;;;;;;;;;;;;
;;;;;;;;;;;;;Gang Sukma Mulia Dalam;133,02;;-0.04060243340832027, 109.30836679193706;;;;;;;;;;;;;;;;;;;;
;;;;;;;;;;;;;Gang Sukma 2;114,6;;-0.03991448064690021, 109.30875863295394;;;;;;;;;;;;;;;;;;;;
;;;;;;;;;;;;;Gang Sukma 3;236,23;;-0.042183039647869375, 109.30656280382588;;;;;;;;;;;;;;;;;;;;
;;;;;;;;;;;;;Gang Sukma 4;159;;-0.039449406066015984, 109.30864030522356;;;;;;;;;;;;;;;;;;;;
;;;;;;;;;;;;;Gang Sukma 5;230,24;;-0.0417873642715891, 109.30621281940597;;;;;;;;;;;;;;;;;;;;
;;;;;;;;;;;;;Gang Sukma 6;154,15;;-0.041071294447682274, 109.30644263677972;;;;;;;;;;;;;;;;;;;;
;;;;;;;;;;;;;Gang Sukma 7;136,8;;-0.03947551688248339, 109.30799675053989;;;;;;;;;;;;;;;;;;;;
;;;;;;;;;;;;;Gang Sukma 8;330,26;;-0.041307140468587016, 109.30576616063539;;;;;;;;;;;;;;;;;;;;
;;;;;;;;;;;;;Gang Sukma 9;333,19;;-0.04146582694164881, 109.30513937593224;;;;;;;;;;;;;;;;;;;;
;;;;;;;;;;;;;Gang Sukma 9A;135,62;;-0.038839001113651773, 109.30776821162966;;;;;;;;;;;;;;;;;;;;
;;;;;;;;;;;;;Gang Sukma 10;140,7;;-0.03862201941229323, 109.30737894203713;;;;;;;;;;;;;;;;;;;;
;;;;;;;;;;;;;Gang Sukma 11;333,97;;-0.04099698971219904, 109.30446831421551;;;;;;;;;;;;;;;;;;;;
;;;;;;;;;;;;;Gang Sukma 12;395,4;;-0.040866538691843465, 109.30392773693289;;;;;;;;;;;;;;;;;;;;
;;;;;;;;;;;;;Gang Sukma 13;190,61;;-0.039750379835950346, 109.30438708127606;;;;;;;;;;;;;;;;;;;;
;;;;;;;;;;;;;Gang Sukma 14;144,02;;-0.03795973114966923, 109.30635543640331;;;;;;;;;;;;;;;;;;;;
;;;;;;;;;;;;;Komplek Kemyla;87,15;;-0.038824230659948826, 109.30506358025791;;;;;;;;;;;;;;;;;;;;
;;;;;;;;;;;;;Gang Sukma 15;229,02;;-0.03968495227866373, 109.30416917138064;;;;;;;;;;;;;;;;;;;;
;;;;;;;;;;;;;Komplek Sepakat Mulia;160,57;;-0.03774049406642796, 109.30595533133538;;;;;;;;;;;;;;;;;;;;
;;;;;;;;;;;;;Gang Sukma 16;340,53;;-0.03985865864535287, 109.30308196175358;;;;;;;;;;;;;;;;;;;;
;;;;;;;;;;;;;Gang Sukma 17;216,73;;-0.039043252229301044, 109.30347651303549;;;;;;;;;;;;;;;;;;;;
;;;;;;;;;;;;;Gang Sukma 17A;127,86;;-0.03853974485897006, 109.30381631227692;;;;;;;;;;;;;;;;;;;;
;;;;;;;;;;;;;Gang Sukma 18;238,41;;-0.03898328055194141, 109.30282588108521;;;;;;;;;;;;;;;;;;;;
;;;;;;;;;;;;;Gang Sukma 18A;312,86;;-0.03899040426290031, 109.30237215686985;;;;;;;;;;;;;;;;;;;;
;;;;;;;;;;;;;Gang Sukma 19A;309,91;;-0.038813554859734395, 109.30222208316039;;;;;;;;;;;;;;;;;;;;
;;;;;;;;;;;;;Gang Sukma 20;44,53;;-0.03687127958156182, 109.30332131494458;;;;;;;;;;;;;;;;;;;;
;;;;;;;;;;;;;Gang Keluarga;93,86;;-0.03590354967468711, 109.30422167999589;;;;;;;;;;;;;;;;;;;;
;;;;;;;;;;;;;Gang Sukma 21;313,45;;-0.03786653227865716, 109.30148430334947;;;;;;;;;;;;;;;;;;;;
;;;;;;;;;;;;;Gang Sukma 22B;87,82;;-0.03549030171521731, 109.30399216719042;;;;;;;;;;;;;;;;;;;;
;;;;;;;;;;;;;Gang Sukma 22;318,21;;-0.03773090568053147, 109.30131078551307;;;;;;;;;;;;;;;;;;;;
;;;;;;;;;;;;;Gang Sukma 22A;354,75;;-0.03729544388648211, 109.30102547436216;;;;;;;;;;;;;;;;;;;;
;;;;;;;;;;;;;Gang Family;87,75;;-0.03490384240593266, 109.30369473430999;;;;;;;;;;;;;;;;;;;;
;;;;;;;;;;;;;Gang Sukma 23;337,74;;-0.036785064166489696, 109.30094021501293;;;;;;;;;;;;;;;;;;;;
;;;;;;;;;;;;;Gang Sukma 24;349,07;;-0.03651389770802285, 109.3003574194113;;;;;;;;;;;;;;;;;;;;
;;;;;;;;;Jalan Komplek Sentarum Permai;228,59;;-0.04508518628933943, 109.31306033925318;;;;;;;;;;;;;;;;;;;;;;;;
;;;;;;;;;Gang Sentarum Jaya;440,69;;-0.04238736945672624, 109.30862694070109;;;;;;;;;;;;;;;;;;;;;;;;
;;;;;;;;;Gang Raden Sutarlian;231,5;;-0.045000097385693605, 109.31234544778391;;;;;;;;;;;;;;;;;;;;;;;;
;;;;;;;;;Gang Abidin;455,3;;-0.04680411395655746, 109.31340276530675;;;;;;;;;;;;;;;;;;;;;;;;
;;;;;;;;;Gang H. Rademan;374,68;;-0.04282637789373834, 109.30827241384027;;;;;;;;;;;;;;;;;;;;;;;;
;;;;;;;;;Jalan Mitra Utama V;460,63;;-0.04728479649423086, 109.31349778594075;;;;;;;;;;;;;;;;;;;;;;;;
;;;;;;;;;Jalan Komplek Mitra Raya Lestari II;376,41;;-0.04302097683344676, 109.30795669740846;;;;;;;;;;;;;;;;;;;;;;;;
;;;;;;;;;Gang Waris;348,74;;-0.046764412592507396, 109.31241117591692;;;;;;;;;;;;;;;;;;;;;;;;
;;;;;;;;;Komplek Cendana Asri;378,33;;-0.043947133334660105, 109.30878546213471;;;;;;;;;;;;;;;;;;;;;;;;
;;;;;;;;;Gang Matraman;376,27;;-0.04373930855218535, 109.3078469010026;;;;;;;;;;;;;;;;;;;;;;;;
;;;;;;;;;Gang Wonosobo;857,4;Ujung 1;-0.04415645053266287, 109.30766824568742;Jalan 2A;113,48;;-0.04447496400531424, 109.3064847268662;;;;;;;;;;;;;;;;;;;;
;;;;;;;;;;;Ujung 2;-0.0410840803273983, 109.30397782053814;Gang Mufakat Dalam;364,45;;-0.045666246802300185, 109.30480750952371;;;;;;;;;;;;;;;;;;;;
;;;;;;;;;;;;;Jalur 4;129,18;;-0.04297852884603442, 109.30718706821276;;;;;;;;;;;;;;;;;;;;
;;;;;;;;;;;;;Gang Sama Jaya;95,42;;-0.04272648017472722, 109.30704051743295;;;;;;;;;;;;;;;;;;;;
;;;;;;;;;;;;;Komplek Anugerah Indah 3;262,81;;-0.044694017838162264, 109.30484615721232;;;;;;;;;;;;;;;;;;;;
;;;;;;;;;;;;;Komplek Wono Asri;212,64;;-0.044137819255538745, 109.30448705063553;;;;;;;;;;;;;;;;;;;;
;;;;;;;;;;;;;Gang Tamam;116,38;;-0.043171907074123765, 109.30472542802754;;;;;;;;;;;;;;;;;;;;
;;;;;;;;;;;;;Gang Alamanda Pasadena;148,83;;-0.04303703722134048, 109.30457415138689;;;;;;;;;;;;;;;;;;;;
;;;;;;;;;;;;;Gang Biru;58,91;;-0.04247852270468361, 109.30477713901826;;;;;;;;;;;;;;;;;;;;
;;;;;;;;;;;;;Jalur 5;71,59;;-0.0423456488474245, 109.30445691104353;;;;;;;;;;;;;;;;;;;;
;;;;;;;;;;;;;Jalur 7;86,7;;-0.04102723542398313, 109.3050786736517;;;;;;;;;;;;;;;;;;;;
;;;;;;;;;Jalan Mitra Raya Lestari IV;241,39;;-0.046999308454926426, 109.31164941690193;;;;;;;;;;;;;;;;;;;;;;;;
;;;;;;;;;Gang Pertama;265,32;;-0.04460091505221601, 109.30797974633582;;;;;;;;;;;;;;;;;;;;;;;;
;;;;;;;;;Gang Danau Family;423,34;;-0.04809923345759811, 109.31264565800723;;;;;;;;;;;;;;;;;;;;;;;;
;;;;;;;;;Gang Sentarum Indah;376,18;;-0.04440739360054336, 109.30722768645559;;;;;;;;;;;;;;;;;;;;;;;;
;;;;;;;;;Gang Cahaya Baru;423,39;;-0.04816794206192663, 109.31215098035877;;;;;;;;;;;;;;;;;;;;;;;;
;;;;;;;;;Gang Damai;377,33;;-0.04453527674768675, 109.30696322397826;;;;;;;;;;;;;;;;;;;;;;;;
;;;;;;;;;Jalan Sentarum Sejahtera II;419,38;;-0.04444213799588822, 109.30622340881625;;;;;;;;;;;;;;;;;;;;;;;;
;;;;;;;;;Jalan Komplek Green Silva;509,26;Ujung 1;-0.0473063269831385, 109.31016988867326;;;;;;;;;;;;;;;;;;;;;;;;
;;;;;;;;;;;Ujung 2;-0.0491744164868042, 109.31278456769586;;;;;;;;;;;;;;;;;;;;;;;;
;;;;;;;;;Gang Fajar Kencana;383,29;;-0.04485211928849439, 109.3063729659688;Gang Fajar Kencana Jalur 1;85,15;;-0.04653377724330781, 109.3074608055362;;;;;;;;;;;;;;;;;;;;
;;;;;;;;;;;;;Gang Fajar Kencana Jalur 2;71,15;;-0.04619947710122227, 109.30727397243015;;;;;;;;;;;;;;;;;;;;
;;;;;;;;;;;;;Jalur 4;111,27;;-0.04541812706931316, 109.30687804672205;;;;;;;;;;;;;;;;;;;;
;;;;;;;;;Gang Danau Indah;397,54;;-0.048920647682596956, 109.31172148158075;;;;;;;;;;;;;;;;;;;;;;;;
;;;;;;;;;Jalan Sentarum Sejahtera I;403,15;;-0.04932969279025541, 109.31152880238136;;;;;;;;;;;;;;;;;;;;;;;;
;;;;;;;;;Gang Mufakat;398,82;;-0.045846859303698466, 109.30594257107992;Gang Marodan;72,62;;-0.04584642398494499, 109.30508067400135;;;;;;;;;;;;;;;;;;;;
;;;;;;;;;Gang H. Nawawi;580,37;Ujung 1;-0.04938184023042933, 109.31087793323204;;;;;;;;;;;;;;;;;;;;;;;;
;;;;;;;;;;;Ujung 2;-0.05044676440021708, 109.31229281510429;;;;;;;;;;;;;;;;;;;;;;;;
;;;;;;;;;Jalan Komplek Ari Karya Indah III;485,74;;-0.05036506946144657, 109.31152693499874;;;;;;;;;;;;;;;;;;;;;;;;
;;;;;;;;;Gang Pak Majid I;437,59;;-0.0471274629989789, 109.30514238165178;;;;;;;;;;;;;;;;;;;;;;;;
;;;;;;;;;Gang H. M. Asyhari;114,96;;-0.04835058072793691, 109.30658350644815;;;;;;;;;;;;;;;;;;;;;;;;
;;;;;;;;;Gang Perumahan Danau Asri;460,89;;-0.0511346745778139, 109.31089423875675;;;;;;;;;;;;;;;;;;;;;;;;
;;;;;;;;;Gang Bersatu;402,11;;-0.04872215779480553, 109.30646034491605;;;;;;;;;;;;;;;;;;;;;;;;
;;;;;;;;;Gang Persatuan;433,63;;-0.051389364164115034, 109.31038291217219;;;;;;;;;;;;;;;;;;;;;;;;
;;;;;;;;;Gang Yauri;427,77;;-0.051480204817082306, 109.30970503588021;;;;;;;;;;;;;;;;;;;;;;;;
;;;;;;;;;Gang Bersama;395,49;;-0.047904275238247265, 109.30405917534351;;;;;;;;;;;;;;;;;;;;;;;;
;;;;;;;;;Gang H. Ngadio;469,89;;-0.052126181674053175, 109.30992085021389;;;;;;;;;;;;;;;;;;;;;;;;
;;;;;;;;;Jalan Sentarum Sejahtera III;390,22;;-0.04832146979641062, 109.30369786005834;;;;;;;;;;;;;;;;;;;;;;;;
;;;;;;;;;Gang Kali Bening;224,12;;-0.049658481897728236, 109.30447358467269;;;;;;;;;;;;;;;;;;;;;;;;
;;;;;;;;;Jalan Petani;2140;Ujung 1;-0.0501150906777984, 109.3041270551876;Gang Petani 1;140,97;;-0.04937823990408001, 109.30257632536703;;;;;;;;;;;;;;;;;;;;
;;;;;;;;;;;Tengah;-0.04468128681887977, 109.30129017790671;Gang Petani 2;154,8;;-0.049182911820633314, 109.30208946658877;;;;;;;;;;;;;;;;;;;;
;;;;;;;;;;;Ujung 2;-0.039371211892437155, 109.29858520256724;Gang Masjid;206,57;;-0.04865908653163346, 109.30188766946317;;;;;;;;;;;;;;;;;;;;
;;;;;;;;;;;;;Gang Bersama;182,41;;-0.046911911839553594, 109.30429297741722;;;;;;;;;;;;;;;;;;;;
;;;;;;;;;;;;;Gang Berkat Usaha;299,17;;-0.046163989336115985, 109.30474513715626;;;;;;;;;;;;;;;;;;;;
;;;;;;;;;;;;;Gang Green Sentarum;92,36;;-0.046884280716358175, 109.30331540034236;;;;;;;;;;;;;;;;;;;;
;;;;;;;;;;;;;Perumahan Villa Iqhsan Petani;187,76;;-0.0481738008152599, 109.30129730812985;;;;;;;;;;;;;;;;;;;;
;;;;;;;;;;;;;Gang Sinar Pelita;190,96;;-0.04806059673249913, 109.30106887855179;;;;;;;;;;;;;;;;;;;;
;;;;;;;;;;;;;Gang Babussalam;268,38;;-0.04596999750286066, 109.30410686468647;;;;;;;;;;;;;;;;;;;;
;;;;;;;;;;;;;Gang Formula;349,61;;-0.04833431551337764, 109.29984726184983;;;;;;;;;;;;;;;;;;;;
;;;;;;;;;;;;;Gang Umar Jambul;255,35;;-0.04546523590823287, 109.30421954007677;;;;;;;;;;;;;;;;;;;;
;;;;;;;;;;;;;Gang Mandiri;268,75;;-0.047675922843578765, 109.3001217959605;;;;;;;;;;;;;;;;;;;;
;;;;;;;;;;;;;Gang Golden Mas;269,63;;-0.04732491222775122, 109.29992965011562;;;;;;;;;;;;;;;;;;;;
;;;;;;;;;;;;;Gang Rahul;298,77;;-0.04707804879133232, 109.29951770973253;;;;;;;;;;;;;;;;;;;;
;;;;;;;;;;;;;Gang Husen;402,02;;-0.044094606468601756, 109.30376538151417;;;;;;;;;;;;;;;;;;;;
;;;;;;;;;;;;;Gang Barokah;287,82;;-0.04647699187627589, 109.2996811844293;;;;;;;;;;;;;;;;;;;;
;;;;;;;;;;;;;Gang Hidayah;291,03;;-0.04618418009637408, 109.29935930133463;;;;;;;;;;;;;;;;;;;;
;;;;;;;;;;;;;Gang Ramadhanty;384,3;;-0.04310696820879679, 109.30407159744725;;;;;;;;;;;;;;;;;;;;
;;;;;;;;;;;;;Gang Ridho;273,62;;-0.04585046457532687, 109.2991340511847;;;;;;;;;;;;;;;;;;;;
;;;;;;;;;;;;;Gang H. Ibrahim;139,49;;-0.04393128256902138, 109.30199305062854;;;;;;;;;;;;;;;;;;;;
;;;;;;;;;;;;;Gang Nur;299,18;;-0.04561532022195919, 109.29876154041058;;;;;;;;;;;;;;;;;;;;
;;;;;;;;;;;;;Gang Sentarum Lestari Residence;374,22;;-0.042324090387892054, 109.30380829203695;;;;;;;;;;;;;;;;;;;;
;;;;;;;;;;;;;Gang Abel Indah;206,55;;-0.042681302009443145, 109.30237820958112;;;;;;;;;;;;;;;;;;;;
;;;;;;;;;;;;;Gang Hj. Sumiyati;99,2;;-0.04368811115598444, 109.30014808625918;;;;;;;;;;;;;;;;;;;;
;;;;;;;;;;;;;Gang Deka;260,47;;-0.042357718204517496, 109.30204415808981;;;;;;;;;;;;;;;;;;;;
;;;;;;;;;;;;;Gang Ilalang (Kiri);333,41;;-0.04427569347767813, 109.29856620425818;;;;;;;;;;;;;;;;;;;;
;;;;;;;;;;;;;Gang Ilalang (Kanan);216,62;;-0.041994406649889154, 109.30185188021112;;;;;;;;;;;;;;;;;;;;
;;;;;;;;;;;;;Gang Hikmah;345,7;;-0.043958578181686456, 109.2983343505521;;;;;;;;;;;;;;;;;;;;
;;;;;;;;;;;;;Gang Harapan 1;369,16;;-0.04058612853874518, 109.3015023199713;;;;;;;;;;;;;;;;;;;;
;;;;;;;;;;;;;Gang Bahagia;51,67;;-0.04048256711146915, 109.30245684173832;;;;;;;;;;;;;;;;;;;;
;;;;;;;;;;;;;Gang Harapan 2;374,35;;-0.04331239237603845, 109.29684582648103;;;;;;;;;;;;;;;;;;;;
;;;;;;;;;;;;;Gang Keluarga;262,86;;-0.040017169164799075, 109.30157007511663;;;;;;;;;;;;;;;;;;;;
;;;;;;;;;;;;;Komplek Pondok Hijau Artika;220,43;;-0.040017169164799075, 109.30157007511663;;;;;;;;;;;;;;;;;;;;
;;;;;;;;;;;;;Gang Griya Petani;99,78;;-0.03980593108883654, 109.29971110407182;;;;;;;;;;;;;;;;;;;;
;;;;;;;;;;;;;Gang Harapan Ilahi;355,02;;-0.04200644605852304, 109.29640648986029;;;;;;;;;;;;;;;;;;;;
;;;;;;;;;;;;;Gang Harapan 3;334,75;;-0.03869664780828524, 109.301380102655;;;;;;;;;;;;;;;;;;;;
;;;;;;;;;;;;;Gang Harapan 6;302,87;;-0.04135492612652777, 109.29659479482962;;;;;;;;;;;;;;;;;;;;
;;;;;;;;;;;;;Gang Harapan Kita;294,56;;-0.03867564000630157, 109.29991798001751;;;;;;;;;;;;;;;;;;;;
;;;;;;;;;;;;;Komplek Pesona Warna Indah;212,81;;-0.03817512977506079, 109.30002890553455;;;;;;;;;;;;;;;;;;;;
;;;;;;;;;;;;;Gang Iksas;434,88;;-0.040496287021930484, 109.29543276998727;;;;;;;;;;;;;;;;;;;;
;;;;;;;;;;;;;Gang Harapan 4;311,42;;-0.03711172461864758, 109.30053840405562;;;;;;;;;;;;;;;;;;;;
;;;;;;;;;;;;;Gang Harapan 5;297,11;;-0.03579089987883151, 109.29937313481103;;;;;;;;;;;;;;;;;;;;
;;;;;;;;;Gang Rizki;131,52;;-0.050830799838139845, 109.3049642647994;;;;;;;;;;;;;;;;;;;;;;;;
;;;;;;;;;Gang Citarum;67,96;;-0.0521682308979211, 109.30643638067242;;;;;;;;;;;;;;;;;;;;;;;;
;;;;;;;;;Gang Pak Majid II;299,04;;-0.05048065639249303, 109.30359107989494;;;;;;;;;;;;;;;;;;;;;;;;
;;;;;;;;;Gang Hidayatullah;414,23;;-0.05393035589811715, 109.30862677295174;;;;;;;;;;;;;;;;;;;;;;;;
;;;;;;;;;Gang Pak Majid III;320,54;;-0.05089319360787333, 109.30348211590807;;;;;;;;;;;;;;;;;;;;;;;;
;;;;;;;;;Komplek Sentarum Mandiri;406,45;;-0.05424003284699434, 109.3083209989259;;;;;;;;;;;;;;;;;;;;;;;;
;;;;;;;;;Gang 845;322,1;;-0.051243479508757774, 109.3033430718141;;;;;;;;;;;;;;;;;;;;;;;;
;;;;;;;;;Gang Teratai;405,88;;-0.05500159930204672, 109.30853924644333;;;;;;;;;;;;;;;;;;;;;;;;
;Jalan Khw. Hasyim;970;Ujung 1;-0.025839479275846528, 109.32678948796087;Gang Lanjut;217,36;;-0.02558776451399117, 109.32872342118006;;;;;;;;;;;;;;;;;;;;;;;;;;;;
;;;Ujung 2;-0.019778893769260116, 109.32643910435803;Gang Setia;313,05;;-0.027663989876788527, 109.32457090068425;;;;;;;;;;;;;;;;;;;;;;;;;;;;
;;;;;Gang Bahagia;62,24;;-0.025013513528668384, 109.32693212316249;;;;;;;;;;;;;;;;;;;;;;;;;;;;
;;;;;Gang Rahmat;159,38;;-0.02446348052031292, 109.32738909318113;;;;;;;;;;;;;;;;;;;;;;;;;;;;
;;;;;Gang Baiduri;265,67;;-0.02398151219118483, 109.3282126304561;;;;;;;;;;;;;;;;;;;;;;;;;;;;
;;;;;Gang Buntu;100,73;;-0.024874884041505785, 109.32543725086809;;;;;;;;;;;;;;;;;;;;;;;;;;;;
;;;;;Gang Jiran 1;239,13;;-0.023672701527390896, 109.32765599029945;;;;;;;;;;;;;;;;;;;;;;;;;;;;
;;;;;Gang Jiran 2;62,77;;-0.023670937817723885, 109.32633853377456;;;;;;;;;;;;;;;;;;;;;;;;;;;;
;;;;;Gang Usaha 1;358,71;;-0.02500878974599365, 109.32342674867503;;;;;;;;;;;;;;;;;;;;;;;;;;;;
;;;;;Gang Family;314,59;;-0.02274876026975281, 109.32761909828935;;;;;;;;;;;;;;;;;;;;;;;;;;;;
;;;;;Jalan Prof. DR. Hamka;447,11;;-0.023141145306771683, 109.32423051160806;Gang Nilam 1;148,88;;-0.02136980938427785, 109.32521301240801;;;;;;;;;;;;;;;;;;;;;;;;
;;;;;;;;;Gang Nilam 2;156,21;;-0.022508553152825937, 109.32513182458601;;;;;;;;;;;;;;;;;;;;;;;;
;;;;;;;;;Gang Padi 1;140,85;;-0.023259776305305676, 109.32509970588998;;;;;;;;;;;;;;;;;;;;;;;;
;;;;;;;;;Gang Nilam 3;164,55;;-0.021890097855748098, 109.32449046408816;;;;;;;;;;;;;;;;;;;;;;;;
;;;;;;;;;Gang Padi 2;62,48;;-0.023244432103061572, 109.32472817009383;;;;;;;;;;;;;;;;;;;;;;;;
;;;;;;;;;Gang Nilam 4;173,09;;-0.022451847084846387, 109.32424054340281;;;;;;;;;;;;;;;;;;;;;;;;
;;;;;;;;;Gang Padi 3;64,5;;-0.02353998228884102, 109.32441786641672;;;;;;;;;;;;;;;;;;;;;;;;
;;;;;;;;;Gang Nilam 5;322,41;;-0.02040489434639794, 109.32325711479956;;;;;;;;;;;;;;;;;;;;;;;;
;;;;;;;;;Gang Padi 4;91,05;;-0.024093831227088334, 109.32413482216607;;;;;;;;;;;;;;;;;;;;;;;;
;;;;;;;;;Gang Nilam 6;169,89;;-0.022031550819084405, 109.32343043612576;;;;;;;;;;;;;;;;;;;;;;;;
;;;;;;;;;Gang Padi 5;104,41;;-0.024191322413469826, 109.32387249755392;;;;;;;;;;;;;;;;;;;;;;;;
;;;;;;;;;Gang Nilam 7;176,77;;-0.022640022014456057, 109.32315453519597;;;;;;;;;;;;;;;;;;;;;;;;
;;;;;;;;;Gang Padi 6;151,09;;-0.024657739227143344, 109.32370375789237;;;;;;;;;;;;;;;;;;;;;;;;
;;;;;;;;;Gang Nilam 7B;380,24;;-0.021167040135210882, 109.32260787324378;;;;;;;;;;;;;;;;;;;;;;;;
;;;;;;;;;Gang Padi 7;135,66;;-0.02477834521144962, 109.32333427893873;;;;;;;;;;;;;;;;;;;;;;;;
;;;;;;;;;Gang Nilam 8;172,09;;-0.02217206102956397, 109.32259902474078;;;;;;;;;;;;;;;;;;;;;;;;
;;;;;;;;;Gang Padi 8;228,46;;-0.024946790405942595, 109.32308745897967;;;;;;;;;;;;;;;;;;;;;;;;
;;;;;;;;;Gang Nilam 9;181,9;;-0.022690178612698498, 109.3224647259155;;;;;;;;;;;;;;;;;;;;;;;;
;;;;;;;;;Gang Padi 9;163,15;;-0.02501573695383889, 109.32279943439077;;;;;;;;;;;;;;;;;;;;;;;;
;;;;;;;;;Gang Nilam 10;176,67;;-0.0224753781595056, 109.32213053178064;;;;;;;;;;;;;;;;;;;;;;;;
;;;;;Gang Walet;219,16;;-0.021397234173822756, 109.32748749888992;;;;;;;;;;;;;;;;;;;;;;;;;;;;
;;;;;Gang Gemar;98,65;;-0.021479951736595112, 109.32543076918527;;;;;;;;;;;;;;;;;;;;;;;;;;;;
;;;;;Gang Gembira;509,12;Ujung 1;-0.02118850487127753, 109.32537907043084;Gang Gembira Dalam;103,77;;-0.02136607638304921, 109.3229767866891;;;;;;;;;;;;;;;;;;;;;;;;
;;;;;;;Ujung 2;-0.02189394147535817, 109.3231331007738;;;;;;;;;;;;;;;;;;;;;;;;;;;;
;Jalan Slt. Abdurrahman;1240;Ujung 1;-0.03573689253222368, 109.33253879421667;Jalan Sultan Syarief Abdurrahman;117,15;;-0.03549788832638183, 109.33251778229562;;;;;;;;;;;;;;;;;;;;;;;;;;;;
;;;Tengah 1;-0.037460857622364035, 109.33048964532955;Gang Aren;301,18;;-0.035001668326432936, 109.3317764893141;;;;;;;;;;;;;;;;;;;;;;;;;;;;
;;;Tengah 2;-0.03879548874986223, 109.32905398479208;Jalan Putri Dara Nante;980,48;Ujung 1;-0.03228692782281567, 109.3269326215681;Gang Karimata Dalam I;152,84;;-0.030328920931704563, 109.32710991361452;;;;;;;;;;;;;;;;;;;;;;;;
;;;Tengah 3;-0.04042363809054242, 109.32715302794594;;;Ujung 2;-0.03662310254837593, 109.32963353535337;Gang Karimata Dalam II;111,29;;-0.030903515029312392, 109.32705467529469;;;;;;;;;;;;;;;;;;;;;;;;
;;;Ujung 2;-0.04211383502615312, 109.32522937611573;;;;;Gang Langensari;109,46;;-0.031482347291577804, 109.32685569389862;;;;;;;;;;;;;;;;;;;;;;;;
;;;;;;;;;Gang Madrasah I;129,58;;-0.03129295039023874, 109.32762485442011;;;;;;;;;;;;;;;;;;;;;;;;
;;;;;;;;;Jalan Wak Dalek;387,53;;-0.0337046762791033, 109.32462594565642;Gang H. Ahmad;83,67;;-0.032887982071091504, 109.32669350514617;;;;;;;;;;;;;;;;;;;;
;;;;;;;;;Gang Madrasah II;87,01;;-0.03188962482814686, 109.32762251458568;;;;;;;;;;;;;;;;;;;;;;;;
;;;;;;;;;Gang Pawan Jaya;386,56;;-0.03419577039494268, 109.32543053655957;;;;;;;;;;;;;;;;;;;;;;;;
;;;;;;;;;Gang Nurcahya;380,99;;-0.033288977957102915, 109.32717106306548;;;;;;;;;;;;;;;;;;;;;;;;
;;;;;;;;;Gang Sudihati;379,51;;-0.03532443054900954, 109.32562745286735;;;;;;;;;;;;;;;;;;;;;;;;
;;;;;;;;;Gang Sukarame;374,65;;-0.03590461716243558, 109.32630051232152;;;;;;;;;;;;;;;;;;;;;;;;
;;;;;;;;;Gang Sukajaya;366,55;;-0.036556133380319045, 109.32669172891107;;;;;;;;;;;;;;;;;;;;;;;;
;;;;;;;;;Gang Dua;353,02;;-0.03767799394184659, 109.32725568257695;;;;;;;;;;;;;;;;;;;;;;;;
;;;;;;;;;Gang Andayani II;367,59;;-0.03391024999873592, 109.33123130171813;;;;;;;;;;;;;;;;;;;;;;;;
;;;;;;;;;Gang Andayani I;214,53;;-0.03567638966977786, 109.33026986417302;;;;;;;;;;;;;;;;;;;;;;;;
;;;;;;;;;Gang Andayani III;68,21;;-0.037093299979476725, 109.3291762056678;;;;;;;;;;;;;;;;;;;;;;;;
;;;;;Jalan Putri Dara Hitam;843,37;Ujung 1;-0.024990288234406414, 109.32238772718117;Gang Tani I;188,97;;-0.029421614696285833, 109.32351764601692;;;;;;;;;;;;;;;;;;;;;;;;
;;;;;;;Ujung 2;-0.02896336939962748, 109.32488028241603;Gang Candi Agung III;285,79;;-0.027627517233358354, 109.32631368188784;;;;;;;;;;;;;;;;;;;;;;;;
;;;;;;;;;Gang Tani II;170,56;;-0.02910414297971594, 109.32343141235509;;;;;;;;;;;;;;;;;;;;;;;;
;;;;;;;;;Gang Abadi;360,47;;-0.026745087649308816, 109.32644251987843;;;;;;;;;;;;;;;;;;;;;;;;
;;;;;;;;;Gang Tani IIIA;287,44;;-0.02918678502905933, 109.32190068990846;;;;;;;;;;;;;;;;;;;;;;;;
;;;;;;;;;Gang Tani IIIB;248,42;;-0.02872184360667684, 109.32201953055394;;;;;;;;;;;;;;;;;;;;;;;;
;;;;;;;;;Gang H. Saleh;366,97;;-0.02727544070771913, 109.32419868249659;;;;;;;;;;;;;;;;;;;;;;;;
;;;;;;;;;Gang Tani IV;182,02;;-0.027845210009825816, 109.32276269092237;;;;;;;;;;;;;;;;;;;;;;;;
;;;;;;;;;Gang Cimahi;369,42;;-0.025589744492750862, 109.32595147198114;;;;;;;;;;;;;;;;;;;;;;;;
;;;;;;;;;Gang Ambo'tin;372,54;;-0.0264656646938585, 109.32361580200046;;;;;;;;;;;;;;;;;;;;;;;;
;;;;;;;;;Gang Ambo'tin 2;300,67;;-0.025170377299478436, 109.32527808575945;;;;;;;;;;;;;;;;;;;;;;;;
;;;;;;;;;Gang Pelita;224,89;;-0.025093548620337115, 109.32461098907066;;;;;;;;;;;;;;;;;;;;;;;;
;;;;;;;;;Gang Usaha 2;383,35;;-0.025343498949509047, 109.323554977472;;;;;;;;;;;;;;;;;;;;;;;;
;;;;;;;;;Gang Gn. Puting I;48,73;;-0.025595208701469165, 109.32234271478549;;;;;;;;;;;;;;;;;;;;;;;;
;;;;;;;;;Jalan Sejarah;391,76;;-0.024214995176992934, 109.31931096204401;Gang Gn. Poteng I;238,22;;-0.025415222941143976, 109.32209768982332;;;;;;;;;;;;;;;;;;;;
;;;;;;;;;;;;;Gang Bukit Saran;366,16;;-0.021302110585717866, 109.32100460869344;;;;;;;;;;;;;;;;;;;;
;;;;;;;;;;;;;Gang Gn. Puting 2;299,52;;-0.026270528832742696, 109.32192699745937;;;;;;;;;;;;;;;;;;;;
;;;;;;;;;;;;;Gang Bukit Seribu;386,65;;-0.020777754065933615, 109.32047879641995;;;;;;;;;;;;;;;;;;;;
;;;;;;;;;;;;;Gang Tenaga Baru;381,37;;-0.02123215501431682, 109.32021458822699;;;;;;;;;;;;;;;;;;;;
;;;;;;;;;;;;;Gang Gunung Jati;387,29;;-0.021566274136672055, 109.31953283691965;;;;;;;;;;;;;;;;;;;;
;;;;;;;;;;;;;Jalan Sejarah;336,37;;-0.0210927131647752, 109.31921606212475;;;;;;;;;;;;;;;;;;;;
;;;;;;;;;;;;;Gang Sidodadi;460,9;;-0.027035697182463188, 109.32043597273663;;;;;;;;;;;;;;;;;;;;
;;;;;;;;;;;;;Gang Gn. Malabar;378,29;;-0.021306418352616322, 109.31874850603309;;;;;;;;;;;;;;;;;;;;
;;;;;;;;;;;;;Gang Gn. Malabar 2;125,28;;-0.0231575299624184, 109.31879466602403;;;;;;;;;;;;;;;;;;;;
;;;;;Gang Dynasty;102,15;;-0.03804856821252025, 109.32918661412224;;;;;;;;;;;;;;;;;;;;;;;;;;;;
;;;;;Gang Bersama;131,56;;-0.037726302254307814, 109.32865546169027;;;;;;;;;;;;;;;;;;;;;;;;;;;;
;;;;;Jalan Komplek Tongie;108,83;;-0.03823422189802487, 109.32807259689334;;;;;;;;;;;;;;;;;;;;;;;;;;;;
;;;;;Jalan Putri Candramidi;988,95;Ujung 1;-0.03437038628785719, 109.32409774679915;Gang Windu Jaya;78,21;;-0.032610518199810506, 109.32388517796;;;;;;;;;;;;;;;;;;;;;;;;
;;;;;;;Ujung 2;-0.038856256621212996, 109.32756983027588;Gang Prajaya;271,39;;-0.03363330288656285, 109.32311367502537;;;;;;;;;;;;;;;;;;;;;;;;
;;;;;;;;;Gang Saptajaya;180,03;;-0.0328481093763748, 109.32481966543598;;;;;;;;;;;;;;;;;;;;;;;;
;;;;;;;;;Gang Ekajaya;389,24;;-0.035683929975666606, 109.32169218481027;;;;;;;;;;;;;;;;;;;;;;;;
;;;;;;;;;Gang Caturjaya;351,57;;-0.03645680160451344, 109.3216905165551;;;;;;;;;;;;;;;;;;;;;;;;
;;;;;;;;; Gang Dwipayana;238,78;;-0.0337741941524288, 109.32544586564245;;;;;;;;;;;;;;;;;;;;;;;;
;;;;;;;;;Gang Dwijaya;289,21;;-0.0363260951668644, 109.32231473542656;;;;;;;;;;;;;;;;;;;;;;;;
;;;;;;;;;Gang Trijaya;459,36;;-0.036948439785794915, 109.32270264757278;;;;;;;;;;;;;;;;;;;;;;;;
;;;;;;;;;Gang Sanjaya;369,91;;-0.037053828711497365, 109.32358290116466;;;;;;;;;;;;;;;;;;;;;;;;
;;;;;;;;;Gang Sentosa;577,36;Ujung 1;-0.03793180922086589, 109.32390869081956;Gang Sentosa Dalam;264,85;;-0.039961822717052425, 109.32271761075945;;;;;;;;;;;;;;;;;;;;
;;;;;;;;;;;Ujung 2;-0.03916825530307623, 109.32222633628234;;;;;;;;;;;;;;;;;;;;;;;;
;;;;;;;;;Gang Damai;75,16;;-0.03733365157886317, 109.32544884434765;;;;;;;;;;;;;;;;;;;;;;;;
;;;;;;;;;Gang Suka Damai;382,72;;-0.0384938713637858, 109.32433146615075;;;;;;;;;;;;;;;;;;;;;;;;
;;;;;;;;;Gang Podomoro Dalam;107,35;;-0.03685573090901424, 109.32717772243276;;;;;;;;;;;;;;;;;;;;;;;;
;;;;;;;;;Gang Suka Hati;178,96;;-0.03864492364229504, 109.32551318643183;;;;;;;;;;;;;;;;;;;;;;;;
;;;;;;;;;Gang Podomulyo;197,51;;-0.03934302905957819, 109.32661420912332;;;;;;;;;;;;;;;;;;;;;;;;
;;;;;;;;;Gang Podomoro Indah;237,26;;-0.037144785133945216, 109.32893712842059;;;;;;;;;;;;;;;;;;;;;;;;
;;;;;Jalan Gusti Hamzah;1410;Ujung 1;-0.022883827477353517, 109.31822475104813;Gang Pancasila II;375,85;;-0.031672585550746306, 109.32050254111338;;;;;;;;;;;;;;;;;;;;;;;;
;;;;;;;Tengah 1;-0.025851009621691436, 109.31908964871883;Gang Pancasila I;201,83;;-0.030203523635135666, 109.3220879907911;;;;;;;;;;;;;;;;;;;;;;;;
;;;;;;;Tengah 2;-0.028730262854857032, 109.3204933251534;Gang Nursalim;374,5;;-0.0315034203247406, 109.31857180450174;;;;;;;;;;;;;;;;;;;;;;;;
;;;;;;;Tengah 3;-0.029899364908314106, 109.32137434918504;Gang Pancasila IV B;239,51;;-0.030454848510794563, 109.31906860052992;;;;;;;;;;;;;;;;;;;;;;;;
;;;;;;;Ujung 2;-0.030300761652570514, 109.32164050584716;Gang Pancasila 3;200,35;;-0.028255949235215412, 109.32210230929844;;;;;;;;;;;;;;;;;;;;;;;;
;;;;;;;;;Gang Pancasila IV;372,03;;-0.029488305323945994, 109.31991281102741;Jalur 1;172,58;;-0.02878908912806656, 109.31864463542655;Jalan Jalur II;90,11;;-0.029997888703819867, 109.31854479521749;;;;;;;;;;;;;;;;
;;;;;;;;;;;;;;;;;Gang 22;198,53;;-0.029721774986245147, 109.317599860983;;;;;;;;;;;;;;;;
;;;;;;;;;Gang Pancasila V;389,18;;-0.02726247799668165, 109.3222243280956;Gang Pancasila Dalam V;84,88;;-0.027913513006425195, 109.32218453781651;;;;;;;;;;;;;;;;;;;;
;;;;;;;;;;;;;Gang Tani 5;127,94;;-0.027605951644841593, 109.32243525821401;;;;;;;;;;;;;;;;;;;;
;;;;;;;;;Jalan Komplek Pancasila Indah ;162,45;;-0.02867214159162947, 109.31983959526615;;;;;;;;;;;;;;;;;;;;;;;;
;;;;;;;;;Gang Hidayah;430,22;;-0.027770339470572575, 109.31787487568872;Komplek Green Pancasila;123,07;;-0.028272214860078953, 109.3180120219166;;;;;;;;;;;;;;;;;;;;
;;;;;;;;;Gang Nur II;407,34;;-0.026958022188826956, 109.31790403889185;Gang Nur 2 Dalam;362,92;;-0.026780592743451008, 109.31628503102495;;;;;;;;;;;;;;;;;;;;
;;;;;;;;;Gang Nur 3;375,89;;-0.02584762170668913, 109.31685549856353;;;;;;;;;;;;;;;;;;;;;;;;
;;;;;;;;;Jalan Komplek BPKP;79,32;;-0.02528147792900345, 109.31822715607711;;;;;;;;;;;;;;;;;;;;;;;;
;;;;;;;;;Graha Permata Pancasila;62,89;;-0.024773150267078478, 109.3184044626142;;;;;;;;;;;;;;;;;;;;;;;;
;;;;;;;;;Gang Nur V;331,65;;-0.024524687303159008, 109.31765407375548;;;;;;;;;;;;;;;;;;;;;;;;
;;;;;;;;;Komplek Navigasi;96,04;;-0.021867347478374387, 109.31756397677312;;;;;;;;;;;;;;;;;;;;;;;;
;;;;;Gang Suka Mulia;447,13;;-0.03767498352226126, 109.32457359344359;;;;;;;;;;;;;;;;;;;;;;;;;;;;
;;;;;Gang Budi Setia;115,08;;-0.040962711958002766, 109.32531251935885;;;;;;;;;;;;;;;;;;;;;;;;;;;;
;;;;;Jalan Uray Bawadi;1020;Ujung 1;-0.04223525308732638, 109.32391433615233;Gang Bawadi;121,55;;-0.037904646742873846, 109.31933764951094;;;;;;;;;;;;;;;;;;;;;;;;
;;;;;;;Tengah 1;-0.04097251181469264, 109.32277156353427;Gang Sido Mampir;52,26;;-0.0376812893977172, 109.3204969542075;;;;;;;;;;;;;;;;;;;;;;;;
;;;;;;;Tengah 2;-0.039195457659677094, 109.32132558815884;Gang Podo Rukun 1;107,44;;-0.038785800072285576, 109.32003334036611;;;;;;;;;;;;;;;;;;;;;;;;
;;;;;;;Tengah 3;-0.038006028475430734, 109.32042200020469;Gang Podorukun;194,41;;-0.039318103917128824, 109.32035523133123;Gang Podorukun Dalam I;186,33;;-0.038064430647270595, 109.31960203538276;;;;;;;;;;;;;;;;;;;;
;;;;;;;Ujung 2;-0.03685598347675972, 109.31948048789047;;;;;Gang Podorukun Dalam II;193,47;;-0.038064430647270595, 109.31960203538276;;;;;;;;;;;;;;;;;;;;
;;;;;;;;;Gang Muhibah;189,03;;-0.03810975124690242, 109.32225222952823;;;;;;;;;;;;;;;;;;;;;;;;
;;;;;;;;;Gang Suditrisno;673,64;Ujung 1;-0.0411225110688859, 109.31946476161905;;;;;;;;;;;;;;;;;;;;;;;;
;;;;;;;;;;;Ujung 2;-0.043105255104032035, 109.31739515457566;;;;;;;;;;;;;;;;;;;;;;;;
;;;;;;;;;Gang Mangku Ali;193,11;;-0.04089984126732624, 109.32096625174786;;;;;;;;;;;;;;;;;;;;;;;;
;;;;;;;;;Gang Mentari;192,07;;-0.04142509548818622, 109.32090732620352;;;;;;;;;;;;;;;;;;;;;;;;
;;;;;;;;;Gang Tria IV;180,54;;-0.03982134382597825, 109.32369319099763;;;;;;;;;;;;;;;;;;;;;;;;
;;;;;;;;;Gang Margosuto;149,73;;-0.04021171529404323, 109.32380000765953;;;;;;;;;;;;;;;;;;;;;;;;
;;;;;;;;;Gang Mardirahayu;300,39;;-0.04235820271497646, 109.32188405878178;;;;;;;;;;;;;;;;;;;;;;;;
;;;;;;;;;Gang Tria I;367,45;;-0.03979286819117898, 109.32495876236635;;;;;;;;;;;;;;;;;;;;;;;;
;;;;;;;;;Gang Samijayen;100,47;;-0.04129341580047388, 109.32409448123937;;;;;;;;;;;;;;;;;;;;;;;;
;;;;;;;;;Gang Budi Setia;349,71;;-0.040599213200556754, 109.32535640374323;Jalur 1;45,1;;-0.04110073730945212, 109.32415782315267;;;;;;;;;;;;;;;;;;;;
;;;;;;;;;;;;;Jalur 2;35,97;;-0.04095455695623407, 109.32443073791991;;;;;;;;;;;;;;;;;;;;
;;;;;;;;;;;;;Jalur 3;61,73;;-0.04053609977911966, 109.32456816845534;;;;;;;;;;;;;;;;;;;;
;;;;;;;;;Gang Dandan Setia;599,77;Ujung 1;-0.043290932553852454, 109.32216913872875;;;;;;;;;;;;;;;;;;;;;;;;
;;;;;;;;;;;Ujung 2;-0.04565292269699669, 109.319731693799;;;;;;;;;;;;;;;;;;;;;;;;
;;;;;Jalan HM. Suwignyo;1720;Ujung 1;-0.0349369379217715, 109.31783594104463;Gang Hidayah Bersama;158,43;;-0.03477238405122676, 109.31664082436926;;;;;;;;;;;;;;;;;;;;;;;;
;;;;;;;Tengah 1;-0.03399389071593974, 109.31689029398686;Gang Bunga;187,87;;-0.03394310904167003, 109.31752235610665;;;;;;;;;;;;;;;;;;;;;;;;
;;;;;;;Tengah 2;-0.031822972375208765, 109.31565708158787;Gang Mulia;118,94;;-0.03446273048636009, 109.31608655218857;;;;;;;;;;;;;;;;;;;;;;;;
;;;;;;;Tengah 3;-0.028967418213995046, 109.31567589852048;Gang Anugrah;95,44;;-0.033188630179273926, 109.31714808898366;;;;;;;;;;;;;;;;;;;;;;;;
;;;;;;;Ujung 2;-0.024036363504452995, 109.31540602925652;Gang Empat Lima;57,92;;-0.033818759803528047, 109.31628457719958;;;;;;;;;;;;;;;;;;;;;;;;
;;;;;;;;;Gang HM. Suwignyo 1;316,46;;-0.0320709423886476, 109.31683102834953;;;;;;;;;;;;;;;;;;;;;;;;
;;;;;;;;;Jalan Kemakmuran;341,25;;-0.03446087316738375, 109.31442009287106;Gang Potlot;118,05;;-0.0343225620205525, 109.31596149110959;;;;;;;;;;;;;;;;;;;;
;;;;;;;;;;;;;Gang Kemakmuran 4;106,19;;-0.03385403389455622, 109.31365753853392;;;;;;;;;;;;;;;;;;;;
;;;;;;;;;;;;;Gang Kemakmuran 6;163,23;;-0.03397607063646279, 109.3130851264171;;;;;;;;;;;;;;;;;;;;
;;;;;;;;;;;;;Gang Kemakmuran 7;583,5;Ujung 1;-0.03342769260340083, 109.31207151228031;Gang Keluarga 1;153,66;;-0.03442014487942546, 109.31231901388512;Gang Keluarga Jalur 2;164,78;;-0.033620745978057115, 109.31153672228429;;;;;;;;;;;;
;;;;;;;;;;;;;;;Ujung 2;-0.03285493620369852, 109.30953349406157;;;;;;;;;;;;;;;;;;;;
;;;;;;;;;Gang Sudiharjo 1;302,51;;-0.03295646271334884, 109.31460643413739;Gang Al Karim;31,53;;-0.03332581102714714, 109.31444473929488;;;;;;;;;;;;;;;;;;;;
;;;;;;;;;Gang Sudiharjo II;327,37;;-0.03245175767324523, 109.31355958531955;;;;;;;;;;;;;;;;;;;;;;;;
;;;;;;;;;Gang Kurnia Indah;204,44;;-0.03076008331105567, 109.31715217978396;;;;;;;;;;;;;;;;;;;;;;;;
;;;;;;;;;Jalan Komplek Pertanian;226,65;;-0.031895513885983245, 109.31372138567473;;;;;;;;;;;;;;;;;;;;;;;;
;;;;;;;;;Gang Keluarga;230,53;;-0.03090326193206817, 109.31659881803655;;;;;;;;;;;;;;;;;;;;;;;;
;;;;;;;;;Gang Sudiharjo 3;361,48;;-0.031172807511220247, 109.31479100951798;;;;;;;;;;;;;;;;;;;;;;;;
;;;;;;;;;Gang Kurnia Dalam I;87,02;;-0.030357170382031944, 109.31636695021281;;;;;;;;;;;;;;;;;;;;;;;;
;;;;;;;;;Gang Kurnia Damai;180,48;;-0.03010542138028411, 109.31665103586629;;;;;;;;;;;;;;;;;;;;;;;;
;;;;;;;;;Jalan Komplek Suwignyo Indah;180,77;;-0.030589316798817146, 109.31422677847185;;;;;;;;;;;;;;;;;;;;;;;;
;;;;;;;;;Gang Sudiharjo 4;360,85;;-0.030583081223606607, 109.31285959526359;;;;;;;;;;;;;;;;;;;;;;;;
;;;;;;;;;Gang Kurnia Dalam;343,94;;-0.03011800899771957, 109.31735872351588;Gang Suwignyo 1;99,32;;-0.029284635779755618, 109.31784435063673;;;;;;;;;;;;;;;;;;;;
;;;;;;;;;Gang Wajo;352,92;;-0.029607599823602587, 109.31478532740256;;;;;;;;;;;;;;;;;;;;;;;;
;;;;;;;;;Jalan Komplek Suwignyo Permai I;333,39;;-0.02891818625704249, 109.31816215024286;;;;;;;;;;;;;;;;;;;;;;;;
;;;;;;;;;Gang Suwignyo Permai 2;343,55;;-0.02957702910255098, 109.31356705148052;;;;;;;;;;;;;;;;;;;;;;;;
;;;;;;;;;Gang Rachmah;315,27;;-0.028731707077869904, 109.31709585206296;;;;;;;;;;;;;;;;;;;;;;;;
;;;;;;;;;Komplek Villa Citra Andalas;218,97;;-0.028344455200123148, 109.3174353316687;;;;;;;;;;;;;;;;;;;;;;;;
;;;;;;;;;Gang Sidomukti;346,5;;-0.02880087463734579, 109.31377441894062;;;;;;;;;;;;;;;;;;;;;;;;
;;;;;;;;;Gang Keluarga;95,48;;-0.028357765421923795, 109.31484039647229;;;;;;;;;;;;;;;;;;;;;;;;
;;;;;;;;;Gang Sukabangun;328,73;;-0.02864050491742159, 109.31319947865235;;;;;;;;;;;;;;;;;;;;;;;;
;;;;;;;;;Gang Kurnia 6;245,98;;-0.027300983903085756, 109.31786567899228;;;;;;;;;;;;;;;;;;;;;;;;
;;;;;;;;;Gang Al Karim;324,34;;-0.027162436145771695, 109.31410884674997;;;;;;;;;;;;;;;;;;;;;;;;
;;;;;;;;;Gang Sri Mulya;299,56;;-0.02616583472868779, 109.31825706306724;;;;;;;;;;;;;;;;;;;;;;;;
;;;;;;;;;Gang Arafah;325,63;;-0.026622643324701316, 109.3142013542206;;;;;;;;;;;;;;;;;;;;;;;;
;;;;;;;;;Gang Margodadirejo I;322,17;;-0.026379906698298334, 109.31394696110489;;;;;;;;;;;;;;;;;;;;;;;;
;;;;;;;;;Gang Nur 3A;210,85;;-0.025441694509825183, 109.31730907795672;;;;;;;;;;;;;;;;;;;;;;;;
;;;;;;;;;Gang Nur Asyikin;205,48;;-0.02607228002655607, 109.31386363704686;;;;;;;;;;;;;;;;;;;;;;;;
;;;;;;;;;Gang Nur 4;202,01;;-0.025040798131220038, 109.31726970607984;;;;;;;;;;;;;;;;;;;;;;;;
;;;;;;;;;Gang Sabar;183,21;;-0.025498353724264938, 109.31428955948991;;;;;;;;;;;;;;;;;;;;;;;;
;;;;;;;;;Gang Permai;499,95;;-0.025881702916715023, 109.31320223843571;;;;;;;;;;;;;;;;;;;;;;;;
;;;;;;;;;Gang Empat;31,36;;-0.023250639669098974, 109.31499315920374;;;;;;;;;;;;;;;;;;;;;;;;
;Jalan Sutan Syahrir;791,69;Ujung 1;-0.04358073474585853, 109.32363497012018;Gang Rawasari;134,2;;-0.04466348859607281, 109.3214903295551;;;;;;;;;;;;;;;;;;;;;;;;;;;;
;;;Ujung 2;-0.04472866883916512, 109.32245766038503;Jalan Dr. Sutomo;982,39;Ujung 1;-0.042439457731853036, 109.31499293697651;Gang Sarikaton;376,84;;-0.04541653210145578, 109.31576140473906;Gang Karya IV;82,58;;-0.04564003744944986, 109.3166741196069;;;;;;;;;;;;;;;;;;;;
;;;;;;;Ujung 2;-0.04654048135791102, 109.31788418417592;;;;;Jalan Komplek Graha Sarikaton;66,67;;-0.045170804750530716, 109.31525474758372;;;;;;;;;;;;;;;;;;;;
;;;;;;;;;;;;;Gang Karya VI;315,86;;-0.04719783452893169, 109.31680926733277;;;;;;;;;;;;;;;;;;;;
;;;;;;;;;;;;;Jalan Komplek Sentarum Mandiri 2 Jalur I;75,9;;-0.045569997770137705, 109.31518834658226;;;;;;;;;;;;;;;;;;;;
;;;;;;;;;;;;;Gang Pak Abu;324,32;;-0.04793324697732703, 109.31671204883268;;;;;;;;;;;;;;;;;;;;
;;;;;;;;;Gang Sarikaton Dalam;255,33;;-0.04758963898859312, 109.31356636874767;Gang Sadar Dalam;327,62;;-0.04842358255050527, 109.31644730244685;;;;;;;;;;;;;;;;;;;;
;;;;;;;;;;;;;Gang Sarikaton Dalam 1;175,74;;-0.047739738460054276, 109.31540319519775;;;;;;;;;;;;;;;;;;;;
;;;;;;;;;;;;;Gang Raden Soekrisno Residence;268,74;;-0.04516555862795597, 109.31282315824365;;;;;;;;;;;;;;;;;;;;
;;;;;;;;;;;;;Gang Sarikaton Dalam 2;122,62;;-0.046190149141165926, 109.31341104851631;;;;;;;;;;;;;;;;;;;;
;;;;;;;;;;;;;Gang Sarikaton Dalam 5;83,56;;-0.04757193512813634, 109.31463436222913;;;;;;;;;;;;;;;;;;;;
;;;;;;;;;;;;;Gang Sarikaton Dalam 3;28,11;;-0.04718669816249173, 109.31377848251255;;;;;;;;;;;;;;;;;;;;
;;;;;;;;;;;;;Gang Sarikaton Dalam 4;106,52;;-0.04776354595238257, 109.31429999278845;;;;;;;;;;;;;;;;;;;;
;;;;;;;;;Gang Karya IIB;173,28;;-0.044276130772293955, 109.31757817591871;;;;;;;;;;;;;;;;;;;;;;;;
;;;;;;;;;Gang Karya 3;195,57;;-0.04618298331874704, 109.31643315988731;;;;;;;;;;;;;;;;;;;;;;;;
;;;;;;;;;Gang Karya 2A;134,66;;-0.04572746742865047, 109.31789402238032;;;;;;;;;;;;;;;;;;;;;;;;
;;;;;;;;;Gang Karya A;211,09;;-0.0463072979186766, 109.31725376851622;Gang Karya V;121,6;;-0.047108773547664934, 109.31745346178727;;;;;;;;;;;;;;;;;;;;
;;;;;;;;;Gang Karya 1;440,24;;-0.04925356334365665, 109.31612829873549;Gang Darul Falah 2;64,33;;-0.048789052217015794, 109.3157283043468;;;;;;;;;;;;;;;;;;;;
;;;;;;;;;Gang Karya 2;283,99;;-0.045313379928122226, 109.31859753162816;Gang Rawasari I;340,25;;-0.044295297290843756, 109.32032754700928;Gang Rawasari 1A;91,34;;-0.04417585858710246, 109.31935760089267;;;;;;;;;;;;;;;;
;;;;;;;;;;;;;Gang Rawasari II;439,77;;-0.0432659786188975, 109.32093163422789;;;;;;;;;;;;;;;;;;;;
;;;;;;;;;;;;;Gang Rawasari III;369,36;;-0.042455925548063565, 109.31988693449446;;;;;;;;;;;;;;;;;;;;
;;;;;Jalan Dr. Wahidin;2110;Ujung 1;-0.04028735473216171, 109.31271830281922;Gang Sepakat 1a;92,29;;-0.040988710624906104, 109.31265400619368;;;;;;;;;;;;;;;;;;;;;;;;
;;;;;;;Tengah 1;-0.03794755998710471, 109.30993385886867;Gang Pesona Sepakat;74,93;;-0.04034881995639811, 109.3122720926358;;;;;;;;;;;;;;;;;;;;;;;;
;;;;;;;Tengah 2;-0.03614618944496877, 109.30764352468893;Gang Cahaya Baru;294,84;;-0.041437394946197095, 109.31084382862029;;;;;;;;;;;;;;;;;;;;;;;;
;;;;;;;Tengah 3;-0.03245609231562719, 109.30545069216558;Gang Sepakat II;495,98;;-0.03662901902464195, 109.31251395695494;Gang Sepakat 2 Dalam;174,27;;-0.037256775863363775, 109.31056292410159;;;;;;;;;;;;;;;;;;;;
;;;;;;;Ujung 2;-0.028035357591838353, 109.30431766981346;;;;;Gang Sriwijaya;167,44;;-0.03808506976375747, 109.31264545431232;;;;;;;;;;;;;;;;;;;;
;;;;;;;;;;;;;Komplek Sepakat Permai;120,27;;-0.037887658885795455, 109.3128592197052;;;;;;;;;;;;;;;;;;;;
;;;;;;;;;;;;;Jalur 3;142,5;;-0.03626147649017815, 109.31110958899343;;;;;;;;;;;;;;;;;;;;
;;;;;;;;;;;;;Komplek Sepakat Griya;125,91;;-0.0376861601480606, 109.31311200829713;;;;;;;;;;;;;;;;;;;;
;;;;;;;;;;;;;Jalur 4;144,41;;-0.03593313815960338, 109.31138446944463;;;;;;;;;;;;;;;;;;;;
;;;;;;;;;;;;;Gang Keluarga II;175,48;;-0.03535501450716078, 109.31248398186408;;;;;;;;;;;;;;;;;;;;
;;;;;;;;;;;;;Gang Kemakmuran 8;178,75;;-0.034976774157700834, 109.31262043617063;;;;;;;;;;;;;;;;;;;;
;;;;;;;;;;;;;Gang Delima Buntu;46,88;;-0.03563681959343999, 109.31399333000034;;;;;;;;;;;;;;;;;;;;
;;;;;;;;;Jalan Sepakat 2A;238,25;;-0.039049675339480935, 109.30995569155623;;;;;;;;;;;;;;;;;;;;;;;;
;;;;;;;;;Jalan Komplek Sepakat Asri;365,3;;-0.039862534153802115, 109.30854536041657;;;;;;;;;;;;;;;;;;;;;;;;
;;;;;;;;;Gang Sepakat 2B;228,81;;-0.03917732113742589, 109.30834330561974;;;;;;;;;;;;;;;;;;;;;;;;
;;;;;;;;;Jalan Graha Bumi Khatulistiwa I;273,05;;-0.036664195603591195, 109.31041527530303;;;;;;;;;;;;;;;;;;;;;;;;
;;;;;;;;;Gang Sepakat 2C;233,21;;-0.039048914237223876, 109.30795975821412;;;;;;;;;;;;;;;;;;;;;;;;
;;;;;;;;;Gang Sepakat 3;249,44;;-0.03844336546810997, 109.30801696988027;;;;;;;;;;;;;;;;;;;;;;;;
;;;;;;;;;Gang Sepakat 3A;102,67;;-0.036560314460724705, 109.30959996825001;;;;;;;;;;;;;;;;;;;;;;;;
;;;;;;;;;Gang Sepakat 4A;308,18;;-0.03871692525809795, 109.30650730413406;;;;;;;;;;;;;;;;;;;;;;;;
;;;;;;;;;Gang Sepakat 4;279,33;;-0.038084345136763065, 109.30721032981224;;;;;;;;;;;;;;;;;;;;;;;;
;;;;;;;;;Jalan Griya Sepakat Residence;207,21;;-0.03754095699558732, 109.30681617704204;;;;;;;;;;;;;;;;;;;;;;;;
;;;;;;;;;Jalan Mitra Lestari 3;277,14;;-0.0348182869046864, 109.3097076153733;;;;;;;;;;;;;;;;;;;;;;;;
;;;;;;;;;Gang Sepakat 4B;203,16;;-0.03743546282968146, 109.30661723893299;;;;;;;;;;;;;;;;;;;;;;;;
;;;;;;;;;Gang Sepakat 5A;147,3;;-0.035302218852805954, 109.30791503994118;;;;;;;;;;;;;;;;;;;;;;;;
;;;;;;;;;Gang Sepakat 5;213,89;;-0.03616187577692279, 109.3068688499478;;;;;;;;;;;;;;;;;;;;;;;;
;;;;;;;;;Gang Adiaksa;359,8;;-0.036930086318608606, 109.3049111114422;;;;;;;;;;;;;;;;;;;;;;;;
;;;;;;;;;Gang Sepakat 6;298,77;;-0.0344395824027474, 109.30821889898733;Komplek Mitra Utama Blok A-B;104,48;;-0.034163862038695356, 109.30690111691219;;;;;;;;;;;;;;;;;;;;
;;;;;;;;;;;;;Gang Keluarga;328,03;;-0.03557577999361368, 109.31099248366911;;;;;;;;;;;;;;;;;;;;
;;;;;;;;;Gang Silva Jaya;362,5;;-0.035767859882273115, 109.30521827101191;;;;;;;;;;;;;;;;;;;;;;;;
;;;;;;;;;Perumahan Mitra Utama IV;220,38;;-0.0352478390237806, 109.30450853392462;;;;;;;;;;;;;;;;;;;;;;;;
;;;;;;;;;Komplek PU Jalur 1;149,23;;-0.03371176335659877, 109.30728902375544;;;;;;;;;;;;;;;;;;;;;;;;
;;;;;;;;;Komplek PU Jalur 2;151,11;;-0.0334607819715837, 109.30710339259407;;;;;;;;;;;;;;;;;;;;;;;;
;;;;;;;;;Gang Sepakat 7;367,06;;-0.034957046550298895, 109.30306267110326;;;;;;;;;;;;;;;;;;;;;;;;
;;;;;;;;;Jalan Komplek Mitra Raya Lestari 5;361,59;;-0.03328739183289232, 109.30525252198106;;;;;;;;;;;;;;;;;;;;;;;;
;;;;;;;;;Gang Sepakat 9;356,26;;-0.03411862160206906, 109.30273619920212;;;;;;;;;;;;;;;;;;;;;;;;
;;;;;;;;;Gang Batas Pandang;372,55;;-0.03319102608261703, 109.30413997127268;Jalur 1;358,81;;-0.030302912321547627, 109.30429523505029;;;;;;;;;;;;;;;;;;;;
;;;;;;;;;;;;;Jalur 4;200,14;;-0.03221574486856938, 109.30367161927231;;;;;;;;;;;;;;;;;;;;
;;;;;;;;;;;;;Jalur 7;203,64;;-0.03222415330227843, 109.30237222920577;;;;;;;;;;;;;;;;;;;;
;;;;;;;;;;;;;Jalur 8;127,21;;-0.03319428213766174, 109.30210003301616;;;;;;;;;;;;;;;;;;;;
;;;;;;;;;Gang Sepakat 8;750,31;Ujung 1;-0.03183230269147091, 109.30682250504636;Perumahan Sepakat Mutiara;285,05;;-0.03423014692962308, 109.30766234735624;;;;;;;;;;;;;;;;;;;;
;;;;;;;;;;;Ujung 2;-0.030225956141309848, 109.31132033131462;Jalur 1;326,96;;-0.03402558213255713, 109.30796237929663;;;;;;;;;;;;;;;;;;;;
;;;;;;;;;;;;;Jalur 2;318,56;;-0.033169767706714, 109.30792782135109;;;;;;;;;;;;;;;;;;;;
;;;;;;;;;;;;;Jalur 3;307,84;;-0.03259394455346728, 109.30801072220099;;;;;;;;;;;;;;;;;;;;
;;;;;;;;;;;;;Jalur 4;303,66;;-0.03241516691309785, 109.30843453712916;;;;;;;;;;;;;;;;;;;;
;;;;;;;;;;;;;Gang Buntu;96,87;;-0.030502908659420822, 109.30797208821573;;;;;;;;;;;;;;;;;;;;
;;;;;;;;;;;;;Jalan Kembang Sepakat;94,98;;-0.03036081000795102, 109.30828292865368;;;;;;;;;;;;;;;;;;;;
;;;;;;;;;;;;;Jalur 5;319,31;;-0.033792989113504555, 109.30957931338376;;;;;;;;;;;;;;;;;;;;
;;;;;;;;;;;;;Jalur 6;219,46;;-0.0322884290986693, 109.30948508857345;;;;;;;;;;;;;;;;;;;;
;;;;;;;;;;;;;Gang Revolusi;52,36;;-0.030999449072621213, 109.30913333135344;;;;;;;;;;;;;;;;;;;;
;;;;;;;;;Komplek Sepakat Damai;328,58;;-0.029801501353417116, 109.30792100407169;;;;;;;;;;;;;;;;;;;;;;;;
;;;;;;;;;Jalan Batara 1;425,87;;-0.028143040213810106, 109.30759982549812;;;;;;;;;;;;;;;;;;;;;;;;
;;;;;;;;;Jalan Ujung Pandang;2120;Ujung 1;-0.0316606356876143, 109.30086375605852;Jalan Klp. Hijau;361,16;;-0.029985801212870686, 109.30453850084929;;;;;;;;;;;;;;;;;;;;
;;;;;;;;;;;Tengah;-0.035010255874083934, 109.29630025986515;Gang Aspal;356,14;;-0.03237543027907542, 109.30446548069774;;;;;;;;;;;;;;;;;;;;
;;;;;;;;;;;Ujung 2;-0.03994520219228475, 109.29086235409274;Gang Losari (Kiri);141,14;;-0.03065059017913232, 109.3038858099341;;;;;;;;;;;;;;;;;;;;
;;;;;;;;;;;;;Gang Losari (Kanan);180,87;;-0.028508703306364253, 109.3028291881055;;;;;;;;;;;;;;;;;;;;
;;;;;;;;;;;;;Gang H. Ahmad;349,64;;-0.03252187052665022, 109.30401727539584;;;;;;;;;;;;;;;;;;;;
;;;;;;;;;;;;;Gang Selat Pandang;157,84;;-0.030386690408027696, 109.3033024216526;;;;;;;;;;;;;;;;;;;;
;;;;;;;;;;;;;Gang Srikandi;353,68;;-0.033233864180060545, 109.30349101775718;;;;;;;;;;;;;;;;;;;;
;;;;;;;;;;;;;Gang Jundi;152,95;;-0.03183095164998276, 109.30283398241913;;;;;;;;;;;;;;;;;;;;
;;;;;;;;;;;;;Gang Anugrah;350,32;;-0.0332771762995369, 109.3032848617605;;;;;;;;;;;;;;;;;;;;
;;;;;;;;;;;;;Gang Pare - Pare;110,31;;-0.03187333063392545, 109.30235848645162;;;;;;;;;;;;;;;;;;;;
;;;;;;;;;;;;;Komplek Kurnia;350,17;;-0.02839303045326918, 109.30023928901723;;;;;;;;;;;;;;;;;;;;
;;;;;;;;;;;;;Gang Nauli;178,77;;-0.03282173680781411, 109.30194163846237;;;;;;;;;;;;;;;;;;;;
;;;;;;;;;;;;;Komplek Kurnia 5.C;308,38;;-0.03408648631453016, 109.30224839962136;;;;;;;;;;;;;;;;;;;;
;;;;;;;;;;;;;Gang H. Radjali;280,08;;-0.029430468868118273, 109.29966202347596;;;;;;;;;;;;;;;;;;;;
;;;;;;;;;;;;;Gang Tlk. Bone;327,05;;-0.0343342745209369, 109.30190826060404;;;;;;;;;;;;;;;;;;;;
;;;;;;;;;;;;;Gang H. Cuna;217,44;;-0.03023707428996515, 109.29942661591274;;;;;;;;;;;;;;;;;;;;
;;;;;;;;;;;;;Komplek Citra Indah 4;278,76;;-0.030039431560978682, 109.29891138567575;;;;;;;;;;;;;;;;;;;;
;;;;;;;;;;;;;Komplek Golden Berlian Residence;175,29;;-0.03345909799311738, 109.30103765943353;;;;;;;;;;;;;;;;;;;;
;;;;;;;;;;;;;Komplek Gemilang Greenland;323,89;;-0.03382622897535717, 109.3010071715818;;;;;;;;;;;;;;;;;;;;
;;;;;;;;;;;;;Gang Hanura 2;334,23;;-0.03355717036719204, 109.3002488850836;;;;;;;;;;;;;;;;;;;;
;;;;;;;;;;;;;Perumahan Permata Permai;396,95;;-0.031504283221120956, 109.29803552924933;;;;;;;;;;;;;;;;;;;;
;;;;;;;;;;;;;Gang Swadaya;105,07;;-0.03380452763211549, 109.2994689589173;;;;;;;;;;;;;;;;;;;;
;;;;;;;;;;;;;Gang Berdua;102,28;;-0.034805593690520074, 109.3001992579799;;;;;;;;;;;;;;;;;;;;
;;;;;;;;;;;;;Gang Gaharu;176,09;;-0.03511502253193445, 109.29995907082038;;;;;;;;;;;;;;;;;;;;
;;;;;;;;;;;;;Gang Cipaganti;344,31;;-0.034398092563933905, 109.29888312188399;;;;;;;;;;;;;;;;;;;;
;;;;;;;;;;;;;Gang Pelangi;334,72;;-0.031142960723471357, 109.29646317293319;;;;;;;;;;;;;;;;;;;;
;;;;;;;;;;;;;Gang Al - Barokah;274,37;;-0.03179794990344787, 109.29656452189418;;;;;;;;;;;;;;;;;;;;
;;;;;;;;;;;;;Komplek Cendana Murni;166,04;;-0.03295252895340954, 109.29689317048388;;;;;;;;;;;;;;;;;;;;
;;;;;;;;;;;;;Perumahan Taman Firdaus;396,73;;-0.03345368316677245, 109.29558197978197;;;;;;;;;;;;;;;;;;;;
;;;;;;;;;;;;;Gang Jalur 1;314,07;;-0.03910759423650733, 109.29636392444944;;;;;;;;;;;;;;;;;;;;
;;;;;;;;;;;;;Jalur 2;152,08;;-0.03804017669719933, 109.29513486490967;;;;;;;;;;;;;;;;;;;;
;;;;;;;;;;;;;Komplek Villa Brata Indah;164,12;;-0.03929350556293298, 109.2961369684769;;;;;;;;;;;;;;;;;;;;
;;;;;;;;;;;;;Jalur 3;353,09;;-0.03949972957738905, 109.29585152802652;;;;;;;;;;;;;;;;;;;;
;;;;;;;;;;;;;Komplek Taman Ujung Pandang Asri;233,47;;-0.03689086939088513, 109.29350083499166;;;;;;;;;;;;;;;;;;;;
;;;;;;;;;;;;;Gang Bala Arung;368,5;;-0.03928326097706799, 109.29523617106452;;;;;;;;;;;;;;;;;;;;
;;;;;;;;;;;;;Gang To Amir;169,34;;-0.0382702054639104, 109.29388795606359;;;;;;;;;;;;;;;;;;;;
;;;;;;;;;;;;;Gang Terpandang;160,99;;-0.03943321097958322, 109.29320366338017;;;;;;;;;;;;;;;;;;;;
;;;;;;;;;;;;;Gang H. Suib;206,13;;-0.037527688835846285, 109.29139257922719;;;;;;;;;;;;;;;;;;;;
;;;;;;;;;;;;;Gang Kampus;389,12;;-0.04145878881978533, 109.29387590606594;;;;;;;;;;;;;;;;;;;;
;;;;;;;;;Jalan Ujung Pandang 2;399,04;;-0.04124512074046801, 109.28960875667956;Jalan Ujung Pandang 2 Jalur Satu;369,29;;-0.0395167329094308, 109.28734576277276;;;;;;;;;;;;;;;;;;;;
;;;;;;;;;;;;;Jalan Ujung Pandang II Jalur II;371,01;;-0.039558924536133536, 109.28700815771145;;;;;;;;;;;;;;;;;;;;
;;;;;;;;;;;;;Perumahan Gading Beverly;297,08;;-0.043900331070423924, 109.29073755637205;;;;;;;;;;;;;;;;;;;;
;;;;;;;;;;;;;Jalan Ujung Pandang II Jalur III;374,61;;-0.0417250927682934, 109.28843066987561;;;;;;;;;;;;;;;;;;;;
;;;;;;;;;;;;;Perumahan Villa Anugerah Permai 9;162,94;;-0.04165106834496668, 109.28710405628425;;;;;;;;;;;;;;;;;;;;
;;;;;;;;;;;;;Gang Ikhtiar;196,76;;-0.04424973636818215, 109.28891599007807;;;;;;;;;;;;;;;;;;;;
;;;;;;;;;;;;;Perumahan Ampera Harmoni Residence;378,6;;-0.041878372915437036, 109.28604604560776;;;;;;;;;;;;;;;;;;;;
;;;;;;;;;;;;;Gang Pesantren;116,81;;-0.044189126232153424, 109.28796075077955;;;;;;;;;;;;;;;;;;;;
;;;;;;;;;Jalan Puskesmas Pal 4;611,8;Ujung 1;-0.026379107669974984, 109.30307353477954;Gang Kubu;373,9;;-0.028418885865763275, 109.30322004563429;;;;;;;;;;;;;;;;;;;;
;;;;;;;;;;;Ujung 2;-0.028607387145206088, 109.2992510430929;Gang Hasan Usman;177,76;;-0.028297933331933797, 109.30276738344904;;;;;;;;;;;;;;;;;;;;
;;;;;;;;;;;;;Gang Nuansa;381;;-0.028860508376165078, 109.3026327104034;;;;;;;;;;;;;;;;;;;;
;;;;;;;;;;;;;Gang Wibisono;380,37;;-0.02816032764802094, 109.3017618633016;;;;;;;;;;;;;;;;;;;;
;;;;;;;;;;;;;Gang Selat Makasar;379,78;;-0.029141006536534515, 109.30172127613444;;;;;;;;;;;;;;;;;;;;
;;;;;;;;;;;;;Gang Hasyim;384,42;;-0.030687869722542404, 109.30207901872849;;;;;;;;;;;;;;;;;;;;
;;;;;;;;;;;;;Gang Ganda Dewata;383,33;;-0.0294133254949944, 109.29997859577186;;;;;;;;;;;;;;;;;;;;
;Jalan Prof. M. Yamin;2370;Ujung 1;-0.04964912039676356, 109.31759221025494;Gang Orde Baru;160,19;;-0.047770822992997335, 109.31774287678752;;;;;;;;;;;;;;;;;;;;;;;;;;;;
;;;Tengah 1;-0.05104004926414557, 109.31617633167609;Gang Darul Falah;145,21;;-0.049402234562331546, 109.31660531918685;;;;;;;;;;;;;;;;;;;;;;;;;;;;
;;;Tengah 2;-0.054881052051669744, 109.31228454329786;Jalan PGA;922,79;Ujung 1;-0.04907662178497479, 109.31467087392465;Gang R. Mangun 1;352,53;;-0.05091194895538225, 109.31479909163687;Gang R. Mangun Dalam;128,83;;-0.050411193049344986, 109.31372978529988;;;;;;;;;;;;;;;;;;;;
;;;Tengah 3;-0.05933152954450245, 109.3078706875922;;;Ujung 2;-0.04689309064114083, 109.31207844018739;;;;;Gang Sederhana;239;;-0.050975124564093144, 109.31309243768808;;;;;;;;;;;;;;;;;;;;
;;;Ujung 2;-0.06262207548544786, 109.30458852683743;;;;;Gang R. Mangun II;228,12;;-0.04991715479554756, 109.31472213679356;;;;;;;;;;;;;;;;;;;;;;;;
;;;;;;;;;Gang Sutera;137,95;;-0.04929711810310782, 109.31561958210506;;;;;;;;;;;;;;;;;;;;;;;;
;;;;;;;;;Gang Sadar;248,25;;-0.04759563981021773, 109.31584408333393;;;;;;;;;;;;;;;;;;;;;;;;
;;;;;;;;;Gang Kemuning;364,31;;-0.049405896378369965, 109.31405391529069;Gang Jalur Buntu;65,79;;-0.04882447598181761, 109.31377951146993;;;;;;;;;;;;;;;;;;;;
;;;;;;;;;;;;;Gang Kemuning Jalur 1;136,08;;-0.04865310592159418, 109.3130535980192;;;;;;;;;;;;;;;;;;;;
;;;;;;;;;;;;;Gang Kemuning Jalur 1A;81,24;;-0.04936424332731927, 109.3130454137722;;;;;;;;;;;;;;;;;;;;
;;;;;;;;;;;;;Gang Kemuning Jalur II;213,42;;-0.04932633501347682, 109.31224818342079;;;;;;;;;;;;;;;;;;;;
;;;;;;;;;;;;;Gang Sederhana;239,08;;-0.052088325076297015, 109.31437541507195;;;;;;;;;;;;;;;;;;;;
;;;;;;;;;Gang P.G.A Dalam;175,93;;-0.04806223721528989, 109.31507445277566;;;;;;;;;;;;;;;;;;;;;;;;
;;;;;Gang Simpang Empat;112,53;;-0.05092389258914346, 109.31504699787627;;;;;;;;;;;;;;;;;;;;;;;;;;;;
;;;;;Gang Sambe;102,86;;-0.05151286650144593, 109.31438915599662;;;;;;;;;;;;;;;;;;;;;;;;;;;;
;;;;;Gang Morodadi;386,28;;-0.051704044218467415, 109.31268009892824;Gang Morodadi A;85,76;;-0.05319410582354812, 109.31320662540016;;;;;;;;;;;;;;;;;;;;;;;;
;;;;;;;;;Gang Morodadi 1;269,14;;-0.053975017307970025, 109.31218606166752;;;;;;;;;;;;;;;;;;;;;;;;
;;;;;;;;;Gang Morodadi II;283,7;;-0.052322535923151135, 109.31305345122736;;;;;;;;;;;;;;;;;;;;;;;;
;;;;;;;;;Gang Morodadi III;302,6;;-0.053082113346796425, 109.31102576135584;;;;;;;;;;;;;;;;;;;;;;;;
;;;;;;;;;Gang Morodadi 3A;315,07;;-0.0513504688155199, 109.3119590739411;;;;;;;;;;;;;;;;;;;;;;;;
;;;;;;;;;Gang Morodadi 4;320,39;;-0.053129527312789276, 109.3101627634922;;;;;;;;;;;;;;;;;;;;;;;;
;;;;;;;;;Gang Morodadi V;331;;-0.05224172047795125, 109.31031958185471;Jalur I;215,78;;-0.051572683645004426, 109.30845619497607;;;;;;;;;;;;;;;;;;;;
;;;;;Jalan Pak Benceng;820,65;Ujung 1;-0.053137233576548135, 109.30987700076393;Komplek Kota Villa;259,51;;-0.051983323494726334, 109.31254112781775;;;;;;;;;;;;;;;;;;;;;;;;
;;;;;;;Ujung 2;-0.051503136582189225, 109.30719204180713;Gang Jambu Mente I;156,64;;-0.05464245300166383, 109.31009662121294;;;;;;;;;;;;;;;;;;;;;;;;
;;;;;;;;;Gang Jambu Mente II;85,97;;-0.053814004650646854, 109.31013694103382;;;;;;;;;;;;;;;;;;;;;;;;
;;;;;;;;;Gang Wonorejo;267,43;;-0.05431891784865264, 109.30895264563134;Gang Wonorejo 1;90,68;;-0.05291258976223693, 109.30848808672756;;;;;;;;;;;;;;;;;;;;
;;;;;;;;;;;;;Gang Wonorejo Jalur 1;225,14;;-0.05260619148354768, 109.3074702447223;;;;;;;;;;;;;;;;;;;;
;;;;;;;;;;;;;Gang Wonorejo Jalur 2;135,69;;-0.05390846065607421, 109.30964860220026;;;;;;;;;;;;;;;;;;;;
;;;;;;;;;;;;;Gang Wonorejo Jalur III;131,69;;-0.054246532559357956, 109.3097808375506;;;;;;;;;;;;;;;;;;;;
;;;;;;;;;Gang Jalur 1;94,76;;-0.052495993355420524, 109.30742099977523;;;;;;;;;;;;;;;;;;;;;;;;
;;;;;Gang Usaha Baru I;284,76;;-0.05444594994512443, 109.30924995812877;Gang Hexa;63,56;;-0.05500050690181494, 109.31112319143934;;;;;;;;;;;;;;;;;;;;;;;;
;;;;;;;;;Gang Usaha Baru 1 Jalur 1;128,75;;-0.056086038963922696, 109.3100559717585;;;;;;;;;;;;;;;;;;;;;;;;
;;;;;Gang Usaha Baru II;238,63;;-0.055624824377136374, 109.30893612118236;Gang Sederhana Pontianak;124,28;;-0.05563834081368568, 109.30977019939168;Gang Usaha Baru I Dalam II;90,19;;-0.055246831588643616, 109.30905796756352;;;;;;;;;;;;;;;;;;;;
;;;;;;;;;;;;;Jalan Komplek Pd. Indah Karya;118,31;;-0.05509470443849922, 109.30909138646766;;;;;;;;;;;;;;;;;;;;
;;;;;;;;;;;;;Gang Usaha Baru 1 Dalam;65,89;;-0.05493036585069353, 109.30939241540499;;;;;;;;;;;;;;;;;;;;
;;;;;Gang Usaha Baru III;212,4;;-0.056012514463335925, 109.3086096880352;;;;;;;;;;;;;;;;;;;;;;;;;;;;
;;;;;Jalan Ilham;687,49;;-0.05628778809162635, 109.30838179056701;Gang Sukarela;172,58;;-0.05709847941131455, 109.30719540300316;;;;;;;;;;;;;;;;;;;;;;;;
;;;;;;;;-0.05426237185760855, 109.30564993472429;Gang Ilham 2;100,93;;-0.05546161151475287, 109.30866032692003;Gang Ilham 2 Jalur 1;133,89;;-0.05487199988902344, 109.30756710347683;;;;;;;;;;;;;;;;;;;;
;;;;;;;;;Gang Hidayah 1;161,63;;-0.056805655747041175, 109.3069395609646;;;;;;;;;;;;;;;;;;;;;;;;
;;;;;;;;;Gang Hidayah II;159,59;;-0.0559792314079859, 109.30729557284195;;;;;;;;;;;;;;;;;;;;;;;;
;;;;;;;;;Gang 8 Saudara;332,59;;-0.05698637101665216, 109.30490622100164;;;;;;;;;;;;;;;;;;;;;;;;
;;;;;;;;;Gang Putri Bungsu;325,66;;-0.0555719090081155, 109.30633496424724;;;;;;;;;;;;;;;;;;;;;;;;
;;;;;;;;;Jalan Sriwijaya Lestari;323,09;;-0.05604346262167669, 109.30517439757404;;;;;;;;;;;;;;;;;;;;;;;;
;;;;;;;;;Jalan Ilham Permai;321,6;;-0.0556557522546066, 109.30518491102158;;;;;;;;;;;;;;;;;;;;;;;;
;;;;;;;;;Jalan Komplek Ilham Permai;153,69;;-0.05533936983651524, 109.30510043356215;;;;;;;;;;;;;;;;;;;;;;;;
;;;;;;;;;Gang Ilham 7;79,65;;-0.054899492677186267, 109.3053373317446;;;;;;;;;;;;;;;;;;;;;;;;
;;;;;Gang Pertiwi;230,88;;-0.05749363309973398, 109.30888024463532;;;;;;;;;;;;;;;;;;;;;;;;;;;;
;;;;;Gang Murni;182,31;;-0.057349671031273954, 109.30755355550636;;;;;;;;;;;;;;;;;;;;;;;;;;;;
;;;;;Gang Pembangunan ;389,67;;-0.05794657886995088, 109.30774756980435;Jalan Komplek Cendana Mulia;182,17;;-0.0582293064149343, 109.3069389315601;;;;;;;;;;;;;;;;;;;;;;;;
;;;;;;;;;Gang Sukarela 1;180,43;;-0.05750958763997651, 109.30677179787496;;;;;;;;;;;;;;;;;;;;;;;;
;;;;;;;;;Gang Sukarela II;179,15;;-0.05760262206879272, 109.30605048986884;;;;;;;;;;;;;;;;;;;;;;;;
;;;;;;;;;Gang Sukarela 3;178,61;;-0.05691991214832741, 109.30641467173143;;;;;;;;;;;;;;;;;;;;;;;;
;;;;;;;;;Gang Hidayah;174,29;;-0.056946252651820746, 109.30600976626984;;;;;;;;;;;;;;;;;;;;;;;;
;;;;;Gang Selamat Jaya;127,19;;-0.058228595865163955, 109.30736933188412;;;;;;;;;;;;;;;;;;;;;;;;;;;;
;;;;;Gang Bulan;221,59;;-0.05857997740427568, 109.30732737115311;;;;;;;;;;;;;;;;;;;;;;;;;;;;
;;;;;Jalan Ampera;3250;Ujung 1;-0.05750273686243994, 109.3049980515746;Gang Ikhlas;410,78;;-0.06073214328406739, 109.30322155066514;Jalan Komplek Melati Harmony;123,42;;-0.061131362964572215, 109.3043488965621;;;;;;;;;;;;;;;;;;;;
;;;;;;;Tengah 1;-0.05508889397546407, 109.3026974448982;Gang Mandiri Baru;274,85;;-0.05966272315248491, 109.30361403267969;;;;;;;;;;;;;;;;;;;;;;;;
;;;;;;;Tengah 2;-0.05324233682627943, 109.30101165518411;Gang 17 Agustus;241,85;;-0.05903411949471769, 109.30343701108825;;;;;;;;;;;;;;;;;;;;;;;;
;;;;;;;Tengah 3;-0.04903351808933315, 109.29715495178829;Jalan Komplek Bali Asri Jalur II;366,31;;-0.059484151973293514, 109.30238081692659;;;;;;;;;;;;;;;;;;;;;;;;
;;;;;;;Tengah 4;-0.045756209105678736, 109.29416948655243;Jalan Komplek Bali Asri Jalur I;366,96;;-0.05894479989865679, 109.30231801820744;;;;;;;;;;;;;;;;;;;;;;;;
;;;;;;;Tengah 5;-0.043401537393348504, 109.29200636206015;Gang Permai 3;152,8;;-0.055876429140156905, 109.30435409745553;;;;;;;;;;;;;;;;;;;;;;;;
;;;;;;;Ujung 2;-0.04011897642517896, 109.28909847827327;Gang Almira;133,26;;-0.056886498538930096, 109.30288203255918;;;;;;;;;;;;;;;;;;;;;;;;
;;;;;;;;;Komplek Zal Khatulistiwa;158,69;;-0.055146467561348035, 109.30400305434925;;;;;;;;;;;;;;;;;;;;;;;;
;;;;;;;;;Jalan Karya Sosial;379,01;;-0.05562324429968184, 109.30271611434677;;;;;;;;;;;;;;;;;;;;;;;;
;;;;;;;;;Gang Alam;418,98;;-0.053290349722486176, 109.30534955834852;;;;;;;;;;;;;;;;;;;;;;;;
;;;;;;;;;Gang Ampera Baru;322,64;;-0.05689009864251337, 109.3002229524868;;;;;;;;;;;;;;;;;;;;;;;;
;;;;;;;;;Komplek Graha Ampera;348,7;;-0.053714731128354135, 109.30344286127352;;;;;;;;;;;;;;;;;;;;;;;;
;;;;;;;;;Gang Ampera 1;319,45;;-0.05596706976007615, 109.30049993735906;;;;;;;;;;;;;;;;;;;;;;;;
;;;;;;;;;Jalan Ari Karya Indah VII;395,64;;-0.05596706976007615, 109.30049993735906;;;;;;;;;;;;;;;;;;;;;;;;
;;;;;;;;;Komplek Ari Karya Indah 8;357,28;;-0.052195542014963306, 109.30401943152202;;;;;;;;;;;;;;;;;;;;;;;;
;;;;;;;;;Jalan Citra Fismah Indah;369,84;;-0.05634791226707946, 109.29925399525362;;;;;;;;;;;;;;;;;;;;;;;;
;;;;;;;;;Jalan Villa Mutiara Mas I;359,79;;-0.05593939335509473, 109.29913581393946;;;;;;;;;;;;;;;;;;;;;;;;
;;;;;;;;;Gang Perdana;340,05;;-0.051859325837045334, 109.30307531676767;;;;;;;;;;;;;;;;;;;;;;;;
;;;;;;;;;Jalan Villa Mutiara Mas II;364,69;;-0.054330375993679896, 109.29964369495762;;;;;;;;;;;;;;;;;;;;;;;;
;;;;;;;;;Gang Dwi Putra;311,63;;-0.05105094278519777, 109.30281043131303;;;;;;;;;;;;;;;;;;;;;;;;
;;;;;;;;;Gang Masjid;348,72;;-0.05050564249066726, 109.30270598307872;;;;;;;;;;;;;;;;;;;;;;;;
;;;;;;;;;Gang Hijrah;340,87;;-0.050230512301894355, 109.30247623107357;;;;;;;;;;;;;;;;;;;;;;;;
;;;;;;;;;Jalan Graha Ampera Permai;339,28;;-0.04993740090502683, 109.30216065392233;;;;;;;;;;;;;;;;;;;;;;;;
;;;;;;;;;Gang Permata Ampera 3;361,38;;-0.05221245338767844, 109.29920853213635;;;;;;;;;;;;;;;;;;;;;;;;
;;;;;;;;;Gang Permata Ampera 2;359,42;;-0.05334987874128813, 109.29777111019536;;;;;;;;;;;;;;;;;;;;;;;;
;;;;;;;;;Gang Berkah;108,18;;-0.050661453764039285, 109.29998313154303;;;;;;;;;;;;;;;;;;;;;;;;
;;;;;;;;;Gang Permata Ampera 1;351,42;;-0.0529968957131387, 109.29764914614755;;;;;;;;;;;;;;;;;;;;;;;;
;;;;;;;;;Gang Cahaya;349,62;;-0.04954850922487357, 109.30068468891503;;;;;;;;;;;;;;;;;;;;;;;;
;;;;;;;;;Gang Joker;351,26;;-0.04884636655101506, 109.30087364106579;;;;;;;;;;;;;;;;;;;;;;;;
;;;;;;;;;Gang Babussalam;249,56;;-0.048914811564673415, 109.30014831650396;;;;;;;;;;;;;;;;;;;;;;;;
;;;;;;;;;Gang Sirajul Karya;258,07;;-0.04874931619564453, 109.29966821484746;;;;;;;;;;;;;;;;;;;;;;;;
;;;;;;;;;Gang Margi Rahayu;259,03;;-0.04826641258335776, 109.29966050103644;;;;;;;;;;;;;;;;;;;;;;;;
;;;;;;;;;Gang Keluarga Besar;242,95;;-0.04779145084970998, 109.29901771107608;;;;;;;;;;;;;;;;;;;;;;;;
;;;;;;;;;Gang Amalia;257,65;;-0.0473072346497826, 109.29873223534752;;;;;;;;;;;;;;;;;;;;;;;;
;;;;;;;;;Gang Pelangi;367;;-0.04692965750712944, 109.29840867856794;;;;;;;;;;;;;;;;;;;;;;;;
;;;;;;;;;Gang Nuansa Bening;399,99;;-0.05026936583989725, 109.29374068416183;;;;;;;;;;;;;;;;;;;;;;;;
;;;;;;;;;Gang Permata Kota;233,51;;-0.04888678903517995, 109.29459259313417;;;;;;;;;;;;;;;;;;;;;;;;
;;;;;;;;;Gang Hj. Sumiyati;436,98;;-0.04476173569675595, 109.29858861957027;;;;;;;;;;;;;;;;;;;;;;;;
;;;;;;;;;Gang Purun Jati;385,76;;-0.04515273741721366, 109.29747817291006;;;;;;;;;;;;;;;;;;;;;;;;
;;;;;;;;;Jalan Komplek Villa Atlanta;409,63;;-0.04445858924324086, 109.29763614896116;;;;;;;;;;;;;;;;;;;;;;;;
;;;;;;;;;Jalan Ampera Premiere;368,82;;-0.04600085228258409, 109.29563563017568;;;;;;;;;;;;;;;;;;;;;;;;
;;;;;;;;;Gang 8 Dewa;349,2;;-0.048162646300765756, 109.29228316185912;;;;;;;;;;;;;;;;;;;;;;;;
;;;;;;;;;Gang Amanah;202,21;;-0.04477399324455962, 109.29567955178362;;;;;;;;;;;;;;;;;;;;;;;;
;;;;;;;;;Gang Wa'led;76,04;;-0.046347698031328745, 109.29377831204066;;;;;;;;;;;;;;;;;;;;;;;;
;;;;;;;;;Perumahan Gardenia Spring;269,13;;-0.043946663626807964, 109.2957958738652;;;;;;;;;;;;;;;;;;;;;;;;
;;;;;;;;;Gang Sumpulolo;398,04;;-0.04792824086272905, 109.29133094413626;;;;;;;;;;;;;;;;;;;;;;;;
;;;;;;;;;Gang M. Yazid;142,06;;-0.04445019897357782, 109.29472319086811;;;;;;;;;;;;;;;;;;;;;;;;
;;;;;;;;;Gang H. Kasim;113,64;;-0.04454862802112295, 109.2940421500939;;;;;;;;;;;;;;;;;;;;;;;;
;;;;;;;;;Gang Delta;249,66;;-0.04631590201503349, 109.29165174536173;;;;;;;;;;;;;;;;;;;;;;;;
;;;;;;;;;Gang Paididi/SPN;465,91;;-0.042082230326417676, 109.29526928015352;;;;;;;;;;;;;;;;;;;;;;;;
;;;;;;;;;Gang Manggis;99,69;;-0.044624800632403296, 109.29228289670289;;;;;;;;;;;;;;;;;;;;;;;;
;;;;;;;;;Gang Wijaya;91,51;;-0.04118376548931667, 109.29113460801457;;;;;;;;;;;;;;;;;;;;;;;;
;;;;;;;;;Gang Abdul Karim;393,55;;-0.0403272125679885, 109.28574844058699;Jalan Jalur 4;197,44;;-0.04105365607052083, 109.28715307734329;;;;;;;;;;;;;;;;;;;;
;;;;;;;;;;;;;Gang HM Denan;150,46;;-0.040816719697267134, 109.28653662159915;;;;;;;;;;;;;;;;;;;;
;;;;;;;;;Gang Diana Mitra;258,78;;-0.03755499693652676, 109.28860070376632;;;;;;;;;;;;;;;;;;;;;;;;
;;;;;Gang Melati;269,92;;-0.0605271519530036, 109.3057420762974;;;;;;;;;;;;;;;;;;;;;;;;;;;;
;;;;;Gang Keluarga Melati;265,44;;-0.0604808787090027, 109.3049838268855;;;;;;;;;;;;;;;;;;;;;;;;;;;;
;;;;;Gang Melati II;261,79;;-0.060223048578711, 109.30395212435526;;;;;;;;;;;;;;;;;;;;;;;;;;;;
;;;;;Jalan Komplek Melati Permai;136,02;;-0.061280946039661346, 109.30454783881629;;;;;;;;;;;;;;;;;;;;;;;;;;;;
;;;;;Jalan Komplek Melati Permai II;111,34;;-0.06042501197780093, 109.30370499561693;;;;;;;;;;;;;;;;;;;;;;;;;;;;
;;;;;Gang Mekar Melati;103,44;;-0.06160907149314139, 109.30429336171431;;;;;;;;;;;;;;;;;;;;;;;;;;;;
;;;;;Gang Melati III;219,97;;-0.061912294080268174, 109.30423786132464;;;;;;;;;;;;;;;;;;;;;;;;;;;;
;;;;;Gang Mawar;220,34;;-0.06161988996929849, 109.30345893690081;;;;;;;;;;;;;;;;;;;;;;;;;;;;
;;;;;Komplek Ari Karya Indah VI;201,58;;-0.061548492794096805, 109.30306913180708;;;;;;;;;;;;;;;;;;;;;;;;;;;;
;;;;;Gang Melati IV;204,04;;-0.06173922369845086, 109.30286433451064;;;;;;;;;;;;;;;;;;;;;;;;;;;;
"Pontianak
Barat";Jalan Hasanuddin;699,47;Ujung 1;-0.018194689902354944, 109.33126704554132;Gang Kakap 1;70,69;;-0.01789346581921765, 109.33057069595175;;;;;;;;;;;;;;;;;;;;;;;;;;;;
;;;Ujung 2;-0.018600239582428586, 109.32930200703218;Gang Kakap 2;119,79;;-0.017406068753957674, 109.32963380381325;;;;;;;;;;;;;;;;;;;;;;;;;;;;
;;;;;Gang Kenari;199,8;;-0.017405601935474076, 109.32847592186106;;;;;;;;;;;;;;;;;;;;;;;;;;;;
;;;;;Komplek Berlian;169,54;;-0.01722507236126323, 109.32818900847568;;;;;;;;;;;;;;;;;;;;;;;;;;;;
;;;;;Gang Parindra 1;162,82;;-0.017351592751141752, 109.32780866989938;;;;;;;;;;;;;;;;;;;;;;;;;;;;
;;;;;Gang Derma;383,03;;-0.016880601838655862, 109.32768849945631;;;;;;;;;;;;;;;;;;;;;;;;;;;;
;;;;;Gang Derma 1;66,07;;-0.016067100292552206, 109.32794020992644;;;;;;;;;;;;;;;;;;;;;;;;;;;;
;;;;;Gang Bilal 1;183,8;;-0.01790399922756382, 109.32708141465784;;;;;;;;;;;;;;;;;;;;;;;;;;;;
;;;;;Gang Bilal 2;171,58;;-0.01748436225382926, 109.32663761393289;;;;;;;;;;;;;;;;;;;;;;;;;;;;
;;;;;Gang Alfalah;178,73;;-0.017603042403332186, 109.3264105803073;;;;;;;;;;;;;;;;;;;;;;;;;;;;
;Jalan H. Rais A. Rachman;2060;Ujung 1;-0.019596166524025908, 109.32374520833677;Gang Muria;200,54;;-0.018617705298408314, 109.32624943456344;Gang Muria Dalam;323,52;;-0.015457909459865773, 109.32762836780316;;;;;;;;;;;;;;;;;;;;;;;;
;;;Tengah 1;-0.020454916774022534, 109.31933279834571;Gang Senjuju;185,71;;-0.017815122369205516, 109.32575197320354;Gang Belakang Ps. Dahlia;182,78;;-0.018902640790087542, 109.3244385212644;Gang Patuha;130,34;;-0.018242455566489305, 109.32556953124406;;;;;;;;;;;;;;;;;;;;
;;;Tengah 2;-0.021188472677677598, 109.31604789189524;;;;;;;;;Gang Lompo Batang;130,64;;-0.018557217526994733, 109.3252813350701;;;;;;;;;;;;;;;;;;;;
;;;Tengah 3;-0.02219012912346615, 109.31247140292633;;;;;;;;;Gang Sampang;493,02;;-0.015125087639532565, 109.32422244669831;;;;;;;;;;;;;;;;;;;;
;;;Ujung 2;-0.023049345099603952, 109.30993037306102;Gang Gn. Sahari;442,96;;-0.015708811181642236, 109.32378942757212;;;;;;;;;;;;;;;;;;;;;;;;;;;;
;;;;;Jalan Gunung Sahari;149,76;;-0.018774887518884457, 109.32381535376385;Gang Tiong Kandang 1;293,23;;-0.01581804320212507, 109.32342511727056;;;;;;;;;;;;;;;;;;;;;;;;
;;;;;Gang Tiong Kandang 2;438,83;;-0.018435210284376613, 109.32335417578518;;;;;;;;;;;;;;;;;;;;;;;;;;;;
;;;;;Gang Tiong Kandang 3;226,03;;-0.01765203376017775, 109.32300003238797;;;;;;;;;;;;;;;;;;;;;;;;;;;;
;;;;;Gang Sebukit;459,85;;-0.018330594269376582, 109.32283306392688;;;;;;;;;;;;;;;;;;;;;;;;;;;;
;;;;;Gang Gn. Pandan;466,75;;-0.01584121532303421, 109.32210592553562;;;;;;;;;;;;;;;;;;;;;;;;;;;;
;;;;;Gang Selamat 3;427,72;;-0.01920693147061673, 109.32217980644664;;;;;;;;;;;;;;;;;;;;;;;;;;;;
;;;;;Gang Selamat 2;242,46;;-0.017858428963002444, 109.32163705244741;;;;;;;;;;;;;;;;;;;;;;;;;;;;
;;;;;Gang Selamat 1;489,94;;-0.018801129307158645, 109.32145409787165;Gang Selamat Dalam;250,5;;-0.018099795928784787, 109.32099638135516;;;;;;;;;;;;;;;;;;;;;;;;
;;;;;Gang Bandahara;309,58;;-0.01879142008950897, 109.32101091863541;;;;;;;;;;;;;;;;;;;;;;;;;;;;
;;;;;Gang Gn. Lawit;296,53;;-0.018637307168102364, 109.32050368741884;;;;;;;;;;;;;;;;;;;;;;;;;;;;
;;;;;Gang Harapan ;542,27;Ujung 1;-0.019604915323865473, 109.32011087272595;;;;;;;;;;;;;;;;;;;;;;;;;;;;
;;;;;;;Ujung 2;-0.01847458905853078, 109.31992689370364;;;;;;;;;;;;;;;;;;;;;;;;;;;;
;;;;;Gang Sekawan;545,94;Ujung 1;-0.01856391109780474, 109.31953888825579;;;;;;;;;;;;;;;;;;;;;;;;;;;;
;;;;;;;Ujung 2;-0.01577332723095075, 109.31910808276024;;;;;;;;;;;;;;;;;;;;;;;;;;;;
;;;;;Gang Keluarga;551,72;Ujung 1;-0.018764930195387688, 109.31925045444547;;;;;;;;;;;;;;;;;;;;;;;;;;;;
;;;;;;;Ujung 2;-0.01706068426444721, 109.31898576631706;;;;;;;;;;;;;;;;;;;;;;;;;;;;
;;;;;Gang Bukit Raya 1;560,46;Ujung 1;-0.020174122115475694, 109.31907543485494;;;;;;;;;;;;;;;;;;;;;;;;;;;;
;;;;;;;Ujung 2;-0.018285115608733922, 109.31876953647877;;;;;;;;;;;;;;;;;;;;;;;;;;;;
;;;;;Gang Bukit Raya 2;191,17;;-0.018823453968776743, 109.3186473491002;;;;;;;;;;;;;;;;;;;;;;;;;;;;
;;;;;Gang Bukit Raya III;574,31;Ujung 1;-0.019966395970245607, 109.31851167961239;;;;;;;;;;;;;;;;;;;;;;;;;;;;
;;;;;;;Ujung 2;-0.01834703556932818, 109.31829268163878;;;;;;;;;;;;;;;;;;;;;;;;;;;;
;;;;;Gang Agung;581,3;Ujung 1;-0.01985776168681067, 109.31813469221726;;;;;;;;;;;;;;;;;;;;;;;;;;;;
;;;;;;;Ujung 2;-0.016423933035463086, 109.31747977089967;;;;;;;;;;;;;;;;;;;;;;;;;;;;
;;;;;Gang Kinbalu;582,06;Ujung 1;-0.017667301388634125, 109.31724298906997;;;;;;;;;;;;;;;;;;;;;;;;;;;;
;;;;;;;Ujung 2;-0.01629789862647756, 109.31673050675658;;;;;;;;;;;;;;;;;;;;;;;;;;;;
;;;;;Jalan Jeranding;541,87;Ujung 1;-0.019355811020992035, 109.3172449530688;;;;;;;;;;;;;;;;;;;;;;;;;;;;
;;;;;;;Ujung 2;-0.018969631642441087, 109.31713543619514;;;;;;;;;;;;;;;;;;;;;;;;;;;;
;;;;;Gang Sentosa;563,14;Ujung 1;-0.017957747869024304, 109.3164019993595;;;;;;;;;;;;;;;;;;;;;;;;;;;;
;;;;;;;Ujung 2;-0.017479268690745425, 109.31621345219237;;;;;;;;;;;;;;;;;;;;;;;;;;;;
;;;;;Jalan Jawi Square;134,48;;-0.019771791851321947, 109.31659325369743;;;;;;;;;;;;;;;;;;;;;;;;;;;;
;;;;;Gang Sederhana;534;Ujung 1;-0.02063058797561647, 109.31634759434232;Gang Sederhana Blok A;256,49;;-0.018351476706667813, 109.31606750103049;;;;;;;;;;;;;;;;;;;;;;;;
;;;;;;;Ujung 2;-0.018944469544864007, 109.3157823626297;Gang Sederhana 1;264,18;;-0.01849902875593428, 109.31536071725044;;;;;;;;;;;;;;;;;;;;;;;;
;;;;;Gang Gunung Gede;537,16;Ujung 1;-0.019041763677486657, 109.3150725801233;;;;;;;;;;;;;;;;;;;;;;;;;;;;
;;;;;;;Ujung 2;-0.017119388183104864, 109.31441844735286;;;;;;;;;;;;;;;;;;;;;;;;;;;;
;;;;;Gang Gn. Kerinci;262,52;;-0.01903283161469701, 109.31483697489068;;;;;;;;;;;;;;;;;;;;;;;;;;;;
;;;;;Gang Kerinci 2;387,74;;-0.01959969542473508, 109.3145877086994;;;;;;;;;;;;;;;;;;;;;;;;;;;;
;;;;;Jalan Buntu;388,35;;-0.021143166152216522, 109.31470789602767;;;;;;;;;;;;;;;;;;;;;;;;;;;;
;;;;;Gang Lawu;564,65;Ujung 1;-0.01942949621715759, 109.31265548647539;;;;;;;;;;;;;;;;;;;;;;;;;;;;
;;;;;;;Ujung 2;-0.01775702020952165, 109.3121678065527;;;;;;;;;;;;;;;;;;;;;;;;;;;;
;;;;;Gang Hishak;566,32;Ujung 1;-0.02136169341604459, 109.31292541166064;;;;;;;;;;;;;;;;;;;;;;;;;;;;
;;;;;;;Ujung 2;-0.01961935985669033, 109.31235410492225;;;;;;;;;;;;;;;;;;;;;;;;;;;;
;;;;;Gang Bersama 2;565,09;Ujung 1;-0.02119632602911381, 109.3118358058412;;;;;;;;;;;;;;;;;;;;;;;;;;;;
;;;;;;;Ujung 2;-0.01830611567644827, 109.31091198387627;;;;;;;;;;;;;;;;;;;;;;;;;;;;
;;;;;Gang Hasia;563,93;Ujung 1;-0.021811534116727503, 109.31153862826787;;;;;;;;;;;;;;;;;;;;;;;;;;;;
;;;;;;;Ujung 2;-0.019781994122514954, 109.31077667656746;;;;;;;;;;;;;;;;;;;;;;;;;;;;
;;;;;Gang Bersama 3;562,41;Ujung 1;-0.021923749667839335, 109.31122407315063;;;;;;;;;;;;;;;;;;;;;;;;;;;;
;;;;;;;Ujung 2;-0.018977198940374303, 109.31007922164082;;;;;;;;;;;;;;;;;;;;;;;;;;;;
;;;;;Gang Era Baru;612,16;Ujung 1;-0.02038967039064679, 109.31032932508914;Gang Tunas Jaya (Belakang);87,52;;-0.02110351985254988, 109.31030331567406;;;;;;;;;;;;;;;;;;;;;;;;
;;;;;;;Ujung 2;-0.019183280282309974, 109.30985943993497;Gang Tunas Jaya (Depan);92,92;;-0.021852136131677826, 109.31067486899947;;;;;;;;;;;;;;;;;;;;;;;;
;;;;;Gang Ilham;271,52;;-0.021886987156594158, 109.3104361281738;;;;;;;;;;;;;;;;;;;;;;;;;;;;
;;;;;Gang Maria;274,77;;-0.02164492071594916, 109.30995845397482;;;;;;;;;;;;;;;;;;;;;;;;;;;;
;;;;;Gang Jasapati;328,1;;-0.02019335841641299, 109.30908095517252;;;;;;;;;;;;;;;;;;;;;;;;;;;;
;;;;;Gang Risa;543,14;Ujung 1;-0.02259530257407263, 109.30960914989977;;;;;;;;;;;;;;;;;;;;;;;;;;;;
;;;;;;;Ujung 2;-0.02171277418096486, 109.30926885696263;;;;;;;;;;;;;;;;;;;;;;;;;;;;
;;;;;Gang Reformasi;541,93;Ujung 1;-0.0228136256681342, 109.30931293767276;;;;;;;;;;;;;;;;;;;;;;;;;;;;
;;;;;;;Ujung 2;-0.02163253820789239, 109.30885483258264;;;;;;;;;;;;;;;;;;;;;;;;;;;;
;;;;;Gang Amaliah;542,98;Ujung 1;-0.022836776736112237, 109.3090448873569;;;;;;;;;;;;;;;;;;;;;;;;;;;;
;;;;;;;Ujung 2;-0.019406149317224432, 109.30774085313888;;;;;;;;;;;;;;;;;;;;;;;;;;;;
;;;;;Gang Ikrar;545,68;Ujung 1;-0.019701932915159065, 109.30752604687585;;;;;;;;;;;;;;;;;;;;;;;;;;;;
;;;;;;;Ujung 2;-0.01913490801559871, 109.30731149269997;;;;;;;;;;;;;;;;;;;;;;;;;;;;
;Jalan Husein Hamzah;3840;Ujung 1;-0.02333861148956706, 109.30478159545949;Jalan Puskemas Pal III;617,04;Ujung 1;-0.024196383582985898, 109.30722589339196;Gang Fatanah 3;71,61;;-0.023697950346379032, 109.30787537501371;;;;;;;;;;;;;;;;;;;;;;;;
;;;Tengah 1;-0.023721896201245363, 109.30403069974139;;;Ujung 2;-0.025315248518782047, 109.30469906547981;Gang Fatanah 2;107,51;;-0.02350560515821373, 109.30753957900647;;;;;;;;;;;;;;;;;;;;;;;;
;;;Tengah 2;-0.026430261040250987, 109.30014653601356;;;;;Gang Fatanah 1;127,35;;-0.02376480930550638, 109.30745240722821;;;;;;;;;;;;;;;;;;;;;;;;
;;;Tengah 3;-0.028489120681392355, 109.29664629186057;;;;;Gang Lestari;152,25;;-0.02311560425064614, 109.30701471531646;;;;;;;;;;;;;;;;;;;;;;;;
;;;Tengah 4;-0.031050333469036472, 109.2939199296895;;;;;Gang Tepian Sungai;128,46;;-0.023406054001129977, 109.3067404953749;;;;;;;;;;;;;;;;;;;;;;;;
;;;Tengah 5;-0.03753370729907899, 109.28718336771219;;;;;Gang Wilis;175,93;;-0.02417102212100244, 109.30639857593619;;;;;;;;;;;;;;;;;;;;;;;;
;;;Ujung 2;-0.04076681281465229, 109.28369122650119;;;;;Gang Bersaudara;178,29;;-0.024421145740304413, 109.30606458972588;;;;;;;;;;;;;;;;;;;;;;;;
;;;;;;;;;Gang Krakatau 1;179,5;;-0.02445012569052042, 109.3053569298505;;;;;;;;;;;;;;;;;;;;;;;;
;;;;;;;;;Gang Krakatau 2;182,26;;-0.023674156776292737, 109.30471634539336;;;;;;;;;;;;;;;;;;;;;;;;
;;;;;;;;;Gang Krakatau 3;189,19;;-0.025133920135909673, 109.30450171190498;;;;;;;;;;;;;;;;;;;;;;;;
;;;;;;;;;Jalan Dr. Wahidin. S;196,64;;-0.025143231830838376, 109.30323464053753;;;;;;;;;;;;;;;;;;;;;;;;
;;;;;Jalan Puskesmas;769,8;Ujung 1;-0.025984935515360807, 109.30317020552883;Gang Ikhlas;159,46;;-0.025827017057109998, 109.30275804548799;;;;;;;;;;;;;;;;;;;;;;;;
;;;;;;;Ujung 2;-0.028731192508344876, 109.29859862555423;Gang Ikhsan ;142,8;;-0.026201962395798882, 109.30232431276406;;;;;;;;;;;;;;;;;;;;;;;;
;;;;;;;;;Gang Abdurrahman;119,31;;-0.026554606545121498, 109.30096282804061;;;;;;;;;;;;;;;;;;;;;;;;
;;;;;;;;;Gang Nirmala;123,37;;-0.027219601622840095, 109.29933691001045;;;;;;;;;;;;;;;;;;;;;;;;
;;;;;;;;;Gang Mufakat;138,97;;-0.028745584863559513, 109.29794005245961;;;;;;;;;;;;;;;;;;;;;;;;
;;;;;Jalan Pal 4;327,54;;-0.03043872029913709, 109.2961868621047;Gang Hidayah;120,88;;-0.030633017141797753, 109.29504277390696;;;;;;;;;;;;;;;;;;;;;;;;
;;;;;Jalan Pal 5;1170;Ujung 1;-0.0314797145387014, 109.29474984640088;Gang Paris I;92,62;;-0.03152012609995095, 109.29442137940217;;;;;;;;;;;;;;;;;;;;;;;;
;;;;;;;Tengah 1;-0.03277905789280685, 109.29318589872534;Gang Paris II;82,96;;-0.03157131223541073, 109.29379790599764;;;;;;;;;;;;;;;;;;;;;;;;
;;;;;;;Tengah 2;-0.034452835565193504, 109.2913654902701;Gang Idaman;85,74;;-0.034486172531695995, 109.29070099457454;;;;;;;;;;;;;;;;;;;;;;;;
;;;;;;;Tengah 3;-0.03538513759985991, 109.29041961304954;Gang H. Suib;87,31;;-0.035313308656726876, 109.29011811769368;;;;;;;;;;;;;;;;;;;;;;;;
;;;;;;;Ujung 2;-0.037571698129308426, 109.28823055425956;Gang H. Achmad;58,33;;-0.036435009715701704, 109.28905877284862;;;;;;;;;;;;;;;;;;;;;;;;
;;;;;;;;;Gang H. Ahmad Karim;81,38;;-0.037874874949322006, 109.28735381489264;;;;;;;;;;;;;;;;;;;;;;;;
;;;;;;;;;Jalan Ampera;83,21;;-0.03809358275220952, 109.2872433854486;;;;;;;;;;;;;;;;;;;;;;;;
;;;;;Gang Amanah;539,67;Ujung 1;-0.022118863744343794, 109.30807496571254;;;;;;;;;;;;;;;;;;;;;;;;;;;;
;;;;;;;Ujung 2;-0.020651919336432935, 109.30754230442139;;;;;;;;;;;;;;;;;;;;;;;;;;;;
;;;;;Gang H.M. Husin;500,22;Ujung 1;-0.022617209537350132, 109.30788057072955;;;;;;;;;;;;;;;;;;;;;;;;;;;;
;;;;;;;Ujung 2;-0.02034978646592584, 109.30705612080743;;;;;;;;;;;;;;;;;;;;;;;;;;;;
;;;;;Gang Hasanah;461,29;;-0.02043977883882813, 109.3067042462813;Gang Bersaudara;103;;-0.02059073483296528, 109.30660531815639;;;;;;;;;;;;;;;;;;;;;;;;
;;;;;Gang Melda;399,15;;-0.01995849371233606, 109.30608505502035;;;;;;;;;;;;;;;;;;;;;;;;;;;;
;;;;;Gang Rumput Permai;365,31;;-0.022301488398356807, 109.3064890845434;;;;;;;;;;;;;;;;;;;;;;;;;;;;
;;;;;Gang Langsai Baru;119,3;;-0.02390143411351808, 109.30660926498471;;;;;;;;;;;;;;;;;;;;;;;;;;;;
;;;;;Gang Mandau;356,85;;-0.0211328899148199, 109.30561724254459;;;;;;;;;;;;;;;;;;;;;;;;;;;;
;;;;;Gang Komplek Harvin;355,01;;-0.02249697097369766, 109.30577254228324;;;;;;;;;;;;;;;;;;;;;;;;;;;;
;;;;;Gang H. Abdullah;127,96;;-0.021929371006403846, 109.30513975950521;;;;;;;;;;;;;;;;;;;;;;;;;;;;
;;;;;Gang Gn. Merapi;350,8;;-0.021075549176428163, 109.30427353733046;;;;;;;;;;;;;;;;;;;;;;;;;;;;
;;;;;Gang Gn. Peramas;350,38;;-0.020854965341719954, 109.30362863995643;;;;;;;;;;;;;;;;;;;;;;;;;;;;
;;;;;Komplek Batara Indah 2 Blok A-B;186,29;;-0.024706830201620476, 109.30467257760337;;;;;;;;;;;;;;;;;;;;;;;;;;;;
;;;;;Komplek Batara Indah 2 Blok C-D;349,59;;-0.02301750898732805, 109.30397943294872;;;;;;;;;;;;;;;;;;;;;;;;;;;;
;;;;;Gang Gn. Tidar;140,69;;-0.022436509057394756, 109.30355060056354;;;;;;;;;;;;;;;;;;;;;;;;;;;;
;;;;;Komplek Batara Indah 3 Blok A-B;345,6;;-0.023489256371488708, 109.30349940838751;;;;;;;;;;;;;;;;;;;;;;;;;;;;
;;;;;Gang Sabar Mulia;122,72;;-0.02284023425972925, 109.30300756445553;;;;;;;;;;;;;;;;;;;;;;;;;;;;
;;;;;Komplek Batara Indah 3 Blok C-D;191,07;;-0.025127248798029283, 109.30380216100164;;;;;;;;;;;;;;;;;;;;;;;;;;;;
;;;;;Gang Harisma;346,78;;-0.02331733423135972, 109.30289859819037;;;;;;;;;;;;;;;;;;;;;;;;;;;;
;;;;;Gang Zuriyat;353,88;;-0.02285744717337851, 109.30218815529018;;;;;;;;;;;;;;;;;;;;;;;;;;;;
;;;;;Gang Gn. Rinjani;390,25;;-0.02262030139937636, 109.30093895880002;;;;;;;;;;;;;;;;;;;;;;;;;;;;
;;;;;Gang Berdikari 1;430,39;;-0.024255052512615945, 109.30038091360984;Gang Gn. Rinjani 1;137,89;;-0.024438804150583904, 109.30081181897837;;;;;;;;;;;;;;;;;;;;;;;;
;;;;;Gang Bhineka;439,4;;-0.02405073149749661, 109.29978366936014;;;;;;;;;;;;;;;;;;;;;;;;;;;;
;;;;;Gang Fitrah;91;;-0.02699561806948049, 109.30087251571454;;;;;;;;;;;;;;;;;;;;;;;;;;;;
;;;;;Jalan Komplek Pd. Citra Utama;436,84;;-0.02587371439344779, 109.30029541672718;;;;;;;;;;;;;;;;;;;;;;;;;;;;
;;;;;Jalan Komplek Griya Jawi Permai;432,28;;-0.023786459490798228, 109.29863502187216;;;;;;;;;;;;;;;;;;;;;;;;;;;;
;;;;;Jalan Komplek Griya Taman Anggrek 1;429,63;;-0.02535762102225552, 109.2993439665641;;;;;;;;;;;;;;;;;;;;;;;;;;;;
;;;;;Gang Warna Sari;421,79;;-0.025489712864143654, 109.2990436599129;;;;;;;;;;;;;;;;;;;;;;;;;;;;
;;;;;Gang Alam Sari;193,93;;-0.02519121261145784, 109.29854039394365;;;;;;;;;;;;;;;;;;;;;;;;;;;;
;;;;;Gang Thayibah;420,81;;-0.0251211280527253, 109.2982617375983;;;;;;;;;;;;;;;;;;;;;;;;;;;;
;;;;;Jalan Mitra Utama 1;418,45;;-0.025285433836518996, 109.2979095356134;;;;;;;;;;;;;;;;;;;;;;;;;;;;
;;;;;Jalan Mitra Utama 2;414,45;;-0.025146593334527335, 109.29743834431756;;;;;;;;;;;;;;;;;;;;;;;;;;;;
;;;;;Jalan Komplek Dwi Ratna Indah III;403,77;;-0.025734433103153657, 109.29737125583911;;;;;;;;;;;;;;;;;;;;;;;;;;;;
;;;;;Gang Pendidikan;400,43;;-0.027135953581327733, 109.29792087806996;;;;;;;;;;;;;;;;;;;;;;;;;;;;
;;;;;Gang Merdeka;395,63;;-0.027749661693209488, 109.29649357815401;;;;;;;;;;;;;;;;;;;;;;;;;;;;
;;;;;Gang Halidjah;95,2;;-0.029245600720105434, 109.29709804670206;;;;;;;;;;;;;;;;;;;;;;;;;;;;
;;;;;Gang Hijrah;394,74;;-0.027559556473042923, 109.29592845631788;;;;;;;;;;;;;;;;;;;;;;;;;;;;
;;;;;Gang Kb. Arif;76,92;;-0.02949460033804942, 109.29636793488717;;;;;;;;;;;;;;;;;;;;;;;;;;;;
;;;;;Gang Komplek Duta Marta 2;397,3;;-0.027260575271992174, 109.29431065539188;;;;;;;;;;;;;;;;;;;;;;;;;;;;
;;;;;Gang Mandiri 1;398,86;;-0.02794487842752323, 109.29431860197501;;;;;;;;;;;;;;;;;;;;;;;;;;;;
;;;;;Gang Mandiri Tengah;404,2;;-0.02967426016532135, 109.2946395777165;;;;;;;;;;;;;;;;;;;;;;;;;;;;
;;;;;Gang Mandiri 2;197,25;;-0.028727012488297978, 109.29367598437707;;;;;;;;;;;;;;;;;;;;;;;;;;;;
;;;;;Gang Palmasari I;419,92;;-0.02785699507319128, 109.29282015570975;;;;;;;;;;;;;;;;;;;;;;;;;;;;
;;;;;Gang Palmasari III;278,25;;-0.029840094070084252, 109.2934001714161;;;;;;;;;;;;;;;;;;;;;;;;;;;;
;;;;;Gang Palmasari IV;240,6;;-0.02917182525682102, 109.29258786869684;;;;;;;;;;;;;;;;;;;;;;;;;;;;
;;;;;Gang Bumi Indah Palmasari;229,6;;-0.0294234011288151, 109.29249506221007;;;;;;;;;;;;;;;;;;;;;;;;;;;;
;;;;;Gang Madrasah;264,04;;-0.03084123888328469, 109.29313294024756;;;;;;;;;;;;;;;;;;;;;;;;;;;;
;;;;;Gang As Salam;229,59;;-0.03134572204849167, 109.2923171430748;;;;;;;;;;;;;;;;;;;;;;;;;;;;
;;;;;Jalan Komplek Villa Arthaland;440,12;;-0.030422893511521998, 109.28946471061327;;;;;;;;;;;;;;;;;;;;;;;;;;;;
;;;;;Gang Hj. Saleha;76,65;;-0.03269154494219637, 109.29097781544449;;;;;;;;;;;;;;;;;;;;;;;;;;;;
;;;;;Jalan Komplek Cemp. V;441,91;;-0.033287064094759775, 109.29091157180952;;;;;;;;;;;;;;;;;;;;;;;;;;;;
;;;;;Perumahan Rose Griya;449,27;;-0.033548588148166025, 109.28980210535752;;;;;;;;;;;;;;;;;;;;;;;;;;;;
;;;;;Gang Damai;453,39;;-0.032549675965119346, 109.28858546226986;;;;;;;;;;;;;;;;;;;;;;;;;;;;
;;;;;Gang Saudaraku;71,73;;-0.03516138425570971, 109.2904390027437;;;;;;;;;;;;;;;;;;;;;;;;;;;;
;;;;;Gang H. Hamida;460,57;;-0.033828412039136106, 109.28872367263943;;;;;;;;;;;;;;;;;;;;;;;;;;;;
;;;;;Jalan Mitra Mas I;480,97;;-0.032835503103764804, 109.28670440438707;;;;;;;;;;;;;;;;;;;;;;;;;;;;
;;;;;Jalan Lestari Permai;498,61;;-0.034233543772289717, 109.287038977177;;;;;;;;;;;;;;;;;;;;;;;;;;;;
;;;;;Gang Romansa;479,78;;-0.035490891200952196, 109.2869413376458;;;;;;;;;;;;;;;;;;;;;;;;;;;;
;;;;;Gang Pesona;83,74;;-0.03680967525827271, 109.2867108610042;;;;;;;;;;;;;;;;;;;;;;;;;;;;
;;;;;Gang Asmaja;171,87;;-0.03671425776792098, 109.28569126676153;;;;;;;;;;;;;;;;;;;;;;;;;;;;
;;;;;Komplek Pilar Emas 1;433,35;;-0.03502239332601299, 109.28409111429384;;;;;;;;;;;;;;;;;;;;;;;;;;;;
;;;;;Jalan Berdikari;1837;Ujung 1;-0.038997714558046265, 109.28605432472985;Gang Masito;279,04;;-0.03221943947372207, 109.28014803622514;Gang Abdussalam;301,35;;-0.030013856270036825, 109.2787018403299;;;;;;;;;;;;;;;;;;;;
;;;;;;;Tengah 1;-0.03775697783233144, 109.28517957162384;;;;;Gang Darul Falah;210,96;;-0.03426964656616553, 109.2806708050647;;;;;;;;;;;;;;;;;;;;
;;;;;;;Tengah 2;-0.0364327622703843, 109.28428003161918;;;;;Gang Keluarga ;99,41;;-0.032737369426877716, 109.27896662000215;;;;;;;;;;;;;;;;;;;;
;;;;;;;Tengah 3;-0.03552160955036273, 109.28368614196265;;;;;Gang Swadaya;127,15;;-0.033774710507288225, 109.27954931664412;;;;;;;;;;;;;;;;;;;;
;;;;;;;Ujung 2;-0.03190687816134096, 109.28111687482999;Jalan Bukit Batu 2;209,11;;-0.03493431004641565, 109.27993304113895;;;;;;;;;;;;;;;;;;;;;;;;
;;;;;;;;;Gang Pramuka;274,08;;-0.029725358610751228, 109.28179483439274;Gang Abdurahman;231,45;;-0.028306749480591243, 109.28073885920323;;;;;;;;;;;;;;;;;;;;
;;;;;Gang Pitaloka;445,36;;-0.036450100414722866, 109.2835001775085;;;;;;;;;;;;;;;;;;;;;;;;;;;;
;;;;;Jalan Mitra Mas Mitra Garden ;444,46;;-0.037916070247144225, 109.28412634197988;;;;;;;;;;;;;;;;;;;;;;;;;;;;
;;;;;Gang Melati;435,76;;-0.03691726217054771, 109.28282122026545;;;;;;;;;;;;;;;;;;;;;;;;;;;;
;;;;;Jalan Karya Indah Lestari;438,75;;-0.037737514254134547, 109.28293390805224;;;;;;;;;;;;;;;;;;;;;;;;;;;;
;;;;;Gang H. Usman 1;435,71;;-0.037997326785152885, 109.2822570296072;;;;;;;;;;;;;;;;;;;;;;;;;;;;
;;;;;Gang Mawar;90,23;;-0.04147884439177531, 109.2839590926804;;;;;;;;;;;;;;;;;;;;;;;;;;;;
;;;;;Komplek Fajar Kencana I;436,82;;-0.03958527207187144, 109.28218005704912;;;;;;;;;;;;;;;;;;;;;;;;;;;;
;;;;;Gang Karya Indah;94,85;;-0.041969951769408154, 109.28353843659879;;;;;;;;;;;;;;;;;;;;;;;;;;;;
;;;;;Gang Agro Wisata;303,55;;-0.040271531387840565, 109.28169717803407;;;;;;;;;;;;;;;;;;;;;;;;;;;;
;;;;;Jalan Karya;122,68;;-0.042464812979350695, 109.28257786918398;;;;;;;;;;;;;;;;;;;;;;;;;;;;
;;;;;Komplek Bumi Indah Agro;444,07;;-0.040117943624381744, 109.2807020045252;;;;;;;;;;;;;;;;;;;;;;;;;;;;
;Jalan Komodor Yos Sudarso;5380;Ujung 1;-0.015947951733283283, 109.33069671541601;Gang Bunut;97,42;;-0.01728648824302313, 109.33083497252613;;;;;;;;;;;;;;;;;;;;;;;;;;;;
;;;Tengah 1;-0.01106040176369032, 109.3233804435472;Gang Nyiur 1;172,14;;-0.017419204107742378, 109.33036719166923;;;;;;;;;;;;;;;;;;;;;;;;;;;;
;;;Tengah 2;-0.00835470181462349, 109.31981081717514;Jalan Pak Kasih;279,58;;-0.01689891106155311, 109.33301503356971;;;;;;;;;;;;;;;;;;;;;;;;;;;;
;;;Tengah 3;-0.006034855523502678, 109.31567478204528;Gang Nyiur 2;229;;-0.017937714134570105, 109.32997896469064;;;;;;;;;;;;;;;;;;;;;;;;;;;;
;;;Tengah 4;-0.006707274081494461, 109.31044569414803;Gang Sagu;104,76;;-0.01706600106184764, 109.32990925855098;;;;;;;;;;;;;;;;;;;;;;;;;;;;
;;;Tengah 5;-0.004956359053178036, 109.30284173000216;Gang Saga;140,01;;-0.01678609994559773, 109.32954266472309;;;;;;;;;;;;;;;;;;;;;;;;;;;;
;;;Ujung 2;-0.006887690854331088, 109.29166193447313;Gang Langir 2;112,92;;-0.015344620882578389, 109.33056778635437;;;;;;;;;;;;;;;;;;;;;;;;;;;;
;;;;;Gang Rambutan ;255,77;;-0.016505057456703442, 109.32880586504001;;;;;;;;;;;;;;;;;;;;;;;;;;;;
;;;;;Gang Mengkudu;116,74;;-0.015894076945922524, 109.32873238680716;;;;;;;;;;;;;;;;;;;;;;;;;;;;
;;;;;Gang Durian 1B;58,26;;-0.01521504119560969, 109.32860350877709;;;;;;;;;;;;;;;;;;;;;;;;;;;;
;;;;;Gang Durian 1;109,28;;-0.015243227508784254, 109.32836053618145;;;;;;;;;;;;;;;;;;;;;;;;;;;;
;;;;;Gang Durian 2;249,19;;-0.017155223770859505, 109.32695554945944;;;;;;;;;;;;;;;;;;;;;;;;;;;;
;;;;;Gang Nipah;61,01;;-0.014951245423757817, 109.3281764991326;;;;;;;;;;;;;;;;;;;;;;;;;;;;
;;;;;Gang Suka Maju;112,25;;-0.01451724183937593, 109.3278418696831;Gang Suka Maju Dalam 1;306,24;;;;;;;;;;;;;;;;;;;;;;;;;;
;;;;;Gang Blitar;117,07;;-0.014368214574105167, 109.32765508251312;;;;-0.017064714175544247, 109.32605731399896;;;;;;;;;;;;;;;;;;;;;;;;
;;;;;Gang Suka Maju Dalam 5;185,29;;-0.015714691415220486, 109.32649295679346;;;;;;;;;;;;;;;;;;;;;;;;;;;;
;;;;;Gang Suka Maju Dalam 3;347,93;;-0.014642169960453935, 109.32584092523186;;;;;;;;;;;;;;;;;;;;;;;;;;;;
;;;;;Gang Sukamaju dalam IV;214,43;;-0.015763260968787086, 109.32470025928598;;;;;;;;;;;;;;;;;;;;;;;;;;;;
;;;;;Gang Kelontan I;260,16;;-0.015230658435967256, 109.32658436101715;Gang Blitar Dalam;94,54;;-0.015650046296789337, 109.32653616845056;;;;;;;;;;;;;;;;;;;;;;;;
;;;;;Gang Suka Maju Dalam 2;169,66;;-0.016318299984428613, 109.32587667112286;Jalur 2;65,65;;-0.015981298418988377, 109.32538530242053;;;;;;;;;;;;;;;;;;;;;;;;
;;;;;;;;;Jalur 4;121,58;;-0.015672905491803474, 109.32568874755998;;;;;;;;;;;;;;;;;;;;;;;;
;;;;;Gang Tamang 1;186,99;;-0.014738342199014185, 109.32600039255325;;;;;;;;;;;;;;;;;;;;;;;;;;;;
;;;;;Gang Tamang 2;413,14;;-0.014851838250893382, 109.32529611774372;;;;;;;;;;;;;;;;;;;;;;;;;;;;
;;;;;Gang Jarak;371,1;;-0.0155302396682636, 109.32461882700545;Gang Jarak Dalam;19,69;;-0.014910074202899925, 109.32515447218422;;;;;;;;;;;;;;;;;;;;;;;;
;;;;;;;;;Jalan Komplek Duta Kalbar Indah;86,88;;-0.014776783693359215, 109.32463809361184;;;;;;;;;;;;;;;;;;;;;;;;
;;;;;Jalan Yos Sudarso;243,7;;-0.012963860607663856, 109.32557922385676;;;;;;;;;;;;;;;;;;;;;;;;;;;;
;;;;;Gang Anggur;107,86;;-0.013173857998963581, 109.32490779755355;;;;;;;;;;;;;;;;;;;;;;;;;;;;
;;;;;Jalan Srikaya;557,09;Ujung 1;-0.012615107073127562, 109.32485294913205;Gang Srikaya 2;178,55;;-0.01492771067287356, 109.32314433677864;;;;;;;;;;;;;;;;;;;;;;;;
;;;;;;;Ujung 2;-0.015470643148333364, 109.32214202289258;Gang Srikaya 3;207,81;;-0.015344405612930495, 109.32292512309624;;;;;;;;;;;;;;;;;;;;;;;;
;;;;;;;;;Gang Srikaya IV;36,14;;-0.015549704025658221, 109.32242513582239;;;;;;;;;;;;;;;;;;;;;;;;
;;;;;Gang Suka Pinang;306,12;;-0.013717443366742231, 109.3235693813369;;;;;;;;;;;;;;;;;;;;;;;;;;;;
;;;;;Gang Kedondong;148,75;;-0.011284774914528355, 109.3254112056845;;;;;;;;;;;;;;;;;;;;;;;;;;;;
;;;;;Gang Nangka;122,47;;-0.011026479605087269, 109.32512617237433;;;;;;;;;;;;;;;;;;;;;;;;;;;;
;;;;;Gang Sukapadi Dalam;424,02;;-0.014183802572110191, 109.32192869029433;;;;;;;;;;;;;;;;;;;;;;;;;;;;
;;;;;Gang Kurma I;124,21;;-0.011310238204183604, 109.32450419306171;;;;;;;;;;;;;;;;;;;;;;;;;;;;
;;;;;Gang Kurma II;114,9;;-0.01106509702927006, 109.32442469266792;;;;;;;;;;;;;;;;;;;;;;;;;;;;
;;;;;Gang Jagung;417,98;;-0.013282565396646037, 109.32222993619811;;;;;;;;;;;;;;;;;;;;;;;;;;;;
;;;;;Gang Salak IV;142,43;;-0.010186819667893782, 109.32430547089925;;;;;;;;;;;;;;;;;;;;;;;;;;;;
;;;;;Gang Semangka I;338,43;;-0.013328679917711781, 109.32132575991554;;;;;;;;;;;;;;;;;;;;;;;;;;;;
;;;;;Gang Semangka 2;175;;-0.012940861289611059, 109.32191161878804;;;;;;;;;;;;;;;;;;;;;;;;;;;;
;;;;;Gang Salak III;103,7;;-0.010261663838249545, 109.32391854984425;;;;;;;;;;;;;;;;;;;;;;;;;;;;
;;;;;Gang Salak 1;429,75;;-0.011499198897155324, 109.32249749240822;;;;;;;;;;;;;;;;;;;;;;;;;;;;
;;;;;Gang Perintis;135,95;;-0.009837393457555965, 109.32386873767244;;;;;;;;;;;;;;;;;;;;;;;;;;;;
;;;;;Gang Kenari 1;429,3;;-0.01098688986060636, 109.32239557825882;;;;;;;;;;;;;;;;;;;;;;;;;;;;
;;;;;Gang Belimbing;144,27;;-0.009501720096203486, 109.32359277869362;;;;;;;;;;;;;;;;;;;;;;;;;;;;
;;;;;Gang Kenari 2;426,52;;-0.011785634569457826, 109.32121336673761;;;;;;;;;;;;;;;;;;;;;;;;;;;;
;;;;;Gang Pepaya;150,78;;-0.009213246897457112, 109.32322599116357;;;;;;;;;;;;;;;;;;;;;;;;;;;;
;;;;;Gang Ridan;130,7;;-0.010475478529013408, 109.32191529338245;;;;;;;;;;;;;;;;;;;;;;;;;;;;
;;;;;Gang Jambu;200,52;;-0.011150645678507425, 109.32098807206758;;;;;;;;;;;;;;;;;;;;;;;;;;;;
;;;;;Gang Teratai I;142,98;;-0.008840575083832519, 109.32275133022974;;;;;;;;;;;;;;;;;;;;;;;;;;;;
;;;;;Gang Teratai 2;138,33;;-0.008880583103059586, 109.32234893211545;;;;;;;;;;;;;;;;;;;;;;;;;;;;
;;;;;Gang Meninjau 1;120,41;;-0.010125239530611133, 109.3212687558861;;;;;;;;;;;;;;;;;;;;;;;;;;;;
;;;;;Jalan Jambu Mente;420,34;;-0.010815033062950471, 109.32046062223237;Gang Meninjau 1;90,57;;-0.010641458586752254, 109.32099872625682;;;;;;;;;;;;;;;;;;;;;;;;
;;;;;;;;;Gang Jambu Mente Dalam;220,58;;-0.011110551270746154, 109.31965637749003;;;;;;;;;;;;;;;;;;;;;;;;
;;;;;Gang Cermai 2;119,73;;-0.008605798679955824, 109.3220301431259;;;;;;;;;;;;;;;;;;;;;;;;;;;;
;;;;;Gang Meninjau 2;124,61;;-0.009860152931036177, 109.32085129216489;;;;;;;;;;;;;;;;;;;;;;;;;;;;
;;;;;Gang Cermai 1;140,53;;-0.008302599523670049, 109.32191911251591;;;;;;;;;;;;;;;;;;;;;;;;;;;;
;;;;;Gang Rukam;197,08;;-0.009453555337149084, 109.32080496760267;;;;;;;;;;;;;;;;;;;;;;;;;;;;
;;;;;Gang Rambai I;411,83;;-0.011076704235445236, 109.31922304687689;;;;;;;;;;;;;;;;;;;;;;;;;;;;
;;;;;Gang Mempelam;418,18;;-0.010311482103880913, 109.31922085486393;;;;;;;;;;;;;;;;;;;;;;;;;;;;
;;;;;Gang Nenas;291,22;;-0.010432077114917315, 109.31829496062518;;;;;;;;;;;;;;;;;;;;;;;;;;;;
;;;;;Gang Mangga 2;162,42;;-0.007191589853991307, 109.3206136913043;;;;;;;;;;;;;;;;;;;;;;;;;;;;
;;;;;Gang Mangga 1;177,52;;-0.008888817236189096, 109.31905255187856;;;;;;;;;;;;;;;;;;;;;;;;;;;;
;;;;;Gang Pisang Ambon;106,16;;-0.00804123485561944, 109.31796823172027;;;;;;;;;;;;;;;;;;;;;;;;;;;;
;;;;;Gang Delima 3;191,05;;-0.005831950769638784, 109.31899315916921;;;;;;;;;;;;;;;;;;;;;;;;;;;;
;;;;;Gang Pisang;166,15;;-0.007469015491302869, 109.31795332566413;;;;;;;;;;;;;;;;;;;;;;;;;;;;
;;;;;Gang Delima 1;153,44;;-0.005833099653964543, 109.31869560550115;;;;;;;;;;;;;;;;;;;;;;;;;;;;
;;;;;Jalan Komplek Pandu;170,87;;-0.006696516444145028, 109.31650587403134;;;;;;;;;;;;;;;;;;;;;;;;;;;;
;;;;;Gang Delima 2;182,18;;-0.004760147058001313, 109.31713667079063;;;;;;;;;;;;;;;;;;;;;;;;;;;;
;;;;;Gang Timun 1;407,17;;-0.007601771063746093, 109.31551783181143;Gang Timun II;370,53;;-0.008476109437903287, 109.3164039415023;;;;;;;;;;;;;;;;;;;;;;;;
;;;;;;;;;Jalur H. Tabib;34,78;;-0.008861816922759535, 109.31519500709791;;;;;;;;;;;;;;;;;;;;;;;;
;;;;;Gang Kuini 1;163,18;;-0.004613014540995993, 109.31691784826299;;;;;;;;;;;;;;;;;;;;;;;;;;;;
;;;;;Gang Kuini 2;193,7;;-0.004845908679113925, 109.31645177933615;;;;;;;;;;;;;;;;;;;;;;;;;;;;
;;;;;Jalan Re.Martadinata;2210;Ujung 1;-0.010206158018060308, 109.31344041428643;Gang Klp. I;146,61;;-0.007506648648947826, 109.31419450920765;;;;;;;;;;;;;;;;;;;;;;;;
;;;;;;;Tengah 1;-0.012019266951975093, 109.31415281487993;Gang Pakis;95,5;;-0.008077537505157386, 109.3137573590355;;;;;;;;;;;;;;;;;;;;;;;;
;;;;;;;Tengah 2;-0.014369573858229769, 109.31559257319803;Gang Selada;74,07;;-0.00830648173615607, 109.313502540963;;;;;;;;;;;;;;;;;;;;;;;;
;;;;;;;Tengah 3;-0.016190257798381038, 109.3159706082287;Jalan Apel;1170;Ujung 1;-0.009773477285821371, 109.31545517028597;Gang Langsat I;154,31;;-0.009729614973220833, 109.31413095051803;;;;;;;;;;;;;;;;;;;;
;;;;;;;Ujung 2;-0.016721899060213326, 109.31373534811785;;;Tengah ;-0.012177087679935483, 109.31862529643969;Gang Langsat;277,02;;-0.010845047629424311, 109.31401091911097;;;;;;;;;;;;;;;;;;;;
;;;;;;;;;;;Ujung 2;-0.014135105604009109, 109.32125732086133;Gang Pala 4;291,07;;-0.011609245697709459, 109.31425798701456;;;;;;;;;;;;;;;;;;;;
;;;;;;;;;;;;;Gang Pala 3;298,94;;-0.010122146815878195, 109.31517094658291;;;;;;;;;;;;;;;;;;;;
;;;;;;;;;;;;;Gang Pala 2;310,89;;-0.011003238017848721, 109.31515742063478;;;;;;;;;;;;;;;;;;;;
;;;;;;;;;;;;;Gang Pisang Raja;237,92;;-0.009258346278735119, 109.31621274500607;;;;;;;;;;;;;;;;;;;;
;;;;;;;;;;;;;Gang Pisang Berangan;241,35;;-0.00932820832009898, 109.31664674947214;;;;;;;;;;;;;;;;;;;;
;;;;;;;;;;;;;Gang Puring;330,62;;-0.012123748338879012, 109.31523407982472;;;;;;;;;;;;;;;;;;;;
;;;;;;;;;;;;;Gang Pala 1C;165,78;;-0.011765598925716653, 109.31565861221932;;;;;;;;;;;;;;;;;;;;
;;;;;;;;;;;;;Gang Apel Indah;422,96;;-0.00899920025278422, 109.31740356142073;;;;;;;;;;;;;;;;;;;;
;;;;;;;;;;;;;Gang Pala 1;373,26;;-0.012525480217278931, 109.31554887653577;;;;;;;;;;;;;;;;;;;;
;;;;;;;;;;;;;Gang Pala 1A;388,88;;-0.011613388024481216, 109.31651397062075;;;;;;;;;;;;;;;;;;;;
;;;;;;;;;;;;;Gang Sirsak;235,61;;-0.009862728635626369, 109.31765494961078;;;;;;;;;;;;;;;;;;;;
;;;;;;;;;;;;;Gang Gandaria;231,48;;-0.010526747666060153, 109.31775255146783;;;;;;;;;;;;;;;;;;;;
;;;;;;;;;;;;;Gang Jambu Tukal;372;;-0.0148008397642032, 109.31678665692438;Jalan Jalur C;81,88;;-0.012799363844067477, 109.31852138203048;;;;;;;;;;;;;;;;
;;;;;;;;;;;;;;;;;Jalan Jalur D;154,05;;-0.011740070665725926, 109.31705365499172;;;;;;;;;;;;;;;;
;;;;;;;;;;;;;;;;;Jalan Jalur E;77,1;;-0.013272560810920923, 109.31826383547292;;;;;;;;;;;;;;;;
;;;;;;;;;;;;;;;;;Jalan Jalur F;154,25;;-0.012597580846433464, 109.31726771102551;;;;;;;;;;;;;;;;
;;;;;;;;;;;;;;;;;Jalan Jalur G;150,14;;-0.013251769647495885, 109.31713565633156;;;;;;;;;;;;;;;;
;;;;;;;;;;;;;;;;;Jalan Jalur 2;141,76;;-0.013984913691036528, 109.31822023368404;;;;;;;;;;;;;;;;
;;;;;;;;;;;;;;;;;Jalan Jalur 3;150,5;;-0.013496362050102633, 109.316394202244;;;;;;;;;;;;;;;;
;;;;;;;;;;;;;;;;;Jalan Jalur 4;99,08;;-0.014548439535487673, 109.31787604187569;;;;;;;;;;;;;;;;
;;;;;;;;;;;;;;;;;Jalan Jalur 5;149,52;;-0.014095725738415799, 109.31630311821871;;;;;;;;;;;;;;;;
;;;;;;;;;;;;;;;;;Jalan Jalur 6;156,14;;-0.015183748371435591, 109.3175980233435;;;;;;;;;;;;;;;;
;;;;;;;;;;;;;Gang Sahang;348,65;;-0.015233300104383708, 109.31797034104935;;;;;;;;;;;;;;;;;;;;
;;;;;;;;;;;;;Gang Jambu Air;222,27;;-0.011421655960900078, 109.32057819148497;;;;;;;;;;;;;;;;;;;;
;;;;;;;;;;;;;Gang Cengkeh;302,92;;-0.015126910495468713, 109.31855153121828;;;;;;;;;;;;;;;;;;;;
;;;;;;;;;;;;;Gang Jambu Tukal;244,7;;-0.011582450789590115, 109.32094059061633;;;;;;;;;;;;;;;;;;;;
;;;;;;;;;;;;;Gang Apel 7;276,49;;-0.015271928572444686, 109.31886243385317;;;;;;;;;;;;;;;;;;;;
;;;;;;;;;;;;;Jalan H. Haruna;575,82;Ujung 1;-0.014344257233581601, 109.32009398153966;Gang Bukit Raya 3A;195,75;;-0.017198454339170884, 109.31821331558099;;;;;;;;;;;;;;;;
;;;;;;;;;;;;;;;Ujung 2;-0.015473326522739963, 109.31857200660731;;;;;;;;;;;;;;;;;;;;
;;;;;;;;;;;;;Gang Apel 5;188,36;;-0.015438592801349339, 109.3201108238595;;;;;;;;;;;;;;;;;;;;
;;;;;;;;;;;;;Gang Apel 4;282,46;;-0.015899202730620614, 109.3201032018826;;;;;;;;;;;;;;;;;;;;
;;;;;;;;;;;;;Gang Apel 3;241,71;;-0.01593820618478087, 109.32047860384736;;;;;;;;;;;;;;;;;;;;
;;;;;;;;;;;;;Gang Apel 2;381,07;;-0.016415860906888718, 109.32049370929384;;;;;;;;;;;;;;;;;;;;
;;;;;;;;;;;;;Gang Apel Dalam;189,53;;-0.013438829638470963, 109.323215156604;;;;;;;;;;;;;;;;;;;;
;;;;;;;;;;;;;Gang Apel 1;205,57;;-0.016204875547814232, 109.32093424950432;;;;;;;;;;;;;;;;;;;;
;;;;;;;;;Gang Kentang;104,48;;-0.008704297198741145, 109.31354277776721;Gang Keladi;100,2;;-0.008938045853661012, 109.31357488830265;;;;;;;;;;;;;;;;;;;;
;;;;;;;;;Gang Ketela;116,43;;-0.009704613325136658, 109.31347776122752;;;;;;;;;;;;;;;;;;;;;;;;
;;;;;;;;;Gang Langsat;47,92;;-0.01000289662463065, 109.3138343634413;;;;;;;;;;;;;;;;;;;;;;;;
;;;;;;;;;Gang Kecambah;75,87;;-0.0099333574133709, 109.31325417239292;;;;;;;;;;;;;;;;;;;;;;;;
;;;;;;;;;Gang Buncis;77,26;;-0.010175521791894761, 109.31303349378575;;;;;;;;;;;;;;;;;;;;;;;;
;;;;;;;;;Jalan M.Saad A'in;274,16;;-0.009954158076565717, 109.31165934112778;Gang Bougenville;129,17;;-0.01099118954060104, 109.3123634563398;;;;;;;;;;;;;;;;;;;;
;;;;;;;;;;;;;Gang Periak;212,33;;-0.009030256435318797, 109.31318517538482;;;;;;;;;;;;;;;;;;;;
;;;;;;;;;;;;;Jalan Bakri;192,15;;-0.009394688225731944, 109.31259392362176;Gang Paten;104,49;;-0.009562810849565017, 109.31170055831596;;;;;;;;;;;;;;;;
;;;;;;;;;;;;;;;;;Gang Baung;71,35;;-0.009181143261411676, 109.31233018341376;;;;;;;;;;;;;;;;
;;;;;;;;;;;;;Gang Kaca Piring;168,29;;-0.01062617548072447, 109.31149831594962;Gang Kenanga 2;62,04;;-0.010442086356414705, 109.31134511112442;;;;;;;;;;;;;;;;
;;;;;;;;;;;;;;;;;Gang Kenanga;66,92;;-0.010710671009491312, 109.31116487400632;;;;;;;;;;;;;;;;
;;;;;;;;;;;;;Gang Seluang;150,08;;-0.008922474462004235, 109.31173529339911;;;;;;;;;;;;;;;;;;;;
;;;;;;;;;;;;;Gang Lembayung;95,83;;-0.010426512593170966, 109.31093517220526;;;;;;;;;;;;;;;;;;;;
;;;;;;;;;Gang Darta;63,84;;-0.012434448425086854, 109.3141966582504;;;;;;;;;;;;;;;;;;;;;;;;
;;;;;;;;;Gang Miri;16,97;;-0.012475394851375247, 109.3133031462581;;;;;;;;;;;;;;;;;;;;;;;;
;;;;;;;;;Gang Komplek BPKP;232,8;;-0.017513522645092733, 109.31568671245485;;;;;;;;;;;;;;;;;;;;;;;;
;;;;;;;;;Gang Jariah 2;148,76;;-0.015633250906130332, 109.31520468253744;;;;;;;;;;;;;;;;;;;;;;;;
;;;;;;;;;Komplek Villa Citra Marta;288,64;;-0.015694429654893177, 109.31332652658845;;;;;;;;;;;;;;;;;;;;;;;;
;;;;;;;;;Gang Gunung Seha;208,56;;-0.018486046947001768, 109.3144651671518;;;;;;;;;;;;;;;;;;;;;;;;
;;;;;;;;;Gang Gunung Karang;153,15;;-0.01797969593365579, 109.31371201601131;;;;;;;;;;;;;;;;;;;;;;;;
;;;;;;;;;Gang Dewa;86,64;;-0.01760322923893573, 109.31338193438712;;;;;;;;;;;;;;;;;;;;;;;;
;;;;;;;;;Gang H. Ali;89,22;;-0.016053324000054537, 109.31307063628437;;;;;;;;;;;;;;;;;;;;;;;;
;;;;;;;;;Gang Marta;114,06;;-0.018197930239072978, 109.3136314051843;;;;;;;;;;;;;;;;;;;;;;;;
;;;;;Jalan Tabrani Ahmad;3930;Ujung 1;-0.017903262186406487, 109.30917447042997;Gang Arrahman;540,15;;-0.0211328645967268, 109.31361525141955;;;;;;;;;;;;;;;;;;;;;;;;
;;;;;;;Tengah 1;-0.019047964929677738, 109.30669327592672;Jalan Bersama;278,16;;-0.015429026346242483, 109.31236224317233;Gang Bersama 1A;390,72;;-0.015740723702355196, 109.3106528237934;;;;;;;;;;;;;;;;;;;;
;;;;;;;Tengah 2;-0.020368425847281407, 109.3035896904339;;;;;Gang Bersama Baru;41,5;;-0.015791944416487413, 109.31270677529768;;;;;;;;;;;;;;;;;;;;
;;;;;;;Tengah 3;-0.022629069825680977, 109.2986618479888;;;;;Gang Bersama 1B;394,73;;-0.015021363723417419, 109.3107656163102;;;;;;;;;;;;;;;;;;;;
;;;;;;;Tengah 4;-0.026757834887702683, 109.29283231642273;;;;;Gang Taruna;394,15;;-0.014326648800948095, 109.31028315967129;;;;;;;;;;;;;;;;;;;;
;;;;;;;Tengah 5;-0.03010638002978215, 109.28890496051646;;;;;Gang Bersama 1 C;388,29;;-0.013446622730698347, 109.30940839819068;;;;;;;;;;;;;;;;;;;;
;;;;;;;Ujung 2;-0.031523729849505834, 109.28721584926188;;;;;Gang Jariah 1;359,56;;-0.01604929657347959, 109.31465144082252;;;;;;;;;;;;;;;;;;;;
;;;;;;;;;Jalan Sawo;411,32;;-0.01146275215496659, 109.31291064633886;Jalan Sawo Jalur V;389,98;;-0.013083073710819484, 109.31028125344123;;;;;;;;;;;;;;;;;;;;
;;;;;;;;;;;;;Gang Jariah Tengah;376,72;;-0.014283593019205015, 109.31304050765496;;;;;;;;;;;;;;;;;;;;
;;;;;;;;;;;;;Jalur 4;382,71;;-0.012902711899710697, 109.31075379797491;;;;;;;;;;;;;;;;;;;;
;;;;;;;;;;;;;Jalan Sawo Jalur IIIb;169,79;;-0.012822988553709455, 109.31103367251006;;;;;;;;;;;;;;;;;;;;
;;;;;;;;;;;;;Jalan Sawo Jalur 3A;375,43;;-0.014009415642441864, 109.31370734531531;;;;;;;;;;;;;;;;;;;;
;;;;;;;;;;;;;Jalur 3;382,09;;-0.012090317138508035, 109.30957387643502;;;;;;;;;;;;;;;;;;;;
;;;;;;;;;;;;;Gang Cemp. Indah;420,41;;-0.013431542630595773, 109.31338880315973;;;;;;;;;;;;;;;;;;;;
;;;;;;;;;;;;;Gang Indosat;40,03;;-0.014941255739605664, 109.31532509564181;;;;;;;;;;;;;;;;;;;;
;;;;;;;;;;;;;Jalan Sawo Jalur 2B;380,36;;-0.01269338006718706, 109.31218940375351;;;;;;;;;;;;;;;;;;;;
;;;;;;;;;;;;;Jalan Sawo Jalur 2a;378,62;;-0.0124296061632389, 109.31202324483877;;;;;;;;;;;;;;;;;;;;
;;;;;;;;;;;;;Jalan Komplek Marta Mandala;371,49;;-0.014234409618673949, 109.31518440809312;;;;;;;;;;;;;;;;;;;;
;;;;;;;;;;;;;Gang Sawo Permai;107,41;;-0.012089980051236786, 109.31173708161253;;;;;;;;;;;;;;;;;;;;
;;;;;;;;;;;;;Jalan Jalur I A;38,41;;-0.012430040498310424, 109.31301518810156;;;;;;;;;;;;;;;;;;;;
;;;;;;;;;;;;;Jalan Sawo Jalur II;376,97;;-0.011805916621075168, 109.31167668946956;;;;;;;;;;;;;;;;;;;;
;;;;;;;;;;;;;Jalan Jalur 1;166,88;;-0.011888364973760624, 109.31357479170458;;;;;;;;;;;;;;;;;;;;
;;;;;;;;;;;;;Gang Lilin;55,48;;-0.01151688759098444, 109.31265001633709;;;;;;;;;;;;;;;;;;;;
;;;;;;;;;;;;;Gang Raflesia;73,31;;-0.011101388414695492, 109.31252608794001;;;;;;;;;;;;;;;;;;;;
;;;;;;;;;;;;;Gang Kembang Sepatu;179,22;;-0.01067913458749927, 109.3123326370038;Gang Amarilis ;61,49;;-0.011126641186400651, 109.3119451462991;;;;;;;;;;;;;;;;
;;;;;;;;;;;;;;;;;Gang Bunga Matahari;67,93;;-0.011055042657762741, 109.31163657564625;;;;;;;;;;;;;;;;
;;;;;;;;;Jalan Graha Khatulistiwa III;284,95;;-0.01653635169847621, 109.30941098035385;;;;;;;;;;;;;;;;;;;;;;;;
;;;;;;;;;Gang Maria 2;280,89;;-0.01894952095411015, 109.3093339139513;;;;;;;;;;;;;;;;;;;;;;;;
;;;;;;;;;Gang Maria 1;275,78;;-0.019469725704246627, 109.30907344173976;;;;;;;;;;;;;;;;;;;;;;;;
;;;;;;;;;Jalan Mandau;37,06;;-0.01864573658136076, 109.30731266055541;;;;;;;;;;;;;;;;;;;;;;;;
;;;;;;;;;Jalur Mandau Permai II;375,09;;-0.016125757961937295, 109.30489399139647;Jalan Mandau Permai I;288,25;;-0.017875716592944617, 109.30846847751852;;;;;;;;;;;;;;;;;;;;
;;;;;;;;;;;;;Jalur Mandau Permai III;380,91;;-0.017499510164146418, 109.30754717240558;;;;;;;;;;;;;;;;;;;;
;;;;;;;;;Gang Permata;375,23;;-0.016335111024892428, 109.3045709309656;;;;;;;;;;;;;;;;;;;;;;;;
;;;;;;;;;Gang Serumpun Indah;354,42;;-0.016678703949247146, 109.30408134712013;;;;;;;;;;;;;;;;;;;;;;;;
;;;;;;;;;Gang Serumpun 2;379,58;;-0.016734216274701206, 109.30367470303713;;;;;;;;;;;;;;;;;;;;;;;;
;;;;;;;;;Gang Citra;358,72;;-0.016932800025368504, 109.30340617109167;;;;;;;;;;;;;;;;;;;;;;;;
;;;;;;;;;Gang H. Samad;376,9;;-0.016909144684987554, 109.30305939928039;;;;;;;;;;;;;;;;;;;;;;;;
;;;;;;;;;Gang Sri Medan;93,74;;-0.020837521534049705, 109.30470606941282;;;;;;;;;;;;;;;;;;;;;;;;
;;;;;;;;;Gang G. Peramas Dalam;390,15;;-0.019812155438038853, 109.3041612709908;;;;;;;;;;;;;;;;;;;;;;;;
;;;;;;;;;Gang Setara;387,87;;-0.017342517119309675, 109.3026370853915;;;;;;;;;;;;;;;;;;;;;;;;
;;;;;;;;;Gang Pimpinan;196,51;;-0.01989484904969507, 109.30307223328731;;;;;;;;;;;;;;;;;;;;;;;;
;;;;;;;;;Gang Takwa 1;187,79;;-0.01951492983658418, 109.30260361129963;;;;;;;;;;;;;;;;;;;;;;;;
;;;;;;;;;Gang Taqwa 2;194,82;;-0.019337996022960074, 109.30217117990044;;;;;;;;;;;;;;;;;;;;;;;;
;;;;;;;;;Gang Gn. Tidar;181,71;;-0.02229990859680903, 109.3033065168701;;;;;;;;;;;;;;;;;;;;;;;;
;;;;;;;;;Komplek Tabrani Indah;168,29;;-0.019463020526358538, 109.30184891004579;;;;;;;;;;;;;;;;;;;;;;;;
;;;;;;;;;Jalan Griya Taman Anggrek;198,12;;-0.022680789725847618, 109.30278744011636;;;;;;;;;;;;;;;;;;;;;;;;
;;;;;;;;;Gang Telni;182,86;;-0.019863064078652, 109.30061875258319;;;;;;;;;;;;;;;;;;;;;;;;
;;;;;;;;;Jalan Komplek Rinjani Indah;201,32;;-0.023126635426346676, 109.30179693818033;;;;;;;;;;;;;;;;;;;;;;;;
;;;;;;;;;Komplek Duta Marta;375,23;;-0.023634896226027748, 109.30180181564464;;;;;;;;;;;;;;;;;;;;;;;;
;;;;;;;;;Gang Tlk. Nibung;188,35;;-0.020193827458829472, 109.29996393954252;;;;;;;;;;;;;;;;;;;;;;;;
;;;;;;;;;Gang Gn. Rinjani I;187,55;;-0.02338479550866598, 109.30102756205834;;;;;;;;;;;;;;;;;;;;;;;;
;;;;;;;;;Gang Budi Mulya;172,17;;-0.0205156140941058, 109.29946370648918;;;;;;;;;;;;;;;;;;;;;;;;
;;;;;;;;;Komplek Pd. Mulia;197,95;;-0.020573226711057095, 109.29911989030163;;;;;;;;;;;;;;;;;;;;;;;;
;;;;;;;;;Gang Gn. Rinjani II;176,77;;-0.023444979581813356, 109.30068696433547;;;;;;;;;;;;;;;;;;;;;;;;
;;;;;;;;;Gang Rinjani 3;215,71;;-0.023248090895232162, 109.30020981103576;;;;;;;;;;;;;;;;;;;;;;;;
;;;;;;;;;Gang Fitrah;133,23;;-0.021076612065030944, 109.29905461739827;;;;;;;;;;;;;;;;;;;;;;;;
;;;;;;;;;Gang Berdikari 1 Dalam;185,4;;-0.021169203599483145, 109.29874568334944;;;;;;;;;;;;;;;;;;;;;;;;
;;;;;;;;;Gang Sy. Nauval;179,02;;-0.021020221290983857, 109.29818096773423;;;;;;;;;;;;;;;;;;;;;;;;
;;;;;;;;;Gang Alam Sari;134,75;;-0.02448080622683796, 109.29806794709856;;;;;;;;;;;;;;;;;;;;;;;;
;;;;;;;;;Komplek Permata Asri;110,59;;-0.023000040356191846, 109.29663875599714;;;;;;;;;;;;;;;;;;;;;;;;
;;;;;;;;;Jalan Komplek Palem Indah;306,63;;-0.025814311554857937, 109.29682279533012;;;;;;;;;;;;;;;;;;;;;;;;
;;;;;;;;;Komplek Delima Permai;384,72;;-0.026175627478275565, 109.29663867750821;;;;;;;;;;;;;;;;;;;;;;;;
;;;;;;;;;Gang Telni;241,76;;-0.025956310449896765, 109.29568571492939;;;;;;;;;;;;;;;;;;;;;;;;
;;;;;;;;;Gang Berdikari 2;208,89;;-0.024686378987138956, 109.29448969379789;;;;;;;;;;;;;;;;;;;;;;;;
;;;;;;;;;Gang H. Rugaiyah;87,97;;-0.02618072987501925, 109.29451670835662;;;;;;;;;;;;;;;;;;;;;;;;
;;;;;;;;;Gang Kencana Lestari 2;687,02;Ujung 1;-0.023321336336724625, 109.29237258149753;;;;;;;;;;;;;;;;;;;;;;;;
;;;;;;;;;;;Ujung 2;-0.020568764445369044, 109.29079835431264;;;;;;;;;;;;;;;;;;;;;;;;
;;;;;;;;;Gang Arkarin IX;773,29;Ujung 1;-0.023220328184805347, 109.29184560416746;;;;;;;;;;;;;;;;;;;;;;;;
;;;;;;;;;;;Ujung 2;-0.020256366277352097, 109.29019398607967;;;;;;;;;;;;;;;;;;;;;;;;
;;;;;;;;;Jalan Griya Kencana Asri;344,39;;-0.023736149082152724, 109.29175715063928;;;;;;;;;;;;;;;;;;;;;;;;
;;;;;;;;;Gang Asri;260,63;;-0.02818348163203329, 109.29403750897093;;;;;;;;;;;;;;;;;;;;;;;;
;;;;;;;;;Gang H. Nuriddin;361,03;;-0.025579468123628383, 109.2916552816168;;;;;;;;;;;;;;;;;;;;;;;;
;;;;;;;;;Gang Berdikari 2B;357,09;;-0.024873797273718287, 109.29065081737872;;;;;;;;;;;;;;;;;;;;;;;;
;;;;;;;;;Jalan Komplek Tabrani Indah Permai;238,9;;-0.02817298099758561, 109.292575128816;;;;;;;;;;;;;;;;;;;;;;;;
;;;;;;;;;Jalan Komplek Anugrah Asri;351,09;;-0.026802917770692946, 109.29147142307598;;;;;;;;;;;;;;;;;;;;;;;;
;;;;;;;;;Komplek Dr. Rumah Sakit Kota;129,66;;-0.026975483883008012, 109.29059190205412;;;;;;;;;;;;;;;;;;;;;;;;
;;;;;;;;;Jalan Komplek Palestin Indah Permata II;558,94;Ujung 1;-0.029307616188329444, 109.29178448375426;;;;;;;;;;;;;;;;;;;;;;;;
;;;;;;;;;;;Ujung 2;-0.027036131387119244, 109.29015624096417;;;;;;;;;;;;;;;;;;;;;;;;
;;;;;;;;;Gang Family ;357,99;;-0.026495524528408084, 109.28918264756363;;;;;;;;;;;;;;;;;;;;;;;;
;;;;;;;;;Gang Bukit Tidar;357,95;;-0.026536018195702185, 109.28865752056957;;;;;;;;;;;;;;;;;;;;;;;;
;;;;;;;;;Gang Smile;281,32;;-0.03069042060861558, 109.29125283753702;;;;;;;;;;;;;;;;;;;;;;;;
;;;;;;;;;Komplek Villa Artha Land Blok A-B;354,92;;-0.027703340663028386, 109.28849257271936;;;;;;;;;;;;;;;;;;;;;;;;
;;;;;;;;;Komplek Villa Artha Land Blok C-D;352,69;;-0.029059579071293494, 109.28902447153048;;;;;;;;;;;;;;;;;;;;;;;;
;;;;;;;;;Komplek Villa Artha Land Blok E-F;348,8;;-0.027352428859261514, 109.28733420758397;;;;;;;;;;;;;;;;;;;;;;;;
;;;;;;;;;Komplek Didis Permai 8 Blok C-D;333,82;;-0.029194110728089608, 109.28669946106018;;;;;;;;;;;;;;;;;;;;;;;;
;;;;;;;;;Komplek Didis Permai 8 Blok A-B;331,92;;-0.03011694327825773, 109.28699170978123;;;;;;;;;;;;;;;;;;;;;;;;
;;;;;;;;;Komplek Amy Permai;338,09;;-0.029705107803541797, 109.28584017404933;;;;;;;;;;;;;;;;;;;;;;;;
;;;;;;;;;Gang Berkah;302,33;;-0.02959407073763109, 109.28535851310092;;;;;;;;;;;;;;;;;;;;;;;;
;;;;;;;;;Komplek Didis Permai 7 Blok C-D;334,51;;-0.030857752103808908, 109.2858530943878;;;;;;;;;;;;;;;;;;;;;;;;
;;;;;;;;;Komplek Didis Permai 7 Blok A-B;326,88;;-0.030043092204155762, 109.28484430916878;;;;;;;;;;;;;;;;;;;;;;;;
;;;;;;;;;Komplek Berdikari Indah;338,28;;-0.03199477492103662, 109.28580820448565;;;;;;;;;;;;;;;;;;;;;;;;
;;;;;;;;;Komplek Dora Noskan Indah;340,79;;-0.03198950103657051, 109.28545491884594;;;;;;;;;;;;;;;;;;;;;;;;
;;;;;Jalan Bukit Batu;954,45;Ujung 1;-0.03335998646158892, 109.28554280652766;Gang Yaris;219,84;;-0.031972029241138615, 109.28421767348554;;;;;;;;;;;;;;;;;;;;;;;;
;;;;;;;Ujung 2;-0.03661056032902028, 109.28222317769794;Gang Batu Batar;507,06;Ujung 1;-0.035152586861091156, 109.28202418391801;;;;;;;;;;;;;;;;;;;;;;;;
;;;;;;;;;;;Ujung 2;-0.03284924354683121, 109.28035318131997;;;;;;;;;;;;;;;;;;;;;;;;
;;;;;Jalan KPLP;296,06;;-0.00540258800105088, 109.3154367950852;;;;;;;;;;;;;;;;;;;;;;;;;;;;
;;;;;Gang Kelapa 1;145,68;;-0.006565988422993175, 109.3147357615896;;;;;;;;;;;;;;;;;;;;;;;;;;;;
;;;;;Gang Kelapa 2;180,69;;-0.007690179296480519, 109.31371700977974;;;;;;;;;;;;;;;;;;;;;;;;;;;;
;;;;;Gang Kelapa 3;144,22;;-0.007471656715535775, 109.31348772557206;;;;;;;;;;;;;;;;;;;;;;;;;;;;
;;;;;Gang Palawija 1;145,47;;-0.007013120679246934, 109.3134523107074;;;;;;;;;;;;;;;;;;;;;;;;;;;;
;;;;;Gang Gotong Royong II;362,82;;-0.003683068194891968, 109.31502943682028;;;;;;;;;;;;;;;;;;;;;;;;;;;;
;;;;;Gang Palawija III;116,42;;-0.00682943866315023, 109.3131279709788;;;;;;;;;;;;;;;;;;;;;;;;;;;;
;;;;;Gang Gotong Royong 1;420,75;;-0.003163269423031972, 109.31487755013025;;;;;;;;;;;;;;;;;;;;;;;;;;;;
;;;;;Gang Palawija 2;60,61;;-0.0070551325305668565, 109.31270659711203;;;;;;;;;;;;;;;;;;;;;;;;;;;;
;;;;;Gang Bunga;208,92;;-0.005442853060722973, 109.31305648786653;;;;;;;;;;;;;;;;;;;;;;;;;;;;
;;;;;Gang Bunga Dalam;232,44;;-0.0030225606196340967, 109.31411054749638;;;;;;;;;;;;;;;;;;;;;;;;;;;;
;;;;;Gang Duku Baru 1;416,37;;-0.003183573602493401, 109.31353099854628;Gang Duku Baru Dalam;126,42;;-0.003745012080369149, 109.31300530156942;;;;;;;;;;;;;;;;;;;;;;;;
;;;;;Gang Bayam;163,44;;-0.007446924375105199, 109.31209415610564;;;;;;;;;;;;;;;;;;;;;;;;;;;;
;;;;;Gang Duku Baru;260,6;;-0.00568802803832995, 109.31228614286225;Gang Duku Baru 2;428,83;;-0.0025491223588674635, 109.3132758184605;;;;;;;;;;;;;;;;;;;;;;;;
;;;;;Jalan Umuthalib;346,01;;-0.008583399782015963, 109.31148877771798;Gang Aster;119,93;;-0.007326642896533743, 109.31129977081173;;;;;;;;;;;;;;;;;;;;;;;;
;;;;;;;;;Gang Melati;90,88;;-0.007674165599931019, 109.31148394864118;;;;;;;;;;;;;;;;;;;;;;;;
;;;;;;;;;Jalan M. Yusuf;162,59;;-0.008388836536998456, 109.31257464293859;Gang Toman;122,31;;-0.008858249921994998, 109.31209690273832;;;;;;;;;;;;;;;;;;;;
;;;;;;;;;;;;;Gang Kacang;107,33;;-0.007854105943283913, 109.31270550113929;Gang Sawi;71,74;;-0.008266110301916653, 109.31305824950617;Gang Terong;68,08;;-0.00785973644089174, 109.31309699602379;;;;;;;;;;;;
;;;;;;;;;;;;;Gang Belidak;86,95;;-0.0088590154569275, 109.31243680316132;;;;;;;;;;;;;;;;;;;;
;;;;;;;;;Gang Soka;117,5;;-0.00856490963910516, 109.31096093478025;;;;;;;;;;;;;;;;;;;;;;;;
;;;;;;;;;Gang Lais;148,69;;-0.009359787737096373, 109.31201118732439;;;;;;;;;;;;;;;;;;;;;;;;
;;;;;;;;;Gang Kecubung;95,32;;-0.009527134586671869, 109.31078979614126;Gang Tanjung ;99,78;;-0.009983670106519776, 109.31079182546102;Gang Teratai;102,07;;-0.009833484641905536, 109.31073828327287;;;;;;;;;;;;;;;;
;;;;;;;;;;;;;;;;;Gang Larat;95,67;;-0.009995079552547633, 109.31035069857509;;;;;;;;;;;;;;;;
;;;;;;;;;;;;;Gang Cemp.;211,63;;-0.007896603712903516, 109.31132641944117;Gang Melur;53,76;;-0.008120637237687944, 109.3107414565782;;;;;;;;;;;;;;;;
;;;;;;;;;;;;;Gang Dahlia;102,3;;-0.009129785464024131, 109.31047036019365;;;;;;;;;;;;;;;;;;;;
;;;;;Gang Kayu Manis II;481,56;;-0.002646647605185652, 109.31289879206365;;;;;;;;;;;;;;;;;;;;;;;;;;;;
;;;;;Gang Kayu Manis I;489,94;;-0.002995673884270211, 109.31233035872981;Jalan Kayu Manis;41,96;;-0.00564451149573683, 109.31083769264049;;;;;;;;;;;;;;;;;;;;;;;;
;;;;;Jalan Tebu;1290;Ujung 1;-0.007557039131810491, 109.31053275331247;Gang Tebu Manis;379,85;;-0.007849700488778082, 109.3091025208652;;;;;;;;;;;;;;;;;;;;;;;;
;;;;;;;Tengah 1;-0.008854236808921175, 109.31017205362231;Gang Tebu Indah;183,59;;-0.00817943377327098, 109.30898915913865;;;;;;;;;;;;;;;;;;;;;;;;
;;;;;;;Tengah 2;-0.009899902883796724, 109.30986621019404;Komplek Mitra Utama 3 Pontianak;366,43;;-0.008875551829523468, 109.30970908478348;;;;;;;;;;;;;;;;;;;;;;;;
;;;;;;;Tengah 3;-0.013529492301046319, 109.3091116458226;Gang Permatasari;367,28;;-0.008822213977170144, 109.30796267367032;;;;;;;;;;;;;;;;;;;;;;;;
;;;;;;;Ujung 2;-0.01591615487510793, 109.30892166457802;Gang Nilam Sari;365,29;;-0.009271414965205756, 109.30826956552292;;;;;;;;;;;;;;;;;;;;;;;;
;;;;;;;;;Gang Nusa Dua;366,34;;-0.0097714043417129, 109.30891786350055;;;;;;;;;;;;;;;;;;;;;;;;
;;;;;;;;;Gang Anggrek;125,58;;-0.010462764873981923, 109.31064294161068;;;;;;;;;;;;;;;;;;;;;;;;
;;;;;;;;;Gang Tebu Raya Asri;367,83;;-0.009624935478115135, 109.30695670143031;;;;;;;;;;;;;;;;;;;;;;;;
;;;;;;;;;Gang Makmur;172,28;;-0.011137056123843046, 109.31078197863864;;;;;;;;;;;;;;;;;;;;;;;;
;;;;;;;;;Gang Waris;371,14;;-0.010117615130106, 109.30669883843537;;;;;;;;;;;;;;;;;;;;;;;;
;;;;;;;;;Gang Natuna;371,03;;-0.011477287723268703, 109.30857122403252;;;;;;;;;;;;;;;;;;;;;;;;
;;;;;;;;;Komplek Pondok Cipta Asri;367,72;;-0.011825315805049535, 109.30804800444893;;;;;;;;;;;;;;;;;;;;;;;;
;;;;;;;;;Jalan Padat Karya;455,41;;-0.012459734651367375, 109.3058146020541;;;;;;;;;;;;;;;;;;;;;;;;
;;;;;;;;;Gang Anugrah I;455,35;;-0.013159755514337389, 109.30704861881549;;;;;;;;;;;;;;;;;;;;;;;;
;;;;;;;;;Gang Anugrah II;364,82;;-0.01331085337800666, 109.30583942421458;;;;;;;;;;;;;;;;;;;;;;;;
;;;;;;;;;Gang Anugrah III;347;;-0.013547341586488244, 109.30593778856311;;;;;;;;;;;;;;;;;;;;;;;;
;;;;;;;;;Gang Lestari;358,24;;-0.013845808630862683, 109.30583514398118;;;;;;;;;;;;;;;;;;;;;;;;
;;;;;;;;;Gang Tirta Kencana ;133,4;;-0.01447836210343673, 109.30780290688402;;;;;;;;;;;;;;;;;;;;;;;;
;;;;;;;;;Gang Rachmad;368,66;;-0.014592589927451874, 109.3065755314297;;;;;;;;;;;;;;;;;;;;;;;;
;;;;;;;;;Gang Teguh Karya;364,86;;-0.014716786534235138, 109.3057554588501;;;;;;;;;;;;;;;;;;;;;;;;
;;;;;;;;;Gang Musyawarah;360,91;;-0.015020631297015929, 109.30576018133425;;;;;;;;;;;;;;;;;;;;;;;;
;;;;;;;;;Gang Permata Griya;366,68;;-0.015377361479340717, 109.30580274301248;;;;;;;;;;;;;;;;;;;;;;;;
;;;;;;;;;Gang Mufakat;370,01;;-0.016476783746160895, 109.30865006241469;;;;;;;;;;;;;;;;;;;;;;;;
;;;;;;;;;Gang Mandala;382,14;;-0.016038792785448338, 109.3057056990757;;;;;;;;;;;;;;;;;;;;;;;;
;;;;;;;;;Jalan Komplek Tebu Mandala;388,12;;-0.01624523043446731, 109.30555242240825;;;;;;;;;;;;;;;;;;;;;;;;
;;;;;Gang Tebu 1 Jalur A;149,86;;-0.007846411213603053, 109.3100995938574;;;;;;;;;;;;;;;;;;;;;;;;;;;;
;;;;;Gang Kasturi;518,9;Ujung 1;-0.0045514474383515965, 109.31072398181772;;;;;;;;;;;;;;;;;;;;;;;;;;;;
;;;;;;;Ujung 2;-0.002137181170961473, 109.31149449511236;;;;;;;;;;;;;;;;;;;;;;;;;;;;
;;;;;Gang Tebu 1B;156,2;;-0.0077123052999153235, 109.30979766932933;;;;;;;;;;;;;;;;;;;;;;;;;;;;
;;;;;Rusunawa Jeruju;118,24;;-0.00696276274325477, 109.30919209359776;;;;;;;;;;;;;;;;;;;;;;;;;;;;
;;;;;Gang Paguyuban Laut;543,78;;-0.0036827628981171484, 109.31010574320358;Jalur IX;170,14;;-0.004590352053569128, 109.31041704483836;Komplek Bali Indah Blok J-K;223,96;;-0.003440967761928867, 109.31045276954585;;;;;;;;;;;;;;;;;;;;
;;;;;;;;-0.0020641154144222912, 109.31056290147922;;;;;Komplek Bali Indah Blok L-M;128,77;;-0.004037890827549496, 109.31055644154898;;;;;;;;;;;;;;;;;;;;
;;;;;;;;;Komplek Golden Bali;303,08;;-0.002746102066219035, 109.31091896956642;;;;;;;;;;;;;;;;;;;;;;;;
;;;;;Gang Tebu 01;79,29;;-0.0068851607441627, 109.30878458762317;;;;;;;;;;;;;;;;;;;;;;;;;;;;
;;;;;Gang Tengkawang;511,19;Ujung 1;-0.004037149303018673, 109.30933218625692;;;;;;;;;;;;;;;;;;;;;;;;;;;;
;;;;;;;Ujung 2;-0.002454576072250475, 109.30960011582114;;;;;;;;;;;;;;;;;;;;;;;;;;;;
;;;;;Gang Kurma Jaya;163,21;;-0.006498104635332476, 109.30823675700168;;;;;;;;;;;;;;;;;;;;;;;;;;;;
;;;;;Gang Rambutan 2;494,28;;-0.004240380157194836, 109.30857157728472;;;;;;;;;;;;;;;;;;;;;;;;;;;;
;;;;;Gang Tebu Ceria;163,43;;-0.0072181478087767715, 109.30762802859269;;;;;;;;;;;;;;;;;;;;;;;;;;;;
;;;;;Gang Sutan Nasir;460,67;;-0.0019163210766322998, 109.30867679387883;;;;;;;;;;;;;;;;;;;;;;;;;;;;
;;;;;Gang Lamtoro Utama;572,99;Ujung 1;-0.008653934533518613, 109.30676032298395;Gang Lamtoro 1;85,13;;-0.007541516189835787, 109.3066950570104;;;;;;;;;;;;;;;;;;;;;;;;
;;;;;;;Ujung 2;-0.009368132678142928, 109.30654683727639;Komplek Surya Kencana Permai;179,26;;-0.008088128886873177, 109.30820022460706;;;;;;;;;;;;;;;;;;;;;;;;
;;;;;;;;;Jalur 1;195,43;;-0.007906022529410056, 109.3064493154543;;;;;;;;;;;;;;;;;;;;;;;;
;;;;;;;;;Gang Lamtoro Jalur 2;192,71;;-0.008217120900717828, 109.30621911858773;;;;;;;;;;;;;;;;;;;;;;;;
;;;;;;;;;Gang Lamtoro Jalur 3;213,94;;-0.008467706874365901, 109.30563941216525;;;;;;;;;;;;;;;;;;;;;;;;
;;;;;;;;;Gang Gandapura IA;178,3;;-0.009431279374873881, 109.30595951239717;;;;;;;;;;;;;;;;;;;;;;;;
;;;;;;;;;Gang Gandapura II;154,46;;-0.009851393671319153, 109.3058826007189;;;;;;;;;;;;;;;;;;;;;;;;
;;;;;;;;;Gang Tengah;143,45;;-0.010060385588396871, 109.30573192968048;;;;;;;;;;;;;;;;;;;;;;;;
;;;;;;;;;Gang Puring Kencana 3;128,52;;-0.010268888403834064, 109.30524711951662;;;;;;;;;;;;;;;;;;;;;;;;
;;;;;Gang Puring;178,3;;-0.011526749039446501, 109.30568366712542;Gang Puring Kencana 1;111,74;;-0.010688524845309159, 109.30545835245579;;;;;;;;;;;;;;;;;;;;;;;;
;;;;;;;;;Gang Puring Kencana 2;100,3;;-0.011154066187732332, 109.30553574529462;;;;;;;;;;;;;;;;;;;;;;;;
;;;;;Gang Kelapa Sawit;343,08;;-0.002787473782933826, 109.30807359625655;;;;;;;;;;;;;;;;;;;;;;;;;;;;
;;;;;Gang Akasia;172;;-0.007134171558422497, 109.30683555599133;;;;;;;;;;;;;;;;;;;;;;;;;;;;
;;;;;Gang Triputri;499,72;;-0.003729185200301696, 109.30751956412223;;;;;;;;;;;;;;;;;;;;;;;;;;;;
;;;;;Gang Aren;127,95;;-0.006855652471983108, 109.30661550346419;;;;;;;;;;;;;;;;;;;;;;;;;;;;
;;;;;Gang Jeruju 1;502,72;Ujung 1;-0.0042316751746230615, 109.30693147521411;;;;;;;;;;;;;;;;;;;;;;;;;;;;
;;;;;;;Ujung 2;-0.003187837128665016, 109.30724741721265;;;;;;;;;;;;;;;;;;;;;;;;;;;;
;;;;;Gang Tebu II;132,92;;-0.006781755060685318, 109.30618725186656;;;;;;;;;;;;;;;;;;;;;;;;;;;;
;;;;;Gang Jeruju 2;384,58;;-0.003102090956053547, 109.30691645503629;;;;;;;;;;;;;;;;;;;;;;;;;;;;
;;;;;Gang Tebu Baru;166,92;;-0.006416193360448641, 109.30577091232772;;;;;;;;;;;;;;;;;;;;;;;;;;;;
;;;;;Gang Jeruju 3;376,72;;-0.004834974191537816, 109.30614022388046;Gang Jeruju III Dalam;117,91;;-0.002667632417789304, 109.3064417156862;Gang Jeruju 3 Dalam Jl A;74,3;;-0.002071775860802463, 109.3064559933258;;;;;;;;;;;;;;;;;;;;
;;;;;;;;;;;;;Gang Jeruju 3 Dalam Jl B;75,32;;-0.002258782253057327, 109.30602086612856;;;;;;;;;;;;;;;;;;;;
;;;;;Gang Tebu Tiga;344,43;;-0.007108401312099107, 109.30531384041873;;;;;;;;;;;;;;;;;;;;;;;;;;;;
;;;;;Gang Landak VI;190,92;;-0.005310950945511699, 109.3050813608107;Gang Sambas 5;109,77;;-0.006460856971983241, 109.3041865894815;;;;;;;;;;;;;;;;;;;;;;;;
;;;;;;;;;Gang Sambas 4;74,14;;-0.006218864259954425, 109.30426166558392;;;;;;;;;;;;;;;;;;;;;;;;
;;;;;Gang Landak IV;101,02;;-0.0056918863571533695, 109.30473882937201;Gang Landak 5;82,68;;-0.005425095342712439, 109.30437000381937;;;;;;;;;;;;;;;;;;;;;;;;
;;;;;Gang Jeruji I;449,63;;-0.0017827110696108394, 109.30523922256698;;;;;;;;;;;;;;;;;;;;;;;;;;;;
;;;;;Gang Wira Bhakti 1;307,77;;-0.004131440880104661, 109.30402231782496;;;;;;;;;;;;;;;;;;;;;;;;;;;;
;;;;;Jalan Atot Ahmad;416,07;;-0.005576470211435637, 109.30366396869208;Gang Majapahit 1;154,52;;-0.005357077742526181, 109.3028421648161;Gang Majapahit 6;87,83;;-0.0057323301570267856, 109.30327950382677;Gang Majapahit 2;77,03;;-0.005616731960811862, 109.3027587920974;;;;;;;;;;;;;;;;
;;;;;;;;;;;;;;;;;Gang Majapahit 3;77;;-0.005873614628087065, 109.30312830340962;;;;;;;;;;;;;;;;
;;;;;;;;;;;;;Gang Majapahit 5;88,74;;-0.005800562580667282, 109.30255532249852;;;;;;;;;;;;;;;;;;;;
;;;;;;;;;Jalan Atot Ahmad 1;149,74;;-0.005931659778478322, 109.30482315423552;Gang Landak 1;84,24;;-0.005304580094122505, 109.30398258558097;;;;;;;;;;;;;;;;;;;;
;;;;;;;;;;;;;Gang Landak 2;50,48;;-0.005665591311279818, 109.30422536869608;;;;;;;;;;;;;;;;;;;;
;;;;;;;;;;;;;Gang Landak 3;50,02;;-0.005769840797466303, 109.30447842647021;;;;;;;;;;;;;;;;;;;;
;;;;;;;;;Gang Majapahit 4;151,29;;-0.006181020198189151, 109.30292256633513;;;;;;;;;;;;;;;;;;;;;;;;
;;;;;;;;;Gang Sriwijaya 1;133,99;;-0.008069838272917929, 109.30469768858691;;;;;;;;;;;;;;;;;;;;;;;;
;;;;;;;;;Gang Pajajaran 4;150,11;;-0.008239164785640312, 109.30273381883767;Gang Pajajaran 6;117,13;;-0.008083873167016807, 109.30322798544708;Gang Pajajaran 3;72,56;;-0.007988506476509895, 109.30272908237774;;;;;;;;;;;;;;;;
;;;;;;;;;;;;;;;;;Gang Pajajaran 2;73,58;;-0.0077377429127872405, 109.30263656924238;;;;;;;;;;;;;;;;
;;;;;;;;;;;;;;;;;Gang Pajajaran 1;78,48;;-0.007500522531534318, 109.3027006200391;;;;;;;;;;;;;;;;
;;;;;;;;;Jalan Nawawi Hasan;541,8;Ujung 1;-0.008642776441981845, 109.30236950243687;Jalan Nawawi Hasan 2;272,63;;-0.010834703277917463, 109.30090702496624;Gang Kubu 1;77,09;;-0.009108920424812286, 109.30089740264604;;;;;;;;;;;;;;;;
;;;;;;;;;;;Ujung 2;-0.008926619735661681, 109.29974875147165;;;;;Gang Kubu 2;76,01;;-0.009371667587085285, 109.30098529455259;;;;;;;;;;;;;;;;
;;;;;;;;;;;;;;;;;Gang Kubu 3;60,82;;-0.009554852317974266, 109.30125671061525;;;;;;;;;;;;;;;;
;;;;;;;;;;;;;;;;;Gang Kubu 4;63,99;;-0.009807322622006369, 109.30133622703957;;;;;;;;;;;;;;;;
;;;;;;;;;;;;;;;;;Gang Kubu 5;76,04;;-0.010028292387127958, 109.30137812900156;;;;;;;;;;;;;;;;
;;;;;;;;;;;;;;;;;Gang Kubu 6;75,23;;-0.010306565883208229, 109.30141047443267;Gang Kubu VII;64,48;;-0.010440640265920068, 109.3010869146356;;;;;;;;;;;;
;;;;;;;;;;;;;Gang Matan 1;187,37;;-0.010180376358494555, 109.29964749412075;Gang Matan 2;144,78;;-0.00919743827938403, 109.30035037180235;;;;;;;;;;;;;;;;
;;;;;;;;;;;;;;;;;Gang Matan 3;137,22;;-0.009502604588830017, 109.30026709066256;;;;;;;;;;;;;;;;
;;;;;;;;;;;;;;;;;Gang Matan 4;131,9;;-0.009738117135789905, 109.30034358681075;;;;;;;;;;;;;;;;
;;;;;;;;;;;;;;;;;Gang Matan 5;125,17;;-0.010045715062213292, 109.30000024083297;;;;;;;;;;;;;;;;
;;;;;;;;;;;;;;;;;Gang Matan 6;119,36;;-0.01021945237511426, 109.30039318144857;;;;;;;;;;;;;;;;
;;;;;;;;;;;;;Gang Matan XIII;185,25;;-0.010468121463340137, 109.29937882705428;;;;;;;;;;;;;;;;;;;;
;;;;;Jalan Hj. Siti Zein;215,4;;-0.00985987955481703, 109.30353884812799;Gang Sriwijaya 2;138,74;;-0.00877959474420281, 109.304324578094;Gang Sriwijaya 5;212,71;;-0.0077392592813397285, 109.30398680755617;Gang Sriwijaya 3;94,4;;-0.007824796197599928, 109.30459875360354;;;;;;;;;;;;;;;;
;;;;;;;;;;;;;;;;;Gang Sriwijaya 4;93,93;;-0.007547307220394274, 109.304271941348;;;;;;;;;;;;;;;;
;;;;;;;;;;;;;Gang Sriwijaya 6;74,82;;-0.008236432071238049, 109.30421089608333;;;;;;;;;;;;;;;;;;;;
;;;;;;;;;;;;;Gang Sriwijaya 7;73,45;;-0.008318434349450095, 109.30452558589346;;;;;;;;;;;;;;;;;;;;
;;;;;;;;;;;;;Gang Sriwijaya 8;77,18;;-0.008695077874384779, 109.30485081889584;;;;;;;;;;;;;;;;;;;;
;;;;;;;;;Gang Gandapura;155,58;;-0.009200742863128518, 109.30609965409937;;;;;;;;;;;;;;;;;;;;;;;;
;;;;;;;;;Gang Kurnia 1;139,86;;-0.009134270524912974, 109.304591916962;;;;;;;;;;;;;;;;;;;;;;;;
;;;;;;;;;Gang Gandapura IA;178,4;;-0.009238991195594078, 109.30525140249937;;;;;;;;;;;;;;;;;;;;;;;;
;;;;;;;;;Gang Sejahtera Asri 1;244,45;;-0.009082071197615258, 109.30175094124901;;;;;;;;;;;;;;;;;;;;;;;;
;;;;;;;;;Gang Sejahtera Asri 2;238,4;;-0.009411937614516624, 109.30234877860657;;;;;;;;;;;;;;;;;;;;;;;;
;;;;;;;;;Jalan Era;148,82;;-0.009459461717978315, 109.3045489169274;;;;;;;;;;;;;;;;;;;;;;;;
;;;;;;;;;Gang Melati 1;166,77;;-0.010620387713491419, 109.3041734963916;;;;;;;;;;;;;;;;;;;;;;;;
;;;;;;;;;Gang Tri Melati;174,12;;-0.011061561411356622, 109.30348960884473;;;;;;;;;;;;;;;;;;;;;;;;
;;;;;;;;;Gang Melati 2;188,85;;-0.011545821781949581, 109.3046826326156;;;;;;;;;;;;;;;;;;;;;;;;
;;;;;;;;;Gang Banyuwangi;115,57;;-0.011831999176851174, 109.30561473209049;;;;;;;;;;;;;;;;;;;;;;;;
;;;;;;;;;Gang Standar;351,37;;-0.01183046729224256, 109.30194501844976;;;;;;;;;;;;;;;;;;;;;;;;
;;;;;;;;;Gang Karunia 1;179,84;;-0.012294559442099782, 109.30459411589268;;;;;;;;;;;;;;;;;;;;;;;;
;;;;;;;;;Gang Karunia 2;174,56;;-0.012616263472111701, 109.30393950201432;;;;;;;;;;;;;;;;;;;;;;;;
;;;;;;;;;Gang Mekar Kurnia;350,99;;-0.012955977892939712, 109.30201534042482;;;;;;;;;;;;;;;;;;;;;;;;
;;;;;;;;;Gang Sanubari 1;342,86;;-0.013277544436847248, 109.3035371850245;;;;;;;;;;;;;;;;;;;;;;;;
;;;;;;;;;Gang Sanubari II;345,94;;-0.013696877253705065, 109.30444934574913;;;;;;;;;;;;;;;;;;;;;;;;
;;;;;;;;;Gang Sanubari 3;393,36;;-0.014066086868488098, 109.30161988288008;;;;;;;;;;;;;;;;;;;;;;;;
;;;;;;;;;Gang Mukminin;185,34;;-0.01455073164258647, 109.3034419879902;;;;;;;;;;;;;;;;;;;;;;;;
;;;;;Gang Wira Bhakti 2;157,03;;-0.004018245369956534, 109.30374229317822;Gang Wira Bhakti 3;176,91;;-0.004056362640211224, 109.30339469695473;;;;;;;;;;;;;;;;;;;;;;;;
;;;;;Jalan Hasyim Ahmad;402,99;;-0.005328697284858861, 109.30223523017754;Gang Singosari I;95,07;;-0.005666279622675431, 109.3017377909893;Gang Singosari IV;66,14;;-0.00605439818691689, 109.30195431879643;;;;;;;;;;;;;;;;;;;;
;;;;;;;;;;;;;Gang Singosari V;48,19;;-0.0060320629104774325, 109.30171878984343;;;;;;;;;;;;;;;;;;;;
;;;;;;;;;Gang Singosari 2;84,32;;-0.006156537264656087, 109.30180111009865;;;;;;;;;;;;;;;;;;;;;;;;
;;;;;;;;;Gang Singosari 3;81,88;;-0.0064102487823535755, 109.30182879336692;;;;;;;;;;;;;;;;;;;;;;;;
;;;;;;;;;Gang Mulawarman I;81,33;;-0.007490391280855127, 109.30190952390524;;;;;;;;;;;;;;;;;;;;;;;;
;;;;;;;;;Gang Pajajaran ;35,04;;-0.007496705486336444, 109.30248444128354;;;;;;;;;;;;;;;;;;;;;;;;
;;;;;;;;;Gang Mulawarman 3;110,95;;-0.008229589215458128, 109.30208193356437;Gang Mulawarman 5;117,21;;-0.007722729936879052, 109.30146323444988;;;;;;;;;;;;;;;;;;;;
;;;;;Gang Alpokat Raya;409,27;;-0.0020739899090234898, 109.30185875852479;;;;;;;;;;;;;;;;;;;;;;;;;;;;
;;;;;Gang Alpokat Jaya;411,29;;-0.0016663803229527941, 109.30150393202084;;;;;;;;;;;;;;;;;;;;;;;;;;;;
;;;;;Gang Singosari VI;152,06;;-0.006155232177437701, 109.30145578715275;;;;;;;;;;;;;;;;;;;;;;;;;;;;
;;;;;Gang Jeruju Permai Baru;60,61;;-0.006171863922159068, 109.30104828248892;;;;;;;;;;;;;;;;;;;;;;;;;;;;
;;;;;Gang Alpokat Permai;418,48;;-0.0018881311611742254, 109.30110585344764;;;;;;;;;;;;;;;;;;;;;;;;;;;;
;;;;;Jalan Nawawi Hasan 1;317,92;;-0.007863239815016097, 109.30113005618166;Jalan Permai 1;234,05;;-0.0074653080097254396, 109.29881279483376;;;;;;;;;;;;;;;;;;;;;;;;
;;;;;;;;;Jalan Permai II;222,89;;-0.007509861539590848, 109.29946713629431;Jalan Permai IIA;175,22;;-0.008085115749414815, 109.30078346694764;;;;;;;;;;;;;;;;;;;;
;;;;;;;;;;;;;Jalan Permai 2B;94,17;;-0.007843572764891848, 109.300354386968;;;;;;;;;;;;;;;;;;;;
;;;;;;;;;;;;;Jalan Permai 2C;82,28;;-0.00795231218418256, 109.30003890422562;;;;;;;;;;;;;;;;;;;;
;;;;;;;;;;455,94;;-0.006833389297993113, 109.30437904277647;;;;;;;;;;;;;;;;;;;;;;;;
;;;;;;;;;Jalan Mat Sainin;462,18;;-0.0070296957075030005, 109.30487751514136;;;;;;;;;;;;;;;;;;;;;;;;
;;;;;Jalan Komplek Yuka;574,01;Ujung 1;-0.00600028951742946, 109.29862900806499;Gang Alpokat Indah 1B;156,96;;-0.006793345581568856, 109.29716651170963;;;;;;;;;;;;;;;;;;;;;;;;
;;;;;;;Ujung 2;-0.0025810602815002186, 109.29901150432406;Gang Alpokat Indah 1A;170,56;;-0.006360966770632944, 109.29732773935358;;;;;;;;;;;;;;;;;;;;;;;;
;;;;;;;;;Gang Alpokat Indah 2B;198,21;;-0.005493675731426529, 109.3003659693202;;;;;;;;;;;;;;;;;;;;;;;;
;;;;;;;;;Gang Alpokat Indah 3;187,5;;-0.005845552338097861, 109.29707853183332;;;;;;;;;;;;;;;;;;;;;;;;
;;;;;;;;;Gang Alpokat Indah 4;194,45;;-0.005222447337611261, 109.29966253901269;;;;;;;;;;;;;;;;;;;;;;;;
;;;;;;;;;Gang Alpokat Indah 5;164,51;;-0.0050855240347208175, 109.29925759902429;;;;;;;;;;;;;;;;;;;;;;;;
;;;;;;;;;Gang Alpokat Indah;188,48;;-0.00509691550846467, 109.29831764686517;Jalan Jalur 1;220,83;;-0.0031716054561590876, 109.29846502620533;;;;;;;;;;;;;;;;;;;;
;;;;;;;;;;;;;Jalan Jalur 2;235,1;;-0.00330463131654103, 109.29813365518143;;;;;;;;;;;;;;;;;;;;
;;;;;;;;;;;;;Jalan Jalur 3;339,06;;-0.002587403093640952, 109.29785156674974;;;;;;;;;;;;;;;;;;;;
;;;;;;;;;;;;;Jalan Jalur 4;355,29;;-0.00272080191886695, 109.29740769917402;;;;;;;;;;;;;;;;;;;;
;;;;;;;;;;;;;Jalan Jalur 5;372,71;;-0.004130912484123211, 109.2971448344698;;;;;;;;;;;;;;;;;;;;
;;;;;;;;;Gang Alpokat Indah 6;90,9;;-0.004693045122129298, 109.29959371389548;;;;;;;;;;;;;;;;;;;;;;;;
;;;;;;;;;Komplek Alpukat Lestari Permai Blok A-B;189,62;;-0.004372630835513039, 109.29989934286016;;;;;;;;;;;;;;;;;;;;;;;;
;;;;;;;;;Komplek Alpukat Lestari Permai Blok C-D;166,17;;-0.004027837713277274, 109.30002476480219;;;;;;;;;;;;;;;;;;;;;;;;
;;;;;;;;;Komplek Alpukat Lestari Permai Blok D;59,92;;-0.0036594049721169063, 109.29993083508018;;;;;;;;;;;;;;;;;;;;;;;;
;;;;;;;;;Komplek Alpukat Lestari Permai Blok E;78,66;;-0.004669552725381345, 109.30022511478549;;;;;;;;;;;;;;;;;;;;;;;;
;;;;;;;;;Jalan Komplek Uk;158;;-0.0027920022168433046, 109.29938274110383;;;;;;;;;;;;;;;;;;;;;;;;
;;;;;;;;;Jalan Alpukat Permai Jalur 6;112,03;;-0.002391751827977293, 109.29973072007829;;;;;;;;;;;;;;;;;;;;;;;;
;;;;;Jalan BTN Permai;219,62;;-0.008569936151656254, 109.29847852622227;Jalan Permai 4;155,1;;-0.007829042272971284, 109.29877196847995;;;;;;;;;;;;;;;;;;;;;;;;
;;;;;;;;;Gang Goa 9;212,41;;-0.00801354277344227, 109.29968972793719;Gang Goa 6;96,82;;-0.008793205464771595, 109.29903525786963;Gang Goa 8;85,27;;-0.008387756397652303, 109.29939316019583;;;;;;;;;;;;;;;;
;;;;;;;;;;;;;;;;;Gang Goa 7;206,46;;-0.008494256365161025, 109.30032705838373;Gang Goa 5;54,94;;-0.00842696249941648, 109.29970578522429;;;;;;;;;;;;
;;;;;;;;;;;;;;;;;;;;;Gang Goa 4;92,09;;-0.00804006495955712, 109.2998976561283;;;;;;;;;;;;
;;;;;;;;;;;;;;;;;;;;;Gang Goa 3;53,81;;-0.0080125478466902, 109.30017495158673;;;;;;;;;;;;
;;;;;;;;;;;;;;;;;;;;;Gang Goa 2;47,26;;-0.008015829979548025, 109.30043786252077;;;;;;;;;;;;
;;;;;;;;;;;;;;;;;;;;;Gang Goa 1;35,73;;-0.00851106760074551, 109.30085491935439;;;;;;;;;;;;
;;;;;Jalan Karet;1940;Ujung 1;-0.009334571174886706, 109.29693617252401;Jalan Permai VII;133,54;;-0.007870482861684314, 109.2978841700043;;;;;;;;;;;;;;;;;;;;;;;;
;;;;;;;Tengah 1;-0.011744150950244454, 109.29791423735814;Jalan Permai VI;155,38;;-0.00837775252213233, 109.29704506807128;;;;;;;;;;;;;;;;;;;;;;;;
;;;;;;;Tengah 2;-0.014761657253134709, 109.29828656929983;Komplek Kartika Indah;145,23;;-0.008660150504197205, 109.29817525503167;;;;;;;;;;;;;;;;;;;;;;;;
;;;;;;;Tengah 3;-0.02078635281596892, 109.2967122138992;Gang Karet Karya;188,98;;-0.008968490591046074, 109.29797004837302;;;;;;;;;;;;;;;;;;;;;;;;
;;;;;;;Ujung 2;-0.02357043652686097, 109.2959532555323;Jalan Komplek Sejahtera 2;131,08;;-0.009485138095891668, 109.29669172370556;;;;;;;;;;;;;;;;;;;;;;;;
;;;;;;;;;Jalan Lavista A;197,19;;-0.009340435200905354, 109.29839010088018;Jalan Matan Berdikari;272,62;;-0.010827484528307958, 109.29938306952494;Jalan Matan 11;181,79;;-0.010799378341982373, 109.29903745642439;Jalan Matan 12;124,28;;-0.010234122540851938, 109.29891489289463;;;;;;;;;;;;
;;;;;;;;;;;;;;;;;Jalan M. Nawawi Hasan 3;166,42;;-0.01044256080326787, 109.30065152205599;Gang Matan 9;102,74;;-0.011038785506787425, 109.30002376106935;;;;;;;;;;;;
;;;;;;;;;;;;;;;;;;;;;Gang Matan 8;97,45;;-0.010994121144591031, 109.30036741862357;;;;;;;;;;;;
;;;;;;;;;;;;;;;;;;;;;Gang Matan 7;57,37;;-0.01091345574403019, 109.30065045968139;;;;;;;;;;;;
;;;;;;;;;Jalan Komplek Patra Permai;307,07;;-0.010558082965257079, 109.29503149026836;;;;;;;;;;;;;;;;;;;;;;;;
;;;;;;;;;Jalan Lavista B;187,95;;-0.009772864137230379, 109.29821181413507;;;;;;;;;;;;;;;;;;;;;;;;
;;;;;;;;;Gang Surya Kencana 3;365,05;;-0.010221581161060941, 109.29675775061949;;;;;;;;;;;;;;;;;;;;;;;;
;;;;;;;;;Gang Eka Sapta;428,08;;-0.011014056810407404, 109.29400145771945;;;;;;;;;;;;;;;;;;;;;;;;
;;;;;;;;;Gang Nilam Sari;125,61;;-0.010307909201126442, 109.29852465072868;;;;;;;;;;;;;;;;;;;;;;;;
;;;;;;;;;Gang Karet Extra;137,42;;-0.010820438665953995, 109.29804301158659;;;;;;;;;;;;;;;;;;;;;;;;
;;;;;;;;;Gang Surya Kencana 1;416,28;;-0.011306630585191341, 109.29666704846106;;;;;;;;;;;;;;;;;;;;;;;;
;;;;;;;;;Gang Matan X;193,51;;-0.011128949433516791, 109.29919266923027;;;;;;;;;;;;;;;;;;;;;;;;
;;;;;;;;;Gang Karet Lestari;630,66;Ujung 1;-0.01151443959696204, 109.29979384022371;;;;;;;;;;;;;;;;;;;;;;;;
;;;;;;;;;;;Ujung 2;-0.011272333649655011, 109.30149739207303;;;;;;;;;;;;;;;;;;;;;;;;
;;;;;;;;;Jalan Komplek Nuansa Alam;395,33;;-0.013215810607083784, 109.29466756210095;;;;;;;;;;;;;;;;;;;;;;;;
;;;;;;;;;Gang Karet Sederhana;262,67;;-0.011961799510526235, 109.29959251824785;;;;;;;;;;;;;;;;;;;;;;;;
;;;;;;;;;Jalan Komplek Karet Mulia;388,24;;-0.013551734459623035, 109.29483284092971;;;;;;;;;;;;;;;;;;;;;;;;
;;;;;;;;;Gang Karet Permai;270,43;;-0.012299575162863455, 109.2999150282843;;;;;;;;;;;;;;;;;;;;;;;;
;;;;;;;;;Gang Mustaqim 2;332,63;;-0.013603109017821307, 109.29524897121115;;;;;;;;;;;;;;;;;;;;;;;;
;;;;;;;;;Gang Karet Damai;137,52;;-0.012696824499641005, 109.29931625505141;;;;;;;;;;;;;;;;;;;;;;;;
;;;;;;;;;Gang Mustaqim 1;426,21;;-0.013491392481413778, 109.29634783096819;;;;;;;;;;;;;;;;;;;;;;;;
;;;;;;;;;Gang Karet Indah;444,5;;-0.013158772631391731, 109.30120480363337;;;;;;;;;;;;;;;;;;;;;;;;
;;;;;;;;;Jalan Nipah Kuning Dalam;3390;Ujung 1;-0.01452241995072503, 109.29495028235108;Gang H. Agus Salim;63,3;;-0.015473555734896359, 109.29417571248068;;;;;;;;;;;;;;;;;;;;
;;;;;;;;;;;Tengah ;-0.020188431676615475, 109.28200072446272;Komplek RH Residence 1;178,26;;-0.01700917648571366, 109.29325257695963;;;;;;;;;;;;;;;;;;;;
;;;;;;;;;;;Ujung 2;-0.02720660945435754, 109.27625078968458;Gang Famili;105,38;;-0.014711964867560136, 109.29214701470411;;;;;;;;;;;;;;;;;;;;
;;;;;;;;;;;;;Perumahan Saka Residence;265,44;;-0.01716511915545835, 109.29194620116579;;;;;;;;;;;;;;;;;;;;
;;;;;;;;;;;;;Komplek Alexa Palm Kencana 9;252,42;;-0.01833544932540013, 109.29180353365753;;;;;;;;;;;;;;;;;;;;
;;;;;;;;;;;;;Gang Berdikari 2;768,34;Ujung 1;-0.019799299425018378, 109.29155095254592;;;;;;;;;;;;;;;;;;;;
;;;;;;;;;;;;;;;Ujung 2;-0.02122668703005111, 109.29200125543514;;;;;;;;;;;;;;;;;;;;
;;;;;;;;;;;;;Perumahan Grand Amy;361,11;;-0.01971909341216034, 109.29100056740423;;;;;;;;;;;;;;;;;;;;
;;;;;;;;;;;;;Komplek Alexa Palm Kencana 6;396,91;;-0.019992748694943975, 109.29022396105077;;;;;;;;;;;;;;;;;;;;
;;;;;;;;;;;;;Rusunawa Nipah Kuning Dalam;203,13;;-0.0184275667313218, 109.28930575454127;;;;;;;;;;;;;;;;;;;;
;;;;;;;;;;;;;Gang Jamur;169,34;;-0.018856237712638547, 109.28879969081386;;;;;;;;;;;;;;;;;;;;
;;;;;;;;;;;;;Komplek Pondok Indah Riyadi;346,8;;-0.016683790229280595, 109.28773202730902;;;;;;;;;;;;;;;;;;;;
;;;;;;;;;;;;;Gang Nurudin Wahab;389,47;;-0.02137378252908938, 109.28621127446652;;;;;;;;;;;;;;;;;;;;
;;;;;;;;;;;;;Gang Tanggul Permai;509,03;Ujung 1;-0.0221223565451085, 109.28642540346276;;;;;;;;;;;;;;;;;;;;
;;;;;;;;;;;;;;;Ujung 2;-0.024247705480740307, 109.28793150790229;;;;;;;;;;;;;;;;;;;;
;;;;;;;;;;;;;Jalan Pembangunan;180,53;;-0.017831659614354855, 109.28550051880718;Gang Berkah;350,08;;-0.013338495324018996, 109.28893772740459;;;;;;;;;;;;;;;;
;;;;;;;;;;;;;;;;;Gang Harapan Jaya 2;210,5;;-0.011637304659451744, 109.28756705409498;Komplek Wijaya Residence;441,74;;-0.012467341623476076, 109.28638984466399;;;;;;;;;;;;
;;;;;;;;;;;;;Jalan Tanggul;904,09;Ujung 1;-0.0229096615076146, 109.2867449282387;Gang Manggala;295,77;;-0.02103136341287924, 109.28342508323068;;;;;;;;;;;;;;;;
;;;;;;;;;;;;;;;Ujung 2;-0.024521097608538874, 109.28787834030504;Gang Nurul Hidayah;456,71;;-0.022481307448330812, 109.28454239843494;Gang Hidayah 1;389,41;;-0.02548439703416618, 109.2851294593763;;;;;;;;;;;;
;;;;;;;;;;;;;;;;;;;;;Gang Hidayah 2;135,79;;-0.02426655302329311, 109.28394671269214;;;;;;;;;;;;
;;;;;;;;;;;;;;;;;;;;;Gang Hidayah 3;58,39;;-0.02401278717814672, 109.28307611199095;;;;;;;;;;;;
;;;;;;;;;;;;;;;;;Jalan Tanggul Dalam 1;827;Ujung 1;-0.02550973358184704, 109.2891450797816;Gang Karya Bhakti;558,95;Ujung 1;-0.025856491220206963, 109.28769203061226;;;;;;;;;;;;
;;;;;;;;;;;;;;;;;;;Ujung 2;-0.026666936269253563, 109.28783224490553;;;Ujung 2;-0.02287820077073787, 109.28559902415358;;;;;;;;;;;;
;;;;;;;;;;;;;;;;;;;;;Gang Madrasah 1;808,32;Ujung 1;-0.027152239897213423, 109.28685139182934;;;;;;;;;;;;
;;;;;;;;;;;;;;;;;;;;;;;Ujung 2;-0.026890835697285342, 109.28434655526503;;;;;;;;;;;;
;;;;;;;;;;;;;;;;;;;;;Komplek Fadilah Residence 1;178,04;;-0.02788275737595213, 109.28605456646245;;;;;;;;;;;;
;;;;;;;;;Gang Karet Makmur;413,33;;-0.01354851524972675, 109.30027097681038;;;;;;;;;;;;;;;;;;;;;;;;
;;;;;;;;;Gang Karet Mandiri;146,17;;-0.013954626440165074, 109.29952199722932;;;;;;;;;;;;;;;;;;;;;;;;
;;;;;;;;;Komplek Surya Kencana 5;1155;Ujung 1;-0.014436388156937001, 109.29973185378951;;;;;;;;;;;;;;;;;;;;;;;;
;;;;;;;;;;;Tengah ;-0.014537032361788025, 109.3010390926969;;;;;;;;;;;;;;;;;;;;;;;;
;;;;;;;;;;;Ujung 2;-0.015309577621005944, 109.30172718792713;;;;;;;;;;;;;;;;;;;;;;;;
;;;;;;;;;Gang Karet Baru;395,86;;-0.015340606760352732, 109.30088344236493;;;;;;;;;;;;;;;;;;;;;;;;
;;;;;;;;;Gang Pemancingan B;112,76;;-0.01585416275244789, 109.29941819530535;;;;;;;;;;;;;;;;;;;;;;;;
;;;;;;;;;Gang Pemancingan 1;724,57;Ujung 1;-0.01628318829903625, 109.30101138275266;;;;;;;;;;;;;;;;;;;;;;;;
;;;;;;;;;;;Ujung 2;-0.016859127718057296, 109.30198925583507;;;;;;;;;;;;;;;;;;;;;;;;
;;;;;;;;;Komplek Intan Permata;381,34;;-0.017270061267348376, 109.30192028661301;;;;;;;;;;;;;;;;;;;;;;;;
;;;;;;;;;Gang Karet Mutiara;142,31;;-0.01649747712472992, 109.29725512535941;;;;;;;;;;;;;;;;;;;;;;;;
;;;;;;;;;Komplek Villa Anugrah Indah ;544,75;Ujung 1;-0.017119246170346006, 109.29948901215144;;;;;;;;;;;;;;;;;;;;;;;;
;;;;;;;;;;;Ujung 2;-0.01847354252908556, 109.30232629174296;;;;;;;;;;;;;;;;;;;;;;;;
;;;;;;;;;Komplek Karet Permai Khatulistiwa;421,99;;-0.018181498722520305, 109.30195768771982;;;;;;;;;;;;;;;;;;;;;;;;
;;;;;;;;;Gang Karet Merdeka;399,56;;-0.017097021747903472, 109.29491132554828;;;;;;;;;;;;;;;;;;;;;;;;
;;;;;;;;;Komplek Didis Permai;500,54;Ujung 1;-0.0176935832443403, 109.29885773628389;;;;;;;;;;;;;;;;;;;;;;;;
;;;;;;;;;;;Ujung 2;-0.018170146836339073, 109.30043759182063;;;;;;;;;;;;;;;;;;;;;;;;
;;;;;;;;;Gang Karet Bakti;398,63;;-0.017595040734756123, 109.29456793021964;;;;;;;;;;;;;;;;;;;;;;;;
;;;;;;;;;Komplek Karet Indah;468,47;;-0.018157107821377562, 109.29915854466648;;;;;;;;;;;;;;;;;;;;;;;;
;;;;;;;;;Gang Karet Jaya;276,94;;-0.01793197546994884, 109.29564551656097;;;;;;;;;;;;;;;;;;;;;;;;
;;;;;;;;;Gang Karet Cemerlang;454,5;;-0.01914698965100678, 109.30070786186974;;;;;;;;;;;;;;;;;;;;;;;;
;;;;;;;;;Gang Alam Jaya;422,31;;-0.018299682546427026, 109.29718152909153;;;;;;;;;;;;;;;;;;;;;;;;
;;;;;;;;;Gang Karet Sejati;432,68;;-0.01954369687787448, 109.30068411133514;;;;;;;;;;;;;;;;;;;;;;;;
;;;;;;;;;Gang Alam Jaya 2;413,5;;-0.018820994244919568, 109.29451629783874;;;;;;;;;;;;;;;;;;;;;;;;
;;;;;;;;;Perumahan Permata Indah Karet;376,19;;-0.019862688430221296, 109.29401086861175;;;;;;;;;;;;;;;;;;;;;;;;
;;;;;;;;;Komplek Karet Emperio Residence;383,57;;-0.02023811724670664, 109.29376543206313;;;;;;;;;;;;;;;;;;;;;;;;
;;;;;;;;;Gang Pantura;358,92;;-0.02035125116012092, 109.29430647473978;;;;;;;;;;;;;;;;;;;;;;;;
;;;;;;;;;Gang Angin Timur;556,01;Ujung 1;-0.02039401984492279, 109.29613432213769;;;;;;;;;;;;;;;;;;;;;;;;
;;;;;;;;;;;Ujung 2;-0.020757910755066694, 109.29334254364156;;;;;;;;;;;;;;;;;;;;;;;;
;;;;;;;;;Gang Hikmah;295,19;;-0.021061008783886153, 109.29415504621443;;;;;;;;;;;;;;;;;;;;;;;;
;;;;;;;;;Gang Karet Sempurna;375,29;;-0.021973361314028265, 109.29455527365052;;;;;;;;;;;;;;;;;;;;;;;;
;;;;;;;;;Gang Fajar Kencana;273,32;;-0.021972169187517168, 109.29713933249855;;;;;;;;;;;;;;;;;;;;;;;;
;;;;;;;;;Jalan Segar Alam;344,57;;-0.02258406002515813, 109.2934585970747;;;;;;;;;;;;;;;;;;;;;;;;
;;;;;;;;;Gang Tunas Baru;238,75;;-0.022174635055164788, 109.29664111582198;;;;;;;;;;;;;;;;;;;;;;;;
;;;;;;;;;Gang Berlian;196,8;;-0.022979883890760767, 109.29755922589138;;;;;;;;;;;;;;;;;;;;;;;;
;;;;;;;;;Gang Daslan;143,56;;-0.022876425567436794, 109.29509402416105;;;;;;;;;;;;;;;;;;;;;;;;
;;;;;Gang Dewi Sartika;193,92;;-0.006879345526236471, 109.29583309918941;;;;;;;;;;;;;;;;;;;;;;;;;;;;
;;;;;Gang Dwikora;239,8;;-0.00612042692939251, 109.29556215089977;;;;;;;;;;;;;;;;;;;;;;;;;;;;
;;;;;Gang Tritura;441,78;;-0.004158830304540452, 109.29389473473582;;;;;;;;;;;;;;;;;;;;;;;;;;;;
;;;;;Jalan Komplek Catur Warga;292,58;;-0.009918980191858825, 109.29351065437277;Komplek Warga Sejahtera Blok A-B;123,91;;-0.008590341688512661, 109.29324030867048;;;;;;;;;;;;;;;;;;;;;;;;
;;;;;;;;;Komplek Warga Sejahtera Blok C-D;124,31;;-0.008981373790175743, 109.29280597784025;;;;;;;;;;;;;;;;;;;;;;;;
;;;;;;;;;Komplek Warga Sejahtera Blok D-E;151,19;;-0.008323040507070492, 109.291365905262;;;;;;;;;;;;;;;;;;;;;;;;
;;;;;;;;;Komplek Warga Sejahtera Blok F-G;148,13;;-0.008668662335906952, 109.29183049739207;;;;;;;;;;;;;;;;;;;;;;;;
;;;;;;;;;Komplek Warga Sejahtera Blok H-I;147,46;;-0.008982079378738775, 109.29222356393097;;;;;;;;;;;;;;;;;;;;;;;;
;;;;;;;;;Komplek Warga Sejahtera Blok J-K;440,06;;-0.008426894571330537, 109.28747664385942;;;;;;;;;;;;;;;;;;;;;;;;
;;;;;;;;;Komplek Warga Sejahtera Blok L-M;452,05;;-0.00882069380945781, 109.28768556610906;;;;;;;;;;;;;;;;;;;;;;;;
;;;;;Gang Melati 2;324,22;;-0.007998141681952413, 109.29251935053036;;;;;;;;;;;;;;;;;;;;;;;;;;;;
;;;;;Gang Melati Dalam;76,88;;-0.009932442442290357, 109.29170013280302;;;;;;;;;;;;;;;;;;;;;;;;;;;;
;;;;;Gang Tri Dharma;730,29;Ujung 1;-0.005624151207130655, 109.29235845337938;Gang Karya Tani III;318,47;;-0.0011712930360538282, 109.29064169050984;;;;;;;;;;;;;;;;;;;;;;;;
;;;;;;;Ujung 2;-0.0015346193451226766, 109.2925574211275;;;;;;;;;;;;;;;;;;;;;;;;;;;;
;;;;;Gang Melati Indah;145,27;;-0.007715596308658043, 109.29213046942556;;;;;;;;;;;;;;;;;;;;;;;;;;;;
;;;;;Gang Kayong Indah;152,58;;-0.008142976422558382, 109.29179179033753;;;;;;;;;;;;;;;;;;;;;;;;;;;;
;;;;;Gang Sadpraja;374,8;;-0.0050037530800318645, 109.29191482410128;;;;;;;;;;;;;;;;;;;;;;;;;;;;
;;;;;Gang Kemuning;372,87;;-0.006599245576987263, 109.29151020496627;;;;;;;;;;;;;;;;;;;;;;;;;;;;
;;;;;Gang Sapta Pesona;160,36;;-0.007779405247368162, 109.2915033643107;;;;;;;;;;;;;;;;;;;;;;;;;;;;
;;;;;Gang Rahmat;373,05;;-0.005927468965677113, 109.29113544679788;;;;;;;;;;;;;;;;;;;;;;;;;;;;
;;;;;Gang Sapta Marga;796,65;Ujung 1;-0.007466086378641358, 109.29109929610577;Jalan Jalur 1;85,48;;-0.007738025039043094, 109.29031807731111;;;;;;;;;;;;;;;;;;;;;;;;
;;;;;;;Ujung 2;-0.010510333666692276, 109.2909753150301;Jalan Jalur 2;163,03;;-0.008137373789930064, 109.28974477297815;;;;;;;;;;;;;;;;;;;;;;;;
;;;;;;;;;Gang Sapta Marga 2;59,39;;-0.009397274594276703, 109.29068196463022;;;;;;;;;;;;;;;;;;;;;;;;
;;;;;;;;;Komplek Dalisa Permai Blok A-B;395,16;;-0.009226803364149584, 109.28868000771239;;;;;;;;;;;;;;;;;;;;;;;;
;;;;;;;;;Gang Sapta Marga 3;57,97;;-0.009762243685295689, 109.29059083603815;;;;;;;;;;;;;;;;;;;;;;;;
;;;;;;;;;Komplek Dalisa Permai Blok C-D;397,61;;-0.009473063861456233, 109.28747407323463;;;;;;;;;;;;;;;;;;;;;;;;
;;;;;;;;;Gang Sapta Marga IV;488,66;;-0.009862414488054869, 109.28720051431286;;;;;;;;;;;;;;;;;;;;;;;;
;;;;;;;;;Gang Sapta Marga V;500,29;Ujung 1;-0.010610644506627862, 109.28963634464729;;;;;;;;;;;;;;;;;;;;;;;;
;;;;;;;;;;;Ujung 2;-0.010094571077335331, 109.28671040928168;;;;;;;;;;;;;;;;;;;;;;;;
;;;;;;;;;Gang Sapta Marga 6;513,02;Ujung 1;-0.011074449035795573, 109.29061714690216;;;;;;;;;;;;;;;;;;;;;;;;
;;;;;;;;;;;Ujung 2;-0.01091883166233165, 109.28903855881316;;;;;;;;;;;;;;;;;;;;;;;;
;;;;;;;;;Gang Sapta Marga 7;550,16;Ujung 1;-0.011426718026098513, 109.2903915619155;;;;;;;;;;;;;;;;;;;;;;;;
;;;;;;;;;;;Ujung 2;-0.011364241890405552, 109.28645513460525;;;;;;;;;;;;;;;;;;;;;;;;
;;;;;Gang Fajar Harapan;374,12;;-0.0046205727921085835, 109.29087806473035;;;;;;;;;;;;;;;;;;;;;;;;;;;;
;;;;;Gang Fajar Karya 1;381,9;;-0.006028874223766481, 109.29041179977789;Gang Fajar Karya II;298,37;;-0.00486835069145716, 109.29027975393747;;;;;;;;;;;;;;;;;;;;;;;;
;;;;;Gang Aulia;136,88;;-0.0076308941599017065, 109.29000911050147;;;;;;;;;;;;;;;;;;;;;;;;;;;;
;;;;;Gang Formula;372,24;;-0.0035940376269923513, 109.28991915611604;;;;;;;;;;;;;;;;;;;;;;;;;;;;
;;;;;Gang Lembayu;370,12;;-0.005173728387717165, 109.2895406763001;;;;;;;;;;;;;;;;;;;;;;;;;;;;
;;;;;Gang Sederhana;367,17;;-0.004433123145209203, 109.28922220032672;;;;;;;;;;;;;;;;;;;;;;;;;;;;
;Jalan Pembangunan Nipah Kuning;272,46;;-0.005545193139276653, 109.28703731531981;Gang Okta Mulya 1;80,46;;-0.006762631969111076, 109.28857376298244;;;;;;;;;;;;;;;;;;;;;;;;;;;;
;;;;;Jalan Pelabuhan Rakyat;619,27;Ujung 1;-0.00352696789133582, 109.28877120263918;Gang Karya Tani 2;405,98;;-0.0032893396794513685, 109.29066450989711;Jalur 1 A;219,69;;-0.0011158696664013766, 109.28971539507391;;;;;;;;;;;;;;;;;;;;
;;;;;;;Ujung 2;-0.0013651839820001536, 109.28904154886915;;;;;Jalur 1 B;238,92;;-0.0012337690514073229, 109.28994964464952;;;;;;;;;;;;;;;;;;;;
;;;;;;;;;;;;;Jalur 2;165,51;;-0.001731857416831521, 109.29060377732577;;;;;;;;;;;;;;;;;;;;
;;;;;;;;;;;;;Jalur 3;227,01;;-0.002542043623572535, 109.29092894021095;;;;;;;;;;;;;;;;;;;;
;;;;;;;;;;;;;Jalur 4;224,8;;-0.0031181912167165906, 109.29130730899023;;;;;;;;;;;;;;;;;;;;
;;;;;;;;;;;;;Jalur 5;219,86;;-0.001682725699665196, 109.29169045676511;;;;;;;;;;;;;;;;;;;;
;;;;;;;;;;;;;Jalur 6;213,38;;-0.001987960388161614, 109.29203950170745;;;;;;;;;;;;;;;;;;;;
;;;;;;;;;Gang Karya Tani I;245,16;;-0.002374307883097915, 109.2878456986342;Gang Delta;222,61;;-0.0018412549796895255, 109.28836765060058;;;;;;;;;;;;;;;;;;;;
;;;;;Gang Okta Mulia 2;277,32;;-0.008218859302342297, 109.28811711327707;;;;;;;;;;;;;;;;;;;;;;;;;;;;
;;;;;Gang Famili;367,66;;-0.00301963021683783, 109.28826516482086;;;;;;;;;;;;;;;;;;;;;;;;;;;;
;;;;;Gang Putri Arung;376,33;;-0.003102832887619036, 109.28797114735795;;;;;;;;;;;;;;;;;;;;;;;;;;;;
;;;;;Gang Okta Mulya 3;152,59;;-0.006403826012149539, 109.28733210362296;;;;;;;;;;;;;;;;;;;;;;;;;;;;
;;;;;Gang Prisca Krig;368,71;;-0.003919371116967307, 109.28761199960994;;;;;;;;;;;;;;;;;;;;;;;;;;;;
;;;;;Gang Ilham;381,44;;-0.003225981130502193, 109.28722088921597;;;;;;;;;;;;;;;;;;;;;;;;;;;;
;;;;;Gang Dasasila;787,74;Ujung 1;-0.00444824240288885, 109.28681111979719;;;;;;;;;;;;;;;;;;;;;;;;;;;;
;;;;;;;Ujung 2;0.0009442170709027573, 109.28724768796404;;;;;;;;;;;;;;;;;;;;;;;;;;;;
"Pontianak
Tenggara";Jalan Jenderal Ahmad Yani ;2590;Ujung 1;-0.05219770018779763, 109.3467861562218;Jalan Media;1070;Ujung 1;-0.0507477034161541, 109.34754250256316;Gang Keluarga Media;132,7;;-0.05112045931098587, 109.34842061045258;;;;;;;;;;;;;;;;;;;;;;;;
;;;Tengah 1;-0.05945860894065679, 109.35279107813267;;;Tengah 1;-0.04985673706073684, 109.34811492339182;Gang Media Sari 3;75,27;;-0.048706365384164826, 109.3492384427068;;;;;;;;;;;;;;;;;;;;;;;;
;;;Tengah 2;-0.062022254329520035, 109.35508382381802;;;Tengah 2;-0.047790438415200275, 109.34943719454702;Gang Media Sari 4;109,34;;-0.0485255361987896, 109.34974635780716;;;;;;;;;;;;;;;;;;;;;;;;
;;;Tengah 3;-0.06558985684839966, 109.35813052799628;;;Tengah 3;-0.046070389729068545, 109.35098297975397;Gang H.D. Usman;68,82;;-0.047480712811851455, 109.3503543467825;;;;;;;;;;;;;;;;;;;;;;;;
;;;Ujung 2;-0.06600565783927767, 109.35850460250758;;;Ujung 2;-0.04502835891476261, 109.35198089411931;;;;;;;;;;;;;;;;;;;;;;;;;;;;
;;;;;Jalan Perdana;3200;Ujung 1;-0.05322920882217137, 109.34543302791357;Gang H. Samad;101,57;;-0.055895541581542016, 109.3443396746869;;;;;;;;;;;;;;;;;;;;;;;;
;;;;;;;Tengah 1;-0.056189045558688484, 109.34284550987098;Gang Mufakat;758,68;Ujung 1;-0.060074624773743604, 109.34012162292983;;;;;;;;;;;;;;;;;;;;;;;;
;;;;;;;Tengah 2;-0.05842292015278008, 109.34091938549874;;;Ujung 2;-0.05954965268536064, 109.34132221202991;;;;;;;;;;;;;;;;;;;;;;;;
;;;;;;;Tengah 3;-0.05995360814946002, 109.33958105017403;Gang Mufakat 4;27,68;;-0.060645799480040605, 109.33931396673522;;;;;;;;;;;;;;;;;;;;;;;;
;;;;;;;Tengah 4;-0.06250670144517251, 109.3373060697717;Gang Anugrah Perdana;160,51;;-0.062189787039859064, 109.33953980974225;;;;;;;;;;;;;;;;;;;;;;;;
;;;;;;;Tengah 5;-0.06288028292164638, 109.33698521730489;Gang Citra Perdana;727,51;Ujung 1;-0.06289233545665844, 109.3396838225268;;;;;;;;;;;;;;;;;;;;;;;;
;;;;;;;Ujung 2;-0.0638864107241406, 109.33612708396963;;;Ujung 2;-0.06450781375294883, 109.34048630644874;;;;;;;;;;;;;;;;;;;;;;;;
;;;;;;;;;Gang Arahman;87,6;;-0.06225827384106971, 109.33851021844704;;;;;;;;;;;;;;;;;;;;;;;;
;;;;;;;;;Jalan Reformasi;961,7;Ujung 1;-0.06380822485444299, 109.33796123714694;Gang Manajemen;129,65;;-0.06277346296863259, 109.33850121298573;;;;;;;;;;;;;;;;;;;;
;;;;;;;;;;;Ujung 2;-0.06697217177682938, 109.3414287647841;Gang Pertanian;207,43;;-0.06436424055968872, 109.33717567594616;;;;;;;;;;;;;;;;;;;;
;;;;;;;;;;;;;Gang Teknik;398,07;;-0.0656887149867651, 109.33801775987814;;;;;;;;;;;;;;;;;;;;
;;;;;;;;;;;;;Gang Matematika;130,42;;-0.06475536305249956, 109.34032199962161;;;;;;;;;;;;;;;;;;;;
;;;;;;;;;;;;;Gang Sosiologi;246,45;;-0.06484220633962458, 109.33839536338361;;;;;;;;;;;;;;;;;;;;
;;;;;;;;;;;;;Gang Pendidikan;400,67;;-0.06633066288573666, 109.33964536267152;;;;;;;;;;;;;;;;;;;;
;;;;;;;;;;;;;Gang Sospol;309,92;;-0.06792543251511689, 109.34128976033612;Jalur 1;162,22;;-0.06844376398103752, 109.34231586907832;;;;;;;;;;;;;;;;
;;;;;;;;;;;;;;;;;Jalur 4;84,63;;-0.0690159609396822, 109.34097200291212;;;;;;;;;;;;;;;;
;;;;;;;;;Gang Repormasi;57,51;;-0.0633851441447069, 109.33723318835186;;;;;;;;;;;;;;;;;;;;;;;;
;;;;;;;;;Gang Wasidik;723,61;Ujung 1;-0.06505684510594885, 109.33577047845168;;;;;;;;;;;;;;;;;;;;;;;;
;;;;;;;;;;;Ujung 2;-0.0690227317587738, 109.33947859709413;;;;;;;;;;;;;;;;;;;;;;;;
;;;;;;;;;Gang Ilalang;116,2;;-0.06579686990208733, 109.33590121209441;;;;;;;;;;;;;;;;;;;;;;;;
;;;;;;;;;Komplek Perdana Oriental Residence;295,13;;-0.07039434288646707, 109.33367194331369;;;;;;;;;;;;;;;;;;;;;;;;
;;;;;Jalan Tanjung Sari;1080;Ujung 1;-0.05155499419079374, 109.34846391661316;Gang Tj. Sari 2;66,52;;-0.049096485253841055, 109.34976754874992;;;;;;;;;;;;;;;;;;;;;;;;
;;;;;;;Tengah 1;-0.050668884437645764, 109.34908057687318;Gang Harapan Sari;453,99;;-0.046362082318684765, 109.35145068265187;;;;;;;;;;;;;;;;;;;;;;;;
;;;;;;;Tengah 2;-0.048671047102675294, 109.35047182750787;Gang Tj. Harapan 1;310,82;;-0.04633264748053838, 109.35197252604955;;;;;;;;;;;;;;;;;;;;;;;;
;;;;;;;Tengah 3;-0.047614114285754336, 109.35169586042888;Jalan Tj. Permai;188,28;;-0.04847833308855991, 109.35283810829394;;;;;;;;;;;;;;;;;;;;;;;;
;;;;;;;Ujung 2;-0.04574292292430421, 109.35325487912984;Gang Tj. Sari B;94,84;;-0.04579376042892396, 109.35237208825419;;;;;;;;;;;;;;;;;;;;;;;;
;;;;;;;;;Jalan Tj. Sari Kiri;192,74;;-0.046892834568525874, 109.35271528477433;;;;;;;;;;;;;;;;;;;;;;;;
;;;;;Jalan Daya Nasional;1020;Ujung 1;-0.053706530612199106, 109.35068661961857;Jalan Moh. Isja;327,32;;-0.05430342899039246, 109.34955877265907;;;;;;;;;;;;;;;;;;;;;;;;
;;;;;;;Tengah 1;-0.05260502241001497, 109.35145470777289;Jalan Sekadau;483,36;;-0.053518850973703874, 109.35277213830564;;;;;;;;;;;;;;;;;;;;;;;;
;;;;;;;Tengah 2;-0.051230564730664, 109.35235942235691;Jalan Karangan;683,79;Ujung 1;-0.050128587653882166, 109.35013470906935;Jalan Manggapinoh;249,94;;-0.04987558398196192, 109.35212153995293;;;;;;;;;;;;;;;;;;;;
;;;;;;;Tengah 3;-0.05036007499059211, 109.35294170475173;;;Ujung 2;-0.048588442337282385, 109.35177305600216;Jalan Karangan Blok D;152,4;;-0.05029839721314324, 109.3510541402527;;;;;;;;;;;;;;;;;;;;
;;;;;;;Ujung 2;-0.049143080886179746, 109.35386347531254;;;;;Jalan Karangan Blok B;160,66;;-0.04966075789204796, 109.35176455520548;;;;;;;;;;;;;;;;;;;;
;;;;;;;;;;;;;Jalan Karangan Blok A;144,05;;-0.04914136926856603, 109.35176728032408;;;;;;;;;;;;;;;;;;;;
;;;;;;;;;Jalan Mempawah;161,2;;-0.052282524641323797, 109.35285223271497;;;;;;;;;;;;;;;;;;;;;;;;
;;;;;;;;;Jalan Ketapang;225,65;;-0.05036614041865858, 109.35481976856536;Jalan M. Syafei;305,45;;-0.051172955552719265, 109.35361974369614;;;;;;;;;;;;;;;;;;;;
;;;;;;;;;;;;;Gang Berkah;47,79;;-0.05084649388041997, 109.35522039016826;;;;;;;;;;;;;;;;;;;;
;;;;;;;;;Jalan Husni Thamrin;149,24;;-0.05128406746615257, 109.35451174692533;;;;;;;;;;;;;;;;;;;;;;;;
;;;;;;;;;Jalan MH. Thamrin;129,62;;-0.05204949363709337, 109.35386280430026;Jalan Silat;56,49;;-0.052490525308167106, 109.35396602010067;Jalan Silat Baru;644,79;Ujung 1;-0.05207863834567782, 109.35450946874832;;;;;;;;;;;;;;;;
;;;;;;;;;;;;;;;;;;;Ujung 2;-0.05288322305621543, 109.35391492548463;;;;;;;;;;;;;;;;
;;;;;;;;;Jalan Sintang;301,83;;-0.049451022235908255, 109.35506004373065;;;;;;;;;;;;;;;;;;;;;;;;
;;;;;Jalan Profesor Dokter H. Hadari Nawawi;2575;Ujung 1;-0.05684134888644091, 109.34834805774156;;;;;;;;;;;;;;;;;;;;;;;;;;;;
;;;;;;;Tengah 1;-0.05802845437108793, 109.34762000334364;;;;;;;;;;;;;;;;;;;;;;;;;;;;
;;;;;;;Tengah 2;-0.05872804324883111, 109.3454673938815;;;;;;;;;;;;;;;;;;;;;;;;;;;;
;;;;;;;Tengah 3;-0.06137352670829553, 109.34458143067039;;;;;;;;;;;;;;;;;;;;;;;;;;;;
;;;;;;;Ujung 2;-0.06305134061095616, 109.34653032615465;;;;;;;;;;;;;;;;;;;;;;;;;;;;
;;;;;Jalan Sepakat I;1140;Ujung 1;-0.057560812761746856, 109.35232737673533;Blok Batara;91,79;;-0.05665011814177416, 109.35189487065178;;;;;;;;;;;;;;;;;;;;;;;;
;;;;;;;Tengah 1;-0.05562931695114421, 109.35353675226142;Blok Naisyah;348,96;;-0.058318893737760454, 109.35399639311703;;;;;;;;;;;;;;;;;;;;;;;;
;;;;;;;Tengah 2;-0.05309957064590891, 109.35530038542734;Blok Teratai;68,74;;-0.0564189937471917, 109.35229331784147;;;;;;;;;;;;;;;;;;;;;;;;
;;;;;;;Tengah 3;-0.05178854637351283, 109.35664828686554;Komplek BPK RI;101,55;;-0.05615287554419658, 109.35211471529115;;;;;;;;;;;;;;;;;;;;;;;;
;;;;;;;Ujung 2;-0.050736328713869475, 109.35738816408734;Blok Melati;111,05;;-0.05730459666433335, 109.35366965147914;;;;;;;;;;;;;;;;;;;;;;;;
;;;;;;;;;Jalan Komplek Graha Citra Indah;363,11;;-0.057941331381913125, 109.35483167113122;;;;;;;;;;;;;;;;;;;;;;;;
;;;;;;;;;Blok Anggrek;76,91;;-0.055138137615726245, 109.3530133910369;;;;;;;;;;;;;;;;;;;;;;;;
;;;;;;;;;Blok M;96,56;;-0.05436151590733163, 109.35333442406626;;;;;;;;;;;;;;;;;;;;;;;;
;;;;;;;;;Gang Tunas Bakti;390,44;;-0.05658165000940172, 109.35644617180692;Blok Tunas Bakti;60,37;;-0.05497168821906689, 109.35572119637304;;;;;;;;;;;;;;;;;;;;
;;;;;;;;;Blok Kakap;99,61;;-0.05352162675977558, 109.35388593999504;;;;;;;;;;;;;;;;;;;;;;;;
;;;;;;;;;Blok Ismail;157,55;;-0.05439363335366355, 109.35509424028618;;;;;;;;;;;;;;;;;;;;;;;;
;;;;;;;;;Blok G;106,08;;-0.05278401237037316, 109.35433913662031;;;;;;;;;;;;;;;;;;;;;;;;
;;;;;;;;;Blok F;111,37;;-0.05242056162346368, 109.3545317148236;;;;;;;;;;;;;;;;;;;;;;;;
;;;;;;;;;Gang H. Hamid;165,39;;-0.05388027543330829, 109.35651081705741;;;;;;;;;;;;;;;;;;;;;;;;
;;;;;;;;;Blok E;156,05;;-0.05156402660566864, 109.35537645607874;;;;;;;;;;;;;;;;;;;;;;;;
;;;;;;;;;Blok I;366,25;;-0.05382287571023232, 109.35806393008787;;;;;;;;;;;;;;;;;;;;;;;;
;;;;;;;;;Gang Kelurahan;380,79;;-0.053530388515222974, 109.35933573122563;;;;;;;;;;;;;;;;;;;;;;;;
;;;;;;;;;Blok C;50,49;;-0.05118992065604585, 109.35648204859477;;;;;;;;;;;;;;;;;;;;;;;;
;;;;;;;;;Blok D;43,14;;-0.051077267924474666, 109.35664029892665;;;;;;;;;;;;;;;;;;;;;;;;
;;;;;;;;;Blok B;45,35;;-0.050813813333776804, 109.35679172588047;;;;;;;;;;;;;;;;;;;;;;;;
;;;;;;;;;Blok A;178,38;;-0.05164809962950071, 109.35798181124242;;;;;;;;;;;;;;;;;;;;;;;;
;;;;;Jalan Sepakat II;3470;Ujung 1;-0.060391544513279806, 109.35038288333132;Blok B;185,31;;-0.059942851535002416, 109.35230827709925;;;;;;;;;;;;;;;;;;;;;;;;
;;;;;;;Tengah 1;-0.06176957643266854, 109.34946262947638;Gang Al-Azhar;120,35;;-0.05863447289190747, 109.35055974026804;;;;;;;;;;;;;;;;;;;;;;;;
;;;;;;;Tengah 2;-0.0653169860390596, 109.34648635880211;Blok C2;57,09;;-0.05892647648772494, 109.35072714228559;;;;;;;;;;;;;;;;;;;;;;;;
;;;;;;;Tengah 3;-0.06655257954290157, 109.34529131726997;Blok C3;106,17;;-0.05911885665907835, 109.350504227462;;;;;;;;;;;;;;;;;;;;;;;;
;;;;;;;Tengah 4;-0.06896124207409997, 109.34301141547698;Blok D;144,22;;-0.06051479996901, 109.35184032395578;;;;;;;;;;;;;;;;;;;;;;;;
;;;;;;;Tengah 5;-0.07315814414888488, 109.33895040987638;Blok E1;100,98;;-0.060470890465069316, 109.35140099801629;;;;;;;;;;;;;;;;;;;;;;;;
;;;;;;;Ujung 2;-0.07913050542264692, 109.33310022789827;Blok F;118,01;;-0.05935262365395434, 109.35016712757279;;;;;;;;;;;;;;;;;;;;;;;;
;;;;;;;;;Blok E2;33,86;;-0.060116180853358785, 109.35075204749653;;;;;;;;;;;;;;;;;;;;;;;;
;;;;;;;;;Blok N;176,86;;-0.06237252079968348, 109.35096926720267;;;;;;;;;;;;;;;;;;;;;;;;
;;;;;;;;;Blok M;158,74;;-0.06096402670895364, 109.34925666007508;;;;;;;;;;;;;;;;;;;;;;;;
;;;;;;;;;Blok P;182,09;;-0.0627599899405862, 109.35078453415744;;;;;;;;;;;;;;;;;;;;;;;;
;;;;;;;;;Rusunawa Berkarakter dan Kewirausahaan Untan;;;-0.06178616983614672, 109.34878735976157;;;;;;;;;;;;;;;;;;;;;;;;
;;;;;;;;;Jalan Al Faridz Residence;387,01;;-0.06453000887400975, 109.35179657307742;;;;;;;;;;;;;;;;;;;;;;;;
;;;;;;;;;Jalan Villa Sepakat;788,61;Ujung 1;-0.06488285788592545, 109.35126108846539;;;;;;;;;;;;;;;;;;;;;;;;
;;;;;;;;;;;Ujung 2;-0.06477489904232127, 109.35066161475055;;;;;;;;;;;;;;;;;;;;;;;;
;;;;;;;;;Gang Citra Mandiri;328,99;;-0.06527346881743078, 109.35016219375254;;;;;;;;;;;;;;;;;;;;;;;;
;;;;;;;;;Blok S;378,59;;-0.0660812178208936, 109.35040841679324;;;;;;;;;;;;;;;;;;;;;;;;
;;;;;;;;;Gang Raflesia;338,56;;-0.0661638287223271, 109.34986635194959;;;;;;;;;;;;;;;;;;;;;;;;
;;;;;;;;;Blok T;265,41;;-0.06606252221332343, 109.34908436650053;;;;;;;;;;;;;;;;;;;;;;;;
;;;;;;;;;Gang Anggrek;617,42;Ujung 1;-0.06595178819190954, 109.34837415668238;;;;;;;;;;;;;;;;;;;;;;;;
;;;;;;;;;;;Ujung 2;-0.06809433657608337, 109.35077189144985;;;;;;;;;;;;;;;;;;;;;;;;
;;;;;;;;;Gang Mawar;249,77;;-0.06613568102046298, 109.3480530901537;;;;;;;;;;;;;;;;;;;;;;;;
;;;;;;;;;Gang Melati;348,66;;-0.06740284054311398, 109.34871604967292;;;;;;;;;;;;;;;;;;;;;;;;
;;;;;;;;;Jalan Taman Sepakat;302,75;;-0.0673121995753311, 109.34807367975259;;;;;;;;;;;;;;;;;;;;;;;;
;;;;;;;;;Komplek Sepakat Griya Utama;529,42;Ujung 1;-0.06685840321071224, 109.34674152363797;;;;;;;;;;;;;;;;;;;;;;;;
;;;;;;;;;;;Ujung 2;-0.06830430408874352, 109.34833999619005;;;;;;;;;;;;;;;;;;;;;;;;
;;;;;;;;;Gang Usaha;346,43;;-0.06834154878359203, 109.3475524366671;;;;;;;;;;;;;;;;;;;;;;;;
;;;;;;;;;Gang Padaherang;348,49;;-0.06751035745915371, 109.34636399424492;;;;;;;;;;;;;;;;;;;;;;;;
;;;;;;;;;Gang Djaka Graha;332,04;;-0.06905541357644294, 109.34700674088937;;;;;;;;;;;;;;;;;;;;;;;;
;;;;;;;;;Gang Mutiara;351,75;;-0.06820385035769438, 109.34583339560345;;;;;;;;;;;;;;;;;;;;;;;;
;;;;;;;;;Gang Bahasa;127,7;;-0.06641691620669764, 109.34379813196215;;;;;;;;;;;;;;;;;;;;;;;;
;;;;;;;;;Gang Patih Gumantar;176,66;;-0.06856265053126251, 109.34549509785658;;;;;;;;;;;;;;;;;;;;;;;;
;;;;;;;;;Gang Mafar;355,91;;-0.06873796254550099, 109.34524733715392;;;;;;;;;;;;;;;;;;;;;;;;
;;;;;;;;;Komplek Grand Sepakat Mandiri;186,84;;-0.06919265495067888, 109.34509750713634;;;;;;;;;;;;;;;;;;;;;;;;
;;;;;;;;;Jalan Bumi Sepakat Permai;359,94;;-0.07135218223107449, 109.34516350018367;;;;;;;;;;;;;;;;;;;;;;;;
;;;;;;;;;Gang WP 97;187,07;;-0.0704049048613595, 109.34395262930813;;;;;;;;;;;;;;;;;;;;;;;;
;;;;;;;;;Gang Era Baru;188,32;;-0.0713087524650687, 109.34309005955797;;;;;;;;;;;;;;;;;;;;;;;;
;;;;;;;;;Gang Demokrasi;199,51;;-0.06950627523524222, 109.34092077839526;;;;;;;;;;;;;;;;;;;;;;;;
;;;;;;;;;Gang Karya Baru 1;216;;-0.07050546632485653, 109.34192906544035;;;;;;;;;;;;;;;;;;;;;;;;
;;;;;;;;;Gang Amali;487,77;;-0.06957700554187725, 109.34013599966356;;;;;;;;;;;;;;;;;;;;;;;;
;;;;;;;;;Jalan Padat Karya;1090;Ujung 1;-0.0720693800833668, 109.34253957368568;Gang Karya Baru;202,3;;-0.07355859263208546, 109.34388694140597;Gang Karya Baru 1;164,28;;-0.07238643232893303, 109.34334404976627;;;;;;;;;;;;;;;;
;;;;;;;;;;;Tengah ;-0.07555328499469002, 109.34653192179923;;;;;Gang Karya Baru II;142,56;;-0.07205381380658901, 109.34363940975354;;;;;;;;;;;;;;;;
;;;;;;;;;;;Ujung 2;-0.07624054297247652, 109.34773757333623;;;;;Gang Karya Baru 3;104,37;;-0.07223947274374919, 109.34432720247212;;;;;;;;;;;;;;;;
;;;;;;;;;;;;;;;;;Perumahan Raisya Residence;92,48;;-0.07309403017580843, 109.34565090505814;;;;;;;;;;;;;;;;
;;;;;;;;;;;;;;;;;Gang Karya Baru IV;440,87;;-0.07016973726407837, 109.34323911941931;;;;;;;;;;;;;;;;
;;;;;;;;;;;;;;;;;Gang Karya Baru 5;58,25;;-0.07206847637684405, 109.34527612466866;;;;;;;;;;;;;;;;
;;;;;;;;;;;;;Jalan Aloevera;1290;Ujung 1;-0.07383260509518004, 109.3436234852889;Komplek Grand View;672,98;Ujung 1;-0.07493294354809082, 109.3438339223404;;;;;;;;;;;;;;;;
;;;;;;;;;;;;;;;Tengah;-0.07816133592153507, 109.33963067831864;;;Ujung 2;-0.07591146814054817, 109.34503199344822;;;;;;;;;;;;;;;;
;;;;;;;;;;;;;;;Ujung 2;-0.08253091923334085, 109.33678905717674;Komplek Alam Sutra II;84,39;;-0.07648861121609991, 109.34014840157369;;;;;;;;;;;;;;;;
;;;;;;;;;;;;;Gang Karya Duta;66,32;;-0.07524243132107417, 109.34554318611251;;;;;;;;;;;;;;;;;;;;
;;;;;;;;;;;;;Jalan Karya Kita;1050;Ujung 1;-0.07417611381263207, 109.34633132044974;Gang Karya Kita I;257,1;;-0.07454795593275529, 109.34567768602932;;;;;;;;;;;;;;;;
;;;;;;;;;;;;;;;Tengah;-0.07135993781393912, 109.34821854219918;Gang Karya Kita 1A;135,36;;-0.07512837955747764, 109.34712181330902;;;;;;;;;;;;;;;;
;;;;;;;;;;;;;;;Ujung 2;-0.06757073543698003, 109.34933898663219;Gang Karya Kita 2;243,79;;-0.07387479795411872, 109.34536557134886;;;;;;;;;;;;;;;;
;;;;;;;;;;;;;;;;;Gang Karya Kita 3;230,49;;-0.07301946925845182, 109.3448524123895;;;;;;;;;;;;;;;;
;;;;;;;;;;;;;;;;;Gang Karya Kita 4;79,52;;-0.07338879476241879, 109.34607230962244;;;;;;;;;;;;;;;;
;;;;;;;;;;;;;;;;;Gang Karya Kita 5;212,94;;-0.07272006537735769, 109.34544183224908;;;;;;;;;;;;;;;;
;;;;;;;;;;;;;;;;;Gang Karya Mandiri;68,12;;-0.07291541070512303, 109.34642263990754;;;;;;;;;;;;;;;;
;;;;;;;;;;;;;;;;;Gang Karya Mega Utama;158,22;;-0.071630636793054, 109.34638422209532;;;;;;;;;;;;;;;;
;;;;;;;;;;;;;;;;;Gang Karya;257,02;;-0.07085726636700192, 109.34607094073485;;;;;;;;;;;;;;;;
;;;;;;;;;;;;;;;;;Gang Karya 1;254,9;;-0.07046078181653062, 109.34618612787993;;;;;;;;;;;;;;;;
;;;;;;;;;;;;;;;;;Gang Karya II;70,16;;-0.07115738102848204, 109.34757953511676;;;;;;;;;;;;;;;;
;;;;;;;;;;;;;;;;;Gang Karya 3;245,39;;-0.07072538642220327, 109.34753085477216;;;;;;;;;;;;;;;;
;;;;;;;;;;;;;;;;;Gang Karya IIIA;103,4;;-0.07055835623169247, 109.34796457805648;;;;;;;;;;;;;;;;
;;;;;;;;;;;;;;;;;Gang Karya IV;231,11;;-0.06990904689434473, 109.34762269888844;;;;;;;;;;;;;;;;
;;;;;;;;;;;;;;;;;Gang Amalia;216,2;;-0.0690925397182912, 109.34739319963488;;;;;;;;;;;;;;;;
;;;;;;;;;;;;;;;;;Gang Karya V;210,37;;-0.06973942074211285, 109.34867832802804;;;;;;;;;;;;;;;;
;;;;;;;;;;;;;;;;;Gang Karya VI;202,87;;-0.06879778907342601, 109.34802988274093;;;;;;;;;;;;;;;;
;;;;;;;;;;;;;;;;;Gang Karya VIII;160,62;;-0.07004856298079333, 109.3506015314137;;;;;;;;;;;;;;;;
;;;;;;;;;;;;;;;;;Gang Karya IX;220,06;;-0.06759169995078754, 109.34858086983276;;;;;;;;;;;;;;;;
;;;;;;;;;Gang Bersaudara;412,8;;-0.07341997838788383, 109.34306487078962;;;;;;;;;;;;;;;;;;;;;;;;
;;;;;;;;;Gang Hidayah;304,91;;-0.06953845177232351, 109.33932996729028;;;;;;;;;;;;;;;;;;;;;;;;
;;;;;;;;;Jalan Sepakat Indah Residence;350,61;;-0.07318086886892754, 109.34237302687455;;;;;;;;;;;;;;;;;;;;;;;;
;;;;;;;;;Gang Anugerah;496,74;;-0.0696621848262259, 109.33747823245152;;;;;;;;;;;;;;;;;;;;;;;;
;;;;;;;;;Gang Sepakat Asri Residence;410,75;;-0.07385282789803806, 109.34234636316833;;;;;;;;;;;;;;;;;;;;;;;;
;;;;;;;;;Komplek Graha Sepakat;354,68;;-0.0732821669099461, 109.3381226317829;;;;;;;;;;;;;;;;;;;;;;;;
;;;;;;;;;Komplek Azka Permai;76,73;;-0.07458991768177693, 109.3382557340093;;;;;;;;;;;;;;;;;;;;;;;;
;;;;;;;;;Komplek Sepakat Hanas Residence;114,22;;-0.074915524904384, 109.33800384434527;;;;;;;;;;;;;;;;;;;;;;;;
;;;;;;;;;Gang Sepakat Hijrah;120,52;;-0.07628300657145068, 109.33701438636255;;;;;;;;;;;;;;;;;;;;;;;;
;;;;;;;;;Komplek Griya Deli Loka;169,42;;-0.07625611208639815, 109.33650042250024;;;;;;;;;;;;;;;;;;;;;;;;
;;;;;;;;;Perumahan Sepakat Pratama Residence;134,72;;-0.07820892907057696, 109.33489086797903;;;;;;;;;;;;;;;;;;;;;;;;
;;;;;;;;;Komplek Kalimantan Artha Sentosa 1;322,74;;-0.07804093254480861, 109.32979074459715;;;;;;;;;;;;;;;;;;;;;;;;
;;;;;Jalan Abdul Rahman Saleh;1170;Ujung 1;-0.05932806828851724, 109.35494060887493;Jalan Ar. Saleh I;397,72;;-0.06115178989649835, 109.35537842685768;;;;;;;;;;;;;;;;;;;;;;;;
;;;;;;;Tengah 1;-0.05770975253707005, 109.35628925045583;Jalan Ar. Saleh IA;230,75;;-0.06118236269343439, 109.35607474208186;;;;;;;;;;;;;;;;;;;;;;;;
;;;;;;;Tengah 2;-0.05536628745559941, 109.35813236743816;Jalan Ar. Saleh II;383,54;;-0.06145392658185179, 109.35693775390965;;;;;;;;;;;;;;;;;;;;;;;;
;;;;;;;Tengah 3;-0.05459856620383024, 109.35861407023897;Jalan Ar. Saleh III;377,25;;-0.06102677802507992, 109.3571314933803;;;;;;;;;;;;;;;;;;;;;;;;
;;;;;;;Ujung 2;-0.05345987030455117, 109.36005315086646;Jalan Ar. Saleh IV;368,5;;-0.05979515536458739, 109.35645634513901;;;;;;;;;;;;;;;;;;;;;;;;
;;;;;;;;;Jalan Ar. Saleh V;375,13;;-0.058634111400100206, 109.35622151944126;;;;;;;;;;;;;;;;;;;;;;;;
;;;;;;;;;Jalan Ar. Saleh VI;140,4;;-0.05844103845748835, 109.35675117532669;;;;;;;;;;;;;;;;;;;;;;;;
;;;;;;;;;Gang Cakra;351,55;;-0.05792857113742966, 109.35698020236588;;;;;;;;;;;;;;;;;;;;;;;;
;;;;;;;;;Gang Sari Lestari;202,6;;-0.05847193611426944, 109.35800562132131;;;;;;;;;;;;;;;;;;;;;;;;
;;;;;;;;;Jalan A. Rahman Saleh VIII;338,38;;-0.05812745267504785, 109.35880359597549;;;;;;;;;;;;;;;;;;;;;;;;
;;;;;;;;;Komplek BLKI;338,55;;-0.0580910899927184, 109.35932386774087;;;;;;;;;;;;;;;;;;;;;;;;
;;;;;;;;;Komplek Pandu;143,2;;-0.05483358155652082, 109.35690412385227;;;;;;;;;;;;;;;;;;;;;;;;
;;;;;;;;;Gang Pembangunan;228,44;;-0.05690482941888573, 109.3594248873996;;;;;;;;;;;;;;;;;;;;;;;;
;;;;;;;;;Gang Sawit;340,5;;-0.05608860968955809, 109.35942000064652;;;;;;;;;;;;;;;;;;;;;;;;
;;;;;;;;;Gang Panorama;341,65;;-0.0550797323714324, 109.35876732950896;;;;;;;;;;;;;;;;;;;;;;;;
;;;;;;;;;Gang Perintis;261,54;;-0.05621932068079455, 109.36043913909045;;;;;;;;;;;;;;;;;;;;;;;;
;;;;;;;;;Gang Amalia Sagita;351,91;;-0.05198531717340726, 109.35684998649016;;;;;;;;;;;;;;;;;;;;;;;;
;;;;;;;;;Gang Sutitah Sudarso;333,61;;-0.055496274178798856, 109.36024671517421;Gang Sawit;31,68;;-0.05510528985058104, 109.3602312461811;;;;;;;;;;;;;;;;;;;;
;;;;;;;;;Gang Ilham;307,5;;-0.05481113707639793, 109.36104799128863;;;;;;;;;;;;;;;;;;;;;;;;
;;;;;;;;;Gang Hijrah;307,86;;-0.05520518026393439, 109.36195167892855;;;;;;;;;;;;;;;;;;;;;;;;
;;;;;Gang Selasih;629,08;Ujung 1;-0.06311372024677536, 109.35294213152133;Jalur Buntu;170,26;;-0.06385759928787928, 109.35441543696315;;;;;;;;;;;;;;;;;;;;;;;;
;;;;;;;Ujung 2;-0.06433648913755935, 109.35407563549639;;;;;;;;;;;;;;;;;;;;;;;;;;;;
;;;;;Jalan Parit H. Husin 1;1180;Ujung 1;-0.062319929812063184, 109.35708639486067;Gang Pd. Arham;120,99;;-0.06372239037200057, 109.35742557256351;;;;;;;;;;;;;;;;;;;;;;;;
;;;;;;;Tengah 1;-0.060585985345223234, 109.35814283734396;Gang Redha;76,84;;-0.06308608230010698, 109.35740821876308;;;;;;;;;;;;;;;;;;;;;;;;
;;;;;;;Tengah 2;-0.05826409805257178, 109.35977531482554;Gang Tsafiudin;308,53;;-0.06396097461339478, 109.35915855338757;;;;;;;;;;;;;;;;;;;;;;;;
;;;;;;;Tengah 3;-0.05636469618097407, 109.36116413051037;Gang Al-Ilmi;152,77;;-0.0625325121803641, 109.35846314993691;;;;;;;;;;;;;;;;;;;;;;;;
;;;;;;;Ujung 2;-0.05548376372308303, 109.36204876056266;Gang Alqadar;385,37;;-0.0635619313748988, 109.35983885021977;Gang Alqadar Dalam;191,91;;-0.06490617747677645, 109.36128324073916;;;;;;;;;;;;;;;;;;;;
;;;;;;;;;;;;;Gang Balai Pom;468,86;;-0.06492428098537896, 109.36176687492924;;;;;;;;;;;;;;;;;;;;
;;;;;;;;;Gang H.A Razak;175,47;;-0.06035709661477652, 109.35760564056248;;;;;;;;;;;;;;;;;;;;;;;;
;;;;;;;;;Gang Halim;153,56;;-0.061835957050582514, 109.35889459538936;;;;;;;;;;;;;;;;;;;;;;;;
;;;;;;;;;Gang Palasari;402,83;;-0.06273137035766053, 109.36050671066317;;;;;;;;;;;;;;;;;;;;;;;;
;;;;;;;;;Gang Darul Taqwa;366,67;;-0.060069781860416276, 109.35870879404511;;;;;;;;;;;;;;;;;;;;;;;;
;;;;;;;;;Gang Palaguna;352,46;;-0.06202177758783305, 109.36081752410723;;;;;;;;;;;;;;;;;;;;;;;;
;;;;;;;;;Gang Sejahtera;348,42;;-0.061792258825609604, 109.36106119847317;;;;;;;;;;;;;;;;;;;;;;;;
;;;;;;;;;Gang Perwira;379,77;;-0.061623009867316295, 109.36143406632509;;;;;;;;;;;;;;;;;;;;;;;;
;;;;;;;;;Gang Abadi;230,07;;-0.06046882259874184, 109.36070134280308;;;;;;;;;;;;;;;;;;;;;;;;
;;;;;;;;;Gang Sukses;381,55;;-0.06105505458481424, 109.36179191822818;;;;;;;;;;;;;;;;;;;;;;;;
;;;;;;;;;Gang Mulia;394,15;;-0.059203445620710074, 109.3605271761945;;;;;;;;;;;;;;;;;;;;;;;;
;;;;;;;;;Gang Sederhana;376,49;;-0.06055887837086193, 109.36206486870974;;;;;;;;;;;;;;;;;;;;;;;;
;;;;;;;;;Gang Keluarga;374,17;;-0.060346245759745815, 109.36228310317324;;;;;;;;;;;;;;;;;;;;;;;;
;;;;;;;;;Gang Kurnia;155,92;;-0.05793973003427016, 109.36169088003508;;;;;;;;;;;;;;;;;;;;;;;;
;;;;;;;;;Gang Muslimin II;358,77;;-0.059078870518746995, 109.36301140785763;;;;;;;;;;;;;;;;;;;;;;;;
;;;;;;;;;Gang Muslimin Tengah;269,27;;-0.05812593288027463, 109.36270694525606;;;;;;;;;;;;;;;;;;;;;;;;
;;;;;;;;;Gang Muslimin I;365,7;;-0.05846360563930157, 109.36328202476297;;;;;;;;;;;;;;;;;;;;;;;;
;;;;;;;;;Gang Muslimin;360,45;;-0.05734198986057759, 109.36277851611152;;;;;;;;;;;;;;;;;;;;;;;;
;;;;;;;;;Gang Al Hidayah;337,64;;-0.05773526794455381, 109.36343636184316;;;;;;;;;;;;;;;;;;;;;;;;
;;;;;Jalan Parit H. Husin II;3960;Ujung 1;-0.06609527765687684, 109.35489538033283;Gang H. Khalifah;117,63;;-0.0637419763631952, 109.35530986861734;;;;;;;;;;;;;;;;;;;;;;;;
;;;;;;;Tengah 1;-0.06871293392102067, 109.35347073897182;Gang Pigeon;24,02;;-0.06459139347264803, 109.35549102554174;;;;;;;;;;;;;;;;;;;;;;;;
;;;;;;;Tengah 2;-0.0730463452712626, 109.35107184694287;Gang Merpati;313,52;;-0.06689500732677206, 109.357514664139;;;;;;;;;;;;;;;;;;;;;;;;
;;;;;;;Tengah 3;-0.0791851232114736, 109.34767757605066;Gang Arwana;150,21;;-0.06609765285091597, 109.3563884516755;;;;;;;;;;;;;;;;;;;;;;;;
;;;;;;;Tengah 4;-0.08156090378765805, 109.34634585857326;Gang Gading;388,42;;-0.06361445060228459, 109.3522988925026;;;;;;;;;;;;;;;;;;;;;;;;
;;;;;;;Tengah 5;-0.08671510191248571, 109.34320470312133;Komplek Buana Asri;361,4;;-0.06417352310932267, 109.3523724134812;;;;;;;;;;;;;;;;;;;;;;;;
;;;;;;;Ujung 2;-0.08715315002392379, 109.34294999616716;Gang Demak;179,17;;-0.06554505827659182, 109.35347313364048;;;;;;;;;;;;;;;;;;;;;;;;
;;;;;;;;;Jalan Komplek Cendana Asri;279,25;;-0.0686015847651665, 109.35621580115924;;;;;;;;;;;;;;;;;;;;;;;;
;;;;;;;;;Komplek Aresster;245,85;;-0.06854733707488073, 109.35584059575582;;;;;;;;;;;;;;;;;;;;;;;;
;;;;;;;;;Komplek Alex Griya Permai 3;1379;Ujung 1;-0.06593605742705956, 109.35336986862428;;;;;;;;;;;;;;;;;;;;;;;;
;;;;;;;;;;;Tengah ;-0.06552559347699832, 109.35222811618311;;;;;;;;;;;;;;;;;;;;;;;;
;;;;;;;;;;;Ujung 2;-0.06534758430997407, 109.35141871268273;;;;;;;;;;;;;;;;;;;;;;;;
;;;;;;;;;Komplek Acisa Permai;386,54;;-0.06990249363580366, 109.35638668879203;;;;;;;;;;;;;;;;;;;;;;;;
;;;;;;;;;Gang Alhuda;358,92;;-0.07026186413702282, 109.3561237099889;;;;;;;;;;;;;;;;;;;;;;;;
;;;;;;;;;Jalan Komplek Acisa;416,59;;-0.06663128369692303, 109.35229295901037;;;;;;;;;;;;;;;;;;;;;;;;
;;;;;;;;;Gang Sejahtera;429,18;;-0.0662077000455281, 109.3504885111713;;;;;;;;;;;;;;;;;;;;;;;;
;;;;;;;;;Jalan Komplek Alex Griya Permai II;363,45;;-0.07127793623410056, 109.35559819978218;;;;;;;;;;;;;;;;;;;;;;;;
;;;;;;;;;Komplek Imigrasi;371,4;;-0.06687875186370439, 109.35068836629044;;;;;;;;;;;;;;;;;;;;;;;;
;;;;;;;;;Jalan Komplek Fajar Kencana;519,32;Ujung 1;-0.0686341668932345, 109.35213796753597;;;;;;;;;;;;;;;;;;;;;;;;
;;;;;;;;;;;Ujung 2;-0.06659308863748888, 109.3496176716799;;;;;;;;;;;;;;;;;;;;;;;;
;;;;;;;;;Jalan Komplek Bali Mas III;821,24;Ujung 1;-0.07146129652490334, 109.3543423425241;;;;;;;;;;;;;;;;;;;;;;;;
;;;;;;;;;;;Ujung 2;-0.0738493399517794, 109.35690615974202;;;;;;;;;;;;;;;;;;;;;;;;
;;;;;;;;;Gang Paris;85,83;;-0.07073180191463664, 109.35318080156004;;;;;;;;;;;;;;;;;;;;;;;;
;;;;;;;;;Jalan Komplek Mitra Indah Utama IV;369,89;;-0.06927008081669574, 109.35091265338026;;;;;;;;;;;;;;;;;;;;;;;;
;;;;;;;;;Komplek Villa Paris;355,66;;-0.06978049113137234, 109.35057530526254;;;;;;;;;;;;;;;;;;;;;;;;
;;;;;;;;;Komplek Bali Mas 1;809,21;Ujung 1;-0.07362662656010717, 109.35401729945296;;;;;;;;;;;;;;;;;;;;;;;;
;;;;;;;;;;;Ujung 2;-0.07438418702919988, 109.35489942294195;;;;;;;;;;;;;;;;;;;;;;;;
;;;;;;;;;Jalan Komplek Bali Mas II;360,79;;-0.07127957847529279, 109.35169686346862;;;;;;;;;;;;;;;;;;;;;;;;
;;;;;;;;;Gang Tiga Tiga;174,44;;-0.07081093622722875, 109.35056280112681;;;;;;;;;;;;;;;;;;;;;;;;
;;;;;;;;;Gang Mitra;417,35;;-0.07442872990490683, 109.3541706321244;;;;;;;;;;;;;;;;;;;;;;;;
;;;;;;;;;Gang Tegal Sari;358,74;;-0.07151334138258351, 109.35095864663786;;;;;;;;;;;;;;;;;;;;;;;;
;;;;;;;;;Gang Wisuda;597,57;Ujung 1;-0.0737776751229525, 109.35295752015493;;;;;;;;;;;;;;;;;;;;;;;;
;;;;;;;;;;;Ujung 2;-0.07525930237992794, 109.35447900393036;;;;;;;;;;;;;;;;;;;;;;;;
;;;;;;;;;Gang Asoka;391,74;;-0.07518820477893258, 109.35373219458833;;;;;;;;;;;;;;;;;;;;;;;;
;;;;;;;;;Jalur Pemda 1;369,44;;-0.07218056388481657, 109.3496036933536;;;;;;;;;;;;;;;;;;;;;;;;
;;;;;;;;;Gang Wisata;397,91;;-0.07376305854682592, 109.35108253919111;;;;;;;;;;;;;;;;;;;;;;;;
;;;;;;;;;Gang Sahabat;367,84;;-0.07238422653587985, 109.349225124193;;;;;;;;;;;;;;;;;;;;;;;;
;;;;;;;;;Komplek Permata Griya;368,06;;-0.07263603734644092, 109.34885694084002;;;;;;;;;;;;;;;;;;;;;;;;
;;;;;;;;;Gang Hidayah 1;394,1;;-0.07637029560551559, 109.35261715024153;;;;;;;;;;;;;;;;;;;;;;;;
;;;;;;;;;Jalan Paris 2;370,9;;-0.07399284088244278, 109.34989784113523;;;;;;;;;;;;;;;;;;;;;;;;
;;;;;;;;;Jalan Komplek Alexa Griya Palm;360,44;;-0.07644563340672351, 109.35215100347034;;;;;;;;;;;;;;;;;;;;;;;;
;;;;;;;;;Jalan Komplek Paris Asri;427,84;;-0.07686286710326612, 109.35224323155961;;;;;;;;;;;;;;;;;;;;;;;;
;;;;;;;;;Jalan Griya Caraka Telkom ;370,89;;-0.07358976393007678, 109.3488103417561;;;;;;;;;;;;;;;;;;;;;;;;
;;;;;;;;;Gang Mandala Indah;386,29;;-0.07747846117204212, 109.35230281033469;;;;;;;;;;;;;;;;;;;;;;;;
;;;;;;;;;Jalan Grand Paris;352,12;;-0.07459059256610473, 109.34841207201814;;;;;;;;;;;;;;;;;;;;;;;;
;;;;;;;;;Jalan Wanabakti II;308,52;;-0.076870316160326, 109.35092214612156;;;;;;;;;;;;;;;;;;;;;;;;
;;;;;;;;;Jalan Pemda 2;242,18;;-0.07464771690682033, 109.3477128836071;Gang Pemda;167,59;;-0.07433626728775031, 109.346757845812;;;;;;;;;;;;;;;;;;;;
;;;;;;;;;Jalan Komplek Wanabhakti 3;305,16;;-0.0760216067611588, 109.34970535743808;;;;;;;;;;;;;;;;;;;;;;;;
;;;;;;;;;Jalan Pemda 3;247,2;;-0.07586690726846133, 109.34906816519555;;;;;;;;;;;;;;;;;;;;;;;;
;;;;;;;;;Gang Lestari;332,57;;-0.07710532566094863, 109.35014390937665;;;;;;;;;;;;;;;;;;;;;;;;
;;;;;;;;;Jalan Rimbawan;394,27;;-0.07572553262358694, 109.34792887723128;;;;;;;;;;;;;;;;;;;;;;;;
;;;;;;;;;Gang Mulia;148,32;;-0.07854822641822147, 109.34951233940595;;;;;;;;;;;;;;;;;;;;;;;;
;;;;;;;;;Jalan Barokah;175,89;;-0.07709635847767268, 109.34759446978687;;;;;;;;;;;;;;;;;;;;;;;;
;;;;;;;;;Gang Sutra;257,8;;-0.0794269883288722, 109.3497220282368;;;;;;;;;;;;;;;;;;;;;;;;
;;;;;;;;;Jalan Sejahtera;318,26;;-0.07915804540798939, 109.34830016795976;Gang Perjuangan;84,98;;-0.08009244804287038, 109.35035840362389;;;;;;;;;;;;;;;;;;;;
;;;;;;;;;Komplek Prestigio;410,4;;-0.07718646175217844, 109.34454090800683;;;;;;;;;;;;;;;;;;;;;;;;
;;;;;;;;;Komplek Puri Akcaya 3;393,64;;-0.08060152201850364, 109.3494841732073;;;;;;;;;;;;;;;;;;;;;;;;
;;;;;;;;;Komplek Pesona Mutiara Dewata;1029;Ujung 1;-0.07777359707467153, 109.34490938502238;;;;;;;;;;;;;;;;;;;;;;;;
;;;;;;;;;;;Tengah ;-0.07844784981403308, 109.34553547224391;;;;;;;;;;;;;;;;;;;;;;;;
;;;;;;;;;;;Ujung 2;-0.07912084547965159, 109.34609683461306;;;;;;;;;;;;;;;;;;;;;;;;
;;;;;;;;;Komplek Paris Royal Residence;341,06;;-0.08177439676567211, 109.3497033470362;;;;;;;;;;;;;;;;;;;;;;;;
;;;;;;;;;Jalan Wana Bhakti 4;352,49;;-0.0821234293957137, 109.34962911912868;;;;;;;;;;;;;;;;;;;;;;;;
;;;;;;;;;Gang H. Bahrin;146,5;;-0.07975302658428264, 109.34649036046712;;;;;;;;;;;;;;;;;;;;;;;;
;;;;;;;;;Gang A. Rahmans;390,65;;-0.07893570751980362, 109.34443174644619;;;;;;;;;;;;;;;;;;;;;;;;
;;;;;;;;;Jalan Komplek Green Land Paris;333,6;;-0.08235401665903579, 109.3492867215878;;;;;;;;;;;;;;;;;;;;;;;;
;;;;;;;;;Komplek Gracia Village;389,2;;-0.07907450167537586, 109.34381802684013;;;;;;;;;;;;;;;;;;;;;;;;
;;;;;;;;;Komplek Mutiara Gading;346,03;;-0.08277416386960385, 109.3492013077939;;;;;;;;;;;;;;;;;;;;;;;;
;;;;;;;;;Komplek Greenhill Residence;895,99;Ujung 1;-0.08006617295216585, 109.34463622017523;;;;;;;;;;;;;;;;;;;;;;;;
;;;;;;;;;;;Ujung 2;-0.07995694088823664, 109.34361853708693;;;;;;;;;;;;;;;;;;;;;;;;
;;;;;;;;;Gang Enggang;118,39;;-0.08223683941119699, 109.3470652869307;;;;;;;;;;;;;;;;;;;;;;;;
;;;;;;;;;Gang Nazar;149,92;;-0.08281470360188917, 109.3471755591848;;;;;;;;;;;;;;;;;;;;;;;;
;;;;;;;;;Gang Kelinci;135,11;;-0.08286517826145198, 109.34685018925403;;;;;;;;;;;;;;;;;;;;;;;;
;;;;;;;;;Gang Famili;404,47;;-0.08060577377388765, 109.34302291495831;;;;;;;;;;;;;;;;;;;;;;;;
;;;;;;;;;Gang Amanah;207,82;;-0.08363208703407761, 109.34729443344703;;;;;;;;;;;;;;;;;;;;;;;;
;;;;;;;;;Komplek Valery's Park;146,77;;-0.08486300807455058, 109.34589013769943;;;;;;;;;;;;;;;;;;;;;;;;
;;;;;;;;;Jalan Central Park;733,28;Ujung 1;-0.0867015470120892, 109.34646324755528;;;;;;;;;;;;;;;;;;;;;;;;
;;;;;;;;;;;Ujung 2;-0.08603226770414929, 109.34470450543765;;;;;;;;;;;;;;;;;;;;;;;;
;;;;;;;;;Jalan Komplek Beverly Hill Residence;366,08;;-0.08449489767129711, 109.34071570060931;;;;;;;;;;;;;;;;;;;;;;;;
;;;;;;;;;Gang Akasia;41,64;;-0.08740160417567124, 109.34315578978948;;;;;;;;;;;;;;;;;;;;;;;;
;;;;;;;;;Komplek Permata Paris;394,87;;-0.08290646872643194, 109.33773473133444;;;;;;;;;;;;;;;;;;;;;;;;
;;;;;;;;;Gang Berkah;153,53;;-0.08487769755787056, 109.3385293407223;;;;;;;;;;;;;;;;;;;;;;;;
;;;;;;;;;Perumahan Mitra Paris;377,91;;-0.08591431002709486, 109.3397200639798;;;;;;;;;;;;;;;;;;;;;;;;
;;;;;;;;;Komplek Disbun 1A;467,57;;-0.08616853466296666, 109.33929647403261;;;;;;;;;;;;;;;;;;;;;;;;
;;;;;;;;;Gang Bougenville;146,13;;-0.08860312878243226, 109.34364039629217;;;;;;;;;;;;;;;;;;;;;;;;
;;;;;;;;;Komplek Disbun 1B;330,01;;-0.08860917684618412, 109.34283405298511;;;;;;;;;;;;;;;;;;;;;;;;
;;;;;;;;;Gang Amanah;336,48;;-0.0891079011818623, 109.34287388223203;;;;;;;;;;;;;;;;;;;;;;;;
;;;;;;;;;Gang Sabda Alam;343,25;;-0.0900099717739597, 109.34359382459377;;;;;;;;;;;;;;;;;;;;;;;;
;;;;;;;;;Gang Sejahtera Abadi;386,92;;-0.08956725111884997, 109.342153805988;;;;;;;;;;;;;;;;;;;;;;;;
;;;;;;;;;Gang Alhijrah;228,83;;-0.09055571685707808, 109.34327969042283;;;;;;;;;;;;;;;;;;;;;;;;
;;;;;;;;;Gang Masjid;458,85;;-0.08846823947605344, 109.33765309874603;;;;;;;;;;;;;;;;;;;;;;;;
;;;;;;;;;Gang Barokah;162,58;;-0.09057488142340343, 109.3424746981647;;;;;;;;;;;;;;;;;;;;;;;;
;;;;;Jalan Dr. Soedarso;664,84;Ujung 1;-0.06305548887553089, 109.36455071271091;Gang Analis;404,45;;-0.06453733656016154, 109.36215602527453;;;;;;;;;;;;;;;;;;;;;;;;
;;;;;;;Ujung 2;-0.0601993417845123, 109.36571862851041;;;;;;;;;;;;;;;;;;;;;;;;;;;;
;;;;;Jalan Sungai Raya Dalam II;3270;Ujung 1;-0.07286860683206052, 109.35925690474006;Komplek Villa Gading Raya I;412,31;;-0.06919216142079022, 109.35720126918059;;;;;;;;;;;;;;;;;;;;;;;;
;;;;;;;Tengah 1;-0.07531452787325377, 109.35776614569342;Jalan Komplek Mitra Indah Utama I;431,27;;-0.06954875007512358, 109.35688762311575;;;;;;;;;;;;;;;;;;;;;;;;
;;;;;;;Tengah 2;-0.08052698011220019, 109.35461842241118;Komplek Mitra Indah Utama 3;802,68;Ujung 1;-0.07078626094010967, 109.35799350383907;;;;;;;;;;;;;;;;;;;;;;;;
;;;;;;;Tengah 3;-0.0825477354310232, 109.35315906083139;;;Ujung 2;-0.07035146146488168, 109.35659488446115;;;;;;;;;;;;;;;;;;;;;;;;
;;;;;;;Tengah 4;-0.0840435665738097, 109.35212153208948;Jalan Komplek Permata Agung;402,16;;-0.07090289281317379, 109.35629999150083;;;;;;;;;;;;;;;;;;;;;;;;
;;;;;;;Tengah 5;-0.08870356255389779, 109.3491015942288;Jalan Pd. Agung Utama;423;;-0.07109504475858448, 109.35587335371507;;;;;;;;;;;;;;;;;;;;;;;;
;;;;;;;Ujung 2;-0.09048196017171217, 109.34797150296698;Jalan Villa Gading Raya 2;425,98;;-0.07143297010701012, 109.35565767422781;;;;;;;;;;;;;;;;;;;;;;;;
;;;;;;;;;Gang Sejahtera Mulia;428,43;;-0.07190333368196714, 109.35563777271555;;;;;;;;;;;;;;;;;;;;;;;;
;;;;;;;;;Jalan Komplek Anggrek Permai;430,21;;-0.07216443413710386, 109.35515585254917;;;;;;;;;;;;;;;;;;;;;;;;
;;;;;;;;;Jalan Villa Mutiara Mas 4;428,96;;-0.07286988726873335, 109.35472744400448;;;;;;;;;;;;;;;;;;;;;;;;
;;;;;;;;;Gang Amali;426,07;;-0.07319585317666438, 109.35462308341202;;;;;;;;;;;;;;;;;;;;;;;;
;;;;;;;;;Gang Family;419,12;;-0.07343631697145304, 109.35449254276212;;;;;;;;;;;;;;;;;;;;;;;;
;;;;;;;;;Komplek Venesia Residence;167,11;;-0.07583132024788689, 109.35566646907259;;;;;;;;;;;;;;;;;;;;;;;;
;;;;;;;;;Jalan Komplek Mitra Indah Utama II;383,24;;-0.07608593362713095, 109.35520400663687;;;;;;;;;;;;;;;;;;;;;;;;
;;;;;;;;;Jalan Komplek Pesona Alam;426,39;;-0.07564748103718788, 109.35343249231032;;;;;;;;;;;;;;;;;;;;;;;;
;;;;;;;;;Jalan Sungai Raya Lestari 1;382,98;;-0.07735760721329654, 109.35575489576402;;;;;;;;;;;;;;;;;;;;;;;;
;;;;;;;;;Jalan Citra Serdam;374,67;;-0.07652521855847624, 109.35400934881828;;;;;;;;;;;;;;;;;;;;;;;;
;;;;;;;;;Jalan Komplek Cendana Agung;379,32;;-0.07656706447476243, 109.35301544664543;;;;;;;;;;;;;;;;;;;;;;;;
;;;;;;;;;Jalan Gading Lumiere;365,57;;-0.07701852883079913, 109.3529127233674;;;;;;;;;;;;;;;;;;;;;;;;
;;;;;;;;;Jalan Villa Losari Asri;389,81;;-0.07727917932173312, 109.35264200377809;;;;;;;;;;;;;;;;;;;;;;;;
;;;;;;;;;Komplek Rafles Residence;397,57;;-0.07763814646526203, 109.35248869219333;;;;;;;;;;;;;;;;;;;;;;;;
;;;;;;;;;Jalan Ps. Swadaya;392,96;;-0.07850563747765843, 109.351711870546;Jalan Meranti Indah;271,7;;-0.07806416438990639, 109.35234414646045;;;;;;;;;;;;;;;;;;;;
;;;;;;;;;;;;;Jalan Meranti Indah II;273,67;;-0.07786801732837427, 109.35144237613042;;;;;;;;;;;;;;;;;;;;
;;;;;;;;;Jalan Gading Premier;426,31;;-0.07877860826629729, 109.3514000389807;;;;;;;;;;;;;;;;;;;;;;;;
;;;;;;;;;Jalan Komplek Puri Akcaya I;379,25;;-0.07917010437338329, 109.35135128129083;;;;;;;;;;;;;;;;;;;;;;;;
;;;;;;;;;Jalan Komplek Mitra Indah Utama V Blok A-B;377,75;;-0.07951217235195472, 109.35117362891815;;;;;;;;;;;;;;;;;;;;;;;;
;;;;;;;;;Jalan Komplek Mitra Indah Utama V Blok C-D;370,89;;-0.07981154821692939, 109.35096963829984;;;;;;;;;;;;;;;;;;;;;;;;
;;;;;;;;;Jalan Royal Serdam Residence I;371,9;;-0.08014353464307496, 109.35071808117725;;;;;;;;;;;;;;;;;;;;;;;;
;;;;;;;;;Jalan Mediteranian Palace;409,49;;-0.08184210063457059, 109.35243763936933;;;;;;;;;;;;;;;;;;;;;;;;
;;;;;;;;;Jalan Sejahtera 1;396,68;;-0.08243103568259401, 109.35248373056163;;;;;;;;;;;;;;;;;;;;;;;;
;;;;;;;;;Komplek Gading Victoria;332,32;;-0.08150341375644679, 109.35039862205342;;;;;;;;;;;;;;;;;;;;;;;;
;;;;;;;;;Komplek Royal Serdam Residence 2;342,56;;-0.08189380353015607, 109.34998083374168;;;;;;;;;;;;;;;;;;;;;;;;
;;;;;;;;;Gang H. Abdullah;53,43;;-0.08378691959111965, 109.35170370880981;;;;;;;;;;;;;;;;;;;;;;;;
;;;;;;;;;Gang Hj. Jamaliah;341,87;;-0.0826164562498776, 109.34940403733071;;;;;;;;;;;;;;;;;;;;;;;;
;;;;;;;;;Gang Balita;129,68;;-0.08438322416009748, 109.35068474176728;;;;;;;;;;;;;;;;;;;;;;;;
;;;;;;;;;Komplek Pondok Indah Permai;355;;-0.08378509243712186, 109.34882809832044;;;;;;;;;;;;;;;;;;;;;;;;
;;;;;;;;;Gang H. Arsyad;326,83;;-0.08410305528535311, 109.34855224980409;;;;;;;;;;;;;;;;;;;;;;;;
;;;;;;;;;Jalan Komplek Villa Mutiara Mas III;327,02;;-0.08430720053980204, 109.348425424101;;;;;;;;;;;;;;;;;;;;;;;;
;;;;;;;;;Gang Sulaiman ;110,58;;-0.0858854988477842, 109.34973173961474;;;;;;;;;;;;;;;;;;;;;;;;
;;;;;;;;;Gang H.M. Saleh II;317,81;;-0.08582297887731766, 109.34752827830509;;;;;;;;;;;;;;;;;;;;;;;;
;;;;;;;;;Gang Hj. Zainab;345,42;;-0.0859397746424053, 109.3471647005297;;;;;;;;;;;;;;;;;;;;;;;;
;;;;;;;;;Jalan Mitra Indah Utama 8;342,41;;-0.08695585408870168, 109.34676126403335;;;;;;;;;;;;;;;;;;;;;;;;
;;;;;;;;;Jalan Villa Permata Indah;358,49;;-0.0873578323881071, 109.34635705388058;;;;;;;;;;;;;;;;;;;;;;;;
;;;;;;;;;Jalan Villa Gading Mansion 2;339,79;;-0.08772580180964847, 109.34617179899952;;;;;;;;;;;;;;;;;;;;;;;;
;;;;;;;;;Gang Permata Lestari;88,75;;-0.0891774031444503, 109.3480189018279;;;;;;;;;;;;;;;;;;;;;;;;
;;;;;;;;;Komplek Pesona Serdam;266,91;;-0.08856875535283834, 109.34633016014884;;;;;;;;;;;;;;;;;;;;;;;;
;;;;;;;;;Jalan Villa Gading Mansion 1;363,68;;-0.0885346105624557, 109.34541361487652;;;;;;;;;;;;;;;;;;;;;;;;
;;;;;;;;;Jalan Griya Pesona;401,8;;-0.09022140779403283, 109.3477119232121;;;;;;;;;;;;;;;;;;;;;;;;
;;;;;;;;;Jalan DISBUN 1;368,2;;-0.08974149039734843, 109.34529527580027;;;;;;;;;;;;;;;;;;;;;;;;
;;;;;;;;;Jalan Sejahtera 3;327,85;;-0.09066479191521544, 109.34594145883192;;;;;;;;;;;;;;;;;;;;;;;;
;;;;;;;;;Komplek Disbun 2;409,1;;-0.09462642659592066, 109.3412006573903;;;;;;;;;;;;;;;;;;;;;;;;
;;;;;;;;;Gang H. Husein;422,29;;-0.09610691639821164, 109.34313485453892;;;;;;;;;;;;;;;;;;;;;;;;
;;;;;;;;;Komplek Taman Anggrek Serdam;361,19;;-0.09553450946836696, 109.34107266991857;;;;;;;;;;;;;;;;;;;;;;;;
;Jalan Imam Bonjol;884,53;Ujung 1;-0.04581886787419029, 109.35383546424453;Gang Bansir I;188,96;;-0.04290916783678798, 109.3536680050471;;;;;;;;;;;;;;;;;;;;;;;;;;;;
;;;Ujung 2;-0.049249047534653645, 109.35677494492863;Gang Bansir II;277,51;;-0.04425683083212148, 109.35344988477485;;;;;;;;;;;;;;;;;;;;;;;;;;;;
;;;;;Gang Tj. Djambu;78,68;;-0.045294744579010275, 109.35259546989799;;;;;;;;;;;;;;;;;;;;;;;;;;;;
;;;;;Gang Bansir III;282,21;;-0.04377796212112026, 109.3553099572536;;;;;;;;;;;;;;;;;;;;;;;;;;;;
;;;;;Gang Tj. Saleh;138,59;;-0.04509566273005825, 109.35417598303837;;;;;;;;;;;;;;;;;;;;;;;;;;;;
;;;;;Gang Tanjung Mas;262,74;;-0.0454021320933813, 109.3554566871139;;;;;;;;;;;;;;;;;;;;;;;;;;;;
;;;;;Gang H. Ali;347,39;;-0.044719470034577116, 109.35660480803811;Gang Mendawai Tengah;405,68;;-0.046322104858748686, 109.35587735246784;Gang Mendawai 1;92,59;;-0.04581157200523887, 109.35654043227035;;;;;;;;;;;;;;;;;;;;
;;;;;;;;;;;;;Gang Mendawai 3;140,05;;-0.045918925765591666, 109.35733085383275;;;;;;;;;;;;;;;;;;;;
;;;;;;;;;;;;;Gang Mendawai IV;122,39;;-0.04617601658172355, 109.35755108445369;;;;;;;;;;;;;;;;;;;;
;;;;;;;;;;;;;Gang Busri;169,02;;-0.04736071588180813, 109.35896558798862;;;;;;;;;;;;;;;;;;;;
;;;;;Gang Famili;159,4;;-0.04670670120153486, 109.3552207325847;;;;;;;;;;;;;;;;;;;;;;;;;;;;
;;;;;Gang Mendawai;177,6;;-0.047042697260833044, 109.35562375156177;;;;;;;;;;;;;;;;;;;;;;;;;;;;
;;;;;Gang Mendawai II;71,99;;-0.047478784812998706, 109.3557880473519;;;;;;;;;;;;;;;;;;;;;;;;;;;;
;;;;;Gang A. Manaf;217,71;;-0.04784007292501009, 109.35667993995098;;;;;;;;;;;;;;;;;;;;;;;;;;;;
;;;;;Gang Pandu;178,89;;-0.05025051488079261, 109.35552290930077;;;;;;;;;;;;;;;;;;;;;;;;;;;;
;;;;;Gang H. Salmah;187,43;;-0.04792830429539357, 109.35743559534934;;;;;;;;;;;;;;;;;;;;;;;;;;;;
;;;;;Gang H. Dateng;65,13;;-0.049748154225585484, 109.35647987881434;;;;;;;;;;;;;;;;;;;;;;;;;;;;
;;;;;Gang Busri;186,96;;-0.04884375797409458, 109.35726227747062;;;;;;;;;;;;;;;;;;;;;;;;;;;;
;;;;;Gang Kusuma Wijaya;192,17;;-0.048318595854019555, 109.35824410203296;;;;;;;;;;;;;;;;;;;;;;;;;;;;
;Jalan Adi Sucipto;1500;Ujung 1;-0.05036731141470937, 109.35798934931607;Gang H. Mansyur;282,38;;-0.04812909676713269, 109.35897775023736;;;;;;;;;;;;;;;;;;;;;;;;;;;;
;;;Tengah 1;-0.05110522156405701, 109.35890892499603;Gang Darsyad;362,52;;-0.04763523716691099, 109.35980367579448;;;;;;;;;;;;;;;;;;;;;;;;;;;;
;;;Tengah 2;-0.05365099433959824, 109.36160275032822;Gang Permai;198,28;;-0.04909544920766945, 109.35901618533177;;;;;;;;;;;;;;;;;;;;;;;;;;;;
;;;Tengah 3;-0.057064967278943536, 109.36384285329517;Gang Empat Lima;302,98;;-0.04840472172155423, 109.35994700518617;;;;;;;;;;;;;;;;;;;;;;;;;;;;
;;;Ujung 2;-0.059576235808905795, 109.36556720600525;Gang H. Munaf;279,45;;-0.048956724416534377, 109.36013785366934;;;;;;;;;;;;;;;;;;;;;;;;;;;;
;;;;;Gang Keluarga;295,19;;-0.0491996696379877, 109.36069328671364;;;;;;;;;;;;;;;;;;;;;;;;;;;;
;;;;;Gang H. Saleh;277,97;;-0.049553290720888495, 109.36101153520391;;;;;;;;;;;;;;;;;;;;;;;;;;;;
;;;;;Gang H. Kasim;77,54;;-0.05212032166905715, 109.35915373897764;;;;;;;;;;;;;;;;;;;;;;;;;;;;
;;;;;Gang Hj. Mailamah;386,33;;-0.04967577078523629, 109.3612989533176;Gang H. Mansyur;66,5;;-0.050664897189427835, 109.36059932449928;;;;;;;;;;;;;;;;;;;;;;;;
;;;;;Gang H. Hasan;322,85;;-0.049692247303279036, 109.36182301795779;;;;;;;;;;;;;;;;;;;;;;;;;;;;
;;;;;Gang H. Mahmud;179,15;;-0.05301917129129195, 109.35917411744117;;;;;;;;;;;;;;;;;;;;;;;;;;;;
;;;;;Gang H. Aman;314,24;;-0.04998378700793183, 109.3618570938043;;;;;;;;;;;;;;;;;;;;;;;;;;;;
;;;;;Gang Haka Raya;222,13;;-0.05073976279980093, 109.36157299622313;;;;;;;;;;;;;;;;;;;;;;;;;;;;
;;;;;Gang HM Nuh;293,35;;-0.05060905270957745, 109.36222901902735;;;;;;;;;;;;;;;;;;;;;;;;;;;;
;;;;;Gang Teratai Tengah;186,04;;-0.05139890406229002, 109.36185264794379;;;;;;;;;;;;;;;;;;;;;;;;;;;;
;;;;;Gang Teratai;210,52;;-0.0515002774157901, 109.36219212550384;;;;;;;;;;;;;;;;;;;;;;;;;;;;
;;;;;Gang Nusantara;268,1;;-0.05214022405806572, 109.36286092926836;;;;;;;;;;;;;;;;;;;;;;;;;;;;
;;;;;Komplek H. Anwar;297,18;;-0.052927379881563916, 109.36258425478992;;;;;;;;;;;;;;;;;;;;;;;;;;;;
;;;;;Gang Amal Hidayah;158,27;;-0.053133943842088284, 109.36281016139014;;;;;;;;;;;;;;;;;;;;;;;;;;;;
;;;;;Gang Nusa Indah;265,19;;-0.05287828637797331, 109.36386905991809;;;;;;;;;;;;;;;;;;;;;;;;;;;;
;;;;;Gang Fitrah;273,93;;-0.05374588873853578, 109.36464327581838;;;;;;;;;;;;;;;;;;;;;;;;;;;;
;;;;;Gang Belitung I;277,29;;-0.05411659977494363, 109.36494254950404;Gang Belitung Tengah;238,09;;-0.05438641787150148, 109.3654006107038;;;;;;;;;;;;;;;;;;;;;;;;
;;;;;Gang Muria;73,95;;-0.05529882388185634, 109.36361458408372;;;;;;;;;;;;;;;;;;;;;;;;;;;;
;;;;;Gang Belitung II;292,74;;-0.05478644126909065, 109.36518454109458;;;;;;;;;;;;;;;;;;;;;;;;;;;;
;;;;;Gang H. Haris;257,89;;-0.05524709359463422, 109.3653695224428;;;;;;;;;;;;;;;;;;;;;;;;;;;;
;;;;;Gang H.M Tahar;88,86;;-0.05713000123864444, 109.36321945140699;;;;;;;;;;;;;;;;;;;;;;;;;;;;
;;;;;Gang Family;296,21;;-0.057082266794542216, 109.36404735365461;;;;;;;;;;;;;;;;;;;;;;;;;;;;
;;;;;Gang 777;243,29;;-0.058257813205391286, 109.36368532466099;;;;;;;;;;;;;;;;;;;;;;;;;;;;
;;;;;Gang Transmigrasi;267,43;;-0.05662075187680654, 109.36614912403861;;;;;;;;;;;;;;;;;;;;;;;;;;;;
;;;;;Jalan Laksda Adisucipto;245,65;;-0.057004381556636265, 109.36631084039367;;;;;;;;;;;;;;;;;;;;;;;;;;;;
;;;;;Gang Sosial;229,2;;-0.05747053977926801, 109.36654735321366;;;;;;;;;;;;;;;;;;;;;;;;;;;;
