shipment_id,ship_date,origin_city,dest_city,carrier,armada_type,weight_kg,volume_m3,value_goods_rp,distance_km,base_shipping_cost_rp,cost_value_ratio,dist_per_kg,delay_days,extra_cost_pct,extra_cost_amount_rp,is_high_risk,jawa_origin,jawa_dest,cross_island
SHP-00001,2026-01-22,Jambi,Semarang,JNE,pesawat,2.21,0.731,299313,1681.0,4336028,14.4866,760.63,0.8,74.42,3226872,1,0,1,1
SHP-00002,2026-03-09,Malang,Lampung,JX Express,kapal_laut,2.79,1.5646,295555,1345.2,4297573,14.5407,482.16,4.3,70.85,3044830,1,1,0,1
SHP-00003,2026-01-18,Semarang,Bogor,Ninja Xpress,pesawat,9.66,4.452,1326544,464.0,756093,0.57,48.04,0.0,4.308534501553886,32577,0,1,1,0
SHP-00004,2026-03-16,Malang,Lampung,J&T Express,truk,6.23,3.7104,1063017,1260.3,4579160,4.3077,202.29,0.0,0.813270485780424,37241,0,1,0,1
SHP-00005,2026-05-31,Malang,Bengkulu,Anteraja,truk,3.44,1.7845,291797,2479.0,10164090,34.8327,720.65,0.0,3.423071254949373,347924,0,1,0,1
SHP-00006,2026-05-09,Blitar,Ambon,JNE,pesawat,2.69,1.5439,364101,925.3,3467921,9.5246,343.96,0.0,3.214259351002121,111468,0,1,0,1
SHP-00007,2026-05-06,Tangerang,Yogyakarta,TIKI,pesawat,4.68,2.2233,640096,153.7,198877,0.3107,32.85,0.0,4.3055145483333295,8563,0,1,1,0
SHP-00008,2026-01-01,Jambi,Solo,JX Express,truk,2.24,0.9865,225604,2384.9,10018109,44.4057,1064.67,6.5,77.17,7730975,1,0,1,1
SHP-00009,2026-04-25,Depok,Semarang,Anteraja,motor,6.78,4.0108,908194,129.8,185016,0.2037,19.15,0.0,2.538314409888171,4696,0,1,1,0
SHP-00010,2026-02-10,Yogyakarta,Bogor,SiCepat,truk,3.66,1.2208,498137,655.1,680926,1.3669,178.98,2.5,72.96,496804,1,1,1,0
SHP-00011,2025-12-25,Ambon,Surabaya,SiCepat,kapal_laut,1.45,0.6989,268925,2010.5,8493826,31.5844,1386.57,0.0,1.9949614999871457,169449,0,0,1,1
SHP-00012,2026-06-06,Jambi,Bogor,Wahana,motor,1.81,0.7266,183821,940.4,2517998,13.6981,519.58,0.0,1.144708919055772,28824,0,0,1,1
SHP-00013,2026-05-21,Mataram,Depok,J&T Express,kapal_laut,1.93,0.8912,309970,1652.4,5134894,16.5658,856.18,0.0,2.035299807429683,104510,0,0,1,1
SHP-00014,2026-04-27,Semarang,Bengkulu,JX Express,pesawat,2.59,1.3435,424937,696.8,2443492,5.7502,269.05,5.9,72.27,1765912,1,1,0,1
SHP-00015,2026-06-11,Manado,Makassar,SiCepat,motor,1.64,0.9222,165701,1569.5,2661665,16.0631,957.04,0.0,2.702939690501525,71943,0,0,0,0
SHP-00016,2026-04-02,Surabaya,Samarinda,TIKI,kapal_laut,2.49,1.3929,284763,504.3,1753012,6.156,202.53,0.0,3.925646783970608,68817,0,1,0,1
SHP-00017,2026-01-30,Palembang,Lampung,Wahana,kapal_laut,1.99,0.6319,192753,701.8,1123028,5.8263,352.65,0.0,4.596935654160376,51625,0,0,0,0
SHP-00018,2026-03-26,Solo,Bandung,J&T Express,kapal_laut,5.6,3.2619,703100,79.8,70388,0.1001,14.25,0.0,2.826134619220447,1989,0,1,1,0
SHP-00019,2026-05-20,Tangerang,Malang,Ninja Xpress,kapal_laut,2.27,1.1206,319700,751.8,608444,1.9032,331.19,0.0,2.81496822819473,17128,0,1,1,0
SHP-00020,2026-01-30,Surabaya,Manado,TIKI,pesawat,1.68,0.5387,142083,1376.4,5310094,37.3732,819.27,12.4,75.56,4012307,1,1,0,1
SHP-00021,2026-06-01,Jakarta,Bengkulu,Anteraja,truk,3.23,1.5551,345843,1768.5,5588313,16.1585,547.52,0.0,4.5266824553966165,252965,0,1,0,1
SHP-00022,2025-12-20,Surabaya,Jambi,JX Express,pesawat,1.48,0.5021,175255,1383.7,5900207,33.6664,934.91,0.0,0.559369402946675,33004,0,1,0,1
SHP-00023,2026-04-12,Kupang,Yogyakarta,JNE,pesawat,3.31,1.1196,416712,2092.2,9732612,23.3557,632.1,0.0,1.0503826916987702,102230,0,0,1,1
SHP-00024,2026-03-01,Bengkulu,Semarang,Ninja Xpress,motor,5.33,1.8588,584387,1324.6,3905420,6.6829,248.52,0.0,3.9119324807381584,152777,0,0,1,1
SHP-00025,2026-04-17,Ternate,Bengkulu,TIKI,pesawat,0.93,0.3857,75568,519.3,1732909,22.9318,558.4,0.0,4.1026819048578105,71096,0,0,0,0
SHP-00026,2026-05-16,Blitar,Jakarta,TIKI,motor,0.81,0.478,87471,349.8,622973,7.1221,431.8,0.0,4.696185701623579,29256,0,1,1,0
SHP-00027,2026-01-28,Kupang,Tangerang,SiCepat,pesawat,1.43,0.6162,163820,2299.0,6840006,41.7532,1607.7,1.7,73.83,5049976,1,0,1,1
SHP-00028,2026-03-23,Bengkulu,Balikpapan,TIKI,pesawat,0.75,0.4322,101805,399.4,1318059,12.9469,532.53,0.0,3.3344645205286483,43950,0,0,0,0
SHP-00029,2026-04-22,Medan,Lampung,Anteraja,kapal_laut,1.16,0.4799,123517,1110.6,2567801,20.789,957.39,0.0,1.5193747463417688,39015,0,0,0,0
SHP-00030,2026-05-22,Palembang,Ternate,Ninja Xpress,motor,2.49,1.1288,430677,1377.5,3881492,9.0125,553.23,3.3,79.8,3097431,1,0,0,0
SHP-00031,2026-04-26,Ambon,Samarinda,TIKI,pesawat,2.11,0.6485,201906,1559.6,2566533,12.7115,739.14,0.0,3.1488269036885685,80816,0,0,0,0
SHP-00032,2026-06-02,Lampung,Medan,Wahana,motor,1.39,0.4193,214126,370.5,870877,4.0671,266.58,9.5,56.02,487865,1,0,0,0
SHP-00033,2026-02-25,Manado,Blitar,J&T Express,motor,1.48,0.6798,156978,2010.5,7250735,46.1895,1358.45,0.0,4.460101481705091,323390,0,0,1,1
SHP-00034,2026-05-26,Ambon,Manado,Wahana,kapal_laut,4.84,1.8283,509865,1425.3,3623972,7.1077,294.48,0.0,1.3729872345876915,49757,0,0,0,0
SHP-00035,2026-02-15,Lampung,Bekasi,TIKI,pesawat,0.62,0.201,52206,805.6,2444933,46.8324,1299.37,0.0,1.6544069551904177,40449,0,0,1,1
SHP-00036,2026-03-07,Palembang,Bandung,TIKI,motor,1.83,1.0684,182910,1651.4,6097640,33.3368,902.39,0.0,1.4930632618619173,91042,0,0,1,1
SHP-00037,2026-01-06,Mataram,Kupang,JX Express,kapal_laut,2.95,1.3148,348348,1477.0,4354814,12.5013,500.69,0.0,4.59770810334488,200222,0,0,0,0
SHP-00038,2026-02-27,Manado,Jakarta,JX Express,truk,1.42,0.7953,112717,1154.7,4199373,37.2559,813.17,6.4,69.03,2898827,1,0,1,1
SHP-00039,2026-01-21,Tangerang,Ambon,J&T Express,motor,6.08,3.0128,1025212,898.7,2292593,2.2362,147.82,0.4,77.69,1781116,1,1,0,1
SHP-00040,2026-03-10,Malang,Makassar,Anteraja,pesawat,1.26,0.6607,132148,2429.4,6730153,50.9289,1928.13,1.1,72.89,4905609,1,1,0,1
SHP-00041,2026-06-04,Medan,Lampung,TIKI,truk,5.25,1.9575,595714,1294.8,4028240,6.762,246.63,0.0,2.8296627768365794,113986,0,0,0,0
SHP-00042,2025-12-30,Bogor,Manado,JX Express,pesawat,1.26,0.5633,127540,2283.2,8332010,65.3286,1812.02,0.6,70.2,5849071,1,1,0,1
SHP-00043,2026-03-09,Tangerang,Pekanbaru,Wahana,motor,2.34,0.8904,391543,673.3,3167377,8.0895,287.75,1.9,77.1,2442048,1,1,0,1
SHP-00044,2026-03-02,Depok,Jakarta,Wahana,pesawat,1.98,1.0679,252481,575.9,619810,2.4549,290.85,8.9,70.8,438825,1,1,1,0
SHP-00045,2026-01-30,Banjarmasin,Manado,TIKI,motor,4.03,2.1677,290411,1306.9,2760626,9.5059,324.28,0.0,2.3663024437976237,65325,0,0,0,0
SHP-00046,2026-04-20,Bogor,Palembang,Ninja Xpress,pesawat,3.99,1.4979,287807,739.1,2837929,9.8605,185.24,0.0,0.9257492121883099,26272,0,1,0,1
SHP-00047,2026-01-02,Balikpapan,Banjarmasin,Anteraja,pesawat,2.16,0.8439,217151,272.8,438990,2.0216,126.31,0.0,4.720448073978703,20722,0,0,0,0
SHP-00048,2026-03-04,Mataram,Samarinda,Wahana,truk,7.38,3.2532,663042,282.2,954446,1.4395,38.24,0.0,4.110578226497152,39233,0,0,0,0
SHP-00049,2026-02-01,Banjarmasin,Surabaya,JNE,kapal_laut,1.31,0.5124,151085,2028.9,8147592,53.9272,1548.77,0.0,1.1284356853251731,91940,0,0,1,1
SHP-00050,2026-05-01,Medan,Makassar,Wahana,pesawat,1.77,0.8547,295950,532.5,1023416,3.4581,300.83,0.0,0.7852854669043857,8037,0,0,0,0
SHP-00051,2026-01-05,Manado,Surabaya,SiCepat,truk,2.22,0.979,159448,1065.4,4953233,31.0649,479.93,0.8,74.86,3707990,1,0,1,1
SHP-00052,2026-04-02,Padang,Bengkulu,TIKI,motor,1.8,0.6205,139374,295.4,911449,6.5396,164.12,0.0,4.1212015066000465,37563,0,0,0,0
SHP-00053,2026-01-18,Makassar,Semarang,Wahana,pesawat,3.0,0.9724,238242,1144.6,3578063,15.0186,381.55,9.8,79.36,2839551,1,0,1,1
SHP-00054,2026-02-14,Padang,Jakarta,Anteraja,truk,4.17,1.9002,401100,2493.9,8952351,22.3195,598.06,0.0,4.8452761803285185,433766,0,0,1,1
SHP-00055,2026-03-26,Bogor,Palembang,Ninja Xpress,pesawat,10.27,4.0971,1152515,2390.4,10837812,9.4036,232.75,0.0,2.2741295430086472,246466,0,1,0,1
SHP-00056,2025-12-18,Tangerang,Depok,J&T Express,motor,2.88,1.3119,355601,381.5,324916,0.9137,132.48,0.4,59.06,191895,1,1,1,0
SHP-00057,2026-05-06,Banjarmasin,Semarang,JNE,kapal_laut,4.1,1.2468,371573,2182.8,6076189,16.3526,532.39,0.0,3.2385484439187935,196780,0,0,1,1
SHP-00058,2026-05-28,Banjarmasin,Lampung,Anteraja,pesawat,2.54,1.1218,223775,505.0,1362808,6.0901,198.81,0.0,0.6825417229543229,9302,0,0,0,0
SHP-00059,2026-01-28,Tangerang,Samarinda,JX Express,pesawat,7.44,4.0635,652759,1673.9,8364784,12.8145,224.98,0.0,0.7429770919139456,62148,0,1,0,1
SHP-00060,2026-03-09,Banjarmasin,Bogor,Ninja Xpress,motor,2.8,0.9985,376249,967.1,4292933,11.4098,345.4,4.1,80.7,3464397,1,0,1,1
SHP-00061,2026-05-26,Medan,Bengkulu,SiCepat,motor,6.15,2.0302,650252,1656.7,2535913,3.8999,269.38,6.1,82.09,2081731,1,0,0,0
SHP-00062,2026-02-10,Banjarmasin,Ternate,Anteraja,pesawat,3.7,1.1992,420967,1053.8,3591630,8.5319,284.81,0.0,4.437193414546616,159368,0,0,0,0
SHP-00063,2026-05-03,Mataram,Manado,JNE,truk,1.26,0.4866,91159,1765.3,5332633,58.4982,1401.06,0.0,0.5025362016140872,26798,0,0,0,0
SHP-00064,2026-03-09,Lampung,Bekasi,JNE,truk,2.48,1.0107,231241,1324.1,5567194,24.0753,533.91,0.6,74.49,4147003,1,0,1,1
SHP-00065,2026-01-15,Pekanbaru,Bengkulu,TIKI,motor,2.84,1.0695,270937,1641.9,4688089,17.3032,578.15,1.7,73.22,3432619,1,0,0,0
SHP-00066,2025-12-28,Bekasi,Jambi,JX Express,pesawat,2.81,1.6855,299982,1262.7,4289991,14.3008,449.37,3.6,70.06,3005568,1,1,0,1
SHP-00067,2026-05-10,Medan,Tangerang,JNE,truk,4.34,2.3461,336812,1001.3,4394445,13.0472,230.7,0.0,3.4042754709101137,149599,0,0,1,1
SHP-00068,2026-02-06,Jambi,Semarang,JNE,pesawat,2.56,1.4666,249997,901.6,4026753,16.1072,352.18,0.0,1.8292876530756192,73661,0,0,1,1
SHP-00069,2026-03-05,Tangerang,Ambon,SiCepat,pesawat,5.94,3.333,794217,650.6,2853122,3.5924,109.53,3.4,79.06,2255678,1,1,0,1
SHP-00070,2026-01-22,Mataram,Ternate,Ninja Xpress,truk,3.21,1.6109,428569,1515.9,5124518,11.9573,472.23,0.8,73.56,3769595,1,0,0,0
SHP-00071,2026-04-15,Depok,Pekanbaru,TIKI,truk,3.89,1.9852,375753,590.7,1531686,4.0763,151.85,0.0,0.5806024036255475,8893,0,1,0,1
SHP-00072,2026-02-09,Kupang,Manado,SiCepat,motor,2.6,1.3596,361720,1387.6,2510287,6.9399,533.7,0.0,0.49510817355264247,12429,0,0,0,0
SHP-00073,2026-05-30,Pekanbaru,Palembang,Anteraja,truk,3.85,1.6686,341014,1769.5,3954213,11.5955,459.61,0.0,3.2241340487701384,127489,0,0,0,0
SHP-00074,2026-01-24,Medan,Tangerang,TIKI,truk,1.76,0.8657,190211,1167.0,5802476,30.5055,663.08,0.0,1.026027875714382,59535,0,0,1,1
SHP-00075,2026-06-08,Malang,Padang,TIKI,kapal_laut,2.44,1.3912,237765,789.4,2229972,9.3789,323.51,0.6,76.3,1701469,1,1,0,1
SHP-00076,2026-01-14,Yogyakarta,Jakarta,Ninja Xpress,kapal_laut,3.29,1.2489,278526,135.2,116785,0.4193,41.11,0.0,1.8101948690875602,2114,0,1,1,0
SHP-00077,2026-05-25,Semarang,Makassar,TIKI,truk,3.79,1.8685,404639,2194.6,7825240,19.3388,579.05,3.7,74.17,5803981,1,1,0,1
SHP-00078,2025-12-17,Depok,Pekanbaru,SiCepat,truk,1.08,0.5137,130218,1694.8,5486429,42.1326,1569.24,0.0,2.1509966291181164,118013,0,1,0,1
SHP-00079,2026-05-06,Semarang,Mataram,TIKI,motor,2.81,1.1287,298176,690.2,2461780,8.2561,245.61,0.0,1.8715051171776842,46072,0,1,0,1
SHP-00080,2026-06-01,Bengkulu,Banjarmasin,J&T Express,truk,6.18,2.9413,661977,395.6,873101,1.3189,64.01,0.0,3.7514212512573915,32754,0,0,0,0
SHP-00081,2026-02-25,Bekasi,Pekanbaru,Anteraja,pesawat,1.31,0.4538,180067,1200.2,4669683,25.933,916.2,1.0,69.1,3226751,1,1,0,1
SHP-00082,2026-01-03,Mataram,Manado,JNE,pesawat,1.54,0.8142,202650,490.2,875831,4.3219,318.34,0.0,0.3479271062416822,3047,0,0,0,0
SHP-00083,2025-12-24,Jakarta,Surabaya,TIKI,motor,2.65,1.0892,403303,475.7,420970,1.0438,179.51,0.5,69.25,291522,1,1,1,0
SHP-00084,2025-12-26,Surabaya,Tangerang,Wahana,motor,2.92,1.1153,298028,372.4,403439,1.3537,127.55,0.0,2.433163766821254,9816,0,1,1,0
SHP-00085,2026-01-22,Bekasi,Bandung,TIKI,motor,9.64,3.7291,850829,373.0,346578,0.4073,38.69,0.0,1.1505535803832982,3988,0,1,1,0
SHP-00086,2026-03-03,Ambon,Bengkulu,Ninja Xpress,truk,1.99,0.8574,166700,700.9,1653114,9.9167,352.21,3.1,76.28,1260995,1,0,0,0
SHP-00087,2026-02-04,Jakarta,Depok,SiCepat,motor,1.58,0.7224,150800,304.6,345172,2.2889,192.81,2.1,49.47,170757,1,1,1,0
SHP-00088,2026-04-30,Malang,Kupang,Ninja Xpress,pesawat,10.93,5.9515,831333,894.5,3583539,4.3106,81.84,0.0,3.2775450525936956,117452,0,1,0,1
SHP-00089,2026-05-07,Samarinda,Jambi,Wahana,motor,8.93,3.8816,1342086,1216.5,3344149,2.4918,136.22,0.0,3.1360870344988587,104875,0,0,0,0
SHP-00090,2026-05-22,Makassar,Surabaya,Wahana,motor,5.83,2.7834,454174,1423.5,3692546,8.1302,244.17,1.0,77.45,2859877,1,0,1,1
SHP-00091,2026-05-30,Pekanbaru,Pontianak,JX Express,motor,18.27,9.531,1885661,1114.7,2091619,1.1092,61.01,0.0,2.5068365093641383,52433,0,0,0,0
SHP-00092,2026-03-20,Makassar,Semarang,Ninja Xpress,truk,3.02,1.1305,321997,1545.5,4477094,13.9041,511.75,1.0,77.59,3473777,1,0,1,1
SHP-00093,2026-03-17,Bengkulu,Pekanbaru,JNE,pesawat,3.88,2.0064,607876,1597.2,3460795,5.6933,411.66,0.0,0.7071419029215892,24473,0,0,0,0
SHP-00094,2025-12-21,Bekasi,Jambi,JX Express,kapal_laut,14.53,5.7085,1815982,2126.4,8878212,4.8889,146.34,0.0,3.693873360647414,327950,0,1,0,1
SHP-00095,2026-02-05,Pontianak,Surabaya,JX Express,pesawat,1.46,0.8546,175955,884.0,4420001,25.1201,605.49,1.1,73.9,3266381,1,0,1,1
SHP-00096,2026-06-03,Samarinda,Manado,JNE,pesawat,8.27,3.9628,607106,1308.6,3597842,5.9262,158.23,0.0,3.605914989027135,129735,0,0,0,0
SHP-00097,2025-12-23,Palembang,Bogor,TIKI,motor,4.75,2.5419,386160,2431.2,10845372,28.0852,511.83,0.0,0.9700808811128492,105209,0,0,1,1
SHP-00098,2026-05-19,Padang,Makassar,Wahana,pesawat,5.34,2.2727,399889,1167.5,3789585,9.4766,218.63,2.0,74.71,2831199,1,0,0,0
SHP-00099,2026-03-05,Lampung,Mataram,J&T Express,pesawat,2.7,1.4831,290805,1506.7,4925876,16.9388,558.05,0.0,2.074484529095027,102187,0,0,0,0
SHP-00100,2025-12-18,Pontianak,Bogor,TIKI,motor,6.77,2.0882,1182707,1799.9,8060861,6.8156,265.87,1.0,77.94,6282635,1,0,1,1
SHP-00101,2026-04-15,Ambon,Yogyakarta,Wahana,motor,10.59,3.2374,795291,2380.5,9574654,12.0392,224.78,0.0,3.8808631631769823,371579,0,0,1,1
SHP-00102,2026-05-09,Bekasi,Semarang,JNE,kapal_laut,2.01,0.8786,219278,497.6,406221,1.8525,247.54,0.0,1.2096906721049665,4914,0,1,1,0
SHP-00103,2026-01-24,Bekasi,Palembang,JNE,pesawat,1.9,0.9487,209918,635.4,2423988,11.5473,334.4,0.0,4.941657427982337,119785,0,1,0,1
SHP-00104,2026-05-01,Jakarta,Medan,Wahana,truk,4.72,2.4538,680502,1970.4,6563900,9.6457,417.45,2.4,79.14,5194670,1,1,0,1
SHP-00105,2026-02-03,Ambon,Samarinda,Wahana,motor,6.16,1.9646,806481,669.5,1062919,1.318,108.69,0.1,80.33,853843,1,0,0,0
SHP-00106,2026-03-08,Medan,Ambon,Wahana,pesawat,0.61,0.1917,66350,1478.9,3510878,52.9145,2424.5,0.0,2.198683168539311,77193,0,0,0,0
SHP-00107,2026-03-23,Depok,Solo,Wahana,motor,1.53,0.5814,125302,373.0,669491,5.343,243.76,1.0,54.01,361592,1,1,1,0
SHP-00108,2026-05-31,Bengkulu,Bekasi,Anteraja,motor,3.61,1.83,273942,2240.1,7574584,27.6503,620.52,0.0,1.372776800374288,103982,0,0,1,1
SHP-00109,2026-03-14,Surabaya,Bengkulu,JX Express,pesawat,3.17,1.1031,315009,1856.2,6673761,21.1859,585.55,0.8,76.14,5081402,1,1,0,1
SHP-00110,2026-03-07,Medan,Padang,JNE,kapal_laut,1.72,0.8121,189029,1239.3,2477632,13.1072,720.52,4.0,71.66,1775471,1,0,0,0
SHP-00111,2026-05-23,Manado,Semarang,Anteraja,pesawat,3.92,1.8956,654822,900.4,2556402,3.904,229.68,0.6,78.13,1997317,1,0,1,1
SHP-00112,2026-04-24,Ternate,Bengkulu,Ninja Xpress,pesawat,4.84,1.8736,388373,1335.3,3872962,9.9723,275.89,1.3,75.65,2929896,1,0,0,0
SHP-00113,2026-03-02,Ternate,Yogyakarta,TIKI,motor,1.51,0.7029,139433,1118.6,5591775,40.1037,740.78,0.0,2.6284782741515005,146979,0,0,1,1
SHP-00114,2026-05-31,Ambon,Padang,J&T Express,kapal_laut,2.55,1.0286,421373,1223.7,2280831,5.4129,479.87,0.0,2.1630914324098742,49336,0,0,0,0
SHP-00115,2026-05-13,Ambon,Semarang,SiCepat,pesawat,1.8,0.923,237227,2289.9,10567287,44.545,1272.14,3.0,76.51,8085031,1,0,1,1
SHP-00116,2026-01-01,Jambi,Bekasi,J&T Express,kapal_laut,3.76,1.3211,577360,1175.2,5652694,9.7906,312.56,6.0,71.81,4059200,1,0,1,1
SHP-00117,2025-12-21,Samarinda,Padang,Anteraja,kapal_laut,4.8,2.3601,593407,663.5,2264638,3.8163,138.22,0.0,4.023440771078665,91116,0,0,0,0
SHP-00118,2026-03-04,Medan,Bekasi,Wahana,truk,3.78,1.6053,384513,787.3,3664042,9.529,208.29,13.3,74.45,2727879,1,0,1,1
SHP-00119,2026-05-05,Yogyakarta,Samarinda,Ninja Xpress,truk,2.12,0.8061,156462,1080.4,3738672,23.8951,509.63,0.0,1.2413514019059328,46410,0,1,0,1
SHP-00120,2026-04-20,Ambon,Depok,Ninja Xpress,kapal_laut,5.15,2.3402,523819,546.4,2656957,5.0723,106.09,0.0,4.833433152762377,128422,0,0,1,1
SHP-00121,2026-03-03,Padang,Bogor,JNE,truk,1.72,0.9509,190474,516.4,1429654,7.5058,300.21,0.9,66.98,957582,1,0,1,1
SHP-00122,2026-05-15,Bogor,Bandung,JX Express,truk,3.28,1.5284,279996,623.3,672993,2.4036,190.03,0.0,3.401993200594304,22895,0,1,1,0
SHP-00123,2026-02-13,Yogyakarta,Semarang,JX Express,pesawat,4.75,2.763,517085,431.8,561428,1.0858,90.91,0.4,62.78,352464,1,1,1,0
SHP-00124,2026-01-21,Pontianak,Makassar,SiCepat,kapal_laut,1.9,0.6626,324496,678.8,1474806,4.5449,357.25,0.0,2.661699149379382,39255,0,0,0,0
SHP-00125,2025-12-29,Bekasi,Banjarmasin,JNE,pesawat,2.47,1.0497,310803,2244.2,9140959,29.4108,908.58,0.0,1.3276521849286067,121360,0,1,0,1
SHP-00126,2026-06-10,Ternate,Samarinda,TIKI,truk,3.33,1.6274,494964,436.4,1248856,2.5231,131.06,8.9,61.32,765798,1,0,0,0
SHP-00127,2026-01-22,Makassar,Depok,JX Express,kapal_laut,2.68,1.2075,323506,2196.8,9486694,29.3246,819.68,0.0,2.5934160578005647,246029,0,0,1,1
SHP-00128,2026-01-09,Depok,Bengkulu,Wahana,motor,2.38,1.3653,225799,2044.0,8793837,38.9454,858.81,0.0,3.4665665501491043,304844,0,1,0,1
SHP-00129,2026-04-05,Banjarmasin,Malang,TIKI,pesawat,3.24,1.9177,285340,914.6,3898266,13.6618,282.27,1.3,78.95,3077681,1,0,1,1
SHP-00130,2026-01-28,Bekasi,Semarang,JX Express,motor,4.67,1.804,551094,381.8,403331,0.7319,81.75,0.0,1.0103400360029824,4075,0,1,1,0
SHP-00131,2026-05-05,Tangerang,Manado,Anteraja,kapal_laut,5.14,1.901,401710,1444.8,6072498,15.1166,281.09,10.0,80.78,4905364,1,1,0,1
SHP-00132,2026-06-05,Palembang,Jambi,Wahana,motor,5.66,2.1857,416205,1430.0,4010462,9.6358,252.64,4.0,79.5,3188317,1,0,0,0
SHP-00133,2026-03-21,Solo,Palembang,SiCepat,truk,7.01,3.1448,1303328,2352.1,11035622,8.4673,335.53,2.5,73.25,8083593,1,1,0,1
SHP-00134,2026-01-20,Bekasi,Makassar,Wahana,kapal_laut,5.92,2.1184,414922,1417.8,4456466,10.7405,239.5,4.0,78.91,3516597,1,1,0,1
SHP-00135,2026-04-12,Bengkulu,Samarinda,TIKI,kapal_laut,4.12,1.7372,406185,841.3,1422501,3.5021,204.21,0.0,2.3872704924494648,33959,0,0,0,0
SHP-00136,2026-05-05,Jakarta,Tangerang,JX Express,kapal_laut,2.78,1.1089,350428,246.2,285441,0.8145,88.55,3.3,46.76,133472,1,1,1,0
SHP-00137,2026-01-28,Medan,Bengkulu,Anteraja,truk,2.52,1.4798,278227,1782.1,4004915,14.3944,707.2,0.0,4.5639844414155215,182784,0,0,0,0
SHP-00138,2026-04-24,Ternate,Bengkulu,TIKI,kapal_laut,4.75,2.547,564108,778.9,2597086,4.6039,163.97,5.3,78.65,2042608,1,0,0,0
SHP-00139,2026-02-03,Padang,Manado,SiCepat,kapal_laut,2.07,0.6932,205109,345.5,870936,4.2462,166.91,0.0,2.2671615008989097,19746,0,0,0,0
SHP-00140,2026-01-27,Palembang,Makassar,JNE,motor,3.88,1.1893,266344,548.6,903097,3.3907,141.4,0.0,3.5019243904858794,31626,0,0,0,0
SHP-00141,2026-03-10,Bandung,Kupang,J&T Express,motor,1.33,0.7058,228698,1791.8,6362375,27.82,1347.19,0.0,1.9123980942568601,121674,0,1,0,1
SHP-00142,2026-03-09,Medan,Surabaya,SiCepat,pesawat,2.64,1.5671,421651,2457.0,8986433,21.3125,930.67,0.0,2.120640148667008,190570,0,0,1,1
SHP-00143,2026-06-10,Ambon,Blitar,TIKI,motor,2.41,1.4007,241913,2119.0,7518272,31.0784,879.24,0.0,4.418783109226872,332216,0,0,1,1
SHP-00144,2026-05-31,Blitar,Malang,J&T Express,truk,3.57,1.7907,426440,83.2,103054,0.2417,23.3,0.0,3.771928543736422,3887,0,1,1,0
SHP-00145,2026-03-30,Yogyakarta,Pontianak,Anteraja,kapal_laut,10.07,3.9844,1354098,1141.3,3714358,2.743,113.34,3.2,73.21,2719281,1,1,0,1
SHP-00146,2026-04-28,Tangerang,Bandung,SiCepat,motor,3.19,1.2866,370411,443.3,663384,1.7909,138.98,0.0,1.4994424721770057,9947,0,1,1,0
SHP-00147,2026-04-13,Samarinda,Manado,Wahana,kapal_laut,5.02,2.5716,855146,1099.8,3778503,4.4185,219.09,0.0,0.6704637552953902,25333,0,0,0,0
SHP-00148,2026-02-12,Tangerang,Malang,Ninja Xpress,truk,1.94,0.9741,290223,191.1,298475,1.0284,98.52,0.0,2.7942523813626363,8340,0,1,1,0
SHP-00149,2026-04-09,Malang,Mataram,Ninja Xpress,pesawat,2.92,1.4055,343999,1604.2,7120515,20.6992,549.37,2.3,77.07,5487781,1,1,0,1
SHP-00150,2026-01-17,Bogor,Pontianak,Wahana,motor,2.47,1.4185,248180,1625.0,4961577,19.9918,657.91,0.9,80.35,3986627,1,1,0,1
SHP-00151,2026-01-01,Balikpapan,Palembang,Anteraja,kapal_laut,2.0,0.9419,200309,1709.5,3718476,18.5637,854.77,0.0,2.443105502669076,90846,0,0,0,0
SHP-00152,2026-05-26,Balikpapan,Banjarmasin,Wahana,kapal_laut,4.34,1.4842,415945,1623.0,5649032,13.5812,373.96,0.0,2.619722077020397,147989,0,0,0,0
SHP-00153,2026-01-08,Ambon,Bengkulu,JNE,truk,1.69,0.6243,154401,1009.2,2267007,14.6826,597.14,0.0,3.3337736477666984,75577,0,0,0,0
SHP-00154,2026-04-07,Banjarmasin,Bengkulu,Wahana,truk,7.56,4.3314,501226,438.2,825577,1.6471,57.97,0.0,4.076071953566413,33651,0,0,0,0
SHP-00155,2026-06-06,Ternate,Medan,J&T Express,pesawat,7.19,2.6816,814971,1524.9,2533214,3.1083,212.09,0.0,3.249472258969614,82316,0,0,0,0
SHP-00156,2026-05-21,Surabaya,Medan,JX Express,motor,3.18,0.963,292525,1367.8,6101761,20.8589,430.13,0.0,4.289801566818347,261753,0,1,0,1
SHP-00157,2026-04-22,Kupang,Pontianak,JNE,kapal_laut,6.42,2.0157,686692,1638.9,4305419,6.2698,255.28,7.9,71.69,3086555,1,0,0,0
SHP-00158,2025-12-20,Padang,Yogyakarta,JX Express,truk,1.87,0.8789,288494,1581.1,5470084,18.9608,845.52,0.0,3.9524904261707494,216205,0,0,1,1
SHP-00159,2026-02-19,Balikpapan,Surabaya,Ninja Xpress,truk,1.75,0.5649,228763,1691.2,8324681,36.39,966.41,3.0,79.84,6646425,1,0,1,1
SHP-00160,2026-01-03,Banjarmasin,Blitar,Ninja Xpress,motor,2.41,1.2007,222007,2096.1,8977161,40.4364,869.76,0.5,80.77,7250853,1,0,1,1
SHP-00161,2026-02-03,Yogyakarta,Balikpapan,JX Express,pesawat,2.56,1.4922,329108,704.5,1914901,5.8185,275.18,0.0,2.7849251611061394,53329,0,1,0,1
SHP-00162,2026-04-13,Palembang,Semarang,JNE,truk,2.54,1.2177,242920,1083.7,3759878,15.4778,426.65,6.9,77.3,2906386,1,0,1,1
SHP-00163,2026-04-12,Padang,Pontianak,SiCepat,motor,1.88,0.7154,135739,641.5,1346914,9.9228,341.24,0.0,1.8056245614476403,24320,0,0,0,0
SHP-00164,2025-12-30,Balikpapan,Jambi,Wahana,kapal_laut,2.85,0.8608,369854,807.8,2604745,7.0426,283.45,0.0,2.153081104735861,56082,0,0,0,0
SHP-00165,2026-04-13,Pekanbaru,Yogyakarta,Anteraja,pesawat,4.25,1.8857,368861,1138.3,4936912,13.3842,267.83,0.0,4.838815427418027,238888,0,0,1,1
SHP-00166,2026-03-02,Depok,Medan,Anteraja,motor,0.73,0.2249,120959,919.3,4131516,34.1563,1259.31,0.0,0.3457933596881313,14287,0,1,0,1
SHP-00167,2025-12-19,Bengkulu,Banjarmasin,SiCepat,pesawat,1.38,0.7101,138920,1785.1,4388665,31.5913,1293.57,0.0,2.5330632151475454,111168,0,0,0,0
SHP-00168,2025-12-31,Palembang,Manado,JNE,pesawat,9.06,4.332,998917,597.2,1689624,1.6915,65.91,2.8,73.93,1249139,1,0,0,0
SHP-00169,2026-03-06,Bengkulu,Jambi,JX Express,pesawat,6.96,2.11,687232,1030.1,2741071,3.9886,148.0,0.0,2.228892757524534,61096,0,0,0,0
SHP-00170,2026-05-28,Makassar,Samarinda,SiCepat,pesawat,4.32,1.7406,590146,757.3,1283777,2.1754,175.3,0.0,2.2622359662841807,29042,0,0,0,0
SHP-00171,2026-04-16,Bekasi,Bandung,J&T Express,truk,8.33,4.1912,983542,232.9,226984,0.2308,27.96,2.5,50.23,114014,1,1,1,0
SHP-00172,2026-05-29,Ternate,Medan,SiCepat,kapal_laut,3.87,1.1949,389524,1147.5,2613685,6.7099,296.52,0.0,1.0289223968366095,26893,0,0,0,0
SHP-00173,2026-03-17,Padang,Semarang,SiCepat,pesawat,2.16,0.818,308273,1778.2,7099402,23.0296,823.25,0.0,2.93502357282609,208369,0,0,1,1
SHP-00174,2026-02-04,Bogor,Mataram,Wahana,kapal_laut,9.0,3.5031,831286,767.9,2146002,2.5815,85.32,0.6,77.93,1672379,1,1,0,1
SHP-00175,2026-01-07,Medan,Palembang,SiCepat,motor,2.57,1.1853,466819,477.2,875012,1.8744,185.67,0.6,74.07,648121,1,0,0,0
SHP-00176,2026-05-03,Bandung,Mataram,Ninja Xpress,truk,2.94,1.2206,382989,1318.3,4916239,12.8365,448.39,0.0,2.219258714046311,109104,0,1,0,1
SHP-00177,2026-05-16,Surabaya,Padang,JNE,kapal_laut,2.23,1.0287,199417,1985.0,8763537,43.9458,890.15,0.0,0.5660549764601158,49606,0,1,0,1
SHP-00178,2026-04-08,Tangerang,Samarinda,Ninja Xpress,truk,4.84,1.7693,606463,1807.3,5636795,9.2945,373.42,0.0,0.16115197724596908,9084,0,1,0,1
SHP-00179,2026-04-23,Bogor,Mataram,J&T Express,motor,4.5,2.3458,702089,1720.5,6142988,8.7496,382.34,0.0,3.924246549852924,241066,0,1,0,1
SHP-00180,2026-05-11,Ternate,Bandung,Ninja Xpress,pesawat,3.38,2.0067,354460,2404.8,9104643,25.686,711.48,0.0,4.075904529363854,371097,0,0,1,1
SHP-00181,2026-01-03,Samarinda,Ternate,JX Express,truk,1.23,0.6747,181300,983.1,2610074,14.3964,799.3,1.6,69.39,1811130,1,0,0,0
SHP-00182,2026-02-17,Ternate,Kupang,J&T Express,motor,3.07,1.7834,412690,723.7,1089074,2.639,235.72,0.0,3.663620132697435,39900,0,0,0,0
SHP-00183,2026-02-10,Jambi,Bengkulu,Ninja Xpress,truk,4.97,2.9345,682394,716.6,1481313,2.1708,144.18,0.0,0.652971251537729,9673,0,0,0,0
SHP-00184,2025-12-30,Ternate,Depok,JNE,truk,2.86,1.5939,222130,2416.1,7262193,32.6934,844.78,0.0,0.6595654369200676,47899,0,0,1,1
SHP-00185,2025-12-29,Bekasi,Solo,Anteraja,truk,3.71,1.5269,424849,347.3,383895,0.9036,93.6,0.0,1.1707192074220973,4494,0,1,1,0
SHP-00186,2026-02-12,Surabaya,Lampung,J&T Express,truk,2.18,1.0423,245306,516.1,1733631,7.0672,236.75,5.9,74.24,1287048,1,1,0,1
SHP-00187,2026-01-30,Surabaya,Blitar,JX Express,truk,3.91,1.5406,433324,630.1,978638,2.2584,161.15,14.9,71.24,697182,1,1,1,0
SHP-00188,2026-05-14,Padang,Jakarta,SiCepat,motor,2.47,1.2955,381489,1384.8,4214003,11.0462,560.63,0.0,0.7000657078789785,29501,0,0,1,1
SHP-00189,2025-12-20,Padang,Balikpapan,JX Express,pesawat,6.01,2.0551,448318,1085.4,2930691,6.5371,180.6,0.0,3.8948482625662995,114146,0,0,0,0
SHP-00190,2026-02-07,Jakarta,Mataram,Anteraja,kapal_laut,3.11,1.6307,229450,2295.8,11218960,48.895,738.21,0.0,0.5637183130190426,63243,0,1,0,1
SHP-00191,2026-05-30,Jambi,Pekanbaru,J&T Express,truk,3.35,1.6914,568705,1432.6,2196699,3.8626,427.64,0.9,71.4,1568443,1,0,0,0
SHP-00192,2026-05-06,Ternate,Medan,Anteraja,motor,2.63,1.2944,244910,333.8,553381,2.2595,126.9,0.0,4.871566921772811,26958,0,0,0,0
SHP-00193,2025-12-26,Manado,Depok,JX Express,truk,2.12,1.2424,173583,2349.3,6554344,37.7591,1108.14,0.0,0.2751430984322001,18034,0,0,1,1
SHP-00194,2026-06-07,Balikpapan,Bengkulu,SiCepat,truk,2.16,1.181,195700,1399.6,4544526,23.2219,647.98,0.0,0.5902836014118151,26826,0,0,0,0
SHP-00195,2026-05-05,Depok,Ternate,JX Express,pesawat,3.1,1.8368,383287,1521.6,4014795,10.4746,490.83,0.0,0.8344069632771528,33500,0,1,0,1
SHP-00196,2026-01-24,Tangerang,Samarinda,J&T Express,truk,1.7,0.5325,202105,1443.5,4990928,24.6947,849.13,8.0,77.53,3869466,1,1,0,1
SHP-00197,2026-02-02,Ternate,Lampung,JX Express,kapal_laut,2.19,1.1302,161879,796.5,1994484,12.3208,363.7,0.0,0.8967217513615283,17885,0,0,0,0
SHP-00198,2026-04-25,Bandung,Medan,J&T Express,motor,2.42,1.0576,224072,2069.0,8998020,40.1568,854.96,1.4,80.72,7263202,1,1,0,1
SHP-00199,2026-03-28,Balikpapan,Kupang,TIKI,kapal_laut,1.27,0.4698,159372,1603.5,5455136,34.2289,1262.61,3.2,73.16,3990977,1,0,0,0
SHP-00200,2026-03-11,Semarang,Malang,TIKI,motor,2.97,1.7793,291407,741.0,1257615,4.3157,249.48,0.0,3.5042345484933977,44070,0,1,1,0
SHP-00201,2026-03-06,Makassar,Balikpapan,J&T Express,truk,3.05,1.2758,273099,1259.9,2219227,8.1261,413.09,5.7,80.26,1781152,1,0,0,0
SHP-00202,2026-05-15,Lampung,Ambon,Ninja Xpress,pesawat,2.82,1.6442,293391,374.4,640642,2.1836,132.75,0.0,1.5701664390605892,10059,0,0,0,0
SHP-00203,2026-05-22,Manado,Bogor,TIKI,motor,2.29,0.7694,231737,2152.8,9132484,39.4088,940.08,5.4,73.05,6671280,1,0,1,1
SHP-00204,2026-02-16,Lampung,Blitar,Ninja Xpress,motor,3.13,1.1833,335938,1308.8,4751546,14.1441,418.14,0.0,1.2492631411077553,59359,0,0,1,1
SHP-00205,2026-02-21,Semarang,Ternate,SiCepat,truk,5.1,2.4944,669674,1017.6,4611816,6.8867,199.54,0.2,81.4,3754018,1,1,0,1
SHP-00206,2026-01-08,Ternate,Yogyakarta,J&T Express,pesawat,2.34,1.0503,238895,1207.9,5762537,24.1216,516.19,1.8,72.49,4177263,1,0,1,1
SHP-00207,2026-01-26,Pekanbaru,Blitar,Anteraja,motor,2.45,0.7798,190877,898.9,4235359,22.1889,366.9,0.0,3.1537719441237773,133574,0,0,1,1
SHP-00208,2026-04-04,Ternate,Jakarta,JX Express,pesawat,2.73,1.1008,291549,1040.9,2669999,9.158,381.27,0.0,0.14651730268317342,3912,0,0,1,1
SHP-00209,2026-03-16,Bandung,Ternate,Wahana,pesawat,3.74,2.0379,395629,2492.8,7599325,19.2082,666.52,0.0,3.9869534368970436,302982,0,1,0,1
SHP-00210,2026-04-27,Ambon,Mataram,SiCepat,kapal_laut,2.02,1.0533,223997,1325.5,2920614,13.0386,656.2,0.0,0.7105114520754247,20751,0,0,0,0
SHP-00211,2026-03-24,Ambon,Ternate,Wahana,pesawat,0.95,0.2907,96904,1182.6,3681353,37.9897,1244.86,0.6,71.93,2647997,1,0,0,0
SHP-00212,2026-05-01,Bandung,Jakarta,SiCepat,kapal_laut,2.66,1.0388,189256,761.5,1212220,6.4052,286.29,0.0,3.24590132822407,39347,0,1,1,0
SHP-00213,2026-01-20,Lampung,Manado,Ninja Xpress,kapal_laut,7.51,3.1055,865016,484.3,728241,0.8419,64.49,0.0,2.8641739633530907,20858,0,0,0,0
SHP-00214,2025-12-25,Bandung,Solo,Ninja Xpress,kapal_laut,3.52,1.58,271196,310.1,347171,1.2801,88.1,0.0,4.815398122695312,16718,0,1,1,0
SHP-00215,2026-03-17,Jambi,Balikpapan,Ninja Xpress,motor,4.07,2.182,386927,901.2,2108071,5.4482,221.41,1.6,82.56,1740423,1,0,0,0
SHP-00216,2026-03-19,Manado,Medan,J&T Express,motor,6.07,3.2018,564456,1478.7,2316883,4.1046,243.61,0.9,72.05,1669314,1,0,0,0
SHP-00217,2026-02-23,Solo,Kupang,JX Express,kapal_laut,5.08,2.8927,464304,1727.3,6402789,13.7901,340.02,8.6,71.46,4575433,1,1,0,1
SHP-00218,2026-02-09,Solo,Bandung,J&T Express,pesawat,2.06,1.0489,306024,248.9,269244,0.8798,120.85,0.2,49.04,132037,1,1,1,0
SHP-00219,2026-05-16,Yogyakarta,Bandung,Ninja Xpress,truk,2.7,1.3462,270077,69.3,67280,0.2491,25.67,0.0,0.40968047356496173,276,0,1,1,0
SHP-00220,2026-02-15,Bekasi,Ternate,JX Express,motor,2.9,0.9493,277709,2271.0,7774728,27.996,783.1,0.0,1.3164798334144212,102353,0,1,0,1
SHP-00221,2026-02-01,Tangerang,Blitar,Anteraja,truk,0.92,0.3027,138194,360.5,561087,4.0601,391.84,0.2,51.21,287333,1,1,1,0
SHP-00222,2026-05-15,Palembang,Manado,Wahana,kapal_laut,2.92,1.6668,380083,1640.7,5087735,13.3859,561.89,0.0,3.101365571746515,157789,0,0,0,0
SHP-00223,2026-05-28,Samarinda,Makassar,SiCepat,kapal_laut,1.54,0.9186,220897,1203.6,3813144,17.2621,781.53,7.3,78.35,2987598,1,0,0,0
SHP-00224,2026-01-16,Surabaya,Medan,JX Express,pesawat,6.44,3.704,583395,1675.2,7461487,12.7898,260.12,0.5,75.37,5623723,1,1,0,1
SHP-00225,2026-03-05,Samarinda,Semarang,J&T Express,truk,1.48,0.698,134482,1305.9,5283358,39.2867,882.4,0.0,2.0085994913720535,106122,0,0,1,1
SHP-00226,2026-03-24,Kupang,Depok,TIKI,truk,4.79,1.8399,612550,696.4,3253917,5.3121,145.39,11.0,74.17,2413430,1,0,1,1
SHP-00227,2026-03-27,Tangerang,Balikpapan,JX Express,truk,2.0,1.0944,304794,2234.4,10172103,33.3737,1117.19,0.0,0.7948622131950023,80854,0,1,0,1
SHP-00228,2026-04-25,Lampung,Pontianak,JX Express,kapal_laut,5.5,2.5883,620994,521.2,841811,1.3556,94.76,0.2,70.1,590110,1,0,0,0
SHP-00229,2026-05-04,Tangerang,Bogor,Wahana,motor,3.52,1.0883,394444,183.2,306012,0.7758,52.04,0.0,1.7487995082232728,5352,0,1,1,0
SHP-00230,2026-03-02,Ambon,Kupang,Anteraja,truk,2.09,0.7291,320916,1571.4,4391624,13.6847,751.86,0.0,1.3454178963447854,59086,0,0,0,0
SHP-00231,2026-02-26,Pontianak,Jakarta,JNE,motor,9.97,4.789,684133,2110.2,6886858,10.0665,211.65,0.0,3.21370155645082,221323,0,0,1,1
SHP-00232,2026-03-11,Kupang,Medan,Ninja Xpress,motor,1.86,0.9359,240320,363.7,917623,3.8183,195.54,0.0,4.216419750428885,38691,0,0,0,0
SHP-00233,2026-04-27,Manado,Jambi,Anteraja,pesawat,4.33,1.7358,385066,643.0,1808314,4.6961,148.5,0.0,3.2573323435631063,58903,0,0,0,0
SHP-00234,2026-06-05,Yogyakarta,Pontianak,TIKI,truk,4.06,2.0472,579186,2494.9,7855477,13.563,614.52,0.0,1.9413746050272918,152504,0,1,0,1
SHP-00235,2026-01-23,Padang,Lampung,TIKI,pesawat,4.05,1.8646,679823,1275.0,3206127,4.7161,314.81,0.0,4.203193472982,134760,0,0,0,0
SHP-00236,2026-03-28,Solo,Bekasi,J&T Express,motor,1.79,0.9711,193385,559.8,635709,3.2873,312.73,1.3,75.25,478371,1,1,1,0
SHP-00237,2025-12-22,Palembang,Ternate,Ninja Xpress,pesawat,2.12,1.1774,292062,1133.7,3841724,13.1538,534.77,6.6,78.56,3018058,1,0,0,0
SHP-00238,2026-02-10,Medan,Pontianak,Anteraja,motor,1.88,0.7948,280309,932.1,1987983,7.0921,495.81,0.0,3.8947058871690725,77426,0,0,0,0
SHP-00239,2026-03-03,Depok,Jambi,SiCepat,pesawat,1.13,0.3962,149927,2027.1,5514026,36.7781,1793.93,0.0,3.167437703512971,174653,0,1,0,1
SHP-00240,2026-05-12,Palembang,Banjarmasin,JX Express,truk,2.63,1.0432,296257,1282.8,3532020,11.9221,487.76,3.5,73.21,2585792,1,0,0,0
SHP-00241,2026-04-27,Semarang,Medan,Anteraja,kapal_laut,7.01,3.1972,785428,1873.6,5310557,6.7614,267.27,0.0,2.450893422933328,130156,0,1,0,1
SHP-00242,2026-01-02,Solo,Ternate,JX Express,truk,1.08,0.3665,149532,838.0,2862905,19.1458,775.9,0.0,0.18681713846297632,5348,0,1,0,1
SHP-00243,2025-12-19,Tangerang,Samarinda,JNE,truk,4.85,1.4837,591102,1260.5,4875903,8.2488,259.9,0.0,0.7656354906221818,37332,0,1,0,1
SHP-00244,2026-04-03,Bengkulu,Jambi,JNE,pesawat,2.74,1.2497,379439,870.1,2869002,7.5612,317.56,0.0,3.0884897752752365,88609,0,0,0,0
SHP-00245,2026-02-11,Semarang,Ternate,J&T Express,motor,2.04,0.773,195321,1906.9,6175177,31.6155,934.74,2.1,73.08,4512819,1,1,0,1
SHP-00246,2026-03-31,Depok,Blitar,JNE,truk,8.51,2.9338,739621,592.7,534170,0.7222,69.64,0.8,77.75,415317,1,1,1,0
SHP-00247,2026-03-22,Tangerang,Makassar,JNE,truk,5.29,2.661,447062,2202.5,10408382,23.2817,416.35,0.4,74.85,7790674,1,1,0,1
SHP-00248,2026-05-03,Bogor,Kupang,Wahana,pesawat,4.46,1.8742,567258,1271.4,5882503,10.3701,285.07,0.0,3.244232419361319,190842,0,1,0,1
SHP-00249,2026-05-12,Semarang,Yogyakarta,JNE,kapal_laut,2.88,1.2426,412877,508.5,845451,2.0477,176.57,0.0,3.6363931735398087,30744,0,1,1,0
SHP-00250,2025-12-25,Banjarmasin,Semarang,JX Express,motor,1.59,0.6269,227570,2035.1,8021428,35.2482,1279.91,0.0,4.889477787753992,392206,0,0,1,1
SHP-00251,2026-01-01,Mataram,Depok,J&T Express,motor,3.74,1.5099,443357,2178.1,8485442,19.1391,582.37,0.0,0.27283057613837924,23151,0,0,1,1
SHP-00252,2026-02-20,Solo,Pontianak,Wahana,motor,2.97,1.7554,206795,1786.6,6267858,30.3095,601.56,1.8,79.01,4952235,1,1,0,1
SHP-00253,2025-12-29,Surabaya,Mataram,Wahana,motor,2.71,1.2594,438859,2426.3,9933071,22.6339,895.33,0.0,2.811662860469939,279284,0,1,0,1
SHP-00254,2026-03-16,Bengkulu,Makassar,Ninja Xpress,pesawat,5.1,2.7041,703063,781.3,1879008,2.6726,153.19,3.2,73.32,1377689,1,0,0,0
SHP-00255,2026-03-06,Ambon,Jambi,Anteraja,pesawat,3.73,1.3027,378669,1354.5,2321499,6.1307,363.14,0.0,0.9377170026580167,21769,0,0,0,0
SHP-00256,2026-05-11,Malang,Makassar,TIKI,pesawat,1.51,0.8728,220474,2044.3,7413131,33.6236,1353.83,0.0,4.780951608128755,354418,0,1,0,1
SHP-00257,2026-03-24,Banjarmasin,Jakarta,JNE,motor,5.89,2.6652,686176,1657.1,7169045,10.4478,281.34,1.5,74.41,5334486,1,0,1,1
SHP-00258,2026-03-30,Pontianak,Kupang,JX Express,motor,4.35,2.5625,625308,413.4,961346,1.5374,95.03,0.0,3.7421343293895806,35975,0,0,0,0
SHP-00259,2025-12-19,Ambon,Lampung,Ninja Xpress,kapal_laut,1.32,0.5111,151726,1770.1,4956689,32.6687,1341.01,0.0,2.519467195216248,124882,0,0,0,0
SHP-00260,2026-06-11,Jambi,Depok,J&T Express,pesawat,3.5,2.0398,501442,2287.7,8772896,17.4953,653.64,0.0,2.1119318458551457,185278,0,0,1,1
SHP-00261,2026-03-31,Pontianak,Semarang,JNE,motor,0.99,0.3564,104499,1073.2,3355352,32.1089,1084.07,0.0,3.4529742518200504,115859,0,0,1,1
SHP-00262,2026-04-02,Malang,Samarinda,JNE,pesawat,4.3,2.4098,690616,1984.8,7747124,11.2177,461.59,4.6,76.29,5910281,1,1,0,1
SHP-00263,2026-01-03,Lampung,Bengkulu,JNE,motor,6.12,2.8497,421280,1192.9,3652477,8.67,194.92,0.0,4.149917409775722,151575,0,0,0,0
SHP-00264,2026-05-12,Lampung,Jambi,Ninja Xpress,kapal_laut,2.32,1.1711,173696,1022.2,2304343,13.2665,440.58,0.0,2.782993102976665,64130,0,0,0,0
SHP-00265,2026-02-09,Solo,Padang,Anteraja,truk,1.65,0.5716,133816,601.7,2906838,21.7226,364.67,0.0,3.309451054824695,96200,0,1,0,1
SHP-00266,2026-04-19,Ternate,Padang,Ninja Xpress,truk,4.61,1.6872,317207,1008.2,2351041,7.4117,218.7,0.0,0.45972776969533224,10808,0,0,0,0
SHP-00267,2026-01-01,Kupang,Malang,Ninja Xpress,pesawat,2.5,1.3145,380097,2147.4,10635599,27.9813,858.95,3.3,77.98,8293640,1,0,1,1
SHP-00268,2026-02-04,Pekanbaru,Blitar,JNE,pesawat,1.65,0.5511,183358,549.4,2083461,11.3628,332.98,0.0,2.5715453104234016,53577,0,0,1,1
SHP-00269,2026-04-21,Makassar,Banjarmasin,JNE,pesawat,4.98,2.2618,583476,1730.0,4456501,7.6378,347.4,0.2,75.07,3345495,1,0,0,0
SHP-00270,2026-05-27,Mataram,Bengkulu,JX Express,truk,2.09,0.6722,191111,1347.0,2122549,11.1064,644.49,0.6,72.31,1534815,1,0,0,0
SHP-00271,2026-01-16,Padang,Ambon,TIKI,pesawat,2.52,1.0618,240347,389.3,588527,2.4487,154.48,0.0,0.3161879537984946,1861,0,0,0,0
SHP-00272,2026-05-11,Bandung,Lampung,J&T Express,pesawat,4.58,1.4929,588871,1290.2,5356773,9.0967,281.71,0.0,2.6673388190517473,142883,0,1,0,1
SHP-00273,2026-05-09,Balikpapan,Medan,Anteraja,kapal_laut,3.39,1.5738,240706,1386.3,4092151,17.0006,408.93,7.1,79.51,3253669,1,0,0,0
SHP-00274,2025-12-25,Solo,Blitar,Anteraja,kapal_laut,0.9,0.4232,86788,792.6,1069042,12.3179,880.62,0.0,0.36572286079275096,3910,0,1,1,0
SHP-00275,2026-02-19,Surabaya,Tangerang,J&T Express,kapal_laut,4.72,1.8845,459138,125.0,177487,0.3866,26.49,0.0,1.588929686168627,2820,0,1,1,0
SHP-00276,2026-03-14,Depok,Pekanbaru,Anteraja,kapal_laut,3.34,1.319,258202,992.4,3030453,11.7368,297.11,0.0,2.180620330448442,66083,0,1,0,1
SHP-00277,2026-01-28,Yogyakarta,Bengkulu,Ninja Xpress,motor,2.83,1.1083,270383,1713.3,7888654,29.1759,605.39,0.0,0.7000083435809995,55221,0,1,0,1
SHP-00278,2025-12-29,Malang,Tangerang,J&T Express,truk,6.18,2.9273,684601,77.5,82190,0.1201,12.54,0.0,2.6983855840602495,2218,0,1,1,0
SHP-00279,2026-01-08,Samarinda,Yogyakarta,Ninja Xpress,motor,0.86,0.4472,84490,1520.8,5310661,62.8555,1768.4,0.0,3.3133924468934834,175963,0,0,1,1
SHP-00280,2026-04-08,Bengkulu,Solo,SiCepat,motor,1.34,0.6295,148888,1964.0,9521394,63.95,1465.68,4.3,70.54,6716391,1,0,1,1
SHP-00281,2026-04-05,Bogor,Blitar,JNE,kapal_laut,3.28,1.3659,581469,79.9,115778,0.1991,24.37,10.4,31.03,35926,1,1,1,0
SHP-00282,2026-03-18,Ambon,Balikpapan,Anteraja,kapal_laut,2.45,1.1669,261380,602.5,2075954,7.9423,245.93,1.6,79.17,1643533,1,0,0,0
SHP-00283,2026-04-17,Banjarmasin,Ternate,Wahana,truk,3.01,1.0525,279170,538.4,1008911,3.614,178.88,3.8,69.76,703816,1,0,0,0
SHP-00284,2026-01-04,Palembang,Ternate,Ninja Xpress,truk,2.89,1.0497,316589,235.9,374227,1.1821,81.63,0.0,0.80564570183769,3015,0,0,0,0
SHP-00285,2026-01-10,Pontianak,Bandung,SiCepat,truk,3.09,1.8255,472580,1955.9,8905939,18.8454,632.99,0.0,1.0829670894594252,96448,0,0,1,1
SHP-00286,2026-01-13,Banjarmasin,Mataram,Wahana,kapal_laut,1.84,0.6308,257914,1197.1,3018717,11.7044,650.62,3.5,79.12,2388409,1,0,0,0
SHP-00287,2026-06-05,Padang,Surabaya,TIKI,motor,2.63,0.9487,369615,1339.6,3849852,10.4158,509.35,1.9,75.84,2919728,1,0,1,1
SHP-00288,2026-06-03,Kupang,Ternate,J&T Express,truk,2.94,1.4143,502087,1439.8,4029207,8.0249,489.73,0.0,1.8518872512439004,74616,0,0,0,0
SHP-00289,2026-04-10,Lampung,Pontianak,JX Express,kapal_laut,7.17,3.8044,886518,1652.6,5245900,5.9174,230.48,0.0,2.127446984271821,111604,0,0,0,0
SHP-00290,2026-03-26,Banjarmasin,Samarinda,TIKI,truk,2.67,1.369,378042,388.5,588379,1.5564,145.52,0.0,3.4388336838888804,20233,0,0,0,0
SHP-00291,2026-01-23,Palembang,Bogor,J&T Express,kapal_laut,2.5,0.946,305219,1723.8,8583464,28.1223,689.5,0.7,76.52,6568067,1,0,1,1
SHP-00292,2025-12-17,Banjarmasin,Solo,Ninja Xpress,motor,2.08,0.8389,307192,2210.0,9167529,29.843,1062.5,0.0,2.2329743870760965,204709,0,0,1,1
SHP-00293,2026-02-14,Solo,Semarang,TIKI,motor,13.16,6.3722,1230971,341.8,490822,0.3987,25.97,0.0,4.116277327587024,20204,0,1,1,0
SHP-00294,2026-05-01,Pekanbaru,Palembang,J&T Express,truk,2.04,0.9847,335565,841.0,2365276,7.0486,412.27,9.9,71.57,1692828,1,0,0,0
SHP-00295,2026-04-14,Jambi,Banjarmasin,Wahana,truk,1.23,0.6656,88598,1159.2,2934723,33.124,942.46,0.6,66.9,1963330,1,0,0,0
SHP-00296,2026-03-17,Jambi,Jakarta,SiCepat,truk,2.34,1.1134,310673,637.2,1736728,5.5902,272.32,5.3,81.53,1415954,1,0,1,1
SHP-00297,2026-02-03,Bogor,Ambon,Anteraja,kapal_laut,3.44,1.9915,354349,1314.3,3635482,10.2596,382.06,1.0,80.47,2925472,1,1,0,1
SHP-00298,2026-04-19,Tangerang,Kupang,Anteraja,motor,9.43,5.5483,1032368,1673.7,4298572,4.1638,177.48,0.2,77.34,3324516,1,1,0,1
SHP-00299,2026-01-24,Bengkulu,Lampung,TIKI,pesawat,2.61,1.2024,289012,659.7,1515815,5.2448,252.74,0.0,1.7099643899511103,25920,0,0,0,0
SHP-00300,2026-04-17,Solo,Banjarmasin,Ninja Xpress,pesawat,1.52,0.5393,252877,880.3,3823102,15.1184,579.17,0.8,73.17,2797364,1,1,0,1
SHP-00301,2026-02-11,Malang,Ambon,TIKI,pesawat,2.02,1.1636,282375,1727.7,7620009,26.9854,855.27,0.0,0.21131563365498873,16102,0,1,0,1
SHP-00302,2026-01-27,Bogor,Pekanbaru,Ninja Xpress,motor,3.33,1.1817,447519,1295.8,5669494,12.6687,389.12,2.2,77.74,4407465,1,1,0,1
SHP-00303,2026-04-28,Bandung,Pontianak,Ninja Xpress,motor,2.85,1.2981,205150,1848.2,6373668,31.0683,648.49,1.3,82.35,5248716,1,1,0,1
SHP-00304,2026-04-29,Manado,Tangerang,TIKI,pesawat,2.78,1.1392,263977,1901.4,6523360,24.7118,683.97,0.0,1.3981476594034203,91206,0,0,1,1
SHP-00305,2026-02-27,Padang,Yogyakarta,TIKI,truk,9.57,4.4654,1095014,2100.1,9127671,8.3357,219.44,0.0,0.04871145548698552,4446,0,0,1,1
SHP-00306,2026-02-19,Banjarmasin,Yogyakarta,Ninja Xpress,motor,1.87,0.8796,224816,620.1,2811748,12.5069,331.59,0.0,3.1493110618107725,88551,0,0,1,1
SHP-00307,2025-12-30,Balikpapan,Depok,Anteraja,pesawat,2.17,1.1783,213916,1202.2,5047915,23.5977,554.0,0.0,2.8842687821348925,145595,0,0,1,1
SHP-00308,2026-05-03,Jambi,Manado,SiCepat,pesawat,1.9,0.8479,308393,809.7,1678574,5.443,426.17,0.0,0.7242416913903371,12157,0,0,0,0
SHP-00309,2026-04-06,Jambi,Ternate,Ninja Xpress,motor,4.11,2.2797,278482,565.1,1205890,4.3302,137.51,0.9,78.55,947227,1,0,0,0
SHP-00310,2026-05-29,Kupang,Makassar,Ninja Xpress,motor,2.69,0.8256,386482,1704.7,4946005,12.7975,633.72,0.5,74.38,3678839,1,0,0,0
SHP-00311,2026-04-03,Kupang,Banjarmasin,JNE,truk,5.39,3.2276,503746,334.9,1126322,2.2359,62.13,0.0,1.1467797773851647,12916,0,0,0,0
SHP-00312,2026-01-25,Makassar,Jambi,SiCepat,kapal_laut,3.1,0.9627,406521,1582.8,3853113,9.4783,510.58,0.0,4.6742878583228,180106,0,0,0,0
SHP-00313,2026-02-21,Makassar,Yogyakarta,SiCepat,motor,4.35,2.041,549871,1119.3,3769790,6.8558,257.32,0.0,4.0235388312322655,151679,0,0,1,1
SHP-00314,2026-02-24,Bekasi,Bogor,JX Express,pesawat,3.31,1.1283,338219,565.8,731010,2.1614,170.94,0.0,1.4980525899355335,10951,0,1,1,0
SHP-00315,2026-05-25,Ternate,Bekasi,TIKI,truk,3.19,1.8012,299863,1929.9,7941395,26.4834,604.98,0.0,1.102962131164233,87591,0,0,1,1
SHP-00316,2026-04-06,Palembang,Jambi,TIKI,pesawat,1.27,0.6892,167641,491.9,1022653,6.1003,387.28,0.0,3.088647069512577,31586,0,0,0,0
SHP-00317,2026-05-22,Lampung,Pekanbaru,Wahana,kapal_laut,2.41,1.4241,252231,651.4,1139972,4.5196,270.28,0.0,0.04102044674793248,468,0,0,0,0
SHP-00318,2026-05-31,Yogyakarta,Jakarta,Wahana,kapal_laut,2.37,1.2794,347423,643.6,727392,2.0937,271.55,0.0,4.75822020866304,34611,0,1,1,0
SHP-00319,2026-02-21,Tangerang,Samarinda,JX Express,truk,3.17,1.8028,287131,525.2,2592801,9.03,165.69,0.0,1.9239894960532085,49885,0,1,0,1
SHP-00320,2026-01-25,Blitar,Balikpapan,JNE,kapal_laut,2.52,1.15,368734,1862.9,6110771,16.5723,739.24,3.0,69.1,4222543,1,1,0,1
SHP-00321,2026-05-15,Pontianak,Semarang,Anteraja,motor,3.58,2.0272,417689,725.9,2963146,7.0941,202.75,0.5,73.76,2185616,1,0,1,1
SHP-00322,2026-05-30,Medan,Ternate,TIKI,truk,5.63,1.9508,640467,999.9,2871518,4.4835,177.6,10.5,77.26,2218535,1,0,0,0
SHP-00323,2026-05-11,Bandung,Bogor,SiCepat,truk,1.82,1.082,283961,654.1,810301,2.8536,359.42,3.5,74.71,605376,1,1,1,0
SHP-00324,2026-01-12,Tangerang,Kupang,JNE,motor,4.86,2.2493,577762,1587.2,5252502,9.0911,326.59,0.0,4.338309199785798,227870,0,1,0,1
SHP-00325,2026-01-07,Mataram,Manado,SiCepat,truk,3.18,1.7357,364630,1441.5,3620847,9.9302,453.29,0.0,4.414661862653489,159848,0,0,0,0
SHP-00326,2026-01-01,Mataram,Bogor,TIKI,pesawat,5.84,2.6963,634641,1495.1,5798992,9.1374,256.01,0.0,1.6130001995639698,93538,0,0,1,1
SHP-00327,2026-04-19,Depok,Semarang,J&T Express,truk,1.82,0.5634,212162,417.4,594411,2.8017,229.36,0.0,0.24542813622780213,1459,0,1,1,0
SHP-00328,2026-02-28,Pekanbaru,Lampung,J&T Express,truk,5.25,2.349,558729,1481.6,2402319,4.2996,282.22,0.0,4.691219288499303,112698,0,0,0,0
SHP-00329,2025-12-28,Ambon,Bogor,JNE,pesawat,3.36,1.8491,238186,1539.0,4236883,17.7881,458.03,1.5,70.53,2988274,1,0,1,1
SHP-00330,2026-02-05,Blitar,Padang,SiCepat,motor,8.87,4.1952,1265526,1354.1,3737801,2.9536,152.67,0.0,2.749827332852675,102783,0,1,0,1
SHP-00331,2026-03-14,Depok,Bengkulu,SiCepat,motor,5.49,2.6899,676535,981.4,3792368,5.6056,178.77,2.4,79.78,3025551,1,1,0,1
SHP-00332,2026-01-19,Makassar,Medan,JNE,truk,2.24,0.8211,223444,1515.1,4362648,19.5246,676.39,2.4,73.99,3227923,1,0,0,0
SHP-00333,2026-05-26,Yogyakarta,Semarang,JNE,motor,2.52,1.0335,255544,658.3,587146,2.2976,261.23,0.0,4.589409016722339,26947,0,1,1,0
SHP-00334,2026-05-31,Balikpapan,Depok,Wahana,kapal_laut,2.66,1.3589,276683,1784.5,4627998,16.7267,670.87,0.0,1.9077305524974086,88290,0,0,1,1
SHP-00335,2026-03-28,Samarinda,Depok,Ninja Xpress,motor,1.57,0.8807,164314,1704.6,4310236,26.2317,1085.73,0.0,1.912434810926316,82430,0,0,1,1
SHP-00336,2026-02-24,Pontianak,Bandung,Ninja Xpress,kapal_laut,1.66,0.5743,274066,2442.1,10701442,39.047,1471.13,0.0,0.45041476272365544,48201,0,0,1,1
SHP-00337,2025-12-30,Bekasi,Ternate,JX Express,kapal_laut,3.24,1.36,278801,2047.7,5786533,20.7551,631.99,2.5,74.61,4317332,1,1,0,1
SHP-00338,2026-02-21,Padang,Malang,TIKI,kapal_laut,2.66,1.0539,231063,1109.6,5513934,23.8633,417.16,0.0,4.950795911356659,272984,0,0,1,1
SHP-00339,2026-04-02,Pekanbaru,Yogyakarta,Wahana,truk,5.3,2.6797,547934,671.6,2920883,5.3307,126.72,2.9,72.48,2117056,1,0,1,1
SHP-00340,2026-05-09,Jakarta,Depok,J&T Express,pesawat,2.85,1.0337,275737,442.4,468403,1.6987,155.25,0.0,3.649617917548944,17095,0,1,1,0
SHP-00341,2026-03-07,Lampung,Bengkulu,JNE,motor,3.87,1.2115,309639,1462.7,4001849,12.9242,377.96,3.2,68.78,2752472,1,0,0,0
SHP-00342,2026-02-06,Bengkulu,Tangerang,Ninja Xpress,truk,3.66,1.516,412557,1130.9,5277889,12.7931,308.99,0.0,0.932086937087595,49195,0,0,1,1
SHP-00343,2026-02-06,Makassar,Manado,JNE,truk,1.73,0.6921,147754,754.8,1663553,11.2589,436.33,0.0,1.1810238285360635,19647,0,0,0,0
SHP-00344,2026-01-05,Tangerang,Ternate,JNE,pesawat,3.25,1.1229,507807,675.6,2334513,4.5972,207.87,0.0,3.0622419667505274,71488,0,1,0,1
SHP-00345,2026-04-24,Bengkulu,Blitar,JX Express,kapal_laut,3.42,1.3465,405761,763.5,3154340,7.7739,223.26,0.0,3.4202431812921557,107886,0,0,1,1
SHP-00346,2026-04-28,Mataram,Yogyakarta,Anteraja,kapal_laut,1.36,0.7222,177937,816.1,2178596,12.2436,600.07,0.0,3.5972025289530785,78369,0,0,1,1
SHP-00347,2026-04-28,Depok,Ambon,SiCepat,truk,2.58,1.1169,463727,2366.5,7536097,16.2511,917.25,0.0,0.5338571642170054,40232,0,1,0,1
SHP-00348,2026-04-28,Jakarta,Samarinda,Anteraja,kapal_laut,3.41,1.0497,340758,768.2,3545385,10.4044,225.27,0.0,3.2478427653744593,115149,0,1,0,1
SHP-00349,2026-04-23,Mataram,Medan,Wahana,motor,1.89,0.5853,178917,631.8,1469562,8.2137,334.27,0.0,4.941217087314783,72614,0,0,0,0
SHP-00350,2026-01-19,Surabaya,Solo,Wahana,motor,12.81,7.254,1641567,505.9,821825,0.5006,39.5,0.0,1.970753543507489,16196,0,1,1,0
SHP-00351,2026-01-04,Pekanbaru,Manado,JNE,truk,2.25,0.7036,340624,833.0,2474228,7.2638,370.21,0.0,2.5806334154739923,63851,0,0,0,0
SHP-00352,2025-12-31,Bandung,Malang,Anteraja,motor,2.58,1.4146,276241,509.9,435691,1.5772,197.62,0.0,0.7111980938754581,3099,0,1,1,0
SHP-00353,2025-12-19,Makassar,Surabaya,J&T Express,kapal_laut,3.79,1.6072,341354,1680.6,7195766,21.0801,443.44,1.8,73.5,5288888,1,0,1,1
SHP-00354,2026-05-02,Jambi,Lampung,SiCepat,truk,3.49,1.7875,587009,1179.3,2146119,3.656,337.91,0.0,0.21953041733280998,4711,0,0,0,0
SHP-00355,2026-05-12,Depok,Padang,SiCepat,kapal_laut,4.76,2.4448,461105,2037.3,7366013,15.9747,428.0,0.0,0.5877698920123992,43295,0,1,0,1
SHP-00356,2026-05-25,Malang,Jakarta,Anteraja,truk,2.23,1.0326,220468,228.4,317228,1.4389,102.43,0.0,2.0507568285567817,6506,0,1,1,0
SHP-00357,2026-01-11,Pekanbaru,Jakarta,TIKI,pesawat,3.96,2.1684,260639,1806.6,4682231,17.9644,456.2,0.0,3.3349827147309745,156152,0,0,1,1
SHP-00358,2026-06-05,Bekasi,Depok,J&T Express,truk,1.84,0.9168,247634,471.6,833042,3.364,256.32,0.0,1.8009432379707624,15003,0,1,1,0
SHP-00359,2026-01-31,Surabaya,Samarinda,Anteraja,pesawat,2.41,0.7719,272911,1085.7,3079343,11.2833,450.48,0.0,1.372092713758667,42251,0,1,0,1
SHP-00360,2026-04-02,Palembang,Pontianak,TIKI,kapal_laut,3.41,1.7695,546567,973.9,2802098,5.1267,285.59,0.0,4.931392211720557,138182,0,0,0,0
SHP-00361,2026-04-26,Palembang,Pekanbaru,Ninja Xpress,pesawat,2.52,1.1814,316479,988.0,1837510,5.8061,392.07,0.0,3.5429353375169654,65102,0,0,0,0
SHP-00362,2026-06-12,Jakarta,Semarang,JNE,motor,3.47,1.9238,613072,360.5,408767,0.6668,103.9,0.0,3.187517717940283,13030,0,1,1,0
SHP-00363,2026-06-07,Jambi,Malang,Anteraja,pesawat,4.62,2.0883,333795,1871.7,6276471,18.8034,405.12,0.0,3.079966714982421,193313,0,0,1,1
SHP-00364,2026-03-01,Ambon,Solo,TIKI,pesawat,2.88,0.8947,204470,1421.2,6627309,32.4121,493.48,0.0,2.3123503768439972,153247,0,0,1,1
SHP-00365,2026-03-10,Balikpapan,Bandung,Anteraja,pesawat,3.18,1.5048,410206,2091.6,5575136,13.5911,657.73,5.5,74.39,4147344,1,0,1,1
SHP-00366,2026-03-29,Jambi,Manado,SiCepat,motor,2.08,1.1122,256647,1335.7,2728918,10.633,642.18,6.3,75.96,2072886,1,0,0,0
SHP-00367,2026-05-09,Malang,Pontianak,Anteraja,kapal_laut,2.83,1.2588,264966,2347.3,10166283,38.3683,829.43,0.0,3.877666045998706,394215,0,1,0,1
SHP-00368,2025-12-28,Samarinda,Mataram,J&T Express,kapal_laut,1.27,0.4251,93887,1557.0,5050514,53.7935,1225.98,6.6,67.74,3421218,1,0,0,0
SHP-00369,2026-01-06,Balikpapan,Bekasi,JNE,pesawat,3.59,1.293,366171,2045.6,8546021,23.3389,569.8,0.5,69.79,5964268,1,0,1,1
SHP-00370,2026-06-02,Manado,Pontianak,J&T Express,kapal_laut,3.31,1.2622,571523,1118.5,2060952,3.6061,337.93,6.7,76.41,1574773,1,0,0,0
SHP-00371,2025-12-25,Yogyakarta,Jakarta,Wahana,truk,2.74,1.312,400036,574.5,813707,2.0341,209.68,5.1,77.0,626554,1,1,1,0
SHP-00372,2026-04-18,Ternate,Manado,J&T Express,motor,3.24,1.7519,316722,696.6,1942778,6.134,215.01,0.0,2.3527293738608885,45708,0,0,0,0
SHP-00373,2026-02-16,Yogyakarta,Mataram,Anteraja,pesawat,2.07,1.0341,344114,1406.6,3622837,10.528,679.5,0.0,1.7572041034196344,63661,0,1,0,1
SHP-00374,2026-03-04,Mataram,Solo,Anteraja,pesawat,3.39,1.1217,548037,1151.7,4749346,8.6661,339.75,0.0,2.6637278296416564,126510,0,0,1,1
SHP-00375,2026-01-26,Padang,Palembang,TIKI,kapal_laut,19.87,8.2489,2452158,1145.6,3515274,1.4335,57.65,0.0,3.9366338529512594,138383,0,0,0,0
SHP-00376,2026-03-03,Lampung,Blitar,SiCepat,truk,7.06,3.8902,657113,1150.8,3157830,4.8056,163.0,0.0,1.5401786176816912,48636,0,0,1,1
SHP-00377,2025-12-27,Surabaya,Pekanbaru,J&T Express,motor,1.82,0.5796,135773,1661.5,7289941,53.6921,912.93,0.0,3.785388586920699,275953,0,1,0,1
SHP-00378,2026-03-18,Yogyakarta,Makassar,Anteraja,motor,3.72,1.3455,462868,2088.7,8770209,18.9475,561.48,0.0,4.683382415575051,410742,0,1,0,1
SHP-00379,2026-04-21,Surabaya,Padang,JNE,motor,1.71,0.529,198673,1750.4,7490844,37.7044,1023.64,0.0,2.175950242024615,162997,0,1,0,1
SHP-00380,2026-02-10,Bengkulu,Solo,Wahana,kapal_laut,1.78,1.0277,195809,2494.9,10416670,53.1981,1401.64,0.2,69.89,7280211,1,0,1,1
SHP-00381,2026-02-06,Bengkulu,Palembang,SiCepat,truk,3.79,1.6192,484743,561.2,1318530,2.7201,148.07,2.1,77.92,1027399,1,0,0,0
SHP-00382,2026-02-15,Tangerang,Palembang,Ninja Xpress,truk,3.81,1.6934,383954,1962.6,9732363,25.3477,515.11,0.0,3.8943490862630443,379012,0,1,0,1
SHP-00383,2026-02-14,Pontianak,Surabaya,J&T Express,kapal_laut,2.69,1.5821,248344,2096.2,6878143,27.696,779.26,1.3,78.79,5419289,1,0,1,1
SHP-00384,2026-05-30,Makassar,Pontianak,Wahana,pesawat,0.38,0.205,27472,1676.6,5027823,183.0163,4412.06,0.0,2.818531366454182,141711,0,0,0,0
SHP-00385,2026-01-08,Jambi,Banjarmasin,SiCepat,truk,3.77,1.965,305980,402.9,666309,2.1776,106.87,0.0,1.2602548723123501,8397,0,0,0,0
SHP-00386,2026-04-29,Tangerang,Mataram,Anteraja,truk,5.62,3.2205,811004,1239.5,3642368,4.4912,220.56,0.0,1.180979404036645,43016,0,1,0,1
SHP-00387,2026-01-18,Ternate,Pontianak,JNE,pesawat,5.21,2.8722,655223,813.1,2293935,3.501,156.06,0.0,0.8364163045159256,19187,0,0,0,0
SHP-00388,2026-03-09,Balikpapan,Ambon,Ninja Xpress,truk,5.46,1.828,470428,682.2,2041310,4.3393,124.94,0.0,2.6626041618608425,54352,0,0,0,0
SHP-00389,2026-05-21,Bengkulu,Lampung,JX Express,motor,1.78,0.7661,210205,811.2,1728987,8.2252,455.73,0.0,4.7793537393591405,82634,0,0,0,0
SHP-00390,2026-04-14,Manado,Jambi,Ninja Xpress,motor,4.16,1.5882,486164,608.6,1623827,3.3401,146.29,0.0,3.376455595682968,54828,0,0,0,0
SHP-00391,2026-01-13,Balikpapan,Bengkulu,TIKI,pesawat,2.47,1.249,293297,603.0,945607,3.2241,244.14,0.0,0.2844095579723066,2689,0,0,0,0
SHP-00392,2025-12-18,Bengkulu,Kupang,TIKI,truk,3.83,2.1331,373248,1639.8,4316273,11.5641,428.16,0.0,4.480008151786218,193369,0,0,0,0
SHP-00393,2026-05-27,Solo,Tangerang,Anteraja,motor,3.59,1.5654,624143,569.2,835296,1.3383,158.54,0.0,1.286682976855562,10748,0,1,1,0
SHP-00394,2026-01-27,Tangerang,Samarinda,JNE,motor,0.79,0.2792,86321,901.3,3138087,36.3537,1140.93,0.0,0.5421523430896025,17013,0,1,0,1
SHP-00395,2025-12-17,Samarinda,Palembang,TIKI,truk,3.31,1.4358,372967,1224.5,4121529,11.0507,369.95,0.0,1.332182405576388,54906,0,0,0,0
SHP-00396,2025-12-20,Depok,Kupang,JX Express,truk,3.9,1.7441,520024,2061.9,9203081,17.6974,528.69,0.0,0.01653680147319536,1522,0,1,0,1
SHP-00397,2026-05-25,Ambon,Samarinda,Wahana,truk,8.71,3.5509,1046175,1211.6,4140945,3.9582,139.11,2.3,80.61,3338016,1,0,0,0
SHP-00398,2026-05-10,Ambon,Makassar,Anteraja,kapal_laut,2.59,1.3177,398704,774.8,1293733,3.2448,299.16,0.0,3.676620915139634,47566,0,0,0,0
SHP-00399,2026-05-31,Bandung,Malang,JNE,kapal_laut,2.96,1.368,306682,675.7,844142,2.7525,228.27,0.0,0.1852133996518368,1563,0,1,1,0
SHP-00400,2026-02-14,Depok,Ternate,JNE,motor,4.12,2.0741,459206,1658.7,7981689,17.3815,402.6,0.5,74.91,5979083,1,1,0,1
SHP-00401,2026-04-24,Pekanbaru,Bandung,TIKI,kapal_laut,1.03,0.5671,103585,728.4,2904292,28.0378,707.15,0.0,0.3155505584349305,9165,0,0,1,1
SHP-00402,2026-02-28,Palembang,Depok,JX Express,pesawat,0.87,0.4035,114051,926.5,2421745,21.2339,1064.9,0.2,65.64,1589633,1,0,1,1
SHP-00403,2026-04-30,Solo,Lampung,Ninja Xpress,kapal_laut,1.28,0.3996,134566,1724.9,7665646,56.9657,1347.56,2.0,69.22,5306160,1,1,0,1
SHP-00404,2026-01-13,Surabaya,Lampung,Anteraja,motor,7.82,3.4627,546216,1041.9,3777977,6.9166,133.24,0.6,77.92,2943800,1,1,0,1
SHP-00405,2026-01-27,Solo,Lampung,Wahana,truk,5.48,2.2159,370337,735.0,2811801,7.5925,134.13,1.3,78.61,2210357,1,1,0,1
SHP-00406,2025-12-31,Pontianak,Blitar,Wahana,kapal_laut,2.26,1.2181,370514,1448.8,4260720,11.4995,641.07,0.0,0.21557800673051186,9185,0,0,1,1
SHP-00407,2026-05-27,Bogor,Bekasi,TIKI,motor,1.54,0.8732,131214,89.3,119483,0.9106,58.01,0.1,29.63,35403,1,1,1,0
SHP-00408,2026-04-19,Kupang,Blitar,Wahana,pesawat,2.16,1.2301,159027,955.6,2955365,18.584,442.39,0.0,0.9997791564290365,29547,0,0,1,1
SHP-00409,2026-04-24,Surabaya,Banjarmasin,Wahana,truk,4.8,2.7762,500583,772.8,3322734,6.6377,161.0,0.0,4.877779456589167,162076,0,1,0,1
SHP-00410,2026-05-02,Depok,Yogyakarta,JNE,truk,2.33,1.0244,294384,214.9,235339,0.7994,92.23,4.7,45.68,107503,1,1,1,0
SHP-00411,2026-04-12,Padang,Manado,TIKI,truk,2.48,1.3855,232221,940.4,1437910,6.192,379.2,0.0,4.362992355475358,62736,0,0,0,0
SHP-00412,2026-05-20,Depok,Palembang,TIKI,kapal_laut,2.75,1.6428,362108,1351.4,4710694,13.0091,491.42,0.0,3.4832675315920754,164086,0,1,0,1
SHP-00413,2026-02-17,Makassar,Banjarmasin,TIKI,truk,3.19,1.6573,364336,673.3,1881964,5.1655,211.05,2.0,72.82,1370446,1,0,0,0
SHP-00414,2025-12-20,Mataram,Padang,JNE,motor,2.87,1.4664,326224,1202.9,3497790,10.722,419.13,3.0,72.36,2531001,1,0,0,0
SHP-00415,2026-05-31,Depok,Pontianak,JNE,pesawat,2.7,1.5763,374799,2075.4,5608512,14.9641,768.66,0.0,3.6788039256722946,206326,0,1,0,1
SHP-00416,2026-03-21,Pontianak,Bengkulu,Ninja Xpress,truk,1.6,0.7772,136027,1094.1,1787715,13.1424,683.79,0.0,1.0235629654826894,18298,0,0,0,0
SHP-00417,2026-02-26,Blitar,Manado,J&T Express,motor,8.04,4.5132,1196552,2021.8,6674191,5.5779,251.46,0.0,2.517829860755307,168045,0,1,0,1
SHP-00418,2025-12-19,Tangerang,Bandung,J&T Express,pesawat,2.2,1.0076,219434,558.7,744708,3.3938,253.97,2.9,77.14,574468,1,1,1,0
SHP-00419,2026-04-23,Ternate,Kupang,J&T Express,kapal_laut,6.31,2.0448,786963,1730.6,2974439,3.7796,274.26,3.6,75.96,2259384,1,0,0,0
SHP-00420,2026-02-01,Pontianak,Jambi,JNE,pesawat,2.29,1.3271,246747,1380.3,2129808,8.6315,602.77,0.1,76.32,1625469,1,0,0,0
SHP-00421,2026-03-28,Jambi,Depok,JX Express,pesawat,6.36,2.8356,819813,1596.9,5820865,7.1002,251.09,0.0,4.49140961428539,261439,0,0,1,1
SHP-00422,2026-04-02,Solo,Ternate,Anteraja,kapal_laut,1.72,0.9132,130669,1411.9,4116833,31.5058,820.84,0.0,3.5590608617408828,146521,0,1,0,1
SHP-00423,2026-05-04,Solo,Ambon,SiCepat,kapal_laut,2.42,0.9151,233284,569.4,1874598,8.0357,235.28,1.4,76.37,1431630,1,1,0,1
SHP-00424,2026-03-31,Manado,Bekasi,J&T Express,truk,2.47,0.8487,246938,508.6,2210447,8.9514,205.91,0.0,1.6564032304005305,36614,0,0,1,1
SHP-00425,2026-06-08,Banjarmasin,Kupang,Anteraja,kapal_laut,9.34,5.3863,743318,966.4,1527021,2.0543,103.47,0.0,0.5843804891438109,8924,0,0,0,0
SHP-00426,2025-12-23,Medan,Pekanbaru,TIKI,motor,2.41,1.1627,229302,1450.1,4399738,19.1875,601.68,0.3,78.13,3437515,1,0,0,0
SHP-00427,2026-06-11,Bengkulu,Surabaya,JX Express,kapal_laut,2.93,1.3287,270500,1295.1,5555930,20.5395,442.02,0.0,1.930563091219632,107261,0,0,1,1
SHP-00428,2026-04-22,Bekasi,Bogor,Ninja Xpress,pesawat,4.66,2.5243,657829,722.3,678670,1.0317,155.0,0.0,0.4303898715838522,2921,0,1,1,0
SHP-00429,2026-05-10,Bekasi,Banjarmasin,Ninja Xpress,truk,8.92,3.6816,777508,1046.7,3074277,3.954,117.34,0.0,2.839581622006138,87297,0,1,0,1
SHP-00430,2026-01-02,Malang,Solo,JX Express,pesawat,3.18,1.7422,388391,469.5,593141,1.5272,147.63,0.0,1.3133851178053542,7790,0,1,1,0
SHP-00431,2026-03-14,Ambon,Jambi,Wahana,truk,13.12,5.5779,1670559,591.6,1028621,0.6157,45.09,15.5,71.34,733818,1,0,0,0
SHP-00432,2025-12-19,Padang,Banjarmasin,JX Express,pesawat,3.86,1.9619,343675,1120.4,3574773,10.4016,290.26,0.2,72.97,2608512,1,0,0,0
SHP-00433,2026-04-29,Yogyakarta,Bogor,SiCepat,truk,2.0,1.1473,183380,447.2,776497,4.2344,223.6,0.0,3.832212188393993,29757,0,1,1,0
SHP-00434,2026-02-10,Samarinda,Semarang,SiCepat,pesawat,3.94,1.9922,382572,1660.1,7567182,19.7798,421.34,2.2,75.97,5748788,1,0,1,1
SHP-00435,2025-12-17,Palembang,Depok,SiCepat,truk,1.67,0.9176,234521,1879.3,9173338,39.1152,1125.33,0.0,3.5627356376913495,326822,0,0,1,1
SHP-00436,2026-01-13,Samarinda,Ternate,J&T Express,motor,2.87,1.566,410012,698.5,1554297,3.7909,243.39,0.0,4.4486319269084085,69145,0,0,0,0
SHP-00437,2026-05-26,Pontianak,Samarinda,Ninja Xpress,kapal_laut,4.55,2.5346,342187,400.6,705144,2.0607,88.03,3.5,67.61,476748,1,0,0,0
SHP-00438,2026-01-11,Jakarta,Samarinda,Wahana,motor,5.58,1.7732,419814,632.5,2636849,6.281,113.35,0.0,3.911854070566354,103150,0,1,0,1
SHP-00439,2026-01-09,Malang,Padang,TIKI,kapal_laut,3.59,1.2338,411309,1659.5,5609962,13.6393,462.26,0.0,3.904010680636543,219014,0,1,0,1
SHP-00440,2026-02-05,Blitar,Pontianak,J&T Express,truk,12.04,5.5222,2002844,843.5,3698991,1.8469,70.06,3.9,80.24,2968070,1,1,0,1
SHP-00441,2026-03-26,Mataram,Lampung,Wahana,pesawat,3.85,1.9329,404594,1770.1,4156477,10.2732,459.76,0.0,2.037889849873091,84704,0,0,0,0
SHP-00442,2025-12-21,Semarang,Makassar,J&T Express,kapal_laut,2.98,1.1517,291525,1487.4,5149397,17.6637,499.14,0.0,3.68087210923459,189543,0,1,0,1
SHP-00443,2026-05-19,Ambon,Makassar,TIKI,motor,0.68,0.2425,69524,961.1,2747027,39.5119,1413.36,20.0,66.24,1819631,1,0,0,0
SHP-00444,2026-01-13,Medan,Makassar,J&T Express,truk,1.63,0.7778,178243,1764.6,2875219,16.1309,1082.56,0.0,1.6931582316854406,48682,0,0,0,0
SHP-00445,2026-02-13,Mataram,Medan,J&T Express,kapal_laut,10.64,4.081,1450567,636.8,1960564,1.3516,59.85,0.0,2.001177644584227,39234,0,0,0,0
SHP-00446,2026-02-07,Bengkulu,Pekanbaru,JX Express,motor,3.04,1.3266,267480,569.3,1927020,7.2044,187.27,4.0,76.56,1475327,1,0,0,0
SHP-00447,2026-03-31,Bengkulu,Jakarta,SiCepat,motor,3.52,1.3757,503095,1822.2,6923980,13.7628,517.66,0.0,2.3301091492895685,161336,0,0,1,1
SHP-00448,2026-02-21,Bengkulu,Banjarmasin,Wahana,pesawat,3.77,1.7423,354769,1785.1,5820000,16.405,473.51,1.8,79.53,4628646,1,0,0,0
SHP-00449,2025-12-24,Makassar,Bandung,JNE,kapal_laut,4.56,1.7826,587157,769.0,3298377,5.6175,168.64,0.0,0.5469099644145076,18039,0,0,1,1
SHP-00450,2026-05-30,Banjarmasin,Bengkulu,Wahana,motor,3.24,1.0262,336360,804.5,2295151,6.8235,248.3,0.0,1.4221876979054056,32641,0,0,0,0
SHP-00451,2025-12-27,Jakarta,Padang,JNE,kapal_laut,5.11,2.6706,516670,1182.5,3244077,6.2788,231.41,1.3,72.04,2337033,1,1,0,1
SHP-00452,2025-12-18,Blitar,Jambi,Anteraja,truk,2.22,0.6791,222924,2226.7,8729084,39.1572,1003.03,0.0,1.3330944262594828,116367,0,1,0,1
SHP-00453,2026-03-20,Banjarmasin,Padang,JNE,pesawat,2.44,1.1511,253291,1280.2,2780463,10.9773,524.66,0.0,3.824519502646757,106339,0,0,0,0
SHP-00454,2026-01-14,Solo,Pekanbaru,Anteraja,pesawat,2.01,0.7823,285630,1749.1,8561805,29.9752,870.22,0.0,2.890966240120441,247519,0,1,0,1
SHP-00455,2026-04-11,Depok,Tangerang,J&T Express,motor,2.67,0.8624,368580,274.9,402351,1.0916,102.97,0.0,2.0715712533258257,8335,0,1,1,0
SHP-00456,2026-01-02,Pekanbaru,Pontianak,Wahana,kapal_laut,8.6,3.9119,799914,1257.3,3957717,4.9477,146.2,0.0,1.3396797678307788,53021,0,0,0,0
SHP-00457,2026-04-23,Manado,Ternate,JX Express,truk,3.11,1.0708,312863,680.4,1613174,5.1562,218.79,5.3,70.48,1136965,1,0,0,0
SHP-00458,2026-01-22,Mataram,Palembang,Anteraja,pesawat,3.67,1.763,305616,507.1,1009655,3.3037,138.17,0.0,2.3207985045530775,23432,0,0,0,0
SHP-00459,2026-06-09,Palembang,Jambi,JNE,kapal_laut,2.0,0.755,298438,481.6,1543472,5.1718,240.79,0.0,2.429209827714925,37494,0,0,0,0
SHP-00460,2026-05-10,Bandung,Mataram,J&T Express,pesawat,6.59,3.7574,656369,1814.9,4946886,7.5367,275.4,0.0,3.621172265810902,179135,0,1,0,1
SHP-00461,2026-02-26,Blitar,Semarang,J&T Express,pesawat,2.99,1.435,356132,674.3,1036483,2.9104,225.5,0.0,3.71979487076171,38555,0,1,1,0
SHP-00462,2026-04-12,Malang,Yogyakarta,J&T Express,kapal_laut,2.0,0.845,205987,450.1,674982,3.2768,225.05,2.4,66.91,451630,1,1,1,0
SHP-00463,2025-12-25,Tangerang,Kupang,SiCepat,pesawat,2.88,1.1303,448166,569.6,2477058,5.5271,197.78,0.0,0.27336171607235227,6771,0,1,0,1
SHP-00464,2026-04-10,Blitar,Tangerang,JX Express,pesawat,4.84,2.7634,632336,227.3,282381,0.4466,46.96,9.7,48.09,135797,1,1,1,0
SHP-00465,2026-02-14,Bekasi,Surabaya,TIKI,pesawat,9.58,5.4016,1208574,75.4,125669,0.104,7.87,0.0,4.702477100927079,5910,0,1,1,0
SHP-00466,2026-06-01,Balikpapan,Palembang,Ninja Xpress,motor,9.08,4.1033,1008248,1501.5,4467775,4.4312,165.36,0.0,0.1367544666668563,6110,0,0,0,0
SHP-00467,2026-03-25,Jambi,Solo,Wahana,kapal_laut,1.87,0.6232,205629,2035.2,8391091,40.8069,1088.35,2.7,74.29,6233742,1,0,1,1
SHP-00468,2026-01-19,Makassar,Banjarmasin,SiCepat,pesawat,1.31,0.5217,98064,788.2,1802511,18.381,601.65,0.0,4.1733952568598625,75226,0,0,0,0
SHP-00469,2026-05-15,Blitar,Jakarta,JNE,kapal_laut,1.06,0.3717,109670,245.1,217925,1.9871,231.24,0.0,4.736217542262483,10321,0,1,1,0
SHP-00470,2026-02-24,Jakarta,Lampung,JX Express,motor,5.84,2.1453,697509,2126.8,6732479,9.6522,364.18,0.0,1.9103675756677734,128615,0,1,0,1
SHP-00471,2026-01-16,Mataram,Malang,TIKI,pesawat,4.0,1.4164,388678,2452.3,7574319,19.4874,613.06,0.0,1.2415897983922708,94042,0,0,1,1
SHP-00472,2026-04-15,Bengkulu,Jambi,Wahana,truk,1.66,0.8401,242666,1377.8,2772688,11.4259,829.98,0.2,72.23,2002713,1,0,0,0
SHP-00473,2026-02-06,Banjarmasin,Bogor,JNE,truk,1.54,0.6018,152910,2436.1,9498174,62.1161,1581.89,0.0,1.30145826078454,123615,0,0,1,1
SHP-00474,2026-04-08,Banjarmasin,Depok,Wahana,kapal_laut,2.73,1.0756,405203,2446.7,7835698,19.3377,896.24,1.7,80.03,6270909,1,0,1,1
SHP-00475,2026-04-27,Pekanbaru,Ambon,Anteraja,pesawat,2.77,1.4433,402420,1089.1,3643740,9.0546,393.17,0.0,2.199947985009185,80160,0,0,0,0
SHP-00476,2026-02-08,Yogyakarta,Bandung,TIKI,kapal_laut,1.57,0.8035,225133,745.4,626730,2.7838,474.78,3.7,71.85,450306,1,1,1,0
SHP-00477,2026-06-13,Semarang,Mataram,SiCepat,truk,2.47,0.9515,393245,2145.1,8383475,21.3187,868.48,0.0,1.0619807833264538,89031,0,1,0,1
SHP-00478,2026-05-18,Pontianak,Samarinda,SiCepat,motor,5.33,2.3955,414132,654.9,2267529,5.4754,122.86,1.4,81.67,1851891,1,0,0,0
SHP-00479,2026-01-20,Ambon,Depok,SiCepat,truk,4.05,2.3756,346435,2439.5,10100753,29.1563,602.36,0.0,1.6245773415050802,164095,0,0,1,1
SHP-00480,2026-05-23,Yogyakarta,Malang,JNE,pesawat,2.47,0.7934,336409,349.1,341466,1.015,141.35,0.0,4.327577553649144,14777,0,1,1,0
SHP-00481,2025-12-21,Jakarta,Mataram,TIKI,kapal_laut,2.48,1.2255,288534,1097.1,4939938,17.1208,442.38,0.0,4.608499046791393,227657,0,1,0,1
SHP-00482,2026-01-08,Pekanbaru,Yogyakarta,Ninja Xpress,truk,6.05,2.7037,846830,1626.1,5785188,6.8316,268.78,0.0,4.054971798071117,234588,0,0,1,1
SHP-00483,2026-04-01,Solo,Palembang,JX Express,truk,1.46,0.641,155328,810.1,3028549,19.4978,554.89,0.0,2.6233889193821733,79451,0,1,0,1
SHP-00484,2026-03-01,Makassar,Palembang,J&T Express,motor,3.93,1.4722,449836,1081.6,3606677,8.0178,275.21,0.0,2.553257920776066,92088,0,0,0,0
SHP-00485,2026-03-30,Semarang,Makassar,Anteraja,pesawat,2.28,1.0284,220030,859.1,2539101,11.5398,376.8,0.3,79.77,2025441,1,1,0,1
SHP-00486,2026-05-18,Depok,Padang,Wahana,motor,3.57,2.1064,408878,870.2,3800552,9.2951,243.75,0.0,4.358078974239855,165631,0,1,0,1
SHP-00487,2026-01-08,Palembang,Manado,JNE,truk,2.69,1.3362,284660,1252.3,3742632,13.1477,465.56,0.0,1.5139999098516765,56663,0,0,0,0
SHP-00488,2026-05-23,Bogor,Lampung,JX Express,pesawat,3.85,1.186,344480,983.6,4529516,13.1489,255.47,0.0,2.6929126751018484,121976,0,1,0,1
SHP-00489,2026-04-24,Bekasi,Samarinda,Wahana,kapal_laut,2.92,1.0215,296938,2427.7,8930960,30.0769,831.42,0.0,2.926131346919747,261332,0,1,0,1
SHP-00490,2026-06-05,Bekasi,Padang,JX Express,truk,2.48,1.3746,259530,1491.4,5886064,22.6797,601.37,0.0,4.9951318387230685,294017,0,1,0,1
SHP-00491,2026-01-06,Banjarmasin,Medan,Wahana,motor,2.24,0.6848,278194,628.6,1757826,6.3187,280.61,0.0,0.5847037022854684,10278,0,0,0,0
SHP-00492,2025-12-28,Jambi,Bogor,Wahana,motor,1.5,0.5365,131012,939.4,4483474,34.2219,626.27,2.8,76.02,3408337,1,0,1,1
SHP-00493,2026-05-12,Makassar,Yogyakarta,Anteraja,motor,5.87,3.1627,963226,1743.7,5590503,5.8039,297.05,0.0,3.3352822617772877,186459,0,0,1,1
SHP-00494,2026-05-05,Solo,Malang,SiCepat,motor,1.48,0.8852,123732,85.3,69776,0.5639,57.63,0.0,1.785219374184603,1246,0,1,1,0
SHP-00495,2026-01-23,Solo,Ambon,JNE,truk,2.48,0.9127,293539,2487.3,11098981,37.8109,1002.95,0.0,3.8504744648081672,427363,0,1,0,1
SHP-00496,2026-06-04,Tangerang,Kupang,SiCepat,truk,2.67,1.4751,178921,1721.1,7668374,42.859,644.62,0.0,4.118051140102478,315788,0,1,0,1
SHP-00497,2026-02-22,Pontianak,Semarang,SiCepat,truk,1.82,0.7871,239360,698.6,2876600,12.0179,383.84,0.4,79.62,2290349,1,0,1,1
SHP-00498,2026-01-30,Palembang,Samarinda,JNE,kapal_laut,5.77,2.2274,456257,1344.3,3132288,6.8652,232.98,0.0,1.227256400570691,38441,0,0,0,0
SHP-00499,2026-02-02,Palembang,Ternate,TIKI,kapal_laut,5.09,2.152,691309,1471.4,3271667,4.7326,289.07,0.5,69.95,2288531,1,0,0,0
SHP-00500,2026-03-04,Surabaya,Depok,Ninja Xpress,motor,4.75,2.7111,430746,585.0,854351,1.9834,123.16,0.0,1.4786221243182307,12633,0,1,1,0
SHP-00501,2025-12-18,Kupang,Bengkulu,Anteraja,pesawat,1.86,1.0716,232230,528.2,1367466,5.8884,283.99,0.0,3.2601854369842935,44582,0,0,0,0
SHP-00502,2026-03-19,Bogor,Kupang,JX Express,kapal_laut,3.2,1.6501,458657,1581.6,4799047,10.4633,494.24,0.0,1.561262068202192,74926,0,1,0,1
SHP-00503,2026-03-16,Samarinda,Jambi,SiCepat,truk,3.4,1.8096,574900,376.7,610225,1.0614,110.8,0.0,3.1349476615898073,19130,0,0,0,0
SHP-00504,2026-01-29,Semarang,Bandung,J&T Express,motor,1.36,0.5929,239459,791.8,1081212,4.5152,582.17,0.0,3.1387217590779266,33936,0,1,1,0
SHP-00505,2026-03-14,Mataram,Pekanbaru,TIKI,pesawat,1.61,0.8767,151584,804.3,2392709,15.7847,499.54,2.2,69.39,1660301,1,0,0,0
SHP-00506,2026-02-22,Makassar,Semarang,SiCepat,motor,2.87,1.179,353078,1537.9,5362555,15.188,535.85,2.1,76.49,4101818,1,0,1,1
SHP-00507,2026-01-22,Lampung,Banjarmasin,JX Express,kapal_laut,1.97,1.0113,196972,1581.2,2745207,13.937,802.66,1.9,76.93,2111888,1,0,0,0
SHP-00508,2026-05-09,Bogor,Semarang,JX Express,truk,1.21,0.3776,101318,793.3,875178,8.6379,655.59,0.0,3.95601850535234,34622,0,1,1,0
SHP-00509,2026-03-27,Ternate,Padang,JX Express,truk,5.73,2.2063,608308,203.3,527675,0.8674,35.49,0.1,42.91,226425,1,0,0,0
SHP-00510,2026-03-23,Padang,Makassar,Ninja Xpress,motor,2.74,1.3199,366387,937.5,2249862,6.1407,342.15,0.0,4.3317277628132755,97458,0,0,0,0
SHP-00511,2026-01-19,Surabaya,Ternate,JX Express,motor,1.9,0.8784,344817,1971.8,8113651,23.5303,1037.8,0.0,3.5360431307853792,286902,0,1,0,1
SHP-00512,2026-06-10,Jambi,Ternate,Anteraja,truk,3.53,2.0705,480632,1731.7,4404512,9.164,490.56,0.0,2.5131940058195696,110694,0,0,0,0
SHP-00513,2026-06-09,Semarang,Bengkulu,SiCepat,truk,2.24,1.2296,325574,669.3,2565987,7.8814,298.79,2.7,77.19,1980685,1,1,0,1
SHP-00514,2026-03-02,Depok,Palembang,SiCepat,motor,1.06,0.4395,117910,1583.6,5088574,43.1564,1493.92,4.4,68.14,3467354,1,1,0,1
SHP-00515,2026-06-01,Bengkulu,Solo,JNE,pesawat,0.96,0.3738,65537,2286.0,7189164,109.6963,2381.27,0.0,4.497507517075771,323333,0,0,1,1
SHP-00516,2026-06-10,Malang,Blitar,TIKI,motor,3.05,1.7837,268631,464.8,402300,1.4976,152.41,3.0,70.79,284788,1,1,1,0
SHP-00517,2026-01-27,Tangerang,Manado,J&T Express,kapal_laut,6.52,2.2016,755636,2192.6,8224454,10.8841,336.28,0.0,0.7118351524064398,58545,0,1,0,1
SHP-00518,2026-04-06,Solo,Ternate,TIKI,motor,8.72,2.7253,1523880,1741.5,7196839,4.7227,199.71,0.2,78.84,5673988,1,1,0,1
SHP-00519,2026-01-23,Pekanbaru,Tangerang,JX Express,pesawat,4.69,2.5898,372571,1568.2,4194624,11.2586,334.37,3.6,77.95,3269709,1,0,1,1
SHP-00520,2026-02-17,Tangerang,Kupang,JX Express,kapal_laut,1.67,0.6727,189041,1405.4,4377682,23.1573,841.58,0.0,1.7081490237498242,74777,0,1,0,1
SHP-00521,2025-12-30,Pekanbaru,Depok,JNE,kapal_laut,2.35,1.1793,316670,1906.6,8400788,26.5285,811.32,0.0,3.9365261747211324,330699,0,0,1,1
SHP-00522,2026-02-16,Jambi,Surabaya,JNE,motor,3.95,2.1481,498367,854.4,3776257,7.5773,216.3,0.0,0.042156879781330425,1592,0,0,1,1
SHP-00523,2026-01-10,Bogor,Malang,Wahana,truk,2.55,1.2343,291850,225.7,292004,1.0005,88.51,0.0,1.403781790019492,4099,0,1,1,0
SHP-00524,2026-01-15,Malang,Jakarta,TIKI,motor,1.72,0.7742,129072,604.1,889358,6.8904,351.23,0.0,0.8776441985875599,7805,0,1,1,0
SHP-00525,2026-01-29,Yogyakarta,Balikpapan,J&T Express,kapal_laut,1.69,0.6226,230456,883.7,3707087,16.0859,522.9,0.0,3.4649290769448298,128448,0,1,0,1
SHP-00526,2026-04-18,Pekanbaru,Tangerang,Wahana,truk,6.65,3.9802,730865,1433.2,4878063,6.6744,215.51,0.0,4.4190122083284065,215562,0,0,1,1
SHP-00527,2026-04-12,Bandung,Tangerang,JX Express,motor,2.2,0.8809,369046,792.7,813014,2.203,360.32,0.0,4.788878413827731,38934,0,1,1,0
SHP-00528,2026-06-01,Malang,Solo,Ninja Xpress,pesawat,1.28,0.3932,219207,680.4,712463,3.2502,531.55,0.0,4.794013289392067,34156,0,1,1,0
SHP-00529,2026-05-29,Ambon,Depok,TIKI,truk,6.33,3.35,820599,671.1,1779486,2.1685,106.01,1.1,78.11,1389957,1,0,1,1
SHP-00530,2025-12-28,Ternate,Yogyakarta,JNE,motor,2.77,0.8774,280374,1303.4,5269842,18.7958,470.53,0.0,4.322913721188003,227811,0,0,1,1
SHP-00531,2026-05-18,Pekanbaru,Jakarta,Wahana,motor,2.81,1.3658,266882,1851.6,4749102,17.7948,658.92,0.0,2.939066782313634,139579,0,0,1,1
SHP-00532,2025-12-30,Semarang,Jakarta,J&T Express,kapal_laut,3.04,1.351,304590,153.3,129358,0.4247,50.41,2.6,39.76,51433,1,1,1,0
SHP-00533,2026-06-01,Samarinda,Bogor,Anteraja,kapal_laut,1.77,0.7131,132017,1672.9,7018987,53.1673,945.13,2.1,77.79,5460070,1,0,1,1
SHP-00534,2026-01-21,Palembang,Bogor,TIKI,kapal_laut,3.6,1.1539,330828,1883.7,6910299,20.8879,523.25,0.0,4.260043411642713,294382,0,0,1,1
SHP-00535,2026-04-21,Depok,Pekanbaru,Anteraja,motor,2.46,1.3846,352732,2339.9,9586407,27.1776,951.18,0.0,2.3326837876409297,223621,0,1,0,1
SHP-00536,2026-03-14,Blitar,Banjarmasin,Ninja Xpress,motor,2.07,1.2357,162372,560.0,1561363,9.616,270.55,0.6,77.72,1213491,1,1,0,1
SHP-00537,2025-12-23,Bandung,Jakarta,TIKI,kapal_laut,2.26,0.8556,251822,234.5,233532,0.9274,103.75,0.9,43.24,100979,1,1,1,0
SHP-00538,2026-05-29,Yogyakarta,Medan,J&T Express,pesawat,5.72,2.1281,857190,2382.3,11775241,13.737,416.49,0.0,4.408318975333797,519090,0,1,0,1
SHP-00539,2026-01-28,Semarang,Yogyakarta,SiCepat,kapal_laut,1.8,0.7421,282374,233.4,197512,0.6995,129.67,0.0,0.9455108215822067,1867,0,1,1,0
SHP-00540,2025-12-27,Bekasi,Ternate,SiCepat,pesawat,1.49,0.5722,133047,1668.2,6209703,46.673,1119.57,0.0,3.9233261149625216,243627,0,1,0,1
SHP-00541,2026-02-08,Pekanbaru,Surabaya,SiCepat,motor,6.22,2.8161,699363,1143.6,3928078,5.6167,183.87,0.0,3.578249363442953,140556,0,0,1,1
SHP-00542,2026-03-31,Banjarmasin,Tangerang,JX Express,truk,2.81,1.0273,285657,814.4,3751277,13.1321,289.83,0.3,77.18,2895236,1,0,1,1
SHP-00543,2026-04-16,Makassar,Pontianak,Ninja Xpress,kapal_laut,3.53,1.7168,380142,854.3,2656102,6.9871,242.02,1.4,75.19,1997123,1,0,0,0
SHP-00544,2026-03-21,Tangerang,Jambi,J&T Express,pesawat,5.39,2.4284,476110,1052.8,3231569,6.7874,195.33,1.3,76.46,2470858,1,1,0,1
SHP-00545,2026-04-09,Malang,Bengkulu,Ninja Xpress,pesawat,1.0,0.5051,111454,2496.0,12470005,111.8848,2495.99,0.0,3.6991050296696137,461279,0,1,0,1
SHP-00546,2026-04-22,Jakarta,Samarinda,Anteraja,pesawat,2.54,1.2039,314343,1525.3,6715719,21.3643,600.51,1.5,73.27,4920607,1,1,0,1
SHP-00547,2026-05-10,Banjarmasin,Blitar,Wahana,motor,2.51,1.3899,349359,1335.4,4802949,13.7479,532.02,0.0,0.1505203684680223,7229,0,0,1,1
SHP-00548,2026-05-06,Padang,Mataram,SiCepat,pesawat,2.26,1.1429,285509,1060.2,2281647,7.9915,469.1,4.6,81.6,1861824,1,0,0,0
SHP-00549,2026-05-19,Depok,Padang,JX Express,motor,1.82,0.8378,129771,1639.0,5947775,45.8329,900.57,0.0,0.46620753301023166,27729,0,1,0,1
SHP-00550,2026-03-12,Bengkulu,Manado,SiCepat,truk,7.0,2.1564,819787,817.4,1562751,1.9063,116.78,2.2,76.81,1200349,1,0,0,0
SHP-00551,2026-05-12,Pontianak,Jakarta,SiCepat,pesawat,5.62,1.9508,503953,1456.5,3891639,7.7222,259.16,0.0,4.328497469666589,168449,0,0,1,1
SHP-00552,2026-05-09,Mataram,Malang,Anteraja,motor,7.96,2.7672,848296,905.9,3888256,4.5836,113.81,0.0,1.0085136446149385,39214,0,0,1,1
SHP-00553,2025-12-17,Makassar,Surabaya,JX Express,kapal_laut,4.04,2.2776,474055,1974.6,6357717,13.4113,488.76,0.0,2.281533120080152,145053,0,0,1,1
SHP-00554,2026-01-20,Ambon,Lampung,Anteraja,motor,5.53,1.9495,668150,1373.2,3317156,4.9647,248.32,0.0,0.917221594546811,30426,0,0,0,0
SHP-00555,2026-03-01,Semarang,Medan,JNE,kapal_laut,4.81,2.7165,622439,633.5,2734351,4.393,131.7,0.0,4.543682355191096,124240,0,1,0,1
SHP-00556,2026-03-09,Samarinda,Manado,J&T Express,pesawat,4.51,1.9631,442202,939.5,1546732,3.4978,208.31,0.0,3.748680705648063,57982,0,0,0,0
SHP-00557,2026-02-22,Depok,Balikpapan,JX Express,kapal_laut,2.69,0.8995,347659,1997.4,7413967,21.3254,742.51,2.4,72.21,5353626,1,1,0,1
SHP-00558,2026-06-06,Yogyakarta,Banjarmasin,Anteraja,kapal_laut,1.68,0.7735,134651,2027.2,8500886,63.1327,1206.65,1.3,71.24,6056031,1,1,0,1
SHP-00559,2026-03-10,Kupang,Bengkulu,TIKI,motor,10.35,5.6247,1460228,1635.2,3730314,2.5546,157.99,0.2,69.9,2607489,1,0,0,0
SHP-00560,2025-12-26,Samarinda,Malang,TIKI,pesawat,5.08,1.5484,295073,2141.1,8992206,30.4745,421.47,9.6,70.79,6365583,1,0,1,1
SHP-00561,2026-04-21,Solo,Balikpapan,SiCepat,truk,2.72,1.0829,264149,914.2,3523710,13.3399,336.12,0.0,0.604019806996291,21284,0,1,0,1
SHP-00562,2026-05-19,Semarang,Bogor,Ninja Xpress,kapal_laut,1.29,0.4948,115883,714.1,864838,7.463,553.56,0.0,2.497880122926179,21603,0,1,1,0
SHP-00563,2026-03-09,Lampung,Manado,SiCepat,pesawat,4.04,1.982,510583,1562.5,3850375,7.5411,386.75,2.8,78.15,3009068,1,0,0,0
SHP-00564,2026-05-07,Pontianak,Jambi,TIKI,truk,1.46,0.8308,169543,1411.6,3867105,22.809,966.84,1.4,69.44,2685318,1,0,0,0
SHP-00565,2026-02-28,Medan,Malang,JNE,kapal_laut,8.87,5.178,1048488,1056.3,4340149,4.1394,119.08,0.0,2.604364297977826,113033,0,0,1,1
SHP-00566,2026-04-19,Jambi,Ambon,Anteraja,truk,1.06,0.427,73297,1668.3,5800214,79.133,1573.85,0.0,3.481390242260032,201928,0,0,0,0
SHP-00567,2026-05-01,Pekanbaru,Mataram,JX Express,pesawat,1.24,0.396,180492,283.4,987272,5.4699,228.52,0.0,0.6278049980014333,6198,0,0,0,0
SHP-00568,2026-04-24,Padang,Manado,TIKI,kapal_laut,3.04,1.338,227658,878.4,2382032,10.4632,288.96,2.6,79.29,1888713,1,0,0,0
SHP-00569,2026-03-09,Tangerang,Mataram,Wahana,truk,6.19,2.5584,666732,1718.8,6159409,9.2382,277.67,9.2,75.82,4670064,1,1,0,1
SHP-00570,2026-05-11,Palembang,Mataram,J&T Express,pesawat,3.37,1.7456,323092,925.8,2083243,6.4478,274.71,0.0,0.3596982484025557,7493,0,0,0,0
SHP-00571,2026-06-05,Lampung,Banjarmasin,TIKI,kapal_laut,2.41,1.0236,297069,814.5,1723089,5.8003,337.95,0.0,0.35617177966190794,6137,0,0,0,0
SHP-00572,2026-02-12,Semarang,Medan,SiCepat,kapal_laut,9.23,3.7342,1293475,1236.4,3269262,2.5275,133.95,1.7,74.68,2441485,1,1,0,1
SHP-00573,2026-06-11,Bandung,Ambon,Ninja Xpress,truk,5.32,2.0131,659882,1008.6,4039724,6.1219,189.58,0.0,4.207579499536283,169975,0,1,0,1
SHP-00574,2025-12-28,Semarang,Samarinda,J&T Express,motor,2.33,1.3288,220381,1345.9,6156603,27.9362,577.64,1.1,80.68,4967147,1,1,0,1
SHP-00575,2026-05-21,Kupang,Medan,Anteraja,motor,4.34,2.3621,354173,1397.3,4049297,11.4331,321.95,0.6,75.92,3074226,1,0,0,0
SHP-00576,2026-04-21,Surabaya,Samarinda,JX Express,motor,5.44,1.9105,648615,896.0,2647766,4.0822,164.71,0.0,2.253303921486889,59662,0,1,0,1
SHP-00577,2026-05-24,Solo,Malang,JNE,kapal_laut,4.45,2.6472,605193,734.7,668012,1.1038,165.11,0.0,0.3990490098716909,2666,0,1,1,0
SHP-00578,2026-05-21,Medan,Semarang,Anteraja,truk,2.03,0.9,196209,622.1,2724542,13.8859,306.46,2.6,80.88,2203610,1,0,1,1
SHP-00579,2026-03-10,Malang,Pontianak,JNE,motor,2.88,1.235,376583,2498.9,11350254,30.1401,867.67,0.0,3.3253914266255253,377440,0,1,0,1
SHP-00580,2026-04-12,Pekanbaru,Bandung,Ninja Xpress,pesawat,5.68,3.1276,588205,745.8,2853817,4.8517,131.3,0.0,3.7571987068299855,107224,0,0,1,1
SHP-00581,2026-05-25,Bogor,Makassar,Wahana,motor,1.82,1.0229,307205,1855.9,5723277,18.6302,1019.7,0.0,3.696023174099339,211534,0,1,0,1
SHP-00582,2026-05-23,Bogor,Palembang,Wahana,truk,4.22,1.513,384461,1643.8,7630462,19.8472,389.52,0.0,0.6393067724229784,48782,0,1,0,1
SHP-00583,2026-03-23,Bekasi,Ambon,Wahana,kapal_laut,2.88,1.0743,335325,1899.8,5250478,15.6579,659.66,0.0,0.14610890896004702,7671,0,1,0,1
SHP-00584,2026-03-21,Kupang,Medan,Anteraja,kapal_laut,5.89,3.4483,821924,1676.4,4638699,5.6437,284.61,0.0,3.9777023230412807,184514,0,0,0,0
SHP-00585,2026-05-16,Mataram,Blitar,J&T Express,pesawat,1.92,0.9999,222363,1623.8,7535004,33.8861,845.73,0.0,1.1177541784604617,84223,0,0,1,1
SHP-00586,2026-03-27,Bekasi,Surabaya,J&T Express,truk,2.0,0.7129,304637,145.6,162066,0.532,72.78,0.0,3.6845894531040817,5971,0,1,1,0
SHP-00587,2026-02-17,Bandung,Padang,TIKI,motor,6.2,2.5389,931534,1539.5,6164237,6.6173,248.31,1.5,75.1,4629342,1,1,0,1
SHP-00588,2025-12-20,Depok,Yogyakarta,Anteraja,kapal_laut,3.0,1.4413,297482,651.0,978385,3.2889,216.99,0.0,1.544457133947983,15111,0,1,1,0
SHP-00589,2025-12-17,Semarang,Tangerang,Wahana,kapal_laut,2.95,1.2184,394696,670.9,678034,1.7179,227.43,0.0,4.0520932609242095,27475,0,1,1,0
SHP-00590,2026-03-17,Balikpapan,Bandung,SiCepat,motor,4.19,2.2815,479537,543.1,1890486,3.9423,129.63,0.0,2.3671080913511773,44750,0,0,1,1
SHP-00591,2026-06-01,Samarinda,Medan,JX Express,truk,3.12,1.5878,354668,830.0,1462358,4.1232,266.04,0.0,2.9019183988070276,42436,0,0,0,0
SHP-00592,2026-01-18,Mataram,Lampung,Anteraja,motor,4.37,1.8903,615672,535.6,1665110,2.7045,122.57,3.2,71.96,1198213,1,0,0,0
SHP-00593,2026-01-14,Semarang,Bengkulu,SiCepat,motor,6.74,3.7238,739506,2448.3,7220290,9.7637,363.25,11.8,78.81,5690311,1,1,0,1
SHP-00594,2025-12-30,Palembang,Yogyakarta,JX Express,kapal_laut,2.89,1.6946,336097,1883.6,8454140,25.1539,651.76,0.0,3.888654055583245,328752,0,0,1,1
SHP-00595,2026-01-14,Medan,Tangerang,Wahana,pesawat,1.01,0.5783,101742,2474.7,9153282,89.9656,2450.2,0.0,0.472766190556575,43274,0,0,1,1
SHP-00596,2026-01-28,Solo,Medan,Wahana,motor,2.37,0.9422,374954,1575.0,5533567,14.758,664.57,0.0,1.9689827246986384,108955,0,1,0,1
SHP-00597,2026-01-12,Ternate,Pontianak,Wahana,truk,3.14,1.6144,329032,1404.8,4820313,14.65,447.38,0.0,0.903320866152772,43543,0,0,0,0
SHP-00598,2026-03-13,Lampung,Solo,JNE,motor,4.27,1.446,321274,1625.0,7521481,23.4114,380.56,11.7,73.51,5529041,1,0,1,1
SHP-00599,2025-12-20,Manado,Solo,JX Express,truk,1.9,0.6497,192847,2321.6,11589243,60.0955,1221.88,0.0,2.5529517311543035,295868,0,0,1,1
SHP-00600,2026-04-09,Semarang,Bengkulu,JNE,kapal_laut,4.79,1.6299,599606,1054.8,4559611,7.6043,220.21,0.0,2.7492430528613685,125355,0,1,0,1
SHP-00601,2026-03-11,Medan,Jambi,SiCepat,motor,1.32,0.6639,151275,526.0,1451363,9.5942,398.5,3.0,71.07,1031484,1,0,0,0
SHP-00602,2026-03-02,Padang,Bengkulu,SiCepat,motor,4.87,2.612,663216,596.0,1215982,1.8335,122.38,0.0,3.4198962356287534,41585,0,0,0,0
SHP-00603,2026-01-15,Surabaya,Depok,J&T Express,pesawat,2.32,1.3777,281783,637.1,588318,2.0878,274.59,0.0,4.377559621131031,25754,0,1,1,0
SHP-00604,2026-03-18,Ambon,Ternate,Wahana,truk,3.31,1.8523,417907,1634.5,3009946,7.2024,493.81,0.0,1.947816654319781,58628,0,0,0,0
SHP-00605,2026-03-12,Ternate,Balikpapan,JX Express,motor,3.41,1.7255,484931,428.3,1128549,2.3272,125.59,7.5,65.0,733557,1,0,0,0
SHP-00606,2026-04-17,Lampung,Samarinda,TIKI,motor,3.89,2.3179,529330,641.3,1510641,2.8539,164.86,0.0,4.406938550018219,66573,0,0,0,0
SHP-00607,2026-02-08,Bekasi,Jambi,J&T Express,pesawat,2.61,0.8536,254132,2389.7,6960776,27.3904,915.61,4.1,76.54,5327778,1,1,0,1
SHP-00608,2026-02-26,Ternate,Mataram,JNE,motor,1.42,0.7179,184389,399.5,610366,3.3102,281.34,5.3,52.71,321724,1,0,0,0
SHP-00609,2026-06-01,Lampung,Manado,Ninja Xpress,kapal_laut,1.28,0.4487,215134,1646.1,3044632,14.1523,1286.0,0.4,72.55,2208881,1,0,0,0
SHP-00610,2026-01-04,Palembang,Banjarmasin,JX Express,kapal_laut,2.59,1.4872,258409,1426.3,2475607,9.5802,550.68,1.0,71.93,1780704,1,0,0,0
SHP-00611,2026-05-18,Padang,Medan,TIKI,pesawat,3.49,2.0264,601164,292.0,441432,0.7343,83.67,0.0,1.4917532486428597,6585,0,0,0,0
SHP-00612,2025-12-28,Jakarta,Bogor,SiCepat,motor,2.54,1.1369,220143,165.3,152695,0.6936,65.07,0.0,0.7781520027461497,1188,0,1,1,0
SHP-00613,2026-02-23,Tangerang,Blitar,Wahana,motor,2.45,1.3908,248164,792.0,1153413,4.6478,323.28,0.0,0.6993720067194764,8067,0,1,1,0
SHP-00614,2025-12-22,Jakarta,Bogor,TIKI,truk,1.96,1.1178,146504,409.5,599975,4.0953,208.91,1.6,62.25,373484,1,1,1,0
SHP-00615,2026-04-15,Lampung,Yogyakarta,Ninja Xpress,motor,3.08,1.703,252908,715.8,1827248,7.225,232.39,2.1,81.36,1486649,1,0,1,1
SHP-00616,2025-12-17,Bandung,Bengkulu,Ninja Xpress,motor,2.73,1.217,308745,805.0,3041338,9.8506,294.87,4.4,82.37,2505150,1,1,0,1
SHP-00617,2026-05-15,Blitar,Bengkulu,JX Express,kapal_laut,2.65,0.8769,370664,877.3,4068374,10.9759,331.07,0.0,0.743630499742336,30254,0,1,0,1
SHP-00618,2026-02-04,Yogyakarta,Medan,JNE,pesawat,2.46,0.8051,194140,1112.9,4544244,23.407,452.4,1.2,73.25,3328659,1,1,0,1
SHP-00619,2026-04-02,Palembang,Jambi,JNE,pesawat,1.6,0.9326,176165,1632.2,3041554,17.2654,1020.11,3.2,69.29,2107493,1,0,0,0
SHP-00620,2026-01-15,Banjarmasin,Tangerang,J&T Express,motor,2.45,0.8062,204504,2223.9,7401366,36.1918,907.73,0.0,1.8069248178203408,133737,0,0,1,1
SHP-00621,2025-12-29,Pontianak,Pekanbaru,Ninja Xpress,kapal_laut,3.65,1.5155,403683,1388.1,2416347,5.9858,380.31,0.0,4.560884158463827,110207,0,0,0,0
SHP-00622,2026-01-22,Ambon,Malang,TIKI,motor,3.23,1.6719,395948,1941.5,5066500,12.7959,601.1,2.4,72.31,3663586,1,0,1,1
SHP-00623,2026-04-01,Bogor,Kupang,Ninja Xpress,motor,3.49,1.5036,402816,2404.9,10767198,26.7298,689.08,1.0,83.46,8986303,1,1,0,1
SHP-00624,2026-03-04,Bandung,Padang,JNE,kapal_laut,4.53,2.2895,818964,831.0,3637296,4.4413,183.45,0.0,3.896860867375392,141740,0,1,0,1
SHP-00625,2026-04-07,Pekanbaru,Tangerang,TIKI,kapal_laut,3.3,1.9093,383332,1941.2,6108993,15.9366,588.23,0.0,1.481818434158515,90524,0,0,1,1
SHP-00626,2026-04-12,Manado,Semarang,SiCepat,kapal_laut,1.62,0.505,180094,2354.5,7478084,41.5232,1453.39,0.0,3.2120656214663255,240201,0,0,1,1
SHP-00627,2026-05-31,Ambon,Malang,J&T Express,truk,4.55,2.6921,592562,2268.0,7167010,12.095,498.46,6.9,73.95,5300004,1,0,1,1
SHP-00628,2026-01-03,Jambi,Ambon,JNE,pesawat,18.37,9.7996,1889240,1393.2,3154223,1.6696,75.84,0.0,4.350128942215056,137213,0,0,0,0
SHP-00629,2026-02-12,Pekanbaru,Manado,TIKI,motor,2.02,0.9585,317665,449.0,881639,2.7754,222.29,0.0,1.8432000334685361,16250,0,0,0,0
SHP-00630,2026-05-28,Surabaya,Banjarmasin,SiCepat,motor,1.6,0.8302,142901,825.8,2431542,17.0156,516.15,0.0,3.0391103844288,73897,0,1,0,1
SHP-00631,2026-06-11,Yogyakarta,Surabaya,JX Express,kapal_laut,2.63,1.1066,268937,612.8,497491,1.8498,233.02,1.5,70.92,352821,1,1,1,0
SHP-00632,2026-05-24,Samarinda,Ambon,JNE,kapal_laut,2.26,0.7747,198304,1746.2,5963606,30.073,772.64,4.0,71.91,4288429,1,0,0,0
SHP-00633,2026-05-19,Malang,Yogyakarta,Wahana,motor,4.79,2.1252,477092,250.6,336699,0.7057,52.32,0.1,49.0,164983,1,1,1,0
SHP-00634,2026-02-09,Pontianak,Kupang,JX Express,kapal_laut,1.9,0.7714,238261,1295.1,3721420,15.6191,681.61,0.0,4.50807325960728,167764,0,0,0,0
SHP-00635,2026-03-21,Solo,Semarang,TIKI,truk,5.77,1.8631,546471,743.5,657876,1.2039,128.86,0.5,74.03,487026,1,1,1,0
SHP-00636,2026-05-26,Pekanbaru,Solo,JX Express,kapal_laut,10.94,5.3325,1341626,1042.2,3906248,2.9116,95.26,0.9,78.69,3073827,1,0,1,1
SHP-00637,2026-05-22,Ternate,Jakarta,SiCepat,kapal_laut,2.21,1.1413,294463,634.6,2503355,8.5014,287.16,0.0,1.3923807123552194,34856,0,0,1,1
SHP-00638,2026-03-08,Depok,Yogyakarta,SiCepat,motor,2.22,0.9865,348851,527.5,494868,1.4186,237.59,0.0,4.608024516921793,22804,0,1,1,0
SHP-00639,2026-04-15,Palembang,Manado,Wahana,motor,3.62,1.5037,416332,1124.6,3246724,7.7984,310.66,0.0,3.5154665666539304,114137,0,0,0,0
SHP-00640,2026-02-17,Bogor,Jakarta,TIKI,truk,2.29,0.7788,250433,320.6,528847,2.1117,140.02,0.0,0.6967463826647879,3685,0,1,1,0
SHP-00641,2026-06-01,Yogyakarta,Ambon,JX Express,kapal_laut,2.04,1.0692,201079,786.2,3406169,16.9395,385.37,0.0,2.12354370846168,72331,0,1,0,1
SHP-00642,2025-12-18,Lampung,Semarang,J&T Express,motor,1.4,0.4532,124515,2127.4,6114836,49.1092,1519.59,4.1,74.47,4553718,1,0,1,1
SHP-00643,2026-02-26,Bekasi,Banjarmasin,JX Express,pesawat,2.55,0.7751,164762,1784.9,7158258,43.446,699.96,0.5,73.71,5276352,1,1,0,1
SHP-00644,2026-04-21,Bengkulu,Kupang,Wahana,pesawat,7.13,3.6563,620855,1757.0,4468044,7.1966,246.42,0.0,0.625666780141545,27955,0,0,0,0
SHP-00645,2026-03-09,Medan,Pekanbaru,JNE,kapal_laut,1.61,0.9544,147021,1307.9,3210633,21.8379,812.35,0.0,2.0254993746896712,65031,0,0,0,0
SHP-00646,2026-01-13,Solo,Bandung,Ninja Xpress,motor,2.11,0.6823,311524,71.0,76876,0.2468,33.67,0.0,0.3265958358313864,251,0,1,1,0
SHP-00647,2026-03-26,Jakarta,Samarinda,Anteraja,kapal_laut,3.48,1.0778,442344,1629.6,6370649,14.402,468.27,0.0,0.22840306341830263,14551,0,1,0,1
SHP-00648,2026-02-06,Surabaya,Bekasi,JNE,pesawat,3.0,1.2516,244765,556.0,629030,2.5699,185.34,0.0,2.517892014272618,15838,0,1,1,0
SHP-00649,2026-04-16,Ternate,Samarinda,SiCepat,truk,3.47,1.6514,423538,442.5,1073503,2.5346,127.51,0.0,0.46645432534882014,5007,0,0,0,0
SHP-00650,2026-04-14,Kupang,Malang,SiCepat,kapal_laut,3.33,1.446,259712,1746.9,8473283,32.6257,524.61,3.7,79.15,6706603,1,0,1,1
SHP-00651,2026-01-18,Malang,Pekanbaru,J&T Express,kapal_laut,4.46,2.4988,749353,1497.8,5447617,7.2698,335.84,1.1,71.68,3904852,1,1,0,1
SHP-00652,2026-02-10,Bogor,Surabaya,J&T Express,kapal_laut,4.48,2.6694,770288,381.5,657826,0.854,85.16,0.0,4.858403227058553,31960,0,1,1,0
SHP-00653,2025-12-22,Bandung,Bogor,Anteraja,motor,2.35,1.1848,262467,518.5,577396,2.1999,220.63,1.6,72.07,416129,1,1,1,0
SHP-00654,2026-03-17,Bandung,Pekanbaru,JNE,kapal_laut,4.79,1.6591,387325,1640.3,7601939,19.6268,342.44,6.2,75.06,5706015,1,1,0,1
SHP-00655,2026-06-05,Makassar,Jambi,Wahana,truk,4.24,1.6901,562455,978.1,2840890,5.0509,230.68,0.0,1.3918753137655049,39542,0,0,0,0
SHP-00656,2026-06-01,Manado,Yogyakarta,Wahana,kapal_laut,3.71,1.1479,420368,2372.9,8076781,19.2136,639.6,0.0,2.367048196994544,191181,0,0,1,1
SHP-00657,2025-12-25,Malang,Mataram,JNE,motor,1.57,0.5104,125624,1096.7,4694330,37.3681,698.52,0.0,2.6238897150048945,123174,0,1,0,1
SHP-00658,2025-12-19,Kupang,Tangerang,SiCepat,truk,1.55,0.5415,154038,1451.0,6126228,39.7709,936.13,3.6,73.0,4472146,1,0,1,1
SHP-00659,2026-03-25,Padang,Medan,JNE,kapal_laut,3.58,2.1334,597719,1378.8,2940918,4.9202,385.13,1.8,70.1,2061584,1,0,0,0
SHP-00660,2026-02-27,Semarang,Ternate,JX Express,pesawat,3.06,1.3316,328103,1398.7,6886490,20.9888,457.08,0.7,79.4,5467873,1,1,0,1
SHP-00661,2026-05-14,Lampung,Manado,SiCepat,motor,2.07,0.7397,336188,792.4,1765164,5.2505,382.81,1.1,80.55,1421840,1,0,0,0
SHP-00662,2026-01-13,Lampung,Banjarmasin,Wahana,motor,2.6,1.2031,351443,381.4,706226,2.0095,146.7,0.0,0.8844758031052935,6246,0,0,0,0
SHP-00663,2026-05-23,Solo,Manado,JX Express,motor,1.57,0.7914,218968,2375.8,11320005,51.6971,1513.25,0.3,75.09,8500192,1,1,0,1
SHP-00664,2026-02-18,Jambi,Jakarta,JX Express,truk,2.96,1.7114,248824,1662.5,4291807,17.2484,561.64,1.6,72.02,3090959,1,0,1,1
SHP-00665,2026-02-05,Manado,Medan,J&T Express,kapal_laut,1.42,0.6236,221573,1455.4,3335257,15.0526,1024.94,0.0,3.9109802702045657,130441,0,0,0,0
SHP-00666,2026-01-12,Bekasi,Tangerang,Anteraja,pesawat,2.67,1.522,206469,165.0,193814,0.9387,61.81,0.0,4.100171951250934,7947,0,1,1,0
SHP-00667,2026-05-01,Depok,Solo,JX Express,kapal_laut,3.3,1.6001,259382,749.0,920543,3.549,226.96,0.0,1.9520584857968848,17970,0,1,1,0
SHP-00668,2026-01-24,Medan,Kupang,Ninja Xpress,kapal_laut,2.79,1.5076,347051,1454.9,4635242,13.3561,521.45,0.0,1.3011506139240363,60311,0,0,0,0
SHP-00669,2026-05-12,Solo,Depok,TIKI,truk,1.43,0.6988,124552,580.7,999118,8.0217,406.07,1.4,72.42,723561,1,1,1,0
SHP-00670,2026-01-02,Makassar,Jambi,Ninja Xpress,kapal_laut,1.91,0.7135,301214,1432.6,4037880,13.4054,750.07,8.2,79.3,3202039,1,0,0,0
SHP-00671,2026-03-06,Padang,Mataram,J&T Express,truk,2.7,0.8967,333166,348.4,867098,2.6026,129.05,0.0,4.191579416691231,36345,0,0,0,0
SHP-00672,2026-06-06,Semarang,Banjarmasin,JNE,motor,2.49,1.4255,274786,520.3,1533107,5.5793,208.95,0.0,3.0332742949876534,46503,0,1,0,1
SHP-00673,2026-05-10,Semarang,Depok,Ninja Xpress,motor,2.25,1.0841,267268,620.7,630843,2.3603,275.88,6.9,73.61,464364,1,1,1,0
SHP-00674,2026-04-26,Blitar,Surabaya,SiCepat,pesawat,2.24,0.7338,316683,400.3,644060,2.0338,178.7,0.0,4.731728374955883,30475,0,1,1,0
SHP-00675,2026-03-25,Tangerang,Solo,TIKI,pesawat,6.24,2.1821,667598,375.1,467438,0.7002,60.11,0.0,1.3583696192462813,6350,0,1,1,0
SHP-00676,2025-12-31,Pekanbaru,Semarang,JX Express,motor,1.86,1.059,247722,2278.9,11155768,45.0334,1225.21,1.6,74.83,8347861,1,0,1,1
SHP-00677,2026-04-21,Pontianak,Bogor,JX Express,truk,2.74,1.0237,240415,790.1,2596305,10.7993,288.35,3.5,76.84,1995001,1,0,1,1
SHP-00678,2026-05-26,Makassar,Padang,Ninja Xpress,kapal_laut,3.33,1.6002,296554,644.9,1751364,5.9057,193.66,0.0,4.299563194488919,75301,0,0,0,0
SHP-00679,2026-03-08,Padang,Kupang,JX Express,motor,2.28,0.8188,310264,1784.4,4179948,13.4722,782.64,0.6,73.04,3053034,1,0,0,0
SHP-00680,2026-06-10,Blitar,Padang,JNE,pesawat,3.24,1.4208,369855,574.0,2200588,5.9499,177.17,0.0,1.6869493441572658,37123,0,1,0,1
SHP-00681,2026-01-01,Surabaya,Banjarmasin,J&T Express,motor,4.12,2.1676,460134,1126.3,4540091,9.8669,273.39,3.6,75.55,3430039,1,1,0,1
SHP-00682,2025-12-20,Semarang,Ambon,Ninja Xpress,truk,1.67,0.7193,125052,2304.6,7886638,63.0669,1379.97,0.0,4.947825148885747,390217,0,1,0,1
SHP-00683,2026-05-08,Mataram,Bandung,Anteraja,truk,1.56,0.7548,184046,840.7,2391229,12.9926,538.9,0.0,0.6314435347666097,15099,0,0,1,1
SHP-00684,2026-03-31,Samarinda,Padang,JX Express,motor,4.31,1.604,486087,648.9,1975986,4.0651,150.55,0.0,0.45899686455026345,9070,0,0,0,0
SHP-00685,2026-05-19,Lampung,Surabaya,Ninja Xpress,kapal_laut,5.58,2.0187,611857,620.5,1571701,2.5687,111.21,5.1,75.27,1183019,1,0,1,1
SHP-00686,2026-04-24,Depok,Malang,Ninja Xpress,pesawat,5.59,3.0988,380106,737.5,874389,2.3004,131.94,0.0,3.102390263731183,27127,0,1,1,0
SHP-00687,2026-02-17,Samarinda,Medan,TIKI,truk,2.28,0.8941,349824,435.7,1416949,4.0505,191.08,0.0,1.202812307200876,17043,0,0,0,0
SHP-00688,2026-06-01,Solo,Tangerang,JNE,motor,4.07,1.5453,442521,373.6,355157,0.8026,91.79,0.0,2.5396341209761615,9020,0,1,1,0
SHP-00689,2026-05-18,Makassar,Tangerang,Ninja Xpress,truk,1.41,0.8156,107356,853.3,2721837,25.3534,605.17,0.0,2.5930923012482126,70580,0,0,1,1
SHP-00690,2025-12-19,Bengkulu,Bandung,TIKI,truk,1.56,0.4988,113540,1740.4,7465725,65.7541,1115.67,0.0,0.506521359826933,37815,0,0,1,1
SHP-00691,2026-03-28,Tangerang,Banjarmasin,TIKI,kapal_laut,4.71,1.8199,653870,688.5,2587396,3.957,146.18,0.0,2.3837916455824204,61678,0,1,0,1
SHP-00692,2026-04-08,Mataram,Lampung,TIKI,kapal_laut,2.45,0.8727,275042,220.4,539745,1.9624,89.95,0.0,0.8875752603400816,4791,0,0,0,0
SHP-00693,2026-05-03,Kupang,Surabaya,SiCepat,truk,3.55,1.3286,370729,1634.5,8133492,21.9392,460.43,0.0,2.6263459214250173,213614,0,0,1,1
SHP-00694,2026-03-21,Samarinda,Yogyakarta,J&T Express,truk,1.4,0.6101,238089,1014.7,3770784,15.8377,724.77,0.0,1.7631318904881932,66484,0,0,1,1
SHP-00695,2025-12-18,Kupang,Pontianak,Wahana,truk,1.83,0.9003,156449,552.4,1926899,12.3165,301.86,0.1,73.62,1418583,1,0,0,0
SHP-00696,2026-03-06,Palembang,Bogor,TIKI,truk,10.05,5.7262,1428059,1553.8,4915138,3.4418,154.61,0.0,4.4399745140670115,218231,0,0,1,1
SHP-00697,2026-05-17,Padang,Palembang,Anteraja,pesawat,1.41,0.7199,150989,1472.5,3877657,25.6817,1044.35,0.0,1.7349890726956922,67277,0,0,0,0
SHP-00698,2026-01-14,Jakarta,Banjarmasin,SiCepat,motor,4.43,1.7141,420699,1473.6,3922179,9.323,332.65,1.8,74.38,2917317,1,1,0,1
SHP-00699,2026-01-22,Semarang,Bandung,Wahana,pesawat,1.37,0.7538,89522,709.0,1124018,12.5558,517.55,0.0,4.792621462378106,53870,0,1,1,0
SHP-00700,2026-05-20,Yogyakarta,Surabaya,Anteraja,kapal_laut,3.3,1.2067,340744,658.8,946699,2.7783,199.63,0.0,4.8345340752662285,45768,0,1,1,0
SHP-00701,2026-03-28,Kupang,Tangerang,Anteraja,pesawat,1.65,0.9286,176215,2035.3,6360481,36.095,1233.53,0.0,0.9976158775784916,63453,0,0,1,1
SHP-00702,2026-02-25,Surabaya,Bekasi,Wahana,kapal_laut,1.07,0.4612,92636,284.9,494346,5.3364,266.3,0.0,2.3418943715912786,11577,0,1,1,0
SHP-00703,2026-03-31,Makassar,Palembang,JX Express,motor,6.77,3.5661,734364,588.2,1484944,2.0221,86.89,2.4,74.86,1111629,1,0,0,0
SHP-00704,2026-05-30,Bandung,Samarinda,JX Express,kapal_laut,2.87,0.9081,431967,1167.0,3201571,7.4116,406.61,2.0,73.08,2339708,1,1,0,1
SHP-00705,2026-06-13,Semarang,Balikpapan,JNE,kapal_laut,3.12,1.8414,345615,1779.3,5136835,14.8629,570.3,0.0,3.5957102100982747,184706,0,1,0,1
SHP-00706,2026-02-11,Ternate,Banjarmasin,TIKI,truk,6.77,2.5331,422228,1009.3,2302616,5.4535,149.08,0.0,1.4996187912135324,34530,0,0,0,0
SHP-00707,2026-05-02,Solo,Ambon,TIKI,pesawat,8.48,4.7301,1002341,1772.4,5249867,5.2376,209.01,0.0,3.287326814259659,172580,0,1,0,1
SHP-00708,2026-02-26,Pontianak,Balikpapan,TIKI,motor,2.92,0.9636,325771,640.3,1454510,4.4648,219.28,0.0,2.3198184898829632,33742,0,0,0,0
SHP-00709,2026-05-10,Yogyakarta,Jakarta,Anteraja,motor,1.58,0.7492,141918,542.9,675620,4.7606,343.6,0.0,1.773634365305175,11983,0,1,1,0
SHP-00710,2026-02-17,Makassar,Kupang,Wahana,pesawat,3.01,1.0933,437446,1020.9,1887586,4.315,339.16,3.2,76.63,1446457,1,0,0,0
SHP-00711,2026-02-05,Lampung,Mataram,SiCepat,pesawat,7.08,4.0855,722404,974.0,3336028,4.618,137.57,0.0,0.9018726861491405,30087,0,0,0,0
SHP-00712,2025-12-26,Samarinda,Bengkulu,Anteraja,kapal_laut,4.92,2.3331,712649,308.1,480360,0.674,62.62,0.0,1.158521551509963,5565,0,0,0,0
SHP-00713,2026-01-09,Semarang,Banjarmasin,Wahana,pesawat,9.84,3.6505,1131772,2284.9,10029848,8.8621,232.21,0.0,0.32184951238060866,32281,0,1,0,1
SHP-00714,2026-04-25,Tangerang,Semarang,JNE,truk,2.72,1.3311,179558,130.7,163368,0.9098,48.07,3.0,35.36,57767,1,1,1,0
SHP-00715,2026-06-06,Tangerang,Banjarmasin,Wahana,pesawat,1.0,0.4302,137355,672.0,1720822,12.5283,672.04,0.0,0.481030576062933,8278,0,1,0,1
SHP-00716,2026-04-22,Ternate,Yogyakarta,JNE,pesawat,5.77,3.2274,664777,2415.5,10436617,15.6994,418.63,0.0,0.9506845039279349,99219,0,0,1,1
SHP-00717,2026-02-02,Padang,Ambon,Wahana,pesawat,0.69,0.3837,90473,1200.8,3899991,43.1067,1740.22,0.0,0.635961919366842,24802,0,0,0,0
SHP-00718,2026-05-05,Bekasi,Semarang,J&T Express,motor,1.5,0.5989,181465,741.7,779815,4.2973,494.47,0.0,0.3397640910909522,2650,0,1,1,0
SHP-00719,2026-03-21,Bekasi,Surabaya,TIKI,pesawat,2.69,1.3699,231967,738.0,784579,3.3823,274.37,1.2,72.39,567957,1,1,1,0
SHP-00720,2026-06-05,Kupang,Samarinda,JNE,kapal_laut,1.46,0.8376,122694,1489.1,3912820,31.8909,1019.9,0.0,4.175017281084292,163361,0,0,0,0
SHP-00721,2026-04-17,Bogor,Surabaya,JX Express,truk,6.45,2.1855,642417,422.4,433112,0.6742,65.5,0.0,2.3879629486582554,10343,0,1,1,0
SHP-00722,2026-02-25,Jakarta,Bandung,JNE,kapal_laut,3.86,1.9477,524194,89.1,139511,0.2661,23.08,0.0,2.1485932432613444,2998,0,1,1,0
SHP-00723,2026-01-28,Manado,Yogyakarta,J&T Express,motor,1.08,0.6168,102360,2336.1,7231339,70.6461,2163.09,0.0,2.0653274188740434,149351,0,0,1,1
SHP-00724,2026-05-14,Padang,Bandung,JNE,kapal_laut,1.88,0.5887,214708,988.5,3193838,14.8753,525.79,0.0,2.3935068271153725,76445,0,0,1,1
SHP-00725,2025-12-29,Bengkulu,Surabaya,J&T Express,pesawat,5.3,2.7114,898940,2217.5,8002708,8.9024,418.4,1.4,76.51,6122872,1,0,1,1
SHP-00726,2026-04-16,Blitar,Pontianak,Anteraja,pesawat,4.52,1.4292,726208,1743.7,5579037,7.6824,385.78,0.4,80.76,4505630,1,1,0,1
SHP-00727,2026-04-04,Bekasi,Balikpapan,TIKI,truk,1.47,0.5036,244197,1799.8,6541265,26.7868,1224.36,2.1,67.11,4389843,1,1,0,1
SHP-00728,2026-06-06,Padang,Medan,Anteraja,truk,2.66,1.1033,246625,806.9,2275403,9.2262,303.35,0.0,3.302012283546778,75134,0,0,0,0
SHP-00729,2026-05-31,Manado,Samarinda,Ninja Xpress,truk,1.12,0.4242,123377,243.8,719452,5.8313,217.64,0.0,4.328711458576812,31143,0,0,0,0
SHP-00730,2026-06-11,Ternate,Semarang,JX Express,pesawat,2.75,1.2939,255122,1262.6,5510015,21.5976,459.12,0.0,0.6593635643911583,36331,0,0,1,1
SHP-00731,2026-03-28,Tangerang,Ternate,Anteraja,truk,1.84,0.5733,157200,1001.0,4136820,26.3156,544.04,0.0,0.06169558034488598,2552,0,1,0,1
SHP-00732,2026-01-17,Padang,Bengkulu,Ninja Xpress,pesawat,5.71,1.7426,332463,774.0,2148109,6.4612,135.54,0.0,2.0430544413099,43887,0,0,0,0
SHP-00733,2026-04-16,Surabaya,Tangerang,Ninja Xpress,truk,2.76,1.4794,270119,220.6,214939,0.7957,79.91,0.0,3.2798907551757868,7050,0,1,1,0
SHP-00734,2026-03-16,Semarang,Jambi,JNE,kapal_laut,11.71,5.5502,1097848,621.6,2664520,2.427,53.09,0.9,75.14,2002120,1,1,0,1
SHP-00735,2026-01-01,Manado,Lampung,JNE,kapal_laut,2.54,1.1002,247655,721.3,1617589,6.5316,283.96,0.0,2.079848351753993,33643,0,0,0,0
SHP-00736,2026-04-21,Palembang,Kupang,Anteraja,kapal_laut,5.77,3.3624,417110,789.3,1643086,3.9392,136.79,2.7,72.06,1184008,1,0,0,0
SHP-00737,2026-01-21,Ternate,Depok,Ninja Xpress,kapal_laut,2.23,1.1086,233628,1798.4,8790604,37.6265,806.47,0.0,4.96159710826654,436154,0,0,1,1
SHP-00738,2026-04-13,Pontianak,Padang,JX Express,truk,6.4,2.0187,734218,905.6,1846001,2.5142,141.5,0.0,1.4653265443097618,27050,0,0,0,0
SHP-00739,2025-12-29,Depok,Blitar,Ninja Xpress,kapal_laut,2.5,0.8366,276011,710.2,825133,2.9895,284.07,2.1,82.9,684035,1,1,1,0
SHP-00740,2026-01-10,Banjarmasin,Pekanbaru,TIKI,motor,4.4,2.4127,823459,591.9,1964273,2.3854,134.53,0.0,3.3295132643781655,65401,0,0,0,0
SHP-00741,2026-06-11,Tangerang,Ternate,Anteraja,pesawat,2.44,1.0402,379700,1765.3,7822946,20.603,723.47,0.0,4.382028484868599,342804,0,1,0,1
SHP-00742,2026-01-30,Solo,Semarang,JX Express,pesawat,7.73,3.4086,822247,675.4,556478,0.6768,87.37,0.2,74.87,416635,1,1,1,0
SHP-00743,2026-06-03,Medan,Kupang,JX Express,pesawat,0.85,0.3166,77089,1519.5,3302398,42.8388,1787.7,0.0,0.5388589573701508,17795,0,0,0,0
SHP-00744,2026-02-04,Surabaya,Balikpapan,Ninja Xpress,motor,9.43,4.9244,1203088,1900.2,8234840,6.8448,201.51,0.0,2.9477906568475754,242746,0,1,0,1
SHP-00745,2026-02-02,Surabaya,Yogyakarta,JNE,pesawat,4.16,1.6479,435568,259.5,408155,0.9371,62.37,2.0,43.94,179343,1,1,1,0
SHP-00746,2026-01-08,Kupang,Pontianak,JX Express,pesawat,2.3,0.8131,246062,1375.4,4784210,19.4431,598.0,2.2,75.46,3610165,1,0,0,0
SHP-00747,2026-04-16,Depok,Semarang,Ninja Xpress,pesawat,1.85,0.8251,141850,754.4,799237,5.6344,407.79,0.0,0.5305972667230607,4241,0,1,1,0
SHP-00748,2026-02-01,Bengkulu,Tangerang,SiCepat,truk,3.68,1.1114,364067,906.3,4399559,12.0845,246.27,0.0,3.6604470925340307,161044,0,0,1,1
SHP-00749,2026-04-19,Yogyakarta,Ambon,Wahana,pesawat,6.61,2.1553,513398,1837.4,9042180,17.6124,277.98,0.0,3.7213876766458247,336495,0,1,0,1
SHP-00750,2026-02-01,Balikpapan,Surabaya,Ninja Xpress,kapal_laut,3.03,1.4822,409549,1913.6,6290115,15.3586,631.56,0.0,2.1668881215318585,136300,0,0,1,1
SHP-00751,2026-01-03,Depok,Malang,JNE,truk,1.59,0.893,124008,402.6,517125,4.1701,253.2,2.1,54.87,283746,1,1,1,0
SHP-00752,2026-03-17,Kupang,Surabaya,TIKI,truk,2.63,1.2713,246720,1876.0,7566596,30.6688,713.29,0.0,1.1735789342863345,88800,0,0,1,1
SHP-00753,2026-04-02,Banjarmasin,Pontianak,SiCepat,pesawat,4.21,2.0587,526346,672.7,1303536,2.4766,159.78,0.0,4.4840919880181955,58452,0,0,0,0
SHP-00754,2026-02-09,Palembang,Makassar,Ninja Xpress,kapal_laut,3.62,1.5907,284521,1315.1,3826609,13.4493,363.3,0.0,2.4186936706349558,92554,0,0,0,0
SHP-00755,2026-03-04,Pekanbaru,Palembang,TIKI,truk,1.94,1.0999,192596,1434.9,2903060,15.0733,739.63,1.5,73.78,2141878,1,0,0,0
SHP-00756,2026-01-08,Tangerang,Bandung,Anteraja,motor,4.28,2.335,411300,479.4,463337,1.1265,112.0,2.9,73.87,342267,1,1,1,0
SHP-00757,2026-01-28,Pekanbaru,Depok,SiCepat,truk,1.7,0.68,206377,626.9,1644460,7.9682,368.78,2.3,80.15,1318035,1,0,1,1
SHP-00758,2026-05-05,Medan,Mataram,TIKI,pesawat,2.4,1.248,252520,232.0,784478,3.1066,96.69,1.5,45.59,357644,1,0,0,0
SHP-00759,2026-02-28,Bekasi,Jakarta,TIKI,kapal_laut,5.04,2.1179,848244,696.5,610490,0.7197,138.19,0.0,3.5174462110693,21474,0,1,1,0
SHP-00760,2026-04-08,Jakarta,Balikpapan,SiCepat,truk,9.67,3.4646,1050218,1147.5,4338394,4.1309,118.66,1.0,74.23,3220390,1,1,0,1
SHP-00761,2026-03-06,Jambi,Padang,Wahana,motor,2.37,1.3985,279845,1652.3,4240386,15.1526,697.16,0.1,75.97,3221421,1,0,0,0
SHP-00762,2026-05-02,Bogor,Samarinda,J&T Express,motor,2.61,1.0726,338397,1164.9,5270111,15.5738,446.31,0.0,0.47694517526348734,25136,0,1,0,1
SHP-00763,2026-03-20,Malang,Mataram,Wahana,kapal_laut,1.46,0.8051,204996,2021.2,5350691,26.1014,1384.36,0.0,2.059292916635236,110186,0,1,0,1
SHP-00764,2026-04-15,Ambon,Yogyakarta,JNE,pesawat,4.87,2.7342,397091,1624.8,6047279,15.229,333.64,0.0,4.797376418561065,290111,0,0,1,1
SHP-00765,2026-02-26,Depok,Makassar,Wahana,truk,6.38,2.0623,401708,1539.9,4317347,10.7475,241.36,6.1,72.14,3114534,1,1,0,1
SHP-00766,2026-01-08,Banjarmasin,Solo,Wahana,kapal_laut,5.28,2.2167,511481,1088.4,5229908,10.225,206.15,0.0,2.612400513976296,136626,0,0,1,1
SHP-00767,2026-05-11,Kupang,Bogor,SiCepat,kapal_laut,1.51,0.8167,204321,1709.0,6289721,30.7835,1131.81,1.2,76.53,4813523,1,0,1,1
SHP-00768,2026-01-06,Solo,Pontianak,Wahana,truk,2.39,1.0543,251368,1902.9,5705304,22.697,796.2,1.8,71.95,4104966,1,1,0,1
SHP-00769,2026-03-28,Makassar,Pekanbaru,SiCepat,truk,2.12,0.7798,330415,639.3,2008458,6.0786,301.57,0.0,2.9223419252530896,58694,0,0,0,0
SHP-00770,2026-02-01,Bogor,Pekanbaru,JX Express,pesawat,3.58,1.2916,331312,932.9,2748099,8.2946,260.58,0.0,0.6335204391510962,17410,0,1,0,1
SHP-00771,2026-04-20,Padang,Jambi,JX Express,pesawat,5.1,2.4553,860308,1185.4,3933767,4.5725,232.44,0.0,1.1591551821338841,45598,0,0,0,0
SHP-00772,2026-01-22,Surabaya,Ternate,SiCepat,kapal_laut,0.52,0.1641,58047,1829.7,6070387,104.5771,3518.62,0.0,0.586482481687251,35602,0,1,0,1
SHP-00773,2026-05-09,Medan,Samarinda,JX Express,motor,1.19,0.4702,108145,542.2,993508,9.1868,455.66,0.0,1.3886838298793014,13797,0,0,0,0
SHP-00774,2026-03-18,Ambon,Palembang,Wahana,motor,3.92,1.3174,611643,484.8,1567072,2.5621,123.68,0.0,3.8537239160403267,60391,0,0,0,0
SHP-00775,2026-04-11,Balikpapan,Palembang,TIKI,kapal_laut,2.59,1.3579,201867,1041.6,1574102,7.7977,402.16,0.3,73.45,1156178,1,0,0,0
SHP-00776,2026-02-14,Pontianak,Jakarta,Anteraja,truk,4.58,1.9213,769664,1048.3,2770854,3.6001,228.9,0.0,0.1521324687892689,4215,0,0,1,1
SHP-00777,2026-04-30,Pekanbaru,Jambi,Wahana,motor,0.78,0.3855,70279,791.3,2156833,30.6896,1014.43,0.0,3.528197882182753,76097,0,0,0,0
SHP-00778,2026-06-10,Mataram,Yogyakarta,J&T Express,motor,4.43,1.9182,510693,2215.8,7076528,13.8567,500.18,0.0,3.2755261143298364,231794,0,0,1,1
SHP-00779,2026-02-06,Depok,Ambon,Ninja Xpress,kapal_laut,8.24,4.8063,1209993,1306.3,6001735,4.9601,158.54,0.0,0.32477450344487735,19492,0,1,0,1
SHP-00780,2026-02-15,Yogyakarta,Balikpapan,Anteraja,truk,4.3,1.8179,645093,2382.2,7808574,12.1046,554.0,0.0,0.588572857583034,45959,0,1,0,1
SHP-00781,2026-04-12,Padang,Ambon,J&T Express,motor,2.1,0.83,185218,470.9,716238,3.867,224.26,0.0,2.3017454922674196,16486,0,0,0,0
SHP-00782,2026-04-09,Bekasi,Ambon,TIKI,kapal_laut,2.19,0.8456,226471,1328.0,6092956,26.9039,606.38,0.7,79.4,4837807,1,1,0,1
SHP-00783,2026-01-28,Lampung,Makassar,Anteraja,truk,2.93,1.1856,354986,1209.6,3826656,10.7797,412.85,5.4,74.86,2864635,1,0,0,0
SHP-00784,2026-04-20,Padang,Malang,JX Express,pesawat,4.81,1.8596,640563,1603.2,6986570,10.9069,333.31,2.2,71.9,5023344,1,0,1,1
SHP-00785,2026-05-19,Makassar,Tangerang,JNE,truk,3.15,1.3941,317322,1627.5,6747389,21.2635,516.68,0.0,1.6118602343383537,108758,0,0,1,1
SHP-00786,2026-02-18,Jambi,Bogor,JNE,kapal_laut,2.66,1.315,288835,1112.6,4079840,14.1252,418.25,0.1,76.39,3116590,1,0,1,1
SHP-00787,2026-02-05,Padang,Lampung,JX Express,motor,2.89,1.4942,349079,841.8,1330332,3.811,291.3,0.0,1.1715152398933837,15585,0,0,0,0
SHP-00788,2026-01-20,Semarang,Palembang,JX Express,pesawat,6.54,2.018,949694,2273.2,11168387,11.76,347.58,0.0,0.9923107158949179,110825,0,1,0,1
SHP-00789,2026-02-23,Samarinda,Yogyakarta,SiCepat,pesawat,1.71,0.7161,210198,900.8,2639536,12.5574,526.79,0.6,78.96,2084178,1,0,1,1
SHP-00790,2025-12-25,Surabaya,Balikpapan,TIKI,kapal_laut,10.28,4.2382,1057267,1441.6,6079184,5.7499,140.23,0.0,4.5641652298087605,277464,0,1,0,1
SHP-00791,2026-02-26,Medan,Ambon,Wahana,kapal_laut,4.05,1.3711,421515,1437.2,4737127,11.2383,354.87,0.0,3.651860537852488,172993,0,0,0,0
SHP-00792,2026-03-05,Pekanbaru,Medan,J&T Express,pesawat,2.86,1.3612,290971,1428.6,3197474,10.989,499.49,5.2,77.11,2465572,1,0,0,0
SHP-00793,2026-04-09,Surabaya,Jambi,TIKI,kapal_laut,3.0,1.1717,241448,859.8,2473392,10.244,286.58,3.4,74.54,1843666,1,1,0,1
SHP-00794,2026-03-25,Palembang,Solo,SiCepat,motor,9.31,4.0915,887818,702.8,3272401,3.6859,75.49,0.0,0.061122445795080416,2000,0,0,1,1
SHP-00795,2026-02-13,Yogyakarta,Padang,JX Express,motor,4.06,1.2844,510295,731.9,3306663,6.4799,180.28,0.0,2.5103079293975723,83007,0,1,0,1
SHP-00796,2026-02-18,Lampung,Depok,Ninja Xpress,truk,3.16,1.5876,258108,2368.4,9415114,36.4774,749.48,5.0,80.94,7620593,1,0,1,1
SHP-00797,2026-02-28,Palembang,Bandung,Wahana,pesawat,2.87,1.377,290249,1850.0,8171573,28.1537,644.6,0.9,73.93,6041244,1,0,1,1
SHP-00798,2026-02-24,Jakarta,Makassar,Ninja Xpress,pesawat,4.24,1.7264,400199,997.3,2702674,6.7533,235.2,3.9,79.95,2160788,1,1,0,1
SHP-00799,2026-01-02,Kupang,Tangerang,Ninja Xpress,motor,3.88,2.125,612159,1547.1,5640866,9.2147,398.74,1.4,74.84,4221624,1,0,1,1
SHP-00800,2026-05-25,Ternate,Kupang,J&T Express,motor,3.15,1.2642,345781,841.2,1571213,4.544,267.04,0.0,3.607969792667606,56689,0,0,0,0
SHP-00801,2025-12-20,Ambon,Palembang,J&T Express,kapal_laut,3.88,2.0879,363891,1117.3,2156929,5.9274,287.97,0.0,1.3739337677832615,29635,0,0,0,0
SHP-00802,2026-01-03,Samarinda,Solo,Anteraja,truk,9.89,4.9792,925401,537.4,1900279,2.0535,54.34,0.9,74.28,1411527,1,0,1,1
SHP-00803,2026-03-07,Depok,Semarang,TIKI,kapal_laut,1.44,0.4595,162560,670.2,930223,5.7223,465.44,0.0,1.643760075474453,15291,0,1,1,0
SHP-00804,2026-06-06,Banjarmasin,Manado,JNE,pesawat,2.33,1.0096,299839,537.0,1554914,5.1858,230.48,0.0,1.2784629837773076,19879,0,0,0,0
SHP-00805,2026-01-06,Bengkulu,Mataram,J&T Express,motor,3.3,1.1955,452929,666.9,1420984,3.1373,202.1,0.0,0.14782284035908033,2101,0,0,0,0
SHP-00806,2026-05-14,Padang,Solo,Ninja Xpress,motor,2.07,1.0876,237008,2479.4,8524564,35.9674,1197.76,0.0,1.8921442183525017,161297,0,0,1,1
SHP-00807,2026-03-25,Semarang,Medan,TIKI,kapal_laut,2.02,1.0772,249703,1317.0,5766234,23.0924,652.0,0.0,2.996242690044631,172770,0,1,0,1
SHP-00808,2026-06-14,Samarinda,Bogor,J&T Express,pesawat,3.02,1.1099,377388,1072.6,5160522,13.6743,355.15,6.2,75.0,3870392,1,0,1,1
SHP-00809,2026-02-06,Manado,Ambon,Ninja Xpress,motor,4.98,1.6409,571127,869.2,1632199,2.8579,174.54,0.8,79.7,1300863,1,0,0,0
SHP-00810,2026-01-24,Surabaya,Pekanbaru,JX Express,truk,2.36,1.1111,201292,1240.6,5405771,26.8554,525.67,0.0,3.2705802242956823,176800,0,1,0,1
SHP-00811,2026-02-17,Pontianak,Mataram,TIKI,kapal_laut,2.56,0.9518,326364,519.7,917350,2.8108,202.99,0.1,72.02,660675,1,0,0,0
SHP-00812,2026-06-06,Blitar,Bengkulu,Wahana,kapal_laut,3.0,1.4436,387604,818.5,2992173,7.7197,272.84,0.0,0.0344165693450188,1030,0,1,0,1
SHP-00813,2026-02-11,Bengkulu,Palembang,Wahana,motor,1.4,0.5292,140739,1442.6,4030755,28.6399,1030.4,0.0,0.11860063070510019,4781,0,0,0,0
SHP-00814,2026-01-17,Ambon,Balikpapan,JNE,pesawat,3.82,1.6037,596521,904.1,2779887,4.6602,236.67,5.6,75.9,2109934,1,0,0,0
SHP-00815,2026-02-09,Samarinda,Ternate,J&T Express,kapal_laut,2.01,0.6886,192963,623.2,1346171,6.9763,310.06,0.0,2.291210103750054,30844,0,0,0,0
SHP-00816,2026-03-12,Samarinda,Blitar,Anteraja,pesawat,2.05,1.0992,275211,1688.9,7436552,27.0213,823.83,1.0,73.21,5444300,1,0,1,1
SHP-00817,2026-06-07,Padang,Bogor,Anteraja,pesawat,3.9,1.6846,449902,1890.2,5417809,12.0422,484.66,1.5,77.37,4191759,1,0,1,1
SHP-00818,2026-02-06,Mataram,Malang,Anteraja,kapal_laut,3.37,1.7401,578052,1311.7,5307291,9.1813,389.23,1.3,72.56,3850970,1,0,1,1
SHP-00819,2026-03-27,Depok,Pontianak,Ninja Xpress,motor,6.23,2.1851,585771,2294.3,5817301,9.931,368.26,0.0,1.7118349755117734,99583,0,1,0,1
SHP-00820,2026-01-31,Malang,Blitar,SiCepat,pesawat,4.53,1.5215,424542,477.1,686310,1.6166,105.31,4.1,73.84,506771,1,1,1,0
SHP-00821,2026-05-31,Kupang,Blitar,TIKI,pesawat,3.97,1.3087,302918,1606.6,6164220,20.3495,404.68,0.0,4.363078068176184,268950,0,0,1,1
SHP-00822,2026-05-22,Makassar,Padang,TIKI,kapal_laut,1.14,0.5779,121242,1303.4,3144021,25.9318,1143.35,2.8,69.69,2191068,1,0,0,0
SHP-00823,2026-01-03,Balikpapan,Malang,J&T Express,kapal_laut,3.08,1.1343,390844,1428.5,5488938,14.0438,463.81,0.0,1.5942916940903706,87510,0,0,1,1
SHP-00824,2026-02-21,Surabaya,Malang,Wahana,truk,2.68,0.8843,344132,275.0,222617,0.6469,102.6,0.0,4.524944205266382,10073,0,1,1,0
SHP-00825,2025-12-23,Samarinda,Jambi,TIKI,motor,2.63,1.287,268185,654.0,1825051,6.8052,248.67,2.3,73.18,1335572,1,0,0,0
SHP-00826,2025-12-21,Manado,Pontianak,Anteraja,motor,6.85,3.0738,732761,1276.8,2156624,2.9431,186.39,0.0,1.7121586068676025,36925,0,0,0,0
SHP-00827,2026-05-06,Manado,Ambon,SiCepat,kapal_laut,10.06,3.6615,1033084,1048.6,1788805,1.7315,104.24,2.8,78.0,1395268,1,0,0,0
SHP-00828,2026-03-29,Depok,Solo,TIKI,motor,3.43,2.0135,556941,641.6,1013510,1.8198,187.04,8.1,74.45,754558,1,1,1,0
SHP-00829,2026-03-02,Bogor,Yogyakarta,Anteraja,pesawat,11.76,4.6405,1239712,622.0,501146,0.4042,52.89,0.0,0.27653712662607244,1386,0,1,1,0
SHP-00830,2026-04-20,Bogor,Jambi,SiCepat,motor,3.91,2.0137,363614,1143.7,5120650,14.0827,292.5,2.5,74.19,3799010,1,1,0,1
SHP-00831,2026-02-10,Pekanbaru,Pontianak,Wahana,pesawat,1.76,0.6999,226435,951.8,3276331,14.4692,540.79,3.2,76.29,2499513,1,0,0,0
SHP-00832,2026-03-01,Blitar,Tangerang,JX Express,truk,0.96,0.3675,127457,133.3,124515,0.9769,138.83,0.0,1.6227275869689417,2021,0,1,1,0
SHP-00833,2026-05-10,Ambon,Yogyakarta,SiCepat,pesawat,3.57,1.5404,377801,1821.4,7088245,18.7618,510.19,0.0,3.4478506454025135,244392,0,0,1,1
SHP-00834,2026-04-10,Samarinda,Surabaya,Ninja Xpress,pesawat,6.37,3.6014,580463,1421.6,4737550,8.1617,223.17,0.0,3.5203015528256376,166776,0,0,1,1
SHP-00835,2026-02-23,Pekanbaru,Balikpapan,JNE,kapal_laut,1.54,0.6451,128002,1045.4,3477082,27.1643,678.85,0.0,0.08100634685585584,2817,0,0,0,0
SHP-00836,2026-01-19,Bandung,Pontianak,Ninja Xpress,motor,2.14,0.6851,137853,1616.6,4495450,32.6105,755.41,2.2,82.24,3697058,1,1,0,1
SHP-00837,2026-01-30,Makassar,Pekanbaru,TIKI,truk,4.86,1.8617,666155,1382.3,3871663,5.812,284.42,3.1,73.16,2832509,1,0,0,0
SHP-00838,2026-03-23,Samarinda,Lampung,JX Express,truk,2.6,1.2665,196708,715.8,1289175,6.5537,275.31,0.0,2.9218824086538815,37668,0,0,0,0
SHP-00839,2026-05-28,Manado,Makassar,TIKI,pesawat,3.31,1.1402,255750,1053.5,3570217,13.9598,318.27,0.4,73.25,2615184,1,0,0,0
SHP-00840,2026-05-14,Depok,Mataram,Ninja Xpress,kapal_laut,3.68,1.2843,461616,2339.8,10367141,22.4584,635.8,6.3,83.22,8627535,1,1,0,1
SHP-00841,2026-05-04,Ambon,Medan,JNE,motor,2.77,1.4717,260363,1750.8,4400447,16.9012,632.05,0.0,2.5824809119740033,113641,0,0,0,0
SHP-00842,2026-02-18,Samarinda,Malang,J&T Express,motor,4.41,2.6399,397359,681.6,2567707,6.4619,154.55,0.0,2.543676276206685,65314,0,0,1,1
SHP-00843,2026-02-14,Jakarta,Medan,JX Express,motor,2.44,0.7798,389304,958.7,4077460,10.4737,392.92,0.0,4.0508471201988385,165172,0,1,0,1
SHP-00844,2025-12-27,Jakarta,Tangerang,Ninja Xpress,truk,1.83,0.859,129167,571.3,892539,6.91,312.19,4.9,79.93,713406,1,1,1,0
SHP-00845,2026-06-07,Bekasi,Bogor,JX Express,kapal_laut,2.71,1.2346,291097,551.5,642536,2.2073,203.51,0.0,3.932783907740329,25270,0,1,1,0
SHP-00846,2026-06-03,Banjarmasin,Malang,Anteraja,motor,12.38,4.6989,1484262,1163.2,5492520,3.7005,93.96,6.2,80.14,4401706,1,0,1,1
SHP-00847,2026-02-22,Manado,Medan,SiCepat,kapal_laut,1.59,0.5832,128675,1750.0,4250440,33.0324,1100.61,0.0,4.490716998902231,190875,0,0,0,0
SHP-00848,2026-01-19,Yogyakarta,Mataram,JNE,pesawat,2.35,0.8861,246898,2413.8,10068197,40.7788,1027.15,2.0,76.6,7712239,1,1,0,1
SHP-00849,2026-03-29,Malang,Yogyakarta,TIKI,kapal_laut,4.33,2.1553,646181,261.7,370344,0.5731,60.44,0.9,50.03,185283,1,1,1,0
SHP-00850,2026-06-02,Depok,Lampung,Wahana,pesawat,4.08,1.7406,539776,2369.2,6125843,11.3489,580.7,0.0,1.9251500678017819,117932,0,1,0,1
SHP-00851,2026-02-19,Ternate,Malang,SiCepat,truk,4.31,1.71,512383,1187.8,4836477,9.4392,275.59,0.0,2.8860074060282424,139581,0,0,1,1
SHP-00852,2026-01-25,Malang,Makassar,Anteraja,motor,1.74,0.9232,227149,2285.1,7170981,31.5695,1313.25,0.0,2.4367757429185426,174741,0,1,0,1
SHP-00853,2026-05-15,Makassar,Bengkulu,J&T Express,pesawat,4.33,2.3148,340227,1069.3,1806243,5.3089,246.95,0.0,4.150389772323406,74966,0,0,0,0
SHP-00854,2026-04-26,Manado,Lampung,Anteraja,kapal_laut,5.22,2.249,582780,1587.1,3982864,6.8342,304.05,8.5,80.99,3225722,1,0,0,0
SHP-00855,2025-12-19,Yogyakarta,Ambon,TIKI,truk,0.89,0.4073,124310,1561.1,4086221,32.8712,1754.07,0.0,2.697286018372459,110217,0,1,0,1
SHP-00856,2026-04-24,Pontianak,Solo,Ninja Xpress,kapal_laut,1.83,0.8972,272048,2002.2,5766616,21.1971,1094.1,0.0,3.0483277672535083,175785,0,0,1,1
SHP-00857,2026-04-22,Tangerang,Bandung,JX Express,pesawat,2.37,1.0105,239953,591.2,650273,2.71,249.43,3.7,75.98,494077,1,1,1,0
SHP-00858,2026-01-14,Balikpapan,Pekanbaru,J&T Express,truk,4.07,1.8082,476417,1762.3,6091828,12.7868,433.0,0.5,75.19,4580445,1,0,0,0
SHP-00859,2026-01-02,Malang,Blitar,Ninja Xpress,truk,1.62,0.8388,216314,204.4,192603,0.8904,126.16,0.0,1.6373472292262696,3154,0,1,1,0
SHP-00860,2026-03-19,Semarang,Pontianak,Anteraja,truk,6.02,2.2253,795111,1582.5,6369780,8.0112,262.88,6.4,78.54,5002825,1,1,0,1
SHP-00861,2026-02-01,Kupang,Tangerang,JNE,motor,4.79,2.3379,421371,1919.5,8952197,21.2454,400.74,0.0,1.45553463044142,130302,0,0,1,1
SHP-00862,2026-04-11,Semarang,Surabaya,Ninja Xpress,kapal_laut,9.33,5.1409,1310853,528.5,880116,0.6714,56.65,3.9,73.29,645037,1,1,1,0
SHP-00863,2026-02-10,Jambi,Pontianak,Ninja Xpress,motor,3.77,1.5344,344009,976.9,2609796,7.5864,259.12,1.7,76.09,1985794,1,0,0,0
SHP-00864,2026-03-06,Manado,Pekanbaru,JX Express,motor,7.95,2.6201,881715,581.8,1547685,1.7553,73.18,0.0,3.0190288805152967,46725,0,0,0,0
SHP-00865,2026-06-08,Lampung,Balikpapan,JNE,pesawat,3.93,1.7222,398691,837.9,2606265,6.5371,213.21,0.0,2.1589867647390197,56269,0,0,0,0
SHP-00866,2026-04-12,Malang,Padang,SiCepat,truk,3.66,1.4189,285656,1413.2,6680927,23.388,386.13,3.4,75.76,5061470,1,1,0,1
SHP-00867,2026-02-07,Tangerang,Makassar,JNE,pesawat,0.92,0.3338,126736,1143.8,4006945,31.6165,1243.22,0.0,4.077347262652889,163377,0,1,0,1
SHP-00868,2026-02-07,Mataram,Surabaya,Ninja Xpress,pesawat,4.75,2.6166,545529,702.6,3024573,5.5443,147.92,0.0,1.5646217250004306,47323,0,0,1,1
SHP-00869,2026-02-05,Jambi,Solo,JX Express,kapal_laut,1.31,0.5308,221137,2009.5,9843279,44.5121,1534.0,0.4,71.05,6993650,1,0,1,1
SHP-00870,2026-03-05,Lampung,Jambi,Anteraja,kapal_laut,2.12,0.7623,193796,1603.1,3701981,19.1025,756.18,3.8,76.33,2825722,1,0,0,0
SHP-00871,2026-04-18,Yogyakarta,Medan,J&T Express,pesawat,2.37,1.2984,182705,2485.4,6377166,34.9042,1048.67,3.6,73.19,4667448,1,1,0,1
SHP-00872,2026-03-07,Makassar,Jambi,TIKI,kapal_laut,5.43,2.5269,616118,1556.6,4143471,6.7251,286.68,0.0,4.443020705220948,184095,0,0,0,0
SHP-00873,2026-01-28,Balikpapan,Tangerang,Ninja Xpress,pesawat,2.68,1.5481,264690,654.1,2768723,10.4602,244.06,5.3,80.68,2233806,1,0,1,1
SHP-00874,2026-04-07,Padang,Yogyakarta,J&T Express,motor,3.12,1.7094,272117,1904.3,9409535,34.579,610.35,0.0,1.119819002795459,105370,0,0,1,1
SHP-00875,2026-05-08,Padang,Ambon,JNE,motor,3.83,1.6502,451131,1095.9,2869146,6.3599,286.14,1.3,76.94,2207521,1,0,0,0
SHP-00876,2026-03-05,Surabaya,Bengkulu,Ninja Xpress,truk,5.73,2.1522,586133,1695.5,6064849,10.3472,295.89,0.0,0.6667839358078909,40439,0,1,0,1
SHP-00877,2026-03-26,Malang,Bengkulu,Wahana,pesawat,3.39,1.3532,498109,2392.5,6844046,13.7401,705.76,0.0,3.406608648109155,233150,0,1,0,1
SHP-00878,2026-04-30,Mataram,Jakarta,JNE,pesawat,4.47,1.4362,357965,822.4,2456180,6.8615,183.99,0.0,3.8686710133709385,95022,0,0,1,1
SHP-00879,2026-03-19,Ambon,Solo,JNE,motor,4.27,1.4016,517947,1870.7,8441159,16.2973,438.1,0.0,2.3720378107767366,200227,0,0,1,1
SHP-00880,2026-02-19,Solo,Semarang,Anteraja,pesawat,1.67,0.6273,123485,200.5,230764,1.8688,120.03,0.0,0.40784200056344866,941,0,1,1,0
SHP-00881,2026-03-11,Samarinda,Semarang,Anteraja,truk,3.61,1.1864,373427,525.2,1742024,4.665,145.47,4.8,73.46,1279691,1,0,1,1
SHP-00882,2026-04-30,Mataram,Surabaya,SiCepat,kapal_laut,3.97,1.8284,446392,1866.4,5387586,12.0692,470.12,0.6,76.67,4130662,1,0,1,1
SHP-00883,2026-05-03,Pontianak,Yogyakarta,Wahana,truk,20.92,11.8506,2189733,2368.5,11457792,5.2325,113.22,3.4,76.9,8811042,1,0,1,1
SHP-00884,2026-04-27,Kupang,Semarang,Wahana,kapal_laut,7.96,3.3166,682368,1608.9,5383233,7.889,202.13,0.8,79.18,4262444,1,0,1,1
SHP-00885,2026-01-21,Ternate,Medan,JNE,pesawat,2.64,1.3145,369826,1556.4,2617785,7.0784,589.56,0.0,4.559335132216568,119354,0,0,0,0
SHP-00886,2026-03-24,Padang,Lampung,JX Express,kapal_laut,2.32,1.2274,250852,846.8,1908758,7.6091,364.99,0.0,2.456197034728471,46883,0,0,0,0
SHP-00887,2026-01-19,Manado,Banjarmasin,JX Express,pesawat,2.97,1.1469,278430,1530.0,2870543,10.3097,515.16,6.7,77.14,2214337,1,0,0,0
SHP-00888,2026-01-31,Manado,Solo,Ninja Xpress,truk,3.11,1.2156,370487,604.9,2760318,7.4505,194.49,0.0,3.6927004347881236,101930,0,0,1,1
SHP-00889,2026-06-13,Mataram,Solo,Ninja Xpress,truk,3.8,1.3721,389238,531.2,2552461,6.5576,139.79,3.5,79.84,2037885,1,0,1,1
SHP-00890,2026-01-05,Kupang,Blitar,Ninja Xpress,kapal_laut,1.33,0.4169,101376,1837.1,8643140,85.2582,1381.25,0.0,2.852698665491209,246563,0,0,1,1
SHP-00891,2026-03-05,Bekasi,Malang,Anteraja,motor,4.2,1.7812,518289,662.5,853499,1.6468,157.75,0.0,3.132685485948739,26737,0,1,1,0
SHP-00892,2025-12-22,Bandung,Lampung,Wahana,kapal_laut,3.72,1.8276,406683,1477.1,4369769,10.7449,397.06,8.6,73.56,3214402,1,1,0,1
SHP-00893,2026-05-13,Lampung,Medan,Anteraja,pesawat,1.79,0.5953,188801,1614.4,5489780,29.0771,901.92,0.0,2.4898360744412305,136687,0,0,0,0
SHP-00894,2026-05-09,Pontianak,Bandung,Wahana,motor,1.78,0.9789,191438,2112.8,6558990,34.2617,1186.98,0.0,2.1905428073684248,143677,0,0,1,1
SHP-00895,2026-05-31,Makassar,Pekanbaru,JNE,kapal_laut,8.19,2.5645,525123,1575.2,3152887,6.0041,192.33,1.9,77.26,2435920,1,0,0,0
SHP-00896,2026-05-04,Medan,Yogyakarta,Anteraja,truk,1.4,0.5611,130647,1381.1,6364697,48.7167,986.47,0.0,1.4390326871295693,91590,0,0,1,1
SHP-00897,2026-06-14,Yogyakarta,Manado,Ninja Xpress,truk,3.06,1.5794,357106,576.9,2742277,7.6792,188.52,0.0,0.029508038655421953,809,0,1,0,1
SHP-00898,2026-04-15,Padang,Bandung,JX Express,truk,1.05,0.3212,142519,1643.0,5693164,39.9467,1564.75,0.0,1.9338356871035396,110096,0,0,1,1
SHP-00899,2026-04-10,Bengkulu,Banjarmasin,Anteraja,pesawat,2.43,1.0601,286995,659.0,1951875,6.8011,271.19,0.0,1.9422588869609114,37910,0,0,0,0
SHP-00900,2026-03-03,Kupang,Solo,Ninja Xpress,truk,2.71,0.8476,361793,2203.4,10947923,30.2602,813.05,3.0,75.49,8264587,1,0,1,1
SHP-00901,2026-04-26,Palembang,Kupang,JX Express,motor,4.62,1.9244,436317,838.2,2469891,5.6608,181.43,0.7,71.71,1771159,1,0,0,0
SHP-00902,2026-01-06,Mataram,Balikpapan,Ninja Xpress,motor,3.7,1.5631,383245,426.1,731794,1.9095,115.17,0.0,1.5016013720883448,10989,0,0,0,0
SHP-00903,2025-12-22,Palembang,Bandung,TIKI,kapal_laut,0.66,0.3286,92162,2386.4,6108198,66.2768,3615.76,2.5,63.54,3881149,1,0,1,1
SHP-00904,2026-01-09,Padang,Samarinda,SiCepat,motor,4.42,1.5258,382629,1381.5,4179506,10.9231,312.57,0.0,3.051790220030405,127550,0,0,0,0
SHP-00905,2026-05-07,Pontianak,Balikpapan,JNE,truk,4.14,1.2528,425148,1564.2,3326327,7.8239,377.82,0.0,1.0150353514993304,33763,0,0,0,0
SHP-00906,2026-05-07,Malang,Bekasi,J&T Express,pesawat,3.61,2.0626,362768,181.4,200143,0.5517,50.25,0.0,0.7990620248324071,1599,0,1,1,0
SHP-00907,2026-02-21,Solo,Palembang,J&T Express,motor,1.37,0.604,227139,2307.3,11398797,50.1842,1684.16,0.0,0.7332314517045324,83580,0,1,0,1
SHP-00908,2026-02-20,Semarang,Samarinda,JNE,kapal_laut,6.3,2.7913,885860,2475.5,8431612,9.518,392.94,0.0,2.859551242807271,241106,0,1,0,1
SHP-00909,2026-05-24,Kupang,Jakarta,Wahana,pesawat,1.75,0.7316,205131,2081.9,8686374,42.3455,1189.68,0.0,1.603492919070626,139285,0,0,1,1
SHP-00910,2026-03-25,Bogor,Pekanbaru,Wahana,truk,4.07,2.4319,365903,1526.8,7565659,20.6767,375.15,0.0,0.11722171640429824,8869,0,1,0,1
SHP-00911,2026-06-06,Kupang,Solo,JNE,kapal_laut,3.97,2.3774,355324,2490.2,10313717,29.0262,627.25,0.0,1.6645943206278275,171682,0,0,1,1
SHP-00912,2026-02-26,Yogyakarta,Mataram,JNE,truk,2.33,1.0276,279011,1040.6,3577320,12.8214,446.6,2.2,78.14,2795318,1,1,0,1
SHP-00913,2026-05-13,Palembang,Lampung,Ninja Xpress,kapal_laut,3.33,1.2654,599736,335.7,950774,1.5853,100.8,2.1,55.89,531388,1,0,0,0
SHP-00914,2026-01-07,Ternate,Samarinda,J&T Express,kapal_laut,1.49,0.5158,236724,1581.9,2403373,10.1526,1061.68,4.9,76.21,1831611,1,0,0,0
SHP-00915,2025-12-21,Surabaya,Yogyakarta,Wahana,pesawat,4.17,1.4036,441941,609.5,537107,1.2153,146.17,9.1,71.04,381561,1,1,1,0
SHP-00916,2026-01-14,Blitar,Malang,JNE,truk,2.2,0.7871,339623,421.5,634857,1.8693,191.58,0.0,3.657823714470838,23222,0,1,1,0
SHP-00917,2026-03-24,Mataram,Bandung,Wahana,kapal_laut,3.03,1.7945,365910,1650.9,4908632,13.4149,544.84,4.3,72.88,3577411,1,0,1,1
SHP-00918,2025-12-29,Samarinda,Blitar,SiCepat,motor,4.22,2.0276,424526,1353.0,6171478,14.5373,320.63,0.0,2.6527542250969653,163714,0,0,1,1
SHP-00919,2026-06-11,Kupang,Bengkulu,Anteraja,pesawat,3.97,1.2658,471012,1191.8,3736630,7.9332,300.19,4.3,78.16,2920550,1,0,0,0
SHP-00920,2026-02-12,Balikpapan,Bengkulu,J&T Express,pesawat,8.87,3.6229,1253565,305.4,618409,0.4933,34.43,0.0,2.2539347543609334,13939,0,0,0,0
SHP-00921,2026-02-16,Bogor,Banjarmasin,Anteraja,motor,1.39,0.4348,142476,1423.3,6844008,48.0362,1023.94,0.0,4.861380323888424,332713,0,1,0,1
SHP-00922,2026-03-13,Mataram,Kupang,Wahana,motor,0.77,0.3201,138051,1461.2,3306626,23.9522,1897.69,0.0,0.7469196393869165,24698,0,0,0,0
SHP-00923,2026-01-25,Jakarta,Palembang,SiCepat,kapal_laut,3.37,1.1069,285884,1174.6,3000243,10.4946,348.56,1.1,81.94,2458399,1,1,0,1
SHP-00924,2026-01-10,Tangerang,Blitar,TIKI,motor,3.74,1.6102,518183,549.3,633594,1.2227,146.88,9.2,74.49,471964,1,1,1,0
SHP-00925,2026-05-12,Bekasi,Yogyakarta,TIKI,motor,5.12,1.5559,413476,522.8,775931,1.8766,102.12,0.0,0.6092369407086007,4727,0,1,1,0
SHP-00926,2026-04-04,Pontianak,Bekasi,Ninja Xpress,pesawat,1.33,0.5654,112772,966.9,4524678,40.1224,726.97,7.4,78.84,3567256,1,0,1,1
SHP-00927,2026-03-26,Manado,Depok,Ninja Xpress,kapal_laut,5.91,3.3889,816000,2126.6,6640972,8.1384,359.84,0.0,4.452785254247385,295708,0,0,1,1
SHP-00928,2026-04-05,Pontianak,Kupang,J&T Express,motor,5.95,1.9301,722367,1625.5,5553447,7.6878,273.19,1.8,78.77,4374450,1,0,0,0
SHP-00929,2026-03-26,Lampung,Yogyakarta,Ninja Xpress,truk,2.9,0.8727,326331,1623.8,7240669,22.1881,559.92,0.0,2.423488571691683,175477,0,0,1,1
SHP-00930,2026-06-08,Pekanbaru,Kupang,TIKI,kapal_laut,4.05,2.1856,474558,876.8,2750630,5.7962,216.49,0.9,71.25,1959824,1,0,0,0
SHP-00931,2026-04-25,Jakarta,Jambi,JX Express,truk,1.64,0.9805,169562,814.0,2938668,17.3309,496.32,8.3,72.02,2116429,1,1,0,1
SHP-00932,2026-01-05,Lampung,Pekanbaru,Wahana,pesawat,2.01,1.1795,217561,1084.1,2425875,11.1503,539.36,3.8,76.5,1855794,1,0,0,0
SHP-00933,2026-05-12,Palembang,Jambi,Ninja Xpress,motor,1.27,0.6708,142048,1410.4,2226665,15.6754,1110.54,0.0,3.6138833581384358,80469,0,0,0,0
SHP-00934,2026-02-08,Banjarmasin,Surabaya,J&T Express,kapal_laut,1.41,0.8207,156775,2444.6,8178283,52.1657,1733.79,0.0,3.754253464548905,307033,0,0,1,1
SHP-00935,2026-04-14,Medan,Manado,JNE,motor,3.82,1.3236,624772,917.6,1587900,2.5416,240.21,0.0,1.3037734563423746,20703,0,0,0,0
SHP-00936,2026-01-03,Bandung,Jambi,JNE,truk,4.88,2.1648,467600,2399.9,11726194,25.0774,491.79,1.2,72.38,8487419,1,1,0,1
SHP-00937,2025-12-17,Bengkulu,Medan,JNE,pesawat,2.93,1.4918,251408,1143.5,2192802,8.7221,390.26,0.0,0.03576186855813568,784,0,0,0,0
SHP-00938,2026-04-10,Surabaya,Padang,Ninja Xpress,kapal_laut,2.65,0.8008,352632,1031.3,3543268,10.0481,389.17,5.4,81.22,2877842,1,1,0,1
SHP-00939,2026-05-18,Depok,Malang,Ninja Xpress,pesawat,2.19,0.9537,311838,553.9,869608,2.7887,252.92,0.4,75.45,656119,1,1,1,0
SHP-00940,2026-04-17,Balikpapan,Mataram,TIKI,kapal_laut,8.25,3.2141,876938,1149.2,2421095,2.7609,139.3,0.0,3.2391504431559754,78423,0,0,0,0
SHP-00941,2026-03-06,Padang,Kupang,Anteraja,kapal_laut,3.05,1.113,254465,999.3,2937968,11.5457,327.66,0.0,2.289421669551338,67262,0,0,0,0
SHP-00942,2026-06-12,Pekanbaru,Samarinda,SiCepat,motor,2.85,1.5347,455923,324.3,555983,1.2195,113.78,0.1,53.19,295727,1,0,0,0
SHP-00943,2026-02-28,Tangerang,Jakarta,Anteraja,motor,2.26,0.7861,156940,193.1,236180,1.5049,85.44,0.0,0.3804975107304259,899,0,1,1,0
SHP-00944,2025-12-22,Jambi,Jakarta,Anteraja,truk,5.4,2.0456,965707,2101.1,6327850,6.5526,389.1,0.0,3.7213026714483273,235478,0,0,1,1
SHP-00945,2026-02-07,Ternate,Jakarta,Wahana,kapal_laut,3.61,1.3755,460743,1962.9,5659414,12.2832,543.73,3.4,71.3,4035162,1,0,1,1
SHP-00946,2026-04-27,Palembang,Ambon,Wahana,motor,9.87,5.8019,1570787,1350.2,2572655,1.6378,136.8,3.3,80.63,2074332,1,0,0,0
SHP-00947,2026-02-14,Blitar,Lampung,Wahana,truk,4.73,2.2121,718205,1931.1,8412648,11.7134,408.27,0.3,74.67,6281724,1,1,0,1
SHP-00948,2026-05-08,Manado,Solo,Ninja Xpress,pesawat,4.98,1.9731,586599,1660.4,5695709,9.7097,333.42,0.0,3.836566444205103,218520,0,0,1,1
SHP-00949,2026-05-03,Ambon,Bengkulu,Wahana,motor,2.33,1.1199,297531,773.9,1882911,6.3285,332.13,0.0,4.308999802184763,81135,0,0,0,0
SHP-00950,2026-02-27,Kupang,Bandung,Ninja Xpress,kapal_laut,3.74,2.0555,402048,779.0,3537356,8.7983,208.3,3.5,74.16,2623303,1,0,1,1
SHP-00951,2026-03-11,Kupang,Semarang,JNE,truk,3.33,1.5489,555954,1868.0,8348768,15.017,560.97,0.0,1.627436493778776,135871,0,0,1,1
SHP-00952,2026-06-14,Manado,Medan,JX Express,kapal_laut,4.12,2.0861,513429,1230.2,2228466,4.3404,298.6,0.0,3.7665946479265067,83937,0,0,0,0
SHP-00953,2026-04-28,Kupang,Ternate,J&T Express,motor,5.53,2.3328,781031,354.5,1109350,1.4204,64.11,0.1,55.28,613249,1,0,0,0
SHP-00954,2026-02-12,Ambon,Samarinda,J&T Express,truk,2.65,1.1154,300516,820.4,1572614,5.233,309.58,0.0,2.948453982157844,46368,0,0,0,0
SHP-00955,2026-01-15,Jambi,Pekanbaru,JNE,motor,8.01,3.2476,771794,1476.5,4438209,5.7505,184.34,0.0,2.113508346996871,93802,0,0,0,0
SHP-00956,2026-05-21,Pekanbaru,Kupang,Ninja Xpress,motor,6.82,4.0158,682882,603.5,1016269,1.4882,88.48,5.3,79.93,812304,1,0,0,0
SHP-00957,2025-12-24,Makassar,Medan,Ninja Xpress,kapal_laut,3.67,1.4565,488894,921.9,2514472,5.1432,251.2,3.5,79.53,1999760,1,0,0,0
SHP-00958,2026-02-09,Samarinda,Jakarta,Wahana,truk,3.01,1.5325,404846,1807.4,4738630,11.7048,600.47,0.0,3.491082806763661,165429,0,0,1,1
SHP-00959,2026-04-30,Solo,Kupang,Wahana,pesawat,3.6,1.8218,396980,1464.3,4572409,11.518,406.75,4.1,77.54,3545446,1,1,0,1
SHP-00960,2026-05-10,Samarinda,Medan,JNE,pesawat,1.83,0.924,213256,911.5,2644674,12.4014,498.07,0.0,0.5076886029702898,13427,0,0,0,0
SHP-00961,2026-02-23,Yogyakarta,Balikpapan,JNE,motor,2.94,1.2612,471900,1236.6,4771592,10.1114,420.6,0.0,0.16768430467330675,8001,0,1,0,1
SHP-00962,2026-05-04,Manado,Lampung,JX Express,truk,1.63,0.9529,161071,1670.8,5535878,34.3692,1025.05,0.0,0.6050543868582425,33495,0,0,0,0
SHP-00963,2025-12-17,Surabaya,Padang,SiCepat,kapal_laut,2.51,0.8033,275522,1326.5,5172289,18.7727,528.49,0.5,73.52,3802667,1,1,0,1
SHP-00964,2026-04-21,Medan,Jakarta,Ninja Xpress,truk,3.03,1.3858,304266,1106.7,5011809,16.4718,365.24,0.8,78.34,3926251,1,0,1,1
SHP-00965,2026-05-28,Malang,Bengkulu,Wahana,motor,2.93,1.2199,373360,2107.7,6039267,16.1755,719.37,2.1,79.61,4807860,1,1,0,1
SHP-00966,2026-03-05,Banjarmasin,Pontianak,J&T Express,kapal_laut,1.04,0.574,91483,619.9,1003913,10.9738,596.11,0.0,4.353343632835432,43704,0,0,0,0
SHP-00967,2026-04-14,Jakarta,Malang,Ninja Xpress,motor,2.19,0.8046,310430,762.0,997929,3.2147,347.96,6.2,79.97,798044,1,1,1,0
SHP-00968,2026-03-06,Pekanbaru,Pontianak,Anteraja,motor,4.92,1.5216,312711,1626.6,2913521,9.317,330.62,0.0,1.8476056410889856,53830,0,0,0,0
SHP-00969,2026-01-22,Tangerang,Makassar,Ninja Xpress,pesawat,7.21,4.1515,990303,1475.6,6483004,6.5465,204.66,0.0,2.947805512519537,191106,0,1,0,1
SHP-00970,2026-01-13,Bengkulu,Pekanbaru,SiCepat,motor,1.74,1.0311,218337,300.7,829390,3.7987,172.81,0.0,4.373757589196673,36276,0,0,0,0
SHP-00971,2026-01-09,Pontianak,Blitar,Ninja Xpress,pesawat,7.88,3.1879,955613,1535.3,5417994,5.6697,194.84,1.7,80.22,4346315,1,0,1,1
SHP-00972,2026-04-12,Kupang,Ternate,SiCepat,pesawat,1.09,0.56,106444,940.3,2388586,22.4398,862.66,3.8,69.57,1661739,1,0,0,0
SHP-00973,2026-01-25,Malang,Pekanbaru,Ninja Xpress,kapal_laut,2.43,1.2517,344348,1182.8,3710220,10.7746,486.75,0.4,77.25,2866145,1,1,0,1
SHP-00974,2026-02-25,Medan,Jakarta,J&T Express,kapal_laut,4.62,2.0721,692315,2142.3,8093235,11.6901,463.7,0.0,1.328506024591365,107519,0,0,1,1
SHP-00975,2026-05-13,Jambi,Banjarmasin,J&T Express,motor,2.73,0.9334,279642,1790.7,2833018,10.1309,655.94,0.3,76.35,2163009,1,0,0,0
SHP-00976,2026-04-19,Ternate,Semarang,JX Express,kapal_laut,2.24,0.8201,315216,2355.7,7971413,25.2887,1051.65,0.1,75.55,6022403,1,0,1,1
SHP-00977,2026-04-14,Solo,Ternate,JX Express,kapal_laut,3.13,1.0896,401277,2448.2,11075226,27.6,782.16,0.8,73.81,8174624,1,1,0,1
SHP-00978,2026-05-25,Makassar,Pekanbaru,SiCepat,kapal_laut,5.45,1.6402,665139,1577.4,5046489,7.5871,289.44,0.0,1.1609036512809472,58585,0,0,0,0
SHP-00979,2026-04-23,Palembang,Lampung,Wahana,motor,1.18,0.5086,150914,233.1,586388,3.8856,197.58,0.0,2.2109473722634436,12965,0,0,0,0
SHP-00980,2025-12-21,Bogor,Yogyakarta,J&T Express,motor,1.69,0.6175,153006,586.2,995633,6.5072,346.86,6.3,77.81,774702,1,1,1,0
SHP-00981,2026-04-09,Padang,Blitar,J&T Express,motor,3.37,1.0317,360301,1348.3,4844902,13.4468,400.08,0.9,80.12,3881735,1,0,1,1
SHP-00982,2026-05-05,Banjarmasin,Solo,SiCepat,kapal_laut,8.36,4.0106,1380093,2458.3,8386396,6.0767,294.06,0.0,0.4498625065052708,37727,0,0,1,1
SHP-00983,2026-05-22,Surabaya,Pekanbaru,JNE,pesawat,2.8,1.5611,348118,958.2,3141860,9.0253,342.21,0.0,1.159078176014502,36417,0,1,0,1
SHP-00984,2026-04-30,Pekanbaru,Bandung,SiCepat,pesawat,7.03,3.9964,803961,890.8,3813674,4.7436,126.71,0.3,80.53,3071152,1,0,1,1
SHP-00985,2026-02-05,Manado,Semarang,Wahana,pesawat,3.93,2.278,269389,2210.8,9762679,36.2401,562.55,0.0,0.10358979928914769,10113,0,0,1,1
SHP-00986,2026-05-17,Kupang,Bandung,JX Express,kapal_laut,1.57,0.8697,162138,1234.4,5502742,33.9386,786.23,0.0,2.2747207870760935,125172,0,0,1,1
SHP-00987,2026-01-31,Lampung,Blitar,SiCepat,truk,1.47,0.4413,194601,1855.1,6469568,33.2453,1261.94,0.0,2.0194923091230055,130652,0,0,1,1
SHP-00988,2026-03-30,Makassar,Jambi,Ninja Xpress,motor,5.17,2.1833,595593,1487.7,2847220,4.7805,287.76,0.0,1.8375063256154212,52318,0,0,0,0
SHP-00989,2026-05-10,Semarang,Pekanbaru,JX Express,motor,2.45,0.9662,163269,1371.1,5616107,34.3979,559.62,6.0,77.56,4355853,1,1,0,1
SHP-00990,2026-05-08,Jambi,Ternate,Anteraja,motor,1.82,0.8118,200733,1611.8,3911224,19.4847,885.61,0.0,0.2567312585326281,10041,0,0,0,0
SHP-00991,2026-06-04,Kupang,Jambi,J&T Express,pesawat,2.46,1.4091,427593,325.0,678563,1.5869,132.11,0.0,2.7580336286540366,18715,0,0,0,0
SHP-00992,2026-03-11,Mataram,Banjarmasin,J&T Express,pesawat,2.33,1.0532,143182,1390.9,3648687,25.4829,596.97,2.1,77.31,2820800,1,0,0,0
SHP-00993,2026-02-03,Jakarta,Makassar,JX Express,pesawat,5.3,2.5786,386978,1534.0,4307833,11.132,289.43,0.0,2.4375841182994904,105007,0,1,0,1
SHP-00994,2026-03-08,Bandung,Bengkulu,J&T Express,kapal_laut,6.14,3.0589,771084,1034.2,2953221,3.83,168.44,0.0,0.4659480086294693,13760,0,1,0,1
SHP-00995,2026-05-29,Tangerang,Medan,TIKI,truk,1.57,0.5622,262537,1353.8,5307618,20.2166,862.31,0.0,1.053079925498626,55893,0,1,0,1
SHP-00996,2026-03-19,Solo,Mataram,JNE,pesawat,9.0,3.2916,1036401,1845.2,5140041,4.9595,205.02,0.0,4.05844889206459,208606,0,1,0,1
SHP-00997,2026-01-15,Pekanbaru,Balikpapan,Ninja Xpress,motor,5.65,2.6418,955261,729.0,2062871,2.1595,129.02,0.0,3.3387593061461027,68874,0,0,0,0
SHP-00998,2026-05-08,Pontianak,Bengkulu,Anteraja,kapal_laut,2.92,1.3217,380726,847.5,2885178,7.5781,290.25,6.0,72.06,2079059,1,0,0,0
SHP-00999,2026-02-11,Manado,Blitar,TIKI,kapal_laut,2.87,0.9459,310701,1985.0,7043401,22.6694,691.65,0.3,71.43,5031101,1,0,1,1
SHP-01000,2026-03-05,Bengkulu,Surabaya,Ninja Xpress,truk,2.1,0.727,170651,2375.2,6639995,38.9098,1131.04,6.3,78.46,5209740,1,0,1,1
SHP-01001,2026-06-12,Padang,Malang,JX Express,motor,4.97,2.4014,361933,1154.3,3973189,10.9777,232.25,0.3,77.61,3083592,1,0,1,1
SHP-01002,2025-12-17,Yogyakarta,Manado,JX Express,motor,8.14,2.8129,668709,565.4,1825327,2.7296,69.46,0.0,3.393698621007118,61946,0,1,0,1
SHP-01003,2026-03-06,Bogor,Bengkulu,J&T Express,truk,1.82,0.6006,204236,579.0,1447877,7.0892,318.15,0.0,3.9477134186750047,57158,0,1,0,1
SHP-01004,2026-05-21,Ambon,Banjarmasin,J&T Express,pesawat,3.85,1.7626,463343,303.9,824301,1.779,78.94,3.1,55.12,454355,1,0,0,0
SHP-01005,2026-04-15,Banjarmasin,Pekanbaru,TIKI,pesawat,5.23,2.8403,552667,669.8,1950130,3.5286,128.08,0.0,4.034829323384803,78684,0,0,0,0
SHP-01006,2026-05-27,Ternate,Mataram,Anteraja,pesawat,1.73,0.884,105035,1600.2,2872983,27.3526,924.99,0.0,0.6305487137037075,18116,0,0,0,0
SHP-01007,2026-04-22,Bekasi,Samarinda,Ninja Xpress,pesawat,4.01,1.7267,385976,2385.2,9255128,23.9785,594.8,0.0,4.687180992555274,433805,0,1,0,1
SHP-01008,2026-03-05,Kupang,Banjarmasin,JNE,pesawat,1.94,0.6204,193242,603.5,1130414,5.8497,311.08,0.0,3.2916472467240885,37209,0,0,0,0
SHP-01009,2026-05-03,Ternate,Lampung,Ninja Xpress,motor,1.71,1.0089,166535,1664.8,4383619,26.3225,973.56,0.0,0.03719351698361906,1630,0,0,0,0
SHP-01010,2026-06-12,Tangerang,Palembang,J&T Express,motor,5.36,1.6756,485149,1490.7,4762322,9.8162,278.12,0.6,71.38,3399345,1,1,0,1
SHP-01011,2026-04-05,Jambi,Bogor,Ninja Xpress,pesawat,2.49,1.3234,302257,795.6,3342277,11.0577,319.52,0.0,3.7202622929580933,124341,0,0,1,1
SHP-01012,2026-06-10,Pontianak,Medan,TIKI,motor,8.43,2.6287,1311208,664.3,2320818,1.77,78.8,0.0,1.4224283521102894,33012,0,0,0,0
SHP-01013,2026-06-05,Palembang,Padang,J&T Express,motor,5.37,2.3578,794907,1676.9,5315247,6.6866,312.28,0.9,79.92,4247945,1,0,0,0
SHP-01014,2026-04-05,Ambon,Blitar,Anteraja,motor,1.79,0.5588,254494,1294.0,4625943,18.177,722.88,0.0,4.01195588720157,185591,0,0,1,1
SHP-01015,2025-12-27,Manado,Ambon,JX Express,truk,3.12,1.6798,344104,1160.4,1859402,5.4036,371.92,0.0,1.0670727690342812,19841,0,0,0,0
SHP-01016,2026-05-20,Manado,Bekasi,J&T Express,kapal_laut,6.15,3.184,621528,528.4,1888451,3.0384,85.92,0.8,72.77,1374226,1,0,1,1
SHP-01017,2026-01-27,Yogyakarta,Balikpapan,Anteraja,kapal_laut,4.92,2.0894,580334,827.8,2271532,3.9142,168.25,0.0,1.5474621205734118,35151,0,1,0,1
SHP-01018,2026-02-15,Lampung,Manado,J&T Express,truk,0.89,0.4791,166325,381.4,916329,5.5093,428.53,4.4,55.6,509479,1,0,0,0
SHP-01019,2026-05-23,Pontianak,Semarang,Wahana,pesawat,4.74,1.5529,518254,1590.6,4971750,9.5933,335.57,7.4,79.04,3929671,1,0,1,1
SHP-01020,2026-03-03,Surabaya,Solo,SiCepat,pesawat,3.21,1.8535,286226,690.1,1099146,3.8401,214.99,0.0,4.0363751915253605,44366,0,1,1,0
SHP-01021,2026-03-07,Malang,Solo,TIKI,motor,9.16,2.9318,1144993,542.8,929700,0.812,59.25,0.0,3.8541950828527356,35832,0,1,1,0
SHP-01022,2026-05-11,Depok,Jambi,Ninja Xpress,kapal_laut,1.42,0.4333,165919,1177.5,5150562,31.0426,829.19,1.1,74.5,3837169,1,1,0,1
SHP-01023,2026-01-28,Ambon,Semarang,J&T Express,kapal_laut,2.82,1.3127,290167,2121.7,9473981,32.6501,752.36,0.0,1.2301878747365684,116548,0,0,1,1
SHP-01024,2026-03-28,Ambon,Palembang,Anteraja,truk,1.81,0.7491,148422,859.2,1416723,9.5452,474.72,0.0,0.37555830546792734,5321,0,0,0,0
SHP-01025,2026-03-21,Balikpapan,Bekasi,JX Express,truk,1.52,0.5403,102895,1549.9,6197875,60.2349,1019.68,0.4,76.01,4711005,1,0,1,1
SHP-01026,2026-01-25,Depok,Kupang,J&T Express,kapal_laut,3.62,1.1716,267874,2021.3,8867512,33.1033,558.36,0.0,0.39831570579026254,35321,0,1,0,1
SHP-01027,2026-05-21,Padang,Mataram,Anteraja,pesawat,1.51,0.8746,188638,348.7,755574,4.0054,230.96,0.0,0.6844581689219009,5172,0,0,0,0
SHP-01028,2026-05-19,Padang,Jakarta,J&T Express,motor,2.69,0.9352,485080,995.2,3318987,6.8421,369.94,7.5,78.01,2589142,1,0,1,1
SHP-01029,2026-04-27,Jambi,Ternate,JNE,motor,1.11,0.3894,198803,1015.5,3533206,17.7724,914.86,2.2,65.87,2327323,1,0,0,0
SHP-01030,2026-04-07,Banjarmasin,Manado,TIKI,truk,2.49,1.0372,300341,417.9,1440813,4.7973,167.85,0.0,2.8916584807508716,41663,0,0,0,0
SHP-01031,2026-01-17,Blitar,Pekanbaru,J&T Express,motor,1.58,0.4747,146648,1993.6,8429318,57.4799,1261.75,0.0,4.072231152684262,343261,0,1,0,1
SHP-01032,2026-04-22,Semarang,Bengkulu,TIKI,kapal_laut,3.98,1.4925,246316,1289.4,6335071,25.7193,323.98,0.4,69.88,4426948,1,1,0,1
SHP-01033,2025-12-22,Lampung,Semarang,JNE,motor,1.8,0.618,275578,2237.6,7412682,26.8987,1243.11,0.0,3.297601138013077,244441,0,0,1,1
SHP-01034,2026-02-24,Tangerang,Makassar,TIKI,kapal_laut,1.88,1.0547,288971,1479.8,7210985,24.954,787.14,0.0,1.2605563179797452,90899,0,1,0,1
SHP-01035,2026-01-30,Makassar,Solo,JNE,truk,5.13,1.8527,392591,1066.9,3139491,7.9968,207.97,0.0,2.3661698321139517,74286,0,0,1,1
SHP-01036,2026-05-11,Surabaya,Padang,Wahana,pesawat,2.31,0.8322,390575,2427.0,7703590,19.7237,1050.66,0.0,2.1906464511456543,168758,0,1,0,1
SHP-01037,2026-03-27,Jakarta,Samarinda,TIKI,motor,3.48,1.1951,316977,1009.6,2773520,8.7499,290.12,0.0,2.5824026316203677,71623,0,1,0,1
SHP-01038,2026-01-30,Balikpapan,Medan,JNE,truk,5.47,2.0369,647330,1412.4,4006770,6.1897,258.2,0.0,3.0679705953007064,122927,0,0,0,0
SHP-01039,2025-12-18,Solo,Jambi,Wahana,truk,9.96,4.2421,1022968,874.7,3788994,3.7039,87.83,0.0,2.1242433879959473,80487,0,1,0,1
SHP-01040,2026-02-08,Ternate,Tangerang,TIKI,motor,3.33,1.3785,508470,1149.4,5338518,10.4992,345.17,4.3,75.04,4006024,1,0,1,1
SHP-01041,2026-05-21,Blitar,Palembang,JNE,truk,1.79,1.0718,168833,2451.9,8834529,52.327,1369.75,4.0,69.51,6140881,1,1,0,1
SHP-01042,2026-01-28,Bandung,Tangerang,JNE,motor,1.74,0.8293,160129,305.6,316830,1.9786,175.64,4.9,51.52,163231,1,1,1,0
SHP-01043,2026-03-22,Balikpapan,Jambi,TIKI,truk,2.9,1.0153,438660,1682.0,4169758,9.5057,579.99,0.0,3.9786114324558146,165898,0,0,0,0
SHP-01044,2026-06-03,Semarang,Surabaya,TIKI,pesawat,3.22,1.6798,499244,550.5,546370,1.0944,170.95,0.0,1.1710977829052132,6399,0,1,1,0
SHP-01045,2026-03-30,Balikpapan,Solo,TIKI,kapal_laut,1.93,0.6145,230437,563.0,2428906,10.5404,291.7,0.0,1.833212063727176,44527,0,0,1,1
SHP-01046,2026-05-24,Ambon,Bengkulu,JX Express,kapal_laut,9.59,3.3346,819692,256.2,474032,0.5783,26.72,0.0,2.101783272196517,9963,0,0,0,0
SHP-01047,2026-01-14,Samarinda,Solo,TIKI,truk,2.01,0.7412,236527,1540.5,5988776,25.3196,766.43,0.0,4.749834384803245,284457,0,0,1,1
SHP-01048,2026-06-09,Kupang,Padang,Ninja Xpress,motor,3.24,1.8989,379234,1471.5,3028959,7.987,454.18,0.7,81.0,2453457,1,0,0,0
SHP-01049,2026-05-17,Malang,Medan,Anteraja,motor,5.07,1.6594,720841,753.6,1985234,2.7541,148.63,0.0,2.6677144672558684,52960,0,1,0,1
SHP-01050,2026-06-03,Manado,Banjarmasin,JX Express,kapal_laut,6.73,2.1688,594355,1040.1,1754761,2.9524,154.55,2.4,77.92,1367310,1,0,0,0
SHP-01051,2026-03-24,Palembang,Banjarmasin,TIKI,kapal_laut,4.48,2.1991,559843,314.3,924610,1.6516,70.16,0.0,3.6887055546097303,34106,0,0,0,0
SHP-01052,2026-05-25,Makassar,Solo,Anteraja,pesawat,10.82,5.4886,1722494,667.3,1943290,1.1282,61.67,0.0,3.185195981928726,61898,0,0,1,1
SHP-01053,2025-12-24,Surabaya,Lampung,TIKI,motor,5.65,2.3248,877259,1709.7,7348578,8.3767,302.61,0.0,1.5642201296629406,114948,0,1,0,1
SHP-01054,2026-05-01,Semarang,Ternate,Anteraja,pesawat,2.29,1.2454,292243,1453.6,5418638,18.5415,634.74,0.0,0.38301937843029377,20754,0,1,0,1
SHP-01055,2026-01-03,Ambon,Samarinda,Anteraja,truk,2.09,0.945,171137,278.2,785559,4.5902,133.09,0.0,1.8894786888864696,14843,0,0,0,0
SHP-01056,2026-03-13,Depok,Surabaya,Ninja Xpress,pesawat,3.16,1.4817,240785,252.1,259075,1.076,79.76,0.0,3.3066195267810636,8567,0,1,1,0
SHP-01057,2026-03-16,Bekasi,Ambon,SiCepat,motor,5.09,1.5871,542425,980.8,3928274,7.2421,192.69,0.0,2.300118268210109,90355,0,1,0,1
SHP-01058,2026-06-13,Ternate,Jakarta,SiCepat,kapal_laut,1.63,0.512,134984,2169.8,6098563,45.1799,1331.16,0.0,2.646448155436896,161395,0,0,1,1
SHP-01059,2026-04-13,Tangerang,Jambi,Anteraja,kapal_laut,3.29,1.856,261668,1936.4,5749468,21.9724,588.56,0.0,1.9985435630306392,114906,0,1,0,1
SHP-01060,2026-04-13,Yogyakarta,Bengkulu,J&T Express,kapal_laut,5.1,1.9816,489099,1839.0,7956170,16.267,360.59,0.0,0.7929643251266094,63090,0,1,0,1
SHP-01061,2026-01-04,Kupang,Palembang,SiCepat,pesawat,13.13,5.6363,1462920,603.0,1461533,0.9991,45.92,1.5,81.84,1196119,1,0,0,0
SHP-01062,2026-06-09,Medan,Solo,Ninja Xpress,pesawat,1.36,0.5015,156504,1866.4,6036918,38.5736,1372.33,0.0,4.55716474835747,275112,0,0,1,1
SHP-01063,2026-04-14,Bengkulu,Surabaya,Wahana,motor,1.16,0.6484,171561,1560.7,7476871,43.5814,1345.44,0.8,67.15,5020719,1,0,1,1
SHP-01064,2026-04-20,Manado,Lampung,SiCepat,pesawat,2.43,0.7739,225047,1298.9,2097823,9.3217,534.54,0.0,1.1940855236589858,25050,0,0,0,0
SHP-01065,2026-01-31,Malang,Samarinda,Ninja Xpress,kapal_laut,4.73,1.8661,574381,943.8,2693050,4.6886,199.53,0.3,79.6,2143668,1,1,0,1
SHP-01066,2026-06-06,Makassar,Balikpapan,J&T Express,truk,3.44,1.6443,349719,546.9,1263221,3.6121,158.97,0.8,77.4,977733,1,0,0,0
SHP-01067,2026-06-12,Balikpapan,Surabaya,J&T Express,motor,4.46,1.8589,501152,1314.4,5101659,10.1799,294.71,0.0,4.459119476690216,227489,0,0,1,1
SHP-01068,2026-01-02,Solo,Malang,JNE,truk,3.43,1.4561,488711,442.9,360133,0.7369,129.13,0.0,1.6692597967487948,6012,0,1,1,0
SHP-01069,2026-05-31,Lampung,Banjarmasin,Anteraja,pesawat,6.83,4.0168,1225609,1611.7,4609708,3.7612,235.97,2.8,74.46,3432389,1,0,0,0
SHP-01070,2026-05-10,Surabaya,Bekasi,J&T Express,truk,8.64,4.0825,662669,223.5,297246,0.4486,25.87,0.0,0.13188073734034134,392,0,1,1,0
SHP-01071,2026-06-05,Samarinda,Palembang,TIKI,kapal_laut,4.41,1.6082,424831,584.2,1197690,2.8192,132.48,0.2,71.7,858744,1,0,0,0
SHP-01072,2026-02-23,Lampung,Balikpapan,Anteraja,kapal_laut,3.1,1.6248,461528,1444.8,3142481,6.8089,466.07,0.0,1.977482752079871,62142,0,0,0,0
SHP-01073,2026-04-21,Ternate,Balikpapan,JNE,truk,1.82,1.029,191799,243.6,440481,2.2966,133.86,0.0,1.6018910683806697,7056,0,0,0,0
SHP-01074,2026-01-22,Semarang,Solo,TIKI,pesawat,5.66,3.0859,530169,479.0,615740,1.1614,84.63,0.0,2.1223677979056528,13068,0,1,1,0
SHP-01075,2026-01-30,Jambi,Kupang,SiCepat,kapal_laut,1.7,0.7928,297549,1448.4,3165047,10.6371,851.99,6.0,79.44,2514313,1,0,0,0
SHP-01076,2026-03-12,Yogyakarta,Palembang,JNE,kapal_laut,1.94,1.0033,178732,1403.1,5941877,33.2446,723.23,0.0,0.23745631826667002,14109,0,1,0,1
SHP-01077,2026-01-06,Padang,Lampung,J&T Express,pesawat,2.29,0.6978,443917,1132.6,2074090,4.6722,494.6,0.0,3.530808187007434,73232,0,0,0,0
SHP-01078,2026-03-13,Jambi,Palembang,JX Express,pesawat,7.75,4.0908,1132869,1417.7,4548667,4.0152,182.93,2.2,71.27,3241835,1,0,0,0
SHP-01079,2026-04-28,Padang,Medan,TIKI,kapal_laut,2.47,0.7568,251666,1190.1,4105337,16.3126,481.8,0.6,71.71,2943937,1,0,0,0
SHP-01080,2026-01-02,Ambon,Samarinda,TIKI,pesawat,10.91,4.68,1663709,287.6,789399,0.4745,26.36,2.4,48.37,381832,1,0,0,0
SHP-01081,2025-12-30,Semarang,Makassar,JX Express,truk,3.58,1.3059,553937,956.2,3840974,6.934,267.1,3.3,78.7,3022847,1,1,0,1
SHP-01082,2025-12-23,Blitar,Kupang,SiCepat,truk,1.9,0.9662,210938,1598.5,7388974,35.0291,841.32,2.7,75.21,5557247,1,1,0,1
SHP-01083,2025-12-24,Yogyakarta,Palembang,Anteraja,truk,4.81,1.9889,388062,2158.4,5476654,14.1128,448.74,0.0,2.129769030893325,116640,0,1,0,1
SHP-01084,2026-03-27,Ambon,Bengkulu,SiCepat,kapal_laut,4.76,1.909,531691,1549.3,4732217,8.9003,325.48,0.5,78.17,3699174,1,0,0,0
SHP-01085,2026-05-16,Mataram,Pontianak,Anteraja,truk,0.74,0.2222,94570,1160.6,3847108,40.68,1568.42,0.0,4.992217460839111,192056,0,0,0,0
SHP-01086,2026-03-31,Ambon,Samarinda,JX Express,kapal_laut,4.88,2.8833,497211,306.0,781908,1.5726,62.7,0.0,1.396235379580573,10917,0,0,0,0
SHP-01087,2026-03-12,Jambi,Pekanbaru,J&T Express,pesawat,1.38,0.4874,139974,1131.9,2701519,19.3001,820.25,0.0,0.7182405907772171,19403,0,0,0,0
SHP-01088,2025-12-25,Blitar,Jambi,Anteraja,pesawat,1.12,0.4847,89044,1928.6,6986586,78.4622,1721.99,1.5,73.62,5143525,1,1,0,1
SHP-01089,2026-04-08,Yogyakarta,Pekanbaru,SiCepat,pesawat,4.94,2.4088,520399,595.4,1728078,3.3207,120.52,0.0,3.0089909608212895,51998,0,1,0,1
SHP-01090,2026-02-15,Jakarta,Medan,Anteraja,truk,2.85,0.9684,378525,2361.2,7099124,18.7547,828.5,0.0,2.0065614994135976,142448,0,1,0,1
SHP-01091,2026-03-10,Manado,Surabaya,Wahana,truk,2.56,1.092,454143,1135.5,4166556,9.1745,443.56,0.0,4.882165541684822,203418,0,0,1,1
SHP-01092,2026-05-21,Semarang,Malang,TIKI,motor,2.26,0.7113,405678,292.3,274980,0.6778,129.32,0.0,2.551343107335316,7016,0,1,1,0
SHP-01093,2025-12-26,Palembang,Tangerang,Anteraja,truk,2.13,0.7988,182255,716.6,2045388,11.2227,336.42,0.0,3.954684119658854,80889,0,0,1,1
SHP-01094,2026-01-19,Pontianak,Solo,SiCepat,truk,1.31,0.7155,124632,1756.5,5537897,44.434,1340.86,0.0,2.0993386272944363,116259,0,0,1,1
SHP-01095,2026-06-07,Manado,Depok,Wahana,motor,1.86,1.0191,268894,2253.3,10410610,38.7164,1211.44,3.4,73.32,7633059,1,0,1,1
SHP-01096,2026-02-07,Depok,Blitar,Wahana,truk,2.93,1.3577,343687,745.3,684954,1.993,254.38,0.0,0.3054447249568748,2092,0,1,1,0
SHP-01097,2026-03-06,Blitar,Kupang,JX Express,kapal_laut,4.64,1.5919,469672,947.8,3197231,6.8074,204.27,0.0,0.430945642000094,13778,0,1,0,1
SHP-01098,2026-05-01,Bengkulu,Mataram,Ninja Xpress,truk,5.57,2.4184,417878,1111.1,3294361,7.8835,199.48,0.0,3.850451034943279,126848,0,0,0,0
SHP-01099,2026-05-13,Surabaya,Padang,SiCepat,pesawat,3.41,1.7205,353309,1583.7,7060794,19.9848,464.43,0.0,4.765434531805551,336478,0,1,0,1
SHP-01100,2026-01-09,Kupang,Bandung,Ninja Xpress,truk,2.35,1.2103,293772,1796.7,5831042,19.8489,764.57,0.0,4.230677661874321,246693,0,0,1,1
SHP-01101,2026-04-30,Pontianak,Manado,J&T Express,truk,2.0,0.9274,265822,1660.7,4800267,18.0582,830.33,0.0,1.7846893490720301,85670,0,0,0,0
SHP-01102,2026-05-29,Blitar,Kupang,JX Express,motor,2.61,1.3852,235321,1731.2,5517658,23.4474,663.28,0.0,4.8176181917646606,265820,0,1,0,1
SHP-01103,2026-05-12,Balikpapan,Jambi,Wahana,motor,3.75,1.7347,548464,898.3,2240874,4.0857,239.56,0.0,4.185225026089254,93786,0,0,0,0
SHP-01104,2026-03-14,Depok,Pontianak,TIKI,motor,3.72,1.7012,325828,1750.4,5415221,16.6199,470.54,0.9,70.14,3798236,1,1,0,1
SHP-01105,2026-01-31,Samarinda,Medan,JX Express,pesawat,4.67,1.4439,359604,1066.8,3261048,9.0684,228.44,1.4,72.3,2357738,1,0,0,0
SHP-01106,2026-04-19,Medan,Makassar,JX Express,kapal_laut,3.45,1.2903,561520,1383.0,4416517,7.8653,400.86,0.0,4.151541846482935,183354,0,0,0,0
SHP-01107,2026-03-19,Mataram,Malang,J&T Express,pesawat,2.63,1.329,307762,2023.0,8711128,28.3048,769.2,0.0,0.8894928885234088,77485,0,0,1,1
SHP-01108,2026-05-18,Medan,Solo,SiCepat,motor,5.41,2.7503,599267,1872.9,5160804,8.6119,346.19,0.0,4.697897192257689,242449,0,0,1,1
SHP-01109,2026-04-09,Manado,Lampung,JX Express,pesawat,2.96,1.231,369432,1175.8,3541524,9.5864,397.23,0.0,1.4365237513505664,50875,0,0,0,0
SHP-01110,2026-06-02,Blitar,Jakarta,TIKI,pesawat,3.49,1.7542,423030,744.7,680093,1.6077,213.39,0.0,2.421245432079393,16467,0,1,1,0
SHP-01111,2026-04-21,Malang,Pontianak,Ninja Xpress,kapal_laut,4.66,1.828,465585,1153.5,3829064,8.2242,247.54,3.9,77.14,2953740,1,1,0,1
SHP-01112,2026-05-18,Ambon,Palembang,Wahana,truk,1.88,1.0443,199581,625.2,1996418,10.003,332.56,0.0,3.2165602148466754,64216,0,0,0,0
SHP-01113,2026-05-12,Bekasi,Samarinda,J&T Express,truk,4.24,1.7591,644435,1892.2,7207801,11.1847,446.26,0.0,3.025358830858088,218062,0,1,0,1
SHP-01114,2026-02-25,Samarinda,Banjarmasin,JNE,pesawat,2.49,1.1311,343910,843.5,2767025,8.0458,338.76,0.0,2.7870329398325784,77118,0,0,0,0
SHP-01115,2026-01-27,Palembang,Bandung,Ninja Xpress,motor,5.18,2.2412,418442,1485.4,4968336,11.8734,286.76,4.1,80.33,3991064,1,0,1,1
SHP-01116,2025-12-19,Jambi,Depok,JX Express,pesawat,4.69,2.4097,465172,757.8,3709410,7.9743,161.58,0.0,4.8381719769156675,179468,0,0,1,1
SHP-01117,2026-05-16,Palembang,Depok,JNE,kapal_laut,1.73,0.8233,182027,972.8,3995101,21.9478,562.34,0.0,4.9560006643487595,197997,0,0,1,1
SHP-01118,2026-04-03,Ternate,Depok,Ninja Xpress,truk,1.92,0.8528,241638,1351.4,5872208,24.3017,703.84,0.0,1.4195473977648625,83359,0,0,1,1
SHP-01119,2026-01-01,Mataram,Pontianak,JX Express,motor,2.94,1.632,365828,918.4,2548252,6.9657,312.38,0.0,4.747287530178881,120973,0,0,0,0
SHP-01120,2026-05-01,Palembang,Yogyakarta,JNE,kapal_laut,2.26,1.1789,191015,918.3,4496674,23.5409,406.33,0.0,4.026923805980654,181078,0,0,1,1
SHP-01121,2026-04-08,Lampung,Manado,J&T Express,kapal_laut,2.09,1.1544,148540,348.2,784876,5.2839,166.59,0.3,55.69,437097,1,0,0,0
SHP-01122,2026-04-09,Banjarmasin,Solo,TIKI,motor,2.13,1.1291,259170,1830.3,5385432,20.7795,859.3,1.3,74.38,4005684,1,0,1,1
SHP-01123,2026-03-09,Balikpapan,Bogor,Anteraja,motor,1.93,0.9097,124746,680.5,3090462,24.774,352.57,0.0,3.709506707399088,114641,0,0,1,1
SHP-01124,2026-04-20,Kupang,Bengkulu,TIKI,truk,2.35,0.8331,201100,950.0,1545370,7.6846,404.27,0.0,0.9916059465295934,15324,0,0,0,0
SHP-01125,2026-03-23,Padang,Jambi,SiCepat,truk,2.42,1.1446,309580,1385.6,4521347,14.6048,572.56,0.0,3.6640256429873426,165663,0,0,0,0
SHP-01126,2026-04-23,Bengkulu,Mataram,J&T Express,pesawat,1.64,0.6083,164150,1324.0,2633397,16.0426,807.29,0.0,4.472608251130713,117782,0,0,0,0
SHP-01127,2026-04-09,Depok,Manado,Anteraja,pesawat,2.54,1.2532,410973,937.7,4239116,10.3148,369.19,8.5,76.71,3251826,1,1,0,1
SHP-01128,2026-01-13,Mataram,Tangerang,Wahana,truk,1.66,0.9088,224254,873.6,2564707,11.4366,526.26,0.2,71.41,1831457,1,0,1,1
SHP-01129,2026-05-20,Makassar,Samarinda,Wahana,truk,1.1,0.5998,125355,1713.3,4348133,34.6866,1557.53,0.1,71.82,3122829,1,0,0,0
SHP-01130,2025-12-21,Yogyakarta,Ternate,Ninja Xpress,motor,7.1,2.2456,478108,588.9,2592765,5.423,82.95,0.0,4.054164176424104,105115,0,1,0,1
SHP-01131,2026-06-04,Kupang,Makassar,Wahana,pesawat,5.56,2.8724,865712,771.8,1523184,1.7595,138.81,0.0,4.621512892130054,70394,0,0,0,0
SHP-01132,2026-04-22,Malang,Jakarta,Anteraja,pesawat,1.93,0.6265,272685,290.6,366156,1.3428,150.54,0.0,4.35912613432872,15961,0,1,1,0
SHP-01133,2026-02-04,Mataram,Balikpapan,J&T Express,truk,6.7,2.3466,1228027,1398.8,3955958,3.2214,208.78,0.7,73.77,2918310,1,0,0,0
SHP-01134,2026-02-17,Malang,Bandung,TIKI,truk,3.0,1.0037,349417,598.8,548252,1.569,199.61,6.0,78.8,432023,1,1,1,0
SHP-01135,2026-01-30,Palembang,Makassar,SiCepat,truk,3.67,1.5222,399909,267.0,730145,1.8258,72.74,0.4,50.29,367190,1,0,0,0
SHP-01136,2026-03-29,Samarinda,Makassar,TIKI,kapal_laut,1.98,0.7083,174172,221.5,411391,2.362,111.85,0.0,3.3257190067790154,13682,0,0,0,0
SHP-01137,2025-12-26,Samarinda,Pontianak,J&T Express,kapal_laut,4.38,1.446,513714,1292.9,3556284,6.9227,295.18,1.2,71.09,2528162,1,0,0,0
SHP-01138,2025-12-29,Depok,Yogyakarta,SiCepat,pesawat,2.63,1.4385,297261,795.9,915294,3.0791,302.63,4.7,80.46,736446,1,1,1,0
SHP-01139,2026-03-23,Jakarta,Ternate,TIKI,pesawat,0.86,0.3861,52951,2437.8,6817533,128.7517,2834.62,1.7,66.28,4518661,1,1,0,1
SHP-01140,2026-05-14,Manado,Bogor,JX Express,pesawat,4.09,2.2655,299071,1985.3,5738337,19.1872,485.4,2.0,70.37,4038068,1,0,1,1
SHP-01141,2026-06-09,Bogor,Pekanbaru,SiCepat,motor,1.73,0.5503,155449,1937.7,9513989,61.2033,1120.05,0.0,4.309821448877925,410036,0,1,0,1
SHP-01142,2026-06-13,Palembang,Blitar,SiCepat,kapal_laut,6.61,3.8572,515672,2405.8,6968474,13.5134,363.97,0.0,3.1586736679837473,220111,0,0,1,1
SHP-01143,2026-03-28,Blitar,Lampung,Anteraja,truk,2.24,1.086,303346,1492.8,7143695,23.5497,666.42,0.0,1.8428304949100731,131646,0,1,0,1
SHP-01144,2026-04-11,Pekanbaru,Surabaya,Ninja Xpress,motor,4.56,1.8441,549725,2391.5,7481224,13.609,524.46,0.0,0.6842958121288639,51194,0,0,1,1
SHP-01145,2026-02-26,Makassar,Palembang,JNE,truk,1.84,0.997,229386,567.8,1361862,5.937,308.57,8.6,70.96,966377,1,0,0,0
SHP-01146,2026-04-25,Pontianak,Bandung,JNE,truk,7.95,3.4529,516045,1939.6,9572829,18.5504,243.97,0.0,2.3172766746742646,221829,0,0,1,1
SHP-01147,2026-03-04,Pontianak,Bandung,JX Express,motor,4.16,2.457,497005,2439.9,11918414,23.9805,586.52,0.0,0.9974726587916405,118883,0,0,1,1
SHP-01148,2026-04-23,Solo,Semarang,TIKI,truk,1.25,0.5059,193737,385.1,578985,2.9885,308.09,0.0,2.480870709929021,14364,0,1,1,0
SHP-01149,2026-02-23,Semarang,Manado,JNE,pesawat,1.17,0.6571,103580,2145.2,10293904,99.3812,1833.48,0.0,1.2711056634161881,130846,0,1,0,1
SHP-01150,2026-02-26,Kupang,Medan,JX Express,kapal_laut,1.06,0.4848,163964,960.0,1501611,9.1582,905.67,0.0,2.014921695545465,30256,0,0,0,0
SHP-01151,2026-01-26,Semarang,Bekasi,Ninja Xpress,truk,10.81,3.407,1441039,143.2,150737,0.1046,13.25,3.2,41.87,63114,1,1,1,0
SHP-01152,2026-01-15,Samarinda,Manado,J&T Express,pesawat,3.35,1.676,386226,475.4,956036,2.4753,141.91,0.0,0.18948904454081983,1812,0,0,0,0
SHP-01153,2026-04-01,Bekasi,Jambi,Wahana,motor,5.57,2.4945,393787,1426.5,5131879,13.0321,256.1,1.6,77.03,3953086,1,1,0,1
SHP-01154,2026-04-22,Semarang,Palembang,JX Express,truk,1.49,0.8728,177023,996.5,4561196,25.7661,668.78,0.0,2.184468514584576,99638,0,1,0,1
SHP-01155,2026-06-08,Balikpapan,Lampung,Anteraja,truk,7.54,2.2952,1220117,464.2,1096310,0.8985,61.57,0.0,3.301611473395176,36196,0,0,0,0
SHP-01156,2026-05-21,Malang,Makassar,JNE,motor,6.14,2.158,388071,816.7,3400315,8.7621,133.02,4.9,74.66,2538675,1,1,0,1
SHP-01157,2026-05-24,Mataram,Kupang,J&T Express,kapal_laut,1.91,0.9255,221974,1788.9,4775288,21.5128,936.59,0.0,4.487234171925362,214278,0,0,0,0
SHP-01158,2026-01-19,Makassar,Jakarta,Anteraja,truk,5.37,1.8337,693589,2260.4,7662890,11.0482,420.92,0.0,4.6355114591545545,355214,0,0,1,1
SHP-01159,2026-04-29,Makassar,Pontianak,Ninja Xpress,motor,7.88,2.5099,660079,870.1,1862273,2.8213,110.41,0.0,4.144053192533278,77174,0,0,0,0
SHP-01160,2026-05-03,Ambon,Malang,JX Express,truk,2.12,1.1223,338730,1521.8,5705536,16.8439,717.83,0.0,1.3520805832543703,77143,0,0,1,1
SHP-01161,2026-05-15,Pekanbaru,Bengkulu,JX Express,kapal_laut,2.58,1.2218,486680,963.4,2669414,5.4849,373.42,2.7,72.09,1924381,1,0,0,0
SHP-01162,2026-04-18,Tangerang,Kupang,J&T Express,motor,1.5,0.6725,151051,1475.0,6173641,40.8712,983.34,0.0,2.7660568638960874,170766,0,1,0,1
SHP-01163,2026-04-03,Depok,Balikpapan,JX Express,pesawat,5.42,2.6969,547606,1780.0,8387202,15.3161,328.41,0.0,3.510055156039223,294395,0,1,0,1
SHP-01164,2026-03-20,Ambon,Pekanbaru,JX Express,motor,3.56,2.0672,336694,1018.7,1837140,5.4564,286.16,0.0,0.7647462770653196,14049,0,0,0,0
SHP-01165,2026-04-19,Semarang,Medan,SiCepat,kapal_laut,6.47,3.4163,841536,1585.2,4458714,5.2983,245.01,0.0,2.8693517282662566,127936,0,1,0,1
SHP-01166,2026-02-26,Tangerang,Manado,JX Express,kapal_laut,8.0,2.7299,775136,2481.2,10873167,14.0274,310.15,0.0,2.8787512357588803,313011,0,1,0,1
SHP-01167,2026-05-04,Jakarta,Pekanbaru,J&T Express,truk,2.31,1.268,322704,1949.5,6617462,20.5063,843.96,0.0,2.998450310531892,198421,0,1,0,1
SHP-01168,2026-03-21,Ambon,Mataram,TIKI,motor,1.8,0.9286,232323,1769.6,2809417,12.0927,983.12,2.4,69.6,1955354,1,0,0,0
SHP-01169,2026-01-20,Samarinda,Ambon,JNE,kapal_laut,5.0,1.8933,589439,1240.5,4026628,6.8313,248.09,0.0,1.3680004711544125,55084,0,0,0,0
SHP-01170,2026-01-04,Palembang,Medan,J&T Express,motor,5.0,2.8673,769770,402.8,812690,1.0558,80.57,0.0,3.765040805437459,30598,0,0,0,0
SHP-01171,2026-01-06,Bandung,Manado,JNE,motor,2.75,0.9049,202975,1533.9,7651602,37.6973,557.8,0.0,4.198673156144023,321266,0,1,0,1
SHP-01172,2026-02-05,Solo,Medan,JX Express,pesawat,3.39,1.5646,392561,2450.5,8551229,21.7832,722.86,0.0,2.2017331537461198,188275,0,1,0,1
SHP-01173,2025-12-21,Medan,Padang,Anteraja,truk,1.95,1.1577,193841,398.6,705314,3.6386,204.4,0.0,0.9029071054826704,6368,0,0,0,0
SHP-01174,2026-01-23,Samarinda,Banjarmasin,Ninja Xpress,kapal_laut,4.16,2.1151,322935,325.8,933505,2.8907,78.31,5.4,58.49,546007,1,0,0,0
SHP-01175,2026-01-13,Ternate,Medan,TIKI,motor,2.17,1.1128,194399,615.8,1382442,7.1114,283.8,2.0,70.33,972271,1,0,0,0
SHP-01176,2026-03-27,Jambi,Padang,Anteraja,kapal_laut,3.89,2.2208,582937,890.1,2065954,3.544,228.83,1.7,72.62,1500296,1,0,0,0
SHP-01177,2026-06-07,Depok,Palembang,Ninja Xpress,motor,4.47,2.5378,627245,1117.0,3683259,5.8721,249.9,4.6,81.76,3011433,1,1,0,1
SHP-01178,2026-01-11,Palembang,Yogyakarta,TIKI,pesawat,1.97,0.8163,189710,2040.8,6819026,35.9445,1035.96,0.3,75.82,5170186,1,0,1,1
SHP-01179,2025-12-28,Pekanbaru,Bogor,TIKI,truk,1.76,0.5905,129013,2024.1,7347013,56.9479,1150.04,0.0,2.3918244873713563,175728,0,0,1,1
SHP-01180,2026-04-11,Banjarmasin,Bekasi,JX Express,kapal_laut,6.05,2.5231,425553,1918.3,5274866,12.3953,317.07,10.8,74.76,3943490,1,0,1,1
SHP-01181,2026-03-15,Manado,Ternate,JX Express,truk,3.13,1.4919,460300,991.3,2594767,5.6371,316.69,0.2,75.48,1958530,1,0,0,0
SHP-01182,2026-02-12,Makassar,Ternate,JNE,pesawat,2.64,0.922,269382,1368.7,4570199,16.9655,518.45,2.3,70.87,3238900,1,0,0,0
SHP-01183,2026-05-01,Depok,Blitar,JX Express,pesawat,6.33,3.5443,724980,312.8,506368,0.6985,49.41,12.3,56.45,285845,1,1,1,0
SHP-01184,2026-03-12,Bekasi,Yogyakarta,J&T Express,kapal_laut,3.09,1.2626,520641,85.4,125979,0.242,27.63,0.0,1.5275154133446978,1924,0,1,1,0
SHP-01185,2026-01-07,Bekasi,Jambi,Wahana,pesawat,1.89,1.0969,245247,1574.5,6949008,28.3347,833.09,0.0,2.4562672779773207,170686,0,1,0,1
SHP-01186,2026-01-23,Balikpapan,Ambon,J&T Express,motor,2.27,1.2014,192910,1226.4,3660294,18.9741,540.28,0.0,0.15352547882602152,5619,0,0,0,0
SHP-01187,2026-04-10,Manado,Medan,SiCepat,truk,5.65,1.7164,787205,307.6,943846,1.199,54.45,0.0,4.133507834438329,39014,0,0,0,0
SHP-01188,2025-12-17,Depok,Lampung,TIKI,truk,6.23,2.8882,739867,2287.6,7612088,10.2885,367.19,1.1,70.2,5343686,1,1,0,1
SHP-01189,2026-03-14,Ternate,Jambi,J&T Express,truk,4.33,1.9149,538556,1548.1,3391385,6.2972,357.53,0.9,80.17,2718873,1,0,0,0
SHP-01190,2025-12-25,Tangerang,Palembang,JNE,kapal_laut,4.34,2.1086,566569,714.3,2931847,5.1747,164.59,0.0,4.551741510646531,133450,0,1,0,1
SHP-01191,2026-01-30,Depok,Blitar,J&T Express,kapal_laut,7.76,3.5211,777277,339.5,482799,0.6211,43.75,0.0,4.94085995802007,23854,0,1,1,0
SHP-01192,2026-01-12,Pontianak,Samarinda,SiCepat,truk,2.81,1.549,295407,1289.6,2589059,8.7644,458.95,5.0,80.98,2096620,1,0,0,0
SHP-01193,2026-05-17,Manado,Balikpapan,JX Express,pesawat,2.04,0.7367,202859,919.2,2337582,11.5232,450.61,4.7,71.32,1667163,1,0,0,0
SHP-01194,2026-05-03,Jambi,Bengkulu,Wahana,truk,1.63,0.9505,251619,1027.3,2598495,10.3271,630.26,2.6,77.69,2018771,1,0,0,0
SHP-01195,2025-12-23,Yogyakarta,Semarang,JNE,truk,4.14,1.781,454070,430.9,616842,1.3585,104.09,0.0,2.7905420556496963,17213,0,1,1,0
SHP-01196,2026-01-01,Banjarmasin,Lampung,JX Express,truk,2.14,1.1536,268149,576.4,1502060,5.6016,269.33,0.0,3.2493782134342424,48808,0,0,0,0
SHP-01197,2025-12-23,Surabaya,Padang,JNE,motor,1.04,0.5511,96510,1129.7,3978514,41.2239,1086.27,0.0,1.5819611337802382,62939,0,1,0,1
SHP-01198,2026-01-15,Ternate,Semarang,JNE,truk,0.76,0.2319,99194,864.8,2961925,29.8599,1137.84,0.0,4.71729205285847,139723,0,0,1,1
SHP-01199,2026-04-18,Medan,Makassar,J&T Express,pesawat,4.05,1.3268,356660,1665.8,3495201,9.7998,411.31,0.3,79.41,2775539,1,0,0,0
SHP-01200,2026-02-24,Bekasi,Jakarta,Wahana,pesawat,1.03,0.594,145485,402.1,531862,3.6558,390.36,4.4,58.37,310448,1,1,1,0
SHP-01201,2026-01-23,Palembang,Manado,TIKI,pesawat,3.28,1.698,369747,821.5,1986483,5.3725,250.45,0.8,74.08,1471587,1,0,0,0
SHP-01202,2026-05-26,Pontianak,Kupang,J&T Express,motor,3.3,1.6244,330560,249.0,773369,2.3396,75.46,0.0,1.8151067366277536,14037,0,0,0,0
SHP-01203,2026-02-01,Padang,Makassar,JX Express,truk,3.89,1.193,321142,1322.5,4597561,14.3163,339.97,0.0,4.816961311960956,221463,0,0,0,0
SHP-01204,2026-03-26,Padang,Manado,SiCepat,motor,3.17,1.8484,417008,422.7,695662,1.6682,133.35,0.0,1.6780720096266548,11674,0,0,0,0
SHP-01205,2025-12-31,Semarang,Makassar,Wahana,motor,2.37,1.2428,251949,869.8,2336662,9.2743,366.99,0.0,3.9861732659781604,93143,0,1,0,1
SHP-01206,2026-04-08,Manado,Yogyakarta,Anteraja,truk,3.95,2.2989,351899,781.8,3797772,10.7922,197.93,2.7,75.49,2866938,1,0,1,1
SHP-01207,2026-01-18,Balikpapan,Bogor,Anteraja,kapal_laut,1.21,0.6102,154064,590.7,2119464,13.757,488.22,0.0,0.014430725757845764,306,0,0,1,1
SHP-01208,2026-06-01,Yogyakarta,Mataram,Ninja Xpress,motor,9.71,2.9656,941653,1298.6,6250604,6.6379,133.74,0.0,2.0500437272753187,128140,0,1,0,1
SHP-01209,2026-05-31,Makassar,Solo,TIKI,kapal_laut,0.56,0.3346,80763,1722.1,8125612,100.6106,3075.09,0.0,1.399992779085668,113758,0,0,1,1
SHP-01210,2026-03-11,Surabaya,Banjarmasin,SiCepat,kapal_laut,5.96,2.2178,507928,1279.0,6183704,12.1744,214.59,0.0,3.9742065136294435,245753,0,1,0,1
SHP-01211,2025-12-28,Jakarta,Banjarmasin,J&T Express,truk,5.41,1.7188,440119,502.1,1478542,3.3594,92.8,0.0,4.036311585799131,59679,0,1,0,1
SHP-01212,2026-03-26,Surabaya,Depok,SiCepat,motor,4.15,2.2621,411822,477.1,476948,1.1581,114.97,0.2,70.27,335151,1,1,1,0
SHP-01213,2026-05-09,Bengkulu,Jakarta,JNE,motor,1.3,0.7753,112163,2070.4,8083803,72.0719,1592.63,1.0,71.67,5793662,1,0,1,1
SHP-01214,2026-05-23,Ternate,Padang,Wahana,motor,3.75,2.0984,317935,611.3,2086583,6.5629,163.03,0.0,2.067098015410169,43132,0,0,0,0
SHP-01215,2025-12-27,Pekanbaru,Ternate,SiCepat,motor,1.92,0.8861,211838,1437.5,2258397,10.661,748.71,0.5,79.55,1796555,1,0,0,0
SHP-01216,2026-04-06,Pekanbaru,Medan,TIKI,kapal_laut,4.79,1.8049,763584,739.8,2468666,3.233,154.45,0.0,0.3023774327945544,7465,0,0,0,0
SHP-01217,2026-04-17,Manado,Palembang,JNE,motor,2.63,0.9618,291439,679.3,1755287,6.0228,258.3,1.1,70.38,1235371,1,0,0,0
SHP-01218,2026-05-25,Medan,Ternate,Anteraja,motor,7.6,3.0343,756981,1683.2,4897117,6.4693,221.48,1.8,74.36,3641496,1,0,0,0
SHP-01219,2026-06-07,Bogor,Medan,SiCepat,kapal_laut,3.83,1.1602,398233,2304.6,7631497,19.1634,601.73,3.0,75.32,5748044,1,1,0,1
SHP-01220,2026-04-16,Bengkulu,Pekanbaru,J&T Express,kapal_laut,2.34,1.3636,218917,1324.3,2431947,11.109,565.95,3.8,74.71,1816908,1,0,0,0
SHP-01221,2026-02-28,Depok,Ambon,Anteraja,truk,10.1,3.5822,1692142,2300.2,7805394,4.6127,227.74,0.0,0.052878378253752856,4127,0,1,0,1
SHP-01222,2026-02-22,Samarinda,Ternate,JNE,truk,2.27,1.2686,409812,755.2,2338142,5.7054,332.7,0.0,2.94100274367741,68765,0,0,0,0
SHP-01223,2026-03-16,Jambi,Kupang,Ninja Xpress,truk,2.81,1.5467,236080,506.0,889721,3.7687,180.08,0.0,0.2475874100159975,2203,0,0,0,0
SHP-01224,2026-04-04,Lampung,Balikpapan,Ninja Xpress,truk,6.03,3.0347,506229,1354.2,2581796,5.1001,224.58,0.0,0.5925874413178933,15299,0,0,0,0
SHP-01225,2025-12-29,Bogor,Yogyakarta,JNE,kapal_laut,2.58,1.3148,253882,457.1,652176,2.5688,177.16,0.0,4.777058780989847,31155,0,1,1,0
SHP-01226,2026-01-18,Depok,Kupang,SiCepat,pesawat,1.59,0.9107,184070,591.4,2052075,11.1483,371.96,1.6,74.17,1522024,1,1,0,1
SHP-01227,2026-02-12,Jakarta,Jambi,JNE,motor,10.83,6.2018,953677,1273.7,4582929,4.8055,117.61,4.5,77.21,3538479,1,1,0,1
SHP-01228,2026-05-05,Pontianak,Tangerang,SiCepat,kapal_laut,4.42,1.7092,681608,1249.9,3828021,5.6162,282.79,2.0,76.01,2909679,1,0,1,1
SHP-01229,2026-04-28,Depok,Jakarta,TIKI,kapal_laut,6.66,2.1436,586184,241.3,409978,0.6994,36.24,0.3,46.8,191870,1,1,1,0
SHP-01230,2025-12-23,Padang,Bandung,SiCepat,kapal_laut,2.07,0.8266,127221,2074.9,8150856,64.0685,1002.37,0.0,4.461735092913912,363670,0,0,1,1
SHP-01231,2026-01-08,Bandung,Bogor,TIKI,truk,3.31,1.2445,330171,137.5,162787,0.493,41.54,0.0,3.9728915369540854,6467,0,1,1,0
SHP-01232,2026-02-26,Jakarta,Bekasi,Ninja Xpress,motor,0.75,0.3516,104092,292.5,399379,3.8368,389.94,0.6,48.64,194258,1,1,1,0
SHP-01233,2026-06-08,Bekasi,Solo,JX Express,truk,1.96,0.6934,176369,393.2,453621,2.572,200.6,0.9,64.19,291179,1,1,1,0
SHP-01234,2026-05-28,Lampung,Pekanbaru,SiCepat,truk,0.96,0.2898,100267,469.2,1310971,13.0748,488.75,0.0,3.3012662146582,43279,0,0,0,0
SHP-01235,2026-01-15,Bogor,Pontianak,J&T Express,motor,6.23,2.926,800091,1506.3,4561861,5.7017,241.78,2.4,71.82,3276329,1,1,0,1
SHP-01236,2025-12-17,Kupang,Depok,Wahana,motor,0.99,0.4104,129422,2000.8,8869290,68.53,2021.04,0.0,2.3937510525799537,212309,0,0,1,1
SHP-01237,2026-06-01,Pekanbaru,Mataram,TIKI,truk,3.24,1.8882,392933,1638.7,5092251,12.9596,505.79,9.8,72.88,3711233,1,0,0,0
SHP-01238,2026-05-11,Bengkulu,Semarang,SiCepat,kapal_laut,4.65,1.3967,355998,1089.1,3069769,8.623,234.21,0.0,4.896911726468744,150324,0,0,1,1
SHP-01239,2026-03-14,Bengkulu,Yogyakarta,JNE,pesawat,1.67,0.9957,239295,2349.1,10924853,45.6543,1406.65,0.0,0.33019495835379387,36073,0,0,1,1
SHP-01240,2026-05-12,Padang,Pekanbaru,TIKI,truk,5.89,3.0654,565929,1765.9,3627113,6.4091,299.81,0.0,0.746338487379905,27071,0,0,0,0
SHP-01241,2026-03-02,Yogyakarta,Lampung,Wahana,motor,3.75,1.5445,434822,2018.6,7586626,17.4477,538.3,0.0,4.431679399573611,336215,0,1,0,1
SHP-01242,2026-01-28,Tangerang,Medan,TIKI,truk,8.75,3.5291,994227,2156.4,7854076,7.8997,246.44,7.0,70.79,5559900,1,1,0,1
SHP-01243,2026-04-12,Blitar,Yogyakarta,J&T Express,truk,1.61,0.9009,169018,486.5,854243,5.0542,302.19,8.7,63.98,546545,1,1,1,0
SHP-01244,2026-03-12,Ambon,Balikpapan,Anteraja,truk,3.68,1.2705,385047,1702.2,3982507,10.3429,462.56,0.2,75.06,2989270,1,0,0,0
SHP-01245,2026-04-10,Ambon,Palembang,JX Express,motor,1.62,0.6775,153148,1486.7,3306552,21.5906,917.71,2.6,74.89,2476277,1,0,0,0
SHP-01246,2026-05-03,Bekasi,Jambi,JNE,motor,6.59,2.3652,776807,1934.6,7581311,9.7596,293.56,1.1,74.44,5643528,1,1,0,1
SHP-01247,2026-03-19,Makassar,Malang,SiCepat,kapal_laut,2.44,1.3425,269447,1011.5,4515708,16.7592,414.53,0.0,4.598175765154833,207640,0,0,1,1
SHP-01248,2025-12-21,Jambi,Manado,Ninja Xpress,pesawat,3.66,1.6631,522630,262.9,780685,1.4938,71.82,0.0,2.97059271299731,23191,0,0,0,0
SHP-01249,2026-05-11,Pekanbaru,Semarang,JX Express,kapal_laut,5.05,2.8898,717554,1641.8,5665259,7.8952,325.11,2.5,77.7,4401906,1,0,1,1
SHP-01250,2026-03-13,Balikpapan,Bekasi,Wahana,kapal_laut,9.97,4.0817,815285,2398.5,11688729,14.337,240.57,3.5,71.78,8390170,1,0,1,1
SHP-01251,2026-04-07,Mataram,Bengkulu,Wahana,motor,4.8,2.4334,610619,1473.7,3393581,5.5576,307.02,0.0,3.602760054077492,122263,0,0,0,0
SHP-01252,2026-05-29,Balikpapan,Samarinda,Ninja Xpress,kapal_laut,2.48,1.0198,340469,828.8,2786894,8.1855,334.21,0.0,2.5139487677182166,70061,0,0,0,0
SHP-01253,2026-03-28,Palembang,Malang,Anteraja,kapal_laut,1.55,0.637,226707,1645.4,7919563,34.933,1061.53,0.0,4.585325156893435,363138,0,0,1,1
SHP-01254,2026-02-18,Pontianak,Surabaya,Ninja Xpress,kapal_laut,5.82,2.3101,887085,1294.1,5966805,6.7263,222.36,5.8,75.82,4524032,1,0,1,1
SHP-01255,2025-12-30,Mataram,Tangerang,SiCepat,kapal_laut,1.85,1.103,169800,2366.3,7606993,44.7997,1279.05,0.0,4.768284718125012,362723,0,0,1,1
SHP-01256,2026-03-01,Manado,Padang,TIKI,kapal_laut,4.29,1.8217,440928,1617.8,3117490,7.0703,377.11,0.0,2.2640259029929055,70581,0,0,0,0
SHP-01257,2026-01-23,Blitar,Bengkulu,Wahana,kapal_laut,5.24,2.3512,560966,834.0,4028174,7.1808,159.16,3.9,75.47,3040063,1,1,0,1
SHP-01258,2026-05-04,Tangerang,Depok,SiCepat,kapal_laut,1.44,0.7765,170578,537.9,795348,4.6627,373.52,2.1,72.35,575434,1,1,1,0
SHP-01259,2026-05-30,Mataram,Jambi,JNE,motor,4.58,1.985,535351,840.5,1805223,3.372,183.51,1.9,69.76,1259324,1,0,0,0
SHP-01260,2026-05-13,Jambi,Ambon,JNE,pesawat,6.02,2.9782,552081,240.5,433868,0.7859,39.95,0.0,0.8909070018488252,3865,0,0,0,0
SHP-01261,2026-04-20,Surabaya,Bekasi,SiCepat,pesawat,2.34,0.8388,272947,220.0,302250,1.1074,94.03,0.0,3.846196901741364,11625,0,1,1,0
SHP-01262,2026-04-28,Samarinda,Medan,J&T Express,motor,2.04,0.9929,169067,1440.9,2668585,15.7842,706.33,0.0,3.0046652497677258,80182,0,0,0,0
SHP-01263,2026-02-21,Padang,Balikpapan,Wahana,kapal_laut,1.69,0.9969,218604,1254.8,2417342,11.0581,742.51,0.6,75.37,1821951,1,0,0,0
SHP-01264,2026-02-05,Blitar,Lampung,TIKI,kapal_laut,1.34,0.5924,213011,2163.2,9636262,45.2383,1614.32,0.8,69.86,6731893,1,1,0,1
SHP-01265,2026-02-09,Bogor,Bandung,Wahana,motor,1.32,0.708,117158,168.8,279111,2.3823,127.88,0.0,0.49335144512949347,1377,0,1,1,0
SHP-01266,2026-02-08,Semarang,Yogyakarta,JX Express,truk,1.14,0.6237,167297,468.7,637545,3.8109,411.15,0.0,3.5304348949209063,22508,0,1,1,0
SHP-01267,2025-12-20,Bengkulu,Ternate,JX Express,pesawat,3.15,1.3254,285970,620.2,1110430,3.883,196.9,0.0,4.820862234260549,53532,0,0,0,0
SHP-01268,2025-12-21,Yogyakarta,Solo,JNE,truk,4.34,2.6003,585443,693.5,947438,1.6183,159.8,0.0,3.325020260766611,31503,0,1,1,0
SHP-01269,2026-01-03,Jambi,Mataram,SiCepat,kapal_laut,4.36,1.3828,498974,1788.6,3890423,7.7968,410.24,0.2,76.14,2962168,1,0,0,0
SHP-01270,2026-05-14,Ternate,Balikpapan,Wahana,kapal_laut,3.14,1.586,274041,578.1,1428571,5.213,184.11,5.8,79.49,1135571,1,0,0,0
SHP-01271,2026-03-13,Jambi,Manado,Ninja Xpress,kapal_laut,1.88,0.7903,184910,1262.4,2472288,13.3702,671.46,0.0,2.3676329350788503,58535,0,0,0,0
SHP-01272,2026-01-21,Medan,Surabaya,Ninja Xpress,pesawat,1.95,1.0526,311069,1236.6,4414940,14.1928,634.14,0.0,0.36010440727670345,15898,0,0,1,1
SHP-01273,2026-04-28,Samarinda,Bengkulu,Ninja Xpress,pesawat,2.78,1.6124,272003,1147.9,2207419,8.1154,412.91,2.4,77.06,1701037,1,0,0,0
SHP-01274,2026-01-07,Bandung,Banjarmasin,JNE,kapal_laut,2.99,1.4905,201265,903.6,2809316,13.9583,302.2,0.0,4.529684705534388,127253,0,1,0,1
SHP-01275,2026-06-07,Medan,Makassar,Wahana,motor,2.92,1.2495,349081,1476.6,5124150,14.679,505.69,1.7,74.89,3837476,1,0,0,0
SHP-01276,2026-03-09,Makassar,Depok,Wahana,motor,1.16,0.6737,187958,2300.2,9766058,51.9587,1982.95,0.4,66.99,6542282,1,0,1,1
SHP-01277,2026-02-10,Depok,Bekasi,TIKI,truk,6.74,2.3894,435011,140.8,122381,0.2813,20.89,0.0,3.8729787002915677,4740,0,1,1,0
SHP-01278,2026-03-27,Ternate,Medan,Anteraja,pesawat,3.38,1.9486,432554,201.9,472807,1.0931,59.74,0.0,1.9782161081645766,9353,0,0,0,0
SHP-01279,2025-12-20,Manado,Bengkulu,JX Express,motor,2.36,1.1279,420150,342.4,1072679,2.5531,145.1,0.0,1.7377936626460555,18641,0,0,0,0
SHP-01280,2026-01-03,Bandung,Tangerang,Ninja Xpress,truk,2.35,0.8454,265404,254.3,311930,1.1753,108.21,1.9,48.37,150881,1,1,1,0
SHP-01281,2026-02-16,Padang,Jambi,Ninja Xpress,kapal_laut,3.37,1.3356,259510,945.5,1433331,5.5232,280.57,0.4,78.85,1130181,1,0,0,0
SHP-01282,2026-03-01,Palembang,Bengkulu,TIKI,motor,7.7,4.4263,984580,1111.9,2413639,2.4514,144.4,0.0,4.613016220990306,111342,0,0,0,0
SHP-01283,2026-04-13,Bengkulu,Palembang,TIKI,pesawat,2.28,1.169,361644,688.6,1199909,3.3179,302.0,0.0,3.017403095554123,36206,0,0,0,0
SHP-01284,2026-01-22,Samarinda,Pekanbaru,TIKI,pesawat,1.97,0.7248,342218,622.1,1587307,4.6383,315.77,0.0,3.286913324132867,52173,0,0,0,0
SHP-01285,2026-02-01,Solo,Yogyakarta,TIKI,truk,3.64,1.2321,539173,213.9,294238,0.5457,58.76,0.0,3.2127262193909667,9453,0,1,1,0
SHP-01286,2026-03-23,Padang,Mataram,Anteraja,truk,2.25,0.6804,334508,406.5,1171875,3.5033,180.69,2.0,59.27,694570,1,0,0,0
SHP-01287,2026-01-20,Bekasi,Kupang,Ninja Xpress,kapal_laut,1.41,0.5976,172346,763.8,3394710,19.6971,541.72,0.0,1.5088562025926133,51221,0,1,0,1
SHP-01288,2026-03-06,Palembang,Mataram,Anteraja,motor,3.9,2.1329,400531,769.2,1363638,3.4046,197.24,4.0,75.61,1031047,1,0,0,0
SHP-01289,2026-05-28,Mataram,Bogor,JX Express,kapal_laut,2.31,1.1625,183075,2379.8,11725788,64.0491,1030.23,2.6,71.98,8440222,1,0,1,1
SHP-01290,2026-04-27,Tangerang,Lampung,Ninja Xpress,pesawat,1.05,0.4399,74545,2369.1,9184577,123.2085,2256.28,0.7,76.13,6992218,1,1,0,1
SHP-01291,2026-02-28,Ambon,Palembang,SiCepat,kapal_laut,1.58,0.621,136403,532.7,913811,6.6993,337.13,3.3,73.7,673479,1,0,0,0
SHP-01292,2026-04-02,Pontianak,Balikpapan,JX Express,truk,3.31,1.741,385652,1487.5,2498101,6.4776,449.41,0.0,2.4364777445105523,60866,0,0,0,0
SHP-01293,2026-03-20,Surabaya,Makassar,Anteraja,kapal_laut,0.77,0.4238,89903,2130.1,8571135,95.3376,2766.41,1.5,65.46,5610665,1,1,0,1
SHP-01294,2026-04-23,Balikpapan,Mataram,SiCepat,kapal_laut,1.58,0.5467,151087,226.0,488217,3.2314,143.03,0.0,0.5390356561365067,2632,0,0,0,0
SHP-01295,2026-06-12,Kupang,Jakarta,TIKI,truk,2.04,0.8987,192812,1840.7,6570109,34.0752,902.28,0.0,4.6640733933368725,306435,0,0,1,1
SHP-01296,2026-05-25,Makassar,Mataram,JX Express,kapal_laut,6.21,2.5102,722539,1397.4,2581220,3.5724,225.03,0.0,1.0530468842405838,27181,0,0,0,0
SHP-01297,2026-01-17,Kupang,Solo,TIKI,pesawat,4.44,1.3707,549552,2084.8,5455247,9.9267,469.55,0.0,2.292263324115476,125049,0,0,1,1
SHP-01298,2026-04-09,Ternate,Balikpapan,JNE,truk,2.84,0.9912,337683,1609.7,2602897,7.7081,566.81,0.0,3.611061700194595,93992,0,0,0,0
SHP-01299,2026-04-29,Bengkulu,Kupang,Wahana,truk,5.76,2.8271,789188,862.3,2366589,2.9988,149.7,0.0,4.678575950200316,110723,0,0,0,0
SHP-01300,2026-04-29,Tangerang,Bandung,JX Express,pesawat,3.61,2.0278,469464,401.9,381109,0.8118,111.32,0.0,4.6556701907548685,17743,0,1,1,0
SHP-01301,2026-02-19,Yogyakarta,Depok,JNE,pesawat,1.84,0.7075,180779,604.6,1056370,5.8434,328.6,0.0,3.1360052595893473,33128,0,1,1,0
SHP-01302,2026-05-27,Padang,Samarinda,J&T Express,kapal_laut,2.74,1.0158,317976,865.5,2887630,9.0813,315.87,0.0,3.3480481772247987,96679,0,0,0,0
SHP-01303,2026-04-30,Makassar,Mataram,JNE,motor,2.4,1.1731,181758,365.7,1259232,6.9281,152.38,0.0,3.4722246361881357,43723,0,0,0,0
SHP-01304,2026-05-07,Pekanbaru,Depok,J&T Express,motor,1.83,1.046,307373,999.5,3892126,12.6626,546.2,0.1,78.41,3051816,1,0,1,1
SHP-01305,2026-04-25,Yogyakarta,Semarang,JX Express,kapal_laut,2.49,1.3527,328713,687.5,682244,2.0755,276.1,4.0,76.6,522599,1,1,1,0
SHP-01306,2026-06-09,Malang,Bekasi,Anteraja,pesawat,1.62,0.495,188628,431.4,595422,3.1566,266.32,0.0,1.3548106128210176,8067,0,1,1,0
SHP-01307,2026-01-06,Ternate,Solo,JNE,pesawat,3.62,1.6371,403556,2249.9,6690487,16.5788,621.52,0.0,2.4841759822286162,166203,0,0,1,1
SHP-01308,2026-03-25,Lampung,Kupang,SiCepat,motor,2.41,0.8386,390164,862.6,1756233,4.5013,357.92,0.0,2.4900406775685138,43731,0,0,0,0
SHP-01309,2026-05-05,Ternate,Solo,SiCepat,pesawat,3.22,1.0438,356531,783.5,3143063,8.8157,243.33,1.4,79.58,2501250,1,0,1,1
SHP-01310,2026-05-06,Yogyakarta,Padang,Anteraja,truk,2.13,0.842,317529,1304.4,4682609,14.747,612.42,0.0,3.60100775258109,168621,0,1,0,1
SHP-01311,2025-12-29,Jambi,Palembang,SiCepat,pesawat,1.41,0.5648,139577,1234.1,3211661,23.01,875.24,0.7,69.78,2241097,1,0,0,0
SHP-01312,2026-05-01,Manado,Samarinda,JNE,truk,1.81,1.0051,185883,1510.3,2518257,13.5475,834.41,0.0,0.4718060772775412,11881,0,0,0,0
SHP-01313,2026-06-12,Ternate,Surabaya,Ninja Xpress,pesawat,3.42,1.1416,287387,1370.9,4856880,16.9001,400.84,0.0,2.007316958082998,97493,0,0,1,1
SHP-01314,2026-02-06,Semarang,Samarinda,J&T Express,pesawat,1.77,0.7378,303744,2174.3,9098101,29.9532,1228.44,1.5,75.21,6842682,1,1,0,1
SHP-01315,2026-05-15,Banjarmasin,Makassar,Wahana,kapal_laut,6.12,3.2606,975241,650.8,2108972,2.1625,106.34,0.0,3.875353960147343,81730,0,0,0,0
SHP-01316,2026-04-03,Pekanbaru,Palembang,SiCepat,kapal_laut,2.32,1.1209,290130,431.7,712442,2.4556,186.09,1.1,62.85,447770,1,0,0,0
SHP-01317,2026-01-08,Solo,Pekanbaru,Anteraja,kapal_laut,4.23,2.1988,770188,1636.7,7618334,9.8915,386.93,0.0,0.4502380069739903,34301,0,1,0,1
SHP-01318,2025-12-20,Makassar,Yogyakarta,JX Express,pesawat,3.53,1.7491,335447,1970.7,5024834,14.9795,558.28,1.7,73.85,3710840,1,0,1,1
SHP-01319,2026-01-30,Balikpapan,Solo,JNE,truk,5.22,1.8689,688143,507.7,2071163,3.0098,97.26,0.6,67.29,1393686,1,0,1,1
SHP-01320,2026-02-24,Kupang,Blitar,JNE,pesawat,3.2,1.3612,351124,2056.7,9087078,25.88,642.72,1.8,73.77,6703537,1,0,1,1
SHP-01321,2026-02-11,Solo,Ambon,Wahana,motor,1.42,0.8049,201466,2285.9,9561834,47.4613,1609.8,0.0,1.0192331751618589,97457,0,1,0,1
SHP-01322,2026-01-24,Palembang,Kupang,J&T Express,pesawat,9.87,5.8138,1633527,1428.7,2648982,1.6216,144.76,0.0,1.2391607997586367,32825,0,0,0,0
SHP-01323,2026-03-17,Bekasi,Samarinda,J&T Express,truk,6.73,2.4251,686759,698.3,2689435,3.9161,103.76,0.0,4.8540822872447125,130547,0,1,0,1
SHP-01324,2026-06-03,Kupang,Solo,Wahana,truk,3.13,1.8197,461204,1312.1,6218317,13.4828,419.21,0.0,0.47485961208651284,29528,0,0,1,1
SHP-01325,2026-02-17,Palembang,Samarinda,Ninja Xpress,kapal_laut,3.13,1.5533,358849,1193.9,2906096,8.0984,381.43,0.0,2.0487577884189365,59539,0,0,0,0
SHP-01326,2026-05-07,Pontianak,Lampung,J&T Express,pesawat,6.9,3.8362,883922,678.3,1913681,2.165,98.3,3.4,80.91,1548359,1,0,0,0
SHP-01327,2026-02-05,Lampung,Medan,JX Express,pesawat,9.31,4.2841,1325741,766.2,2420459,1.8257,82.3,1.8,72.85,1763304,1,0,0,0
SHP-01328,2026-04-07,Padang,Kupang,SiCepat,pesawat,1.91,0.9576,167044,910.9,1909078,11.4286,476.93,5.9,71.86,1371863,1,0,0,0
SHP-01329,2026-02-07,Jambi,Banjarmasin,SiCepat,motor,1.28,0.6045,98326,206.2,631598,6.4235,161.06,0.0,3.4300082802666596,21664,0,0,0,0
SHP-01330,2026-02-17,Tangerang,Manado,Ninja Xpress,pesawat,2.7,1.2223,434342,2194.0,6102195,14.0493,812.58,0.0,1.4448762997573499,88169,0,1,0,1
SHP-01331,2026-05-03,Pontianak,Jambi,Ninja Xpress,kapal_laut,2.34,1.2695,190059,1442.2,3702843,19.4826,616.35,1.1,81.62,3022260,1,0,0,0
SHP-01332,2026-01-11,Bengkulu,Jambi,JX Express,truk,2.42,1.3327,288011,423.3,1023186,3.5526,174.9,0.0,1.4493899253337434,14830,0,0,0,0
SHP-01333,2026-06-04,Kupang,Bandung,JNE,kapal_laut,0.73,0.2975,53081,1612.6,6206855,116.9318,2208.99,0.0,4.374670150344274,271529,0,0,1,1
SHP-01334,2026-02-20,Depok,Banjarmasin,Anteraja,kapal_laut,4.78,1.8096,866791,1606.7,5687568,6.5616,336.12,0.0,0.07284444381957189,4143,0,1,0,1
SHP-01335,2026-03-07,Ternate,Bogor,JNE,truk,2.31,1.1634,248192,2057.1,6973037,28.0953,890.52,7.3,77.73,5420142,1,0,1,1
SHP-01336,2026-01-30,Bekasi,Semarang,Anteraja,kapal_laut,15.65,6.0762,1274761,620.9,1064172,0.8348,39.67,0.0,3.268138472673116,34779,0,1,1,0
SHP-01337,2026-03-06,Banjarmasin,Solo,JX Express,truk,1.85,0.9368,133018,1091.3,5319022,39.9872,589.87,2.8,77.96,4146710,1,0,1,1
SHP-01338,2026-03-18,Banjarmasin,Tangerang,Ninja Xpress,motor,7.03,3.8352,657365,577.2,1647675,2.5065,82.11,0.0,0.5841457591804589,9625,0,0,1,1
SHP-01339,2026-02-22,Pekanbaru,Palembang,Wahana,kapal_laut,2.16,0.7635,254484,1174.4,2540857,9.9843,543.7,3.0,77.6,1971705,1,0,0,0
SHP-01340,2026-01-29,Ternate,Jakarta,Anteraja,motor,2.26,1.2105,199845,1374.1,4021861,20.1249,608.03,0.0,4.088905797591814,164450,0,0,1,1
SHP-01341,2025-12-28,Blitar,Depok,JNE,motor,1.34,0.4897,147024,724.6,620519,4.2205,540.75,0.0,1.9719322445886505,12236,0,1,1,0
SHP-01342,2026-01-07,Solo,Surabaya,J&T Express,motor,0.88,0.3018,129729,369.2,395301,3.0471,419.54,0.0,3.6575320082299694,14458,0,1,1,0
SHP-01343,2026-03-23,Bogor,Manado,Ninja Xpress,pesawat,3.21,1.5258,360785,1192.6,5106510,14.1539,371.51,1.6,83.56,4267000,1,1,0,1
SHP-01344,2026-02-14,Banjarmasin,Bogor,J&T Express,motor,1.53,0.483,155575,1117.0,3051569,19.6148,730.08,0.0,1.5362815659211948,46881,0,0,1,1
SHP-01345,2026-03-15,Blitar,Samarinda,Ninja Xpress,kapal_laut,2.53,1.0917,339302,1964.5,5461966,16.0977,776.48,0.0,2.306220498646888,125965,0,1,0,1
SHP-01346,2026-05-28,Padang,Bekasi,Wahana,kapal_laut,0.59,0.2837,40862,1521.1,3917892,95.8811,2578.12,2.3,66.36,2599913,1,0,1,1
SHP-01347,2026-02-13,Lampung,Malang,TIKI,kapal_laut,2.78,1.2297,262849,2327.2,6215517,23.6467,837.13,0.0,2.3995951020458732,149147,0,0,1,1
SHP-01348,2026-02-03,Malang,Jakarta,Anteraja,motor,1.07,0.4216,105643,356.4,581623,5.5056,333.13,1.2,50.68,294767,1,1,1,0
SHP-01349,2026-01-15,Bandung,Semarang,J&T Express,pesawat,2.59,1.0043,364062,601.4,747375,2.0529,232.21,0.5,79.09,591099,1,1,1,0
SHP-01350,2026-01-15,Surabaya,Bekasi,TIKI,kapal_laut,4.36,2.0988,395455,645.4,685410,1.7332,148.03,0.0,0.2632914338108666,1805,0,1,1,0
SHP-01351,2026-05-04,Padang,Ternate,JNE,truk,1.28,0.5968,152135,1050.1,2066432,13.5829,820.36,0.0,3.5443512104593458,73242,0,0,0,0
SHP-01352,2025-12-25,Semarang,Lampung,J&T Express,motor,3.8,1.4677,445522,1972.2,7467905,16.7621,519.01,0.0,3.0962658953324915,231226,0,1,0,1
SHP-01353,2026-05-17,Pekanbaru,Balikpapan,Wahana,pesawat,2.59,1.4583,439972,725.7,2119158,4.8166,280.21,2.2,80.45,1704863,1,0,0,0
SHP-01354,2026-03-30,Ambon,Padang,JNE,kapal_laut,1.56,0.7412,218047,1635.5,5219661,23.9382,1048.4,0.0,4.100008425774387,214007,0,0,0,0
SHP-01355,2026-04-23,Pontianak,Manado,TIKI,motor,6.43,3.7157,867142,1665.4,3373169,3.89,259.01,0.3,72.44,2443524,1,0,0,0
SHP-01356,2026-01-09,Palembang,Banjarmasin,SiCepat,motor,1.97,0.6085,208550,895.1,2302788,11.0419,454.35,0.0,2.8906112628341347,66565,0,0,0,0
SHP-01357,2026-01-04,Banjarmasin,Ambon,J&T Express,pesawat,5.99,1.8174,941010,1187.5,3958975,4.2072,198.25,0.0,3.6006769378803165,142550,0,0,0,0
SHP-01358,2026-01-05,Mataram,Solo,J&T Express,motor,2.9,1.1446,330224,1345.9,4063747,12.306,464.11,0.0,1.868344101661081,75925,0,0,1,1
SHP-01359,2026-04-14,Ambon,Bengkulu,Ninja Xpress,truk,4.89,2.5658,720688,512.3,1458218,2.0234,104.76,4.1,71.13,1037230,1,0,0,0
SHP-01360,2025-12-20,Ternate,Padang,J&T Express,truk,1.22,0.5396,133040,759.3,1508498,11.3387,622.38,0.0,2.869838850910619,43291,0,0,0,0
SHP-01361,2026-02-07,Pontianak,Depok,J&T Express,truk,1.49,0.8401,169792,913.2,2441992,14.3823,612.86,3.6,75.44,1842239,1,0,1,1
SHP-01362,2026-01-26,Malang,Medan,JX Express,kapal_laut,4.47,2.145,441945,984.0,3981913,9.01,220.13,0.0,3.1331566473045718,124760,0,1,0,1
SHP-01363,2026-05-20,Depok,Mataram,JX Express,truk,2.8,1.3866,468209,978.8,3639595,7.7734,349.58,1.3,78.4,2853442,1,1,0,1
SHP-01364,2025-12-30,Medan,Bekasi,TIKI,motor,8.31,4.7642,759751,556.3,1611189,2.1207,66.95,0.0,4.983842326913376,80299,0,0,1,1
SHP-01365,2026-05-19,Medan,Palembang,JNE,pesawat,5.49,2.5055,498415,309.9,901685,1.8091,56.45,0.0,0.17480961580952026,1576,0,0,0,0
SHP-01366,2026-06-05,Pekanbaru,Lampung,Wahana,pesawat,3.57,1.6444,613265,855.4,1737392,2.833,239.59,0.0,4.816672806607176,83684,0,0,0,0
SHP-01367,2026-04-09,Malang,Bengkulu,JNE,kapal_laut,2.96,1.1225,278580,768.6,3568833,12.8108,259.68,0.0,1.3164856148421766,46983,0,1,0,1
SHP-01368,2025-12-28,Bengkulu,Tangerang,Wahana,truk,3.22,1.5379,548372,1650.7,6500135,11.8535,512.64,2.1,73.6,4784099,1,0,1,1
SHP-01369,2026-04-15,Mataram,Pekanbaru,JNE,kapal_laut,1.45,0.8083,212416,1424.4,4618441,21.7424,982.36,0.0,1.753024984593906,80962,0,0,0,0
SHP-01370,2026-05-18,Ambon,Samarinda,Ninja Xpress,motor,1.44,0.6279,145929,1748.5,5441599,37.2894,1214.26,0.0,4.925596532218834,268031,0,0,0,0
SHP-01371,2026-04-21,Samarinda,Medan,Anteraja,truk,4.43,2.5266,421297,951.8,2668738,6.3346,214.86,2.2,78.32,2090156,1,0,0,0
SHP-01372,2026-05-03,Medan,Bekasi,Wahana,motor,6.04,2.7409,715976,546.4,2110342,2.9475,90.46,0.0,1.7434040928075971,36792,0,0,1,1
SHP-01373,2025-12-20,Bandung,Tangerang,J&T Express,kapal_laut,4.88,1.5884,439085,387.7,362053,0.8246,79.44,1.0,57.41,207855,1,1,1,0
SHP-01374,2026-05-20,Banjarmasin,Lampung,Anteraja,truk,3.25,1.337,526954,1229.2,1990059,3.7765,378.21,0.0,3.0806281905459754,61306,0,0,0,0
SHP-01375,2026-04-23,Jambi,Yogyakarta,SiCepat,pesawat,3.27,1.5572,423394,1988.8,9859382,23.2865,608.2,0.0,2.871681280690202,283130,0,0,1,1
SHP-01376,2026-05-20,Solo,Bogor,J&T Express,motor,9.17,4.6037,641473,450.2,640087,0.9978,49.09,1.1,67.37,431227,1,1,1,0
SHP-01377,2026-04-15,Lampung,Medan,TIKI,truk,2.91,1.2216,300120,1694.8,3055543,10.1811,582.41,2.7,77.45,2366518,1,0,0,0
SHP-01378,2026-05-11,Medan,Kupang,JX Express,kapal_laut,1.5,0.6342,127275,742.3,1819921,14.2991,494.9,0.2,71.49,1301062,1,0,0,0
SHP-01379,2026-01-21,Depok,Ternate,JNE,truk,4.44,1.9467,483342,1808.7,5297968,10.9611,407.36,0.7,76.42,4048707,1,1,0,1
SHP-01380,2026-05-17,Bandung,Balikpapan,Wahana,truk,4.12,1.4654,402194,1132.4,5441450,13.5294,274.86,0.0,3.7174075621184954,202281,0,1,0,1
SHP-01381,2026-05-12,Banjarmasin,Semarang,SiCepat,truk,2.92,1.101,207712,2456.7,11209206,53.9651,841.35,0.0,1.4656788057397507,164291,0,0,1,1
SHP-01382,2026-03-28,Solo,Bogor,SiCepat,truk,2.44,1.1622,254553,599.4,1040915,4.0892,245.67,0.0,2.91670520870377,30360,0,1,1,0
SHP-01383,2025-12-30,Balikpapan,Ambon,Wahana,motor,5.64,1.7302,683303,1200.8,2559674,3.746,212.91,0.4,75.09,1922059,1,0,0,0
SHP-01384,2026-01-28,Makassar,Pekanbaru,Anteraja,truk,2.09,1.0609,230062,811.6,1430752,6.219,388.34,3.3,74.2,1061618,1,0,0,0
SHP-01385,2026-02-25,Padang,Ambon,J&T Express,kapal_laut,5.95,2.5072,689631,1170.6,3010561,4.3655,196.75,0.0,2.3948474808038247,72098,0,0,0,0
SHP-01386,2025-12-28,Ternate,Kupang,JX Express,kapal_laut,1.87,0.594,153176,699.1,1410607,9.2091,373.87,0.0,1.1536063789696245,16273,0,0,0,0
SHP-01387,2026-04-24,Manado,Surabaya,J&T Express,truk,2.93,1.3776,221867,600.7,2359686,10.6356,205.02,0.0,2.6454326113048925,62424,0,0,1,1
SHP-01388,2026-03-25,Medan,Pekanbaru,SiCepat,kapal_laut,2.2,0.9485,311431,1006.7,1746109,5.6067,457.58,0.0,2.638920337342412,46078,0,0,0,0
SHP-01389,2026-06-10,Tangerang,Palembang,SiCepat,kapal_laut,4.91,2.8559,314533,2305.3,5771900,18.3507,469.52,0.7,72.77,4200212,1,1,0,1
SHP-01390,2026-01-20,Manado,Pontianak,JX Express,kapal_laut,9.75,5.8326,1150749,1179.5,1777171,1.5444,120.97,0.0,3.8405897385681014,68254,0,0,0,0
SHP-01391,2026-02-18,Surabaya,Semarang,Anteraja,truk,5.3,1.7368,726535,164.2,169964,0.2339,30.98,0.0,1.0077076380632373,1713,0,1,1,0
SHP-01392,2026-02-12,Balikpapan,Ambon,Wahana,truk,2.33,1.2114,304417,1721.5,5828414,19.1462,738.85,0.0,2.7380658472052737,159586,0,0,0,0
SHP-01393,2026-03-25,Tangerang,Medan,TIKI,truk,3.15,1.1803,210881,2170.1,10595844,50.2456,688.91,0.3,78.45,8312440,1,1,0,1
SHP-01394,2026-05-28,Surabaya,Bengkulu,Ninja Xpress,pesawat,2.45,1.1564,263902,536.3,2193535,8.3119,218.92,0.0,3.323653527052637,72906,0,1,0,1
SHP-01395,2026-03-03,Bogor,Malang,Ninja Xpress,kapal_laut,2.03,0.8809,225371,497.9,539441,2.3936,245.28,0.0,1.366691211731366,7372,0,1,1,0
SHP-01396,2026-05-07,Palembang,Makassar,SiCepat,truk,1.19,0.4523,105621,422.8,1285446,12.1704,355.33,0.0,3.4435916508360065,44266,0,0,0,0
SHP-01397,2026-04-08,Yogyakarta,Jambi,TIKI,motor,4.59,2.7101,512487,781.5,2990865,5.836,170.26,0.0,0.3501389733284954,10472,0,1,0,1
SHP-01398,2026-01-22,Lampung,Depok,SiCepat,motor,3.57,1.4047,436068,2491.5,6337089,14.5323,697.9,0.5,73.12,4633679,1,0,1,1
SHP-01399,2026-05-16,Yogyakarta,Manado,Ninja Xpress,truk,3.52,2.0468,511393,2449.1,8240944,16.1147,695.77,3.3,82.67,6812788,1,1,0,1
SHP-01400,2026-05-01,Kupang,Bandung,JNE,motor,3.43,1.3012,272738,755.6,2346628,8.604,220.28,0.3,69.55,1632080,1,0,1,1
SHP-01401,2025-12-29,Malang,Kupang,SiCepat,motor,2.72,1.5959,414993,2447.1,7699510,18.5533,899.67,0.1,81.12,6245843,1,1,0,1
SHP-01402,2026-01-05,Solo,Kupang,SiCepat,motor,2.7,1.3236,369044,714.1,1942667,5.2641,264.5,1.4,79.52,1544809,1,1,0,1
SHP-01403,2025-12-23,Malang,Balikpapan,Anteraja,motor,4.85,1.9638,535610,2498.3,9585893,17.8972,515.12,1.1,72.02,6903760,1,1,0,1
SHP-01404,2026-01-06,Yogyakarta,Ambon,Wahana,kapal_laut,3.2,1.6354,312156,1897.6,6642428,21.2792,592.99,0.4,80.84,5369739,1,1,0,1
SHP-01405,2026-03-01,Kupang,Makassar,JX Express,motor,3.22,1.7292,317350,328.8,598239,1.8851,102.12,0.7,51.01,305162,1,0,0,0
SHP-01406,2026-05-17,Semarang,Ternate,Anteraja,motor,1.71,0.6525,118522,1952.1,9168628,77.358,1141.59,0.0,2.7384187710419434,251075,0,1,0,1
SHP-01407,2026-01-01,Yogyakarta,Surabaya,Ninja Xpress,motor,7.34,3.8562,573311,639.2,522383,0.9112,87.09,3.5,81.71,426839,1,1,1,0
SHP-01408,2026-03-28,Ambon,Surabaya,J&T Express,truk,4.72,2.5121,417659,793.5,2477868,5.9328,168.12,0.0,2.14517247801653,53155,0,0,1,1
SHP-01409,2026-05-20,Blitar,Depok,Anteraja,kapal_laut,4.89,1.8737,680220,794.8,957860,1.4082,162.54,0.0,0.09143271846013823,876,0,1,1,0
SHP-01410,2026-01-09,Ambon,Semarang,JNE,kapal_laut,2.54,1.3333,247390,994.3,2558522,10.3421,391.44,0.0,0.25478852208537406,6519,0,0,1,1
SHP-01411,2026-04-24,Balikpapan,Pontianak,JX Express,truk,4.65,1.5935,655686,1008.4,1619196,2.4695,216.86,0.5,79.6,1288880,1,0,0,0
SHP-01412,2026-05-19,Semarang,Pekanbaru,Wahana,truk,4.59,2.41,399935,2145.3,9449532,23.6277,467.38,0.0,0.22793590205439473,21539,0,1,0,1
SHP-01413,2026-01-31,Kupang,Jambi,JX Express,kapal_laut,4.91,2.5796,412108,357.6,999959,2.4264,72.84,0.0,3.1806627089775845,31805,0,0,0,0
SHP-01414,2026-01-30,Depok,Mataram,Ninja Xpress,truk,3.46,2.0326,324332,831.3,2326343,7.1727,240.26,0.0,0.8323389127147085,19363,0,1,0,1
SHP-01415,2026-02-03,Bengkulu,Mataram,Wahana,truk,2.63,1.2614,184554,379.1,883734,4.7885,144.15,0.0,2.7626240510590154,24414,0,0,0,0
SHP-01416,2026-02-10,Semarang,Samarinda,Wahana,kapal_laut,1.86,0.8904,267375,1268.4,4696617,17.5657,681.93,0.0,2.677369162364508,125746,0,1,0,1
SHP-01417,2026-03-13,Depok,Ambon,TIKI,truk,2.73,1.526,274862,2096.5,8108517,29.5003,767.96,0.0,3.5815901513785486,290414,0,1,0,1
SHP-01418,2026-06-05,Ternate,Bogor,Wahana,truk,3.84,2.0718,421033,2428.0,7055025,16.7565,632.3,0.0,1.9535153577134086,137821,0,0,1,1
SHP-01419,2026-04-13,Ternate,Medan,JX Express,pesawat,4.86,2.4296,466983,1291.6,2858295,6.1208,265.76,0.0,3.450467702686569,98625,0,0,0,0
SHP-01420,2025-12-30,Padang,Mataram,Ninja Xpress,kapal_laut,1.54,0.5998,103253,968.5,1471508,14.2515,628.93,0.1,79.99,1177059,1,0,0,0
SHP-01421,2026-05-29,Pontianak,Samarinda,Anteraja,kapal_laut,2.26,1.1852,203150,555.4,985246,4.8498,245.76,0.0,1.4641746693622026,14426,0,0,0,0
SHP-01422,2026-01-25,Blitar,Jakarta,JNE,pesawat,5.17,2.8136,442117,160.5,187536,0.4242,31.05,1.9,37.01,69407,1,1,1,0
SHP-01423,2026-04-05,Medan,Lampung,Anteraja,motor,4.01,2.0063,710358,572.3,1487861,2.0945,142.71,1.2,77.95,1159788,1,0,0,0
SHP-01424,2026-05-17,Banjarmasin,Palembang,Anteraja,kapal_laut,2.84,1.3506,397428,712.1,1419600,3.572,250.74,4.1,80.14,1137667,1,0,0,0
SHP-01425,2026-01-02,Yogyakarta,Manado,J&T Express,motor,5.61,1.8487,499281,1625.6,6123091,12.2638,289.76,0.9,74.76,4577623,1,1,0,1
SHP-01426,2026-02-16,Bandung,Samarinda,Wahana,kapal_laut,1.9,0.6575,246651,1976.3,9835881,39.8777,1040.15,0.0,2.1142575060264805,207956,0,1,0,1
SHP-01427,2026-04-17,Makassar,Yogyakarta,JNE,pesawat,2.87,1.2915,236560,1027.1,4242995,17.9362,357.89,0.0,3.206086708331051,136034,0,0,1,1
SHP-01428,2026-02-17,Banjarmasin,Bengkulu,JNE,kapal_laut,1.63,0.9676,222528,1621.9,3394591,15.2547,995.01,1.1,74.22,2519465,1,0,0,0
SHP-01429,2026-03-30,Bengkulu,Solo,JX Express,truk,1.97,0.7444,290305,1305.7,3745595,12.9023,662.77,0.0,2.775002662695736,103940,0,0,1,1
SHP-01430,2026-03-04,Bandung,Makassar,JX Express,motor,3.86,1.3976,324379,2169.7,6544414,20.1752,562.09,3.9,79.28,5188411,1,1,0,1
SHP-01431,2026-04-08,Banjarmasin,Palembang,SiCepat,pesawat,3.44,1.5779,539570,1171.8,2710250,5.023,340.64,0.0,0.15104773630690183,4094,0,0,0,0
SHP-01432,2026-05-08,Pontianak,Medan,TIKI,kapal_laut,1.51,0.6208,102498,1461.1,4200179,40.9782,967.64,0.0,3.0199206162990198,126842,0,0,0,0
SHP-01433,2026-02-19,Banjarmasin,Malang,JX Express,truk,6.04,3.359,567857,517.7,1542463,2.7163,85.71,0.0,1.6083451513757514,24808,0,0,1,1
SHP-01434,2026-05-08,Bandung,Balikpapan,Wahana,motor,3.0,1.1292,247457,1908.9,4904136,19.8181,636.31,0.0,2.63484370930761,129216,0,1,0,1
SHP-01435,2026-02-09,Mataram,Solo,Wahana,kapal_laut,0.98,0.3456,121229,712.8,1915761,15.8028,727.38,0.0,1.8549586330074375,35537,0,0,1,1
SHP-01436,2026-01-24,Palembang,Pekanbaru,J&T Express,motor,1.85,0.9876,207116,795.1,1652176,7.9771,429.79,0.0,2.020741573614049,33386,0,0,0,0
SHP-01437,2026-04-07,Blitar,Bandung,Ninja Xpress,kapal_laut,4.7,1.6739,771085,796.2,1420336,1.842,169.4,0.0,0.06957084296849936,988,0,1,1,0
SHP-01438,2026-03-04,Solo,Bengkulu,JX Express,pesawat,2.98,1.2715,181017,1429.1,6742020,37.2452,479.57,0.7,79.58,5365300,1,1,0,1
SHP-01439,2026-05-05,Malang,Makassar,JNE,pesawat,2.29,0.8139,256867,2333.6,8032013,31.2692,1019.06,0.4,76.38,6134852,1,1,0,1
SHP-01440,2026-03-23,Padang,Tangerang,Wahana,motor,3.85,2.0284,291377,2262.0,9137058,31.3582,587.52,0.0,4.933203404770855,450750,0,0,1,1
SHP-01441,2026-06-02,Semarang,Lampung,TIKI,kapal_laut,0.83,0.4958,97392,674.0,3192814,32.7831,812.06,1.5,66.01,2107577,1,1,0,1
SHP-01442,2026-04-23,Bekasi,Samarinda,JX Express,truk,1.52,0.6474,147061,843.3,3927654,26.7077,554.8,0.0,1.5186119957230133,59646,0,1,0,1
SHP-01443,2026-06-03,Padang,Banjarmasin,Anteraja,pesawat,3.04,1.1868,280097,1789.9,5382506,19.2166,588.8,0.0,0.10850199198894794,5840,0,0,0,0
SHP-01444,2026-01-19,Manado,Jakarta,J&T Express,kapal_laut,3.37,1.7911,563029,2389.0,11240909,19.9651,708.9,0.1,73.59,8272185,1,0,1,1
SHP-01445,2026-03-22,Bandung,Padang,TIKI,kapal_laut,5.63,2.014,374282,835.5,2835676,7.5763,148.41,5.0,78.68,2231110,1,1,0,1
SHP-01446,2026-01-24,Bogor,Mataram,JNE,truk,4.7,2.8049,552744,1865.9,4820509,8.7211,397.0,0.0,2.904476318668337,140011,0,1,0,1
SHP-01447,2026-01-28,Ternate,Manado,Anteraja,kapal_laut,5.05,1.8871,625425,594.1,1983147,3.1709,117.64,0.0,0.6613134967998585,13115,0,0,0,0
SHP-01448,2026-01-12,Jakarta,Bogor,TIKI,truk,2.17,0.7563,252930,300.0,419540,1.6587,138.25,0.0,4.372828886349817,18346,0,1,1,0
SHP-01449,2026-05-22,Pekanbaru,Yogyakarta,JNE,truk,2.69,1.178,282479,631.1,1601323,5.6688,234.62,4.5,71.25,1140943,1,0,1,1
SHP-01450,2026-02-26,Padang,Malang,Wahana,pesawat,5.57,2.6501,499482,1906.0,5240851,10.4926,342.19,3.8,72.28,3788087,1,0,1,1
SHP-01451,2026-06-13,Mataram,Tangerang,Wahana,pesawat,3.74,1.5518,419343,550.8,2231896,5.3224,147.28,5.0,71.31,1591565,1,0,1,1
SHP-01452,2026-05-10,Padang,Solo,Anteraja,pesawat,5.09,1.8187,485720,1882.2,8752356,18.0193,369.78,1.1,73.71,6451362,1,0,1,1
SHP-01453,2026-05-06,Semarang,Padang,J&T Express,pesawat,3.1,1.7831,272789,1432.3,7067652,25.9089,462.02,4.1,79.6,5625851,1,1,0,1
SHP-01454,2026-06-04,Surabaya,Pontianak,TIKI,pesawat,4.51,2.3007,406715,860.7,4147699,10.198,190.83,4.4,74.56,3092524,1,1,0,1
SHP-01455,2026-04-01,Palembang,Banjarmasin,JX Express,kapal_laut,5.72,3.4083,476841,1596.2,5403857,11.3326,279.05,1.9,75.14,4060458,1,0,0,0
SHP-01456,2026-02-12,Palembang,Tangerang,JNE,pesawat,5.78,2.357,550908,1977.6,5793462,10.5162,342.15,0.0,3.4973536967204177,202618,0,0,1,1
SHP-01457,2026-03-25,Yogyakarta,Medan,SiCepat,truk,4.2,1.8676,618215,1224.8,5891341,9.5296,291.63,0.0,3.188239778388139,187830,0,1,0,1
SHP-01458,2026-03-03,Balikpapan,Bogor,J&T Express,motor,2.0,0.7101,241033,1566.6,5297617,21.9788,783.28,0.0,4.6691310642521655,247353,0,0,1,1
SHP-01459,2026-05-23,Solo,Samarinda,Anteraja,motor,1.69,0.8056,133353,525.4,2431510,18.2336,310.9,0.5,74.65,1815122,1,1,0,1
SHP-01460,2026-03-19,Bekasi,Padang,SiCepat,truk,6.36,3.158,820511,1386.8,3932801,4.7931,218.05,0.9,80.67,3172591,1,1,0,1
SHP-01461,2026-01-07,Ambon,Bandung,Ninja Xpress,motor,7.99,2.442,572647,1974.6,5353281,9.3483,247.14,1.4,75.41,4036909,1,0,1,1
SHP-01462,2026-03-24,Solo,Yogyakarta,SiCepat,pesawat,5.44,3.0228,666147,66.0,87640,0.1316,12.12,0.0,3.2953791706737823,2888,0,1,1,0
SHP-01463,2026-02-26,Medan,Tangerang,JX Express,truk,2.6,1.1901,267626,1644.9,5050906,18.873,632.65,0.9,70.73,3572506,1,0,1,1
SHP-01464,2026-04-24,Bengkulu,Yogyakarta,TIKI,truk,1.77,0.5376,275799,1066.2,2913879,10.5652,602.39,0.0,0.6860844768096219,19992,0,0,1,1
SHP-01465,2026-02-27,Lampung,Semarang,JX Express,pesawat,0.85,0.2847,109840,1427.8,5920171,53.8981,1679.82,0.0,1.8100612415600115,107159,0,0,1,1
SHP-01466,2026-03-23,Kupang,Samarinda,JNE,motor,4.78,1.7939,515844,272.0,558939,1.0835,56.9,0.0,0.3473071930327065,1941,0,0,0,0
SHP-01467,2026-04-07,Mataram,Depok,J&T Express,motor,7.66,3.5955,788763,582.4,1701489,2.1572,76.03,0.0,2.2264816354085673,37883,0,0,1,1
SHP-01468,2026-06-12,Samarinda,Tangerang,J&T Express,motor,1.88,0.8056,159081,2147.8,8444189,53.0811,1142.46,0.0,3.8042774795529706,321240,0,0,1,1
SHP-01469,2026-05-29,Solo,Bogor,Anteraja,pesawat,4.5,2.3774,511684,260.7,330410,0.6457,57.92,1.7,51.09,168806,1,1,1,0
SHP-01470,2026-06-06,Jambi,Jakarta,JNE,pesawat,3.62,1.8917,269841,1952.2,6024842,22.3274,539.29,0.0,3.0170294275881138,181771,0,0,1,1
SHP-01471,2026-02-01,Padang,Samarinda,TIKI,motor,3.14,1.3446,384314,1216.1,3616912,9.4113,387.31,1.8,79.17,2863509,1,0,0,0
SHP-01472,2025-12-23,Tangerang,Malang,Wahana,truk,2.53,1.1706,308058,692.1,1161677,3.771,273.56,1.6,75.67,879041,1,1,1,0
SHP-01473,2026-06-06,Kupang,Medan,TIKI,motor,4.0,2.3576,371146,1611.6,2698279,7.2701,402.91,2.2,75.79,2045026,1,0,0,0
SHP-01474,2026-06-06,Bandung,Yogyakarta,Wahana,motor,3.08,1.5685,464795,338.8,369304,0.7946,110.0,1.6,59.83,220955,1,1,1,0
SHP-01475,2026-03-03,Depok,Kupang,JNE,kapal_laut,4.39,2.5219,451797,554.1,2054389,4.5472,126.22,0.0,1.0549516984169616,21673,0,1,0,1
SHP-01476,2026-02-19,Banjarmasin,Lampung,J&T Express,kapal_laut,2.01,0.8504,350915,1227.8,3747486,10.6792,610.84,0.0,3.8554867920242524,144484,0,0,0,0
SHP-01477,2026-05-02,Pontianak,Jambi,JX Express,pesawat,0.9,0.4526,89491,953.2,1821015,20.3486,1059.07,0.0,1.5233996391198523,27741,0,0,0,0
SHP-01478,2026-01-22,Lampung,Pontianak,Wahana,motor,7.01,3.8867,1054892,1113.6,1979983,1.877,158.86,1.8,73.62,1457663,1,0,0,0
SHP-01479,2026-06-11,Palembang,Samarinda,J&T Express,motor,4.21,1.7772,478322,1420.1,3272437,6.8415,337.31,8.0,77.76,2544647,1,0,0,0
SHP-01480,2026-04-16,Banjarmasin,Malang,SiCepat,truk,4.52,2.0835,318173,807.8,3438210,10.8061,178.72,0.0,3.8473219500509472,132279,0,0,1,1
SHP-01481,2025-12-21,Makassar,Surabaya,Wahana,truk,3.65,1.4322,338630,1083.9,2791535,8.2436,296.95,0.0,2.9567920243577,82540,0,0,1,1
SHP-01482,2026-06-08,Bengkulu,Blitar,J&T Express,kapal_laut,5.89,3.5156,511759,1064.6,4724191,9.2313,180.74,0.0,2.092733958722694,98865,0,0,1,1
SHP-01483,2026-02-03,Medan,Pekanbaru,SiCepat,truk,5.84,2.5215,400189,1171.6,2137974,5.3424,200.62,0.0,1.1600012913871993,24801,0,0,0,0
SHP-01484,2026-06-13,Balikpapan,Samarinda,Anteraja,kapal_laut,8.66,4.6317,1328459,320.6,945421,0.7117,37.02,1.9,57.91,547493,1,0,0,0
SHP-01485,2026-01-17,Medan,Jambi,JX Express,pesawat,5.05,2.0358,662379,1409.0,4657859,7.032,279.0,1.4,78.15,3640117,1,0,0,0
SHP-01486,2026-02-20,Balikpapan,Bengkulu,SiCepat,truk,2.41,1.0475,197730,1699.1,5869681,29.6853,705.01,0.0,1.4917190388788015,87559,0,0,0,0
SHP-01487,2026-01-25,Kupang,Bandung,TIKI,truk,3.09,1.4068,563593,631.2,1829371,3.2459,204.27,0.5,79.07,1446484,1,0,1,1
SHP-01488,2026-01-21,Solo,Jambi,Anteraja,pesawat,5.06,2.9548,454502,794.6,2994970,6.5896,157.04,0.0,1.6943953168172188,50747,0,1,0,1
SHP-01489,2026-02-14,Solo,Jambi,Wahana,pesawat,1.45,0.4359,234598,1938.5,9132874,38.9299,1336.87,0.0,0.5508934397805665,50312,0,1,0,1
SHP-01490,2026-04-08,Medan,Yogyakarta,JNE,truk,3.65,1.3579,236871,2014.8,5919693,24.9912,552.01,0.0,0.9730916720821642,57604,0,0,1,1
SHP-01491,2025-12-27,Tangerang,Malang,Ninja Xpress,motor,3.54,1.3308,588035,706.3,1200675,2.0418,199.52,0.0,3.731893349261399,44808,0,1,1,0
SHP-01492,2026-04-29,Bengkulu,Yogyakarta,Anteraja,kapal_laut,3.89,1.6429,238462,2352.1,11506456,48.2528,604.64,0.0,1.2432200837491054,143051,0,0,1,1
SHP-01493,2026-03-16,Manado,Tangerang,Wahana,motor,3.96,1.3446,444553,1136.5,5240531,11.7883,286.99,0.0,1.5416934356849132,80793,0,0,1,1
SHP-01494,2025-12-17,Bogor,Blitar,JX Express,pesawat,3.0,1.3795,305843,756.2,1118960,3.6586,252.07,0.0,4.368519797925197,48882,0,1,1,0
SHP-01495,2026-05-13,Tangerang,Ambon,SiCepat,truk,1.75,0.7622,203199,1052.9,4507161,22.181,601.65,0.0,4.995313666670975,225147,0,1,0,1
SHP-01496,2026-02-10,Blitar,Palembang,JNE,motor,2.49,1.3263,347913,1670.6,4716761,13.5573,670.93,0.0,2.8347380763514565,133708,0,1,0,1
SHP-01497,2026-01-20,Mataram,Kupang,SiCepat,kapal_laut,1.52,0.5401,232430,406.1,920892,3.962,267.17,0.0,4.832491928849551,44502,0,0,0,0
SHP-01498,2026-01-25,Padang,Palembang,SiCepat,kapal_laut,5.74,3.4186,1045874,1251.7,2263851,2.1646,218.06,0.0,3.016012377706376,68278,0,0,0,0
SHP-01499,2026-04-12,Blitar,Malang,Ninja Xpress,motor,5.61,2.5494,706243,190.5,326913,0.4629,33.95,0.0,1.5055393845371174,4922,0,1,1,0
SHP-01500,2026-01-12,Tangerang,Pontianak,SiCepat,truk,3.59,1.3478,373207,1154.7,4627979,12.4006,321.65,0.0,4.880241258607649,225857,0,1,0,1
SHP-01501,2026-03-28,Surabaya,Yogyakarta,SiCepat,motor,1.59,0.7882,196420,349.2,572669,2.9155,219.61,0.0,4.719475286727352,27027,0,1,1,0
SHP-01502,2026-05-12,Balikpapan,Jambi,TIKI,truk,3.26,1.0936,364836,993.1,1792213,4.9124,304.64,0.0,2.717820237207312,48709,0,0,0,0
SHP-01503,2026-05-31,Bandung,Padang,JX Express,pesawat,5.23,1.8197,892460,770.9,3678163,4.1214,147.39,10.5,76.18,2802025,1,1,0,1
SHP-01504,2026-01-26,Pontianak,Solo,TIKI,pesawat,0.83,0.2745,125473,1740.9,4896677,39.0257,2097.45,0.0,4.700825362532027,230184,0,0,1,1
SHP-01505,2026-01-19,Ambon,Bandung,Ninja Xpress,motor,4.01,1.3055,428674,2370.5,8584534,20.0258,591.14,0.3,78.83,6767188,1,0,1,1
SHP-01506,2026-02-07,Depok,Banjarmasin,SiCepat,pesawat,2.97,1.0366,211525,888.3,3687678,17.4338,299.11,1.6,72.28,2665454,1,1,0,1
SHP-01507,2026-01-16,Banjarmasin,Malang,SiCepat,truk,2.64,0.8412,333246,2023.6,5966246,17.9034,766.51,3.6,80.69,4814164,1,0,1,1
SHP-01508,2026-01-10,Pekanbaru,Balikpapan,J&T Express,kapal_laut,3.06,1.3399,325169,1496.6,4794409,14.7444,489.08,5.6,73.87,3541630,1,0,0,0
SHP-01509,2025-12-19,Jakarta,Samarinda,Anteraja,motor,2.64,1.5513,223892,951.0,4722700,21.0937,360.22,0.0,4.424274936509812,208945,0,1,0,1
SHP-01510,2025-12-28,Ambon,Banjarmasin,JX Express,pesawat,1.3,0.4033,194079,1450.0,3211107,16.5454,1115.38,0.0,1.1944613963743151,38355,0,0,0,0
SHP-01511,2026-05-21,Solo,Mataram,Ninja Xpress,truk,2.04,1.2066,200227,1616.7,5472563,27.3318,792.49,1.3,81.09,4437701,1,1,0,1
SHP-01512,2026-06-14,Depok,Kupang,Wahana,pesawat,0.92,0.3843,103116,733.9,2565824,24.8829,797.77,0.0,4.106290805071401,105360,0,1,0,1
SHP-01513,2026-05-07,Bandung,Bekasi,JNE,kapal_laut,4.16,1.6371,632408,795.8,834559,1.3197,191.31,0.0,3.5592163557533807,29704,0,1,1,0
SHP-01514,2025-12-21,Solo,Surabaya,JNE,kapal_laut,3.49,1.2149,579421,228.9,268225,0.4629,65.59,0.0,2.7734146415941483,7439,0,1,1,0
SHP-01515,2026-04-23,Tangerang,Jambi,JNE,motor,3.11,1.2985,316674,681.1,3237365,10.223,219.0,1.7,74.4,2408600,1,1,0,1
SHP-01516,2026-02-11,Balikpapan,Blitar,Ninja Xpress,motor,0.76,0.3427,64263,2037.2,7293346,113.4921,2680.58,3.8,71.59,5221306,1,0,1,1
SHP-01517,2026-05-08,Bandung,Pekanbaru,SiCepat,truk,3.91,1.8074,569713,2271.5,7280841,12.7798,580.93,0.3,79.13,5761329,1,1,0,1
SHP-01518,2025-12-29,Ternate,Medan,JX Express,truk,1.22,0.5686,131785,1480.5,2934354,22.2662,1213.56,0.0,0.5571919155865757,16350,0,0,0,0
SHP-01519,2026-03-13,Medan,Bandung,Anteraja,motor,7.67,2.6667,520799,2310.0,9691011,18.608,301.17,0.0,4.759864817285419,461279,0,0,1,1
SHP-01520,2026-05-27,Lampung,Tangerang,Anteraja,motor,1.13,0.6413,189558,2290.8,6184749,32.6272,2027.26,0.0,1.4463772770166954,89455,0,0,1,1
SHP-01521,2026-06-14,Ambon,Pekanbaru,Ninja Xpress,kapal_laut,3.44,1.85,608797,411.6,952885,1.5652,119.66,3.6,66.81,636622,1,0,0,0
SHP-01522,2026-06-02,Bogor,Blitar,JNE,kapal_laut,3.96,1.8231,297058,659.7,1126277,3.7914,166.59,7.1,73.61,829052,1,1,1,0
SHP-01523,2026-02-25,Depok,Ambon,JNE,motor,1.91,0.7098,243255,758.5,2903093,11.9344,397.14,0.0,3.234896757948673,93912,0,1,0,1
SHP-01524,2026-03-13,Tangerang,Ambon,JNE,truk,2.6,0.9846,194156,2385.5,10478234,53.9681,917.51,0.0,3.4805690347200557,364702,0,1,0,1
SHP-01525,2026-04-10,Blitar,Mataram,J&T Express,kapal_laut,3.94,1.2328,541100,2334.5,11366047,21.0054,592.5,0.0,3.30793109989467,375981,0,1,0,1
SHP-01526,2026-01-25,Ternate,Tangerang,SiCepat,truk,1.44,0.8479,125082,1158.8,4385294,35.0594,804.69,0.0,2.805299018352315,123021,0,0,1,1
SHP-01527,2026-05-14,Pekanbaru,Medan,Ninja Xpress,pesawat,3.13,1.7268,280570,1768.6,3207818,11.4332,565.04,4.7,77.2,2476435,1,0,0,0
SHP-01528,2026-03-31,Banjarmasin,Pekanbaru,Wahana,truk,2.18,0.6619,304628,1497.4,4762724,15.6346,686.87,1.7,75.48,3594904,1,0,0,0
SHP-01529,2026-05-28,Makassar,Mataram,SiCepat,motor,6.02,2.0427,817481,785.6,1752050,2.1432,130.49,9.3,79.13,1386397,1,0,0,0
SHP-01530,2026-03-23,Makassar,Blitar,J&T Express,motor,2.99,1.2767,300580,623.7,1760247,5.8562,208.59,0.2,73.45,1292901,1,0,1,1
SHP-01531,2026-05-25,Bekasi,Makassar,Anteraja,truk,4.37,1.4383,667620,2475.0,9080495,13.6013,566.37,3.8,72.23,6558842,1,1,0,1
SHP-01532,2025-12-25,Samarinda,Jambi,JX Express,motor,5.47,1.9935,694336,1086.0,2052060,2.9554,198.53,2.8,72.42,1486102,1,0,0,0
SHP-01533,2026-04-08,Manado,Makassar,JX Express,truk,2.35,1.2493,450667,1310.5,4187230,9.2912,557.66,0.0,0.4435109176509411,18571,0,0,0,0
SHP-01534,2026-02-12,Blitar,Mataram,JNE,truk,3.24,1.5586,301957,879.3,3995089,13.2307,271.39,0.0,3.018521953322103,120593,0,1,0,1
SHP-01535,2026-02-17,Malang,Ternate,SiCepat,kapal_laut,4.87,1.8834,492376,2343.1,7744945,15.7297,481.13,0.0,4.077385753198827,315791,0,1,0,1
SHP-01536,2026-04-14,Medan,Pekanbaru,SiCepat,pesawat,1.56,0.5788,180370,1353.5,4378442,24.2748,867.62,0.0,0.23367047818976194,10231,0,0,0,0
SHP-01537,2026-01-31,Bengkulu,Solo,JNE,truk,0.93,0.3426,127608,1086.7,3293746,25.8114,1168.46,3.2,67.48,2222620,1,0,1,1
SHP-01538,2026-02-23,Yogyakarta,Kupang,JNE,motor,2.32,0.7545,359230,753.7,2617146,7.2854,324.86,0.0,2.2128278510126265,57913,0,1,0,1
SHP-01539,2026-02-24,Padang,Lampung,J&T Express,kapal_laut,3.21,0.9914,391088,655.0,1304478,3.3355,204.04,0.0,0.9215252762085502,12021,0,0,0,0
SHP-01540,2026-02-12,Jambi,Balikpapan,SiCepat,kapal_laut,2.96,1.0819,409192,1361.6,3948105,9.6485,459.99,1.5,81.67,3224417,1,0,0,0
SHP-01541,2026-04-02,Jakarta,Ternate,Wahana,truk,1.87,0.6945,228865,1126.4,4572851,19.9806,602.34,0.0,0.6763602282916936,30929,0,1,0,1
SHP-01542,2026-02-05,Surabaya,Balikpapan,JNE,motor,4.6,1.454,566513,1850.8,8645721,15.2613,402.35,0.0,3.79305382694393,327937,0,1,0,1
SHP-01543,2026-02-04,Solo,Palembang,Wahana,motor,1.26,0.3789,218642,527.6,1371739,6.2739,418.72,0.0,0.9545513542313222,13094,0,1,0,1
SHP-01544,2026-01-19,Bengkulu,Bogor,JX Express,pesawat,2.0,0.789,239790,709.0,3412491,14.2312,354.49,0.0,3.4949140910087024,119264,0,0,1,1
SHP-01545,2026-05-09,Bengkulu,Banjarmasin,Anteraja,truk,3.02,1.5765,510361,222.7,459757,0.9008,73.75,0.0,3.30919422982399,15214,0,0,0,0
SHP-01546,2026-01-29,Ambon,Palembang,JX Express,pesawat,2.14,0.7848,320909,362.3,616499,1.9211,169.29,0.0,2.9286191502172034,18055,0,0,0,0
SHP-01547,2026-05-04,Ternate,Jambi,J&T Express,truk,2.34,1.3568,159374,1319.7,2461088,15.4422,563.97,0.0,3.7065625451137048,91222,0,0,0,0
SHP-01548,2026-02-06,Yogyakarta,Malang,Anteraja,motor,0.92,0.5324,78851,395.8,516157,6.546,430.24,0.0,4.236223716787689,21866,0,1,1,0
SHP-01549,2026-04-24,Pontianak,Yogyakarta,SiCepat,kapal_laut,2.6,1.2862,239141,2445.1,7886078,32.9767,940.41,0.2,79.3,6253660,1,0,1,1
SHP-01550,2026-02-25,Lampung,Balikpapan,Anteraja,pesawat,2.48,1.4728,388209,1749.7,3994178,10.2887,705.51,0.0,1.622836459998559,64819,0,0,0,0
SHP-01551,2026-01-26,Bengkulu,Makassar,Anteraja,motor,1.12,0.4171,96411,1669.3,3018693,31.3107,1490.47,0.0,0.5966509897520872,18011,0,0,0,0
SHP-01552,2026-03-22,Bandung,Padang,SiCepat,motor,1.47,0.4443,146832,1137.3,4121671,28.0707,773.68,0.0,4.75541622481432,196003,0,1,0,1
SHP-01553,2026-02-20,Banjarmasin,Bengkulu,JX Express,pesawat,1.44,0.8158,195099,475.4,1160313,5.9473,330.16,0.0,1.9320741118406837,22418,0,0,0,0
SHP-01554,2026-02-03,Depok,Pontianak,JX Express,kapal_laut,2.39,0.7681,217750,713.0,2094727,9.6199,298.34,1.1,70.52,1477201,1,1,0,1
SHP-01555,2026-05-29,Padang,Pekanbaru,Wahana,pesawat,4.61,1.9452,517158,1020.1,2006282,3.8794,221.28,1.9,71.42,1432887,1,0,0,0
SHP-01556,2026-04-18,Makassar,Jakarta,TIKI,motor,1.91,0.9414,117013,1887.4,8169126,69.8138,988.15,0.0,3.6794223835570405,300577,0,0,1,1
SHP-01557,2026-01-18,Jakarta,Pekanbaru,Anteraja,truk,1.23,0.3735,178346,2147.3,7921719,44.4177,1745.81,0.0,4.223168675575261,334548,0,1,0,1
SHP-01558,2026-03-10,Kupang,Banjarmasin,SiCepat,pesawat,2.46,0.9363,217439,632.5,965400,4.4399,257.11,0.1,74.25,716810,1,0,0,0
SHP-01559,2026-01-25,Samarinda,Lampung,Wahana,pesawat,1.44,0.7086,220556,1282.9,4203571,19.059,890.92,0.0,3.1396865755792094,131979,0,0,0,0
SHP-01560,2026-05-10,Bandung,Yogyakarta,JX Express,truk,1.23,0.4687,183029,83.2,85990,0.4698,67.66,7.3,27.46,23613,1,1,1,0
SHP-01561,2026-03-13,Depok,Pontianak,Anteraja,truk,2.44,0.8444,242952,1380.0,5036570,20.7307,565.59,1.7,74.63,3758792,1,1,0,1
SHP-01562,2026-01-10,Semarang,Bengkulu,Anteraja,truk,3.07,1.1672,446956,817.9,2052387,4.5919,266.43,0.0,3.6195439148372572,74287,0,1,0,1
SHP-01563,2026-03-10,Depok,Ternate,JX Express,pesawat,1.49,0.5564,159510,2283.0,5885164,36.8953,1532.22,0.0,3.6128578539429674,212623,0,1,0,1
SHP-01564,2026-04-21,Lampung,Pekanbaru,Anteraja,kapal_laut,2.31,0.8957,203688,1771.5,3339179,16.3936,766.88,1.5,79.43,2652310,1,0,0,0
SHP-01565,2026-01-25,Bengkulu,Jambi,J&T Express,pesawat,1.2,0.4138,198853,1517.3,4769569,23.9854,1264.44,0.0,2.0715973013213853,98806,0,0,0,0
SHP-01566,2026-05-07,Padang,Ambon,JNE,motor,5.34,2.3392,525574,390.5,1073553,2.0426,73.12,0.0,0.1348743580541023,1448,0,0,0,0
SHP-01567,2026-01-05,Kupang,Solo,TIKI,motor,4.62,1.4358,732134,1356.8,6186865,8.4505,293.69,0.0,3.5723367907908865,221016,0,0,1,1
SHP-01568,2026-01-26,Jambi,Makassar,JNE,pesawat,3.97,1.2751,511871,702.3,1337986,2.6139,176.91,0.0,4.944164597188798,66152,0,0,0,0
SHP-01569,2026-01-05,Manado,Pekanbaru,JNE,motor,4.83,1.5451,520691,1164.0,3044738,5.8475,241.0,2.1,74.48,2267721,1,0,0,0
SHP-01570,2026-04-15,Medan,Solo,JX Express,kapal_laut,3.04,1.3163,204765,811.1,2062031,10.0702,266.81,0.0,0.39636780138826655,8173,0,0,1,1
SHP-01571,2026-01-20,Padang,Medan,J&T Express,kapal_laut,1.02,0.5104,101129,1381.2,3583243,35.4324,1354.08,0.0,0.4988414106773692,17875,0,0,0,0
SHP-01572,2026-06-05,Jambi,Ternate,JX Express,truk,3.04,1.6493,378635,1664.7,3788831,10.0066,547.58,0.0,4.8286202026900105,182948,0,0,0,0
SHP-01573,2026-02-23,Mataram,Semarang,JNE,motor,3.36,1.7936,320410,1606.6,7604908,23.7349,478.14,7.1,73.56,5594170,1,0,1,1
SHP-01574,2026-04-27,Bengkulu,Bekasi,Wahana,truk,2.04,0.8695,211415,1327.5,5039855,23.8387,650.75,0.0,1.1264322324299703,56771,0,0,1,1
SHP-01575,2025-12-22,Depok,Bogor,Wahana,truk,5.22,2.7244,839703,543.7,913252,1.0876,104.15,1.2,74.86,683660,1,1,1,0
SHP-01576,2026-04-08,Mataram,Samarinda,Ninja Xpress,motor,3.62,1.2239,309269,1165.6,3793290,12.2653,321.99,1.0,81.93,3107842,1,0,0,0
SHP-01577,2026-03-23,Bandung,Bekasi,Ninja Xpress,kapal_laut,6.94,4.0312,1211486,688.1,687059,0.5671,99.15,0.0,2.219847929247872,15252,0,1,1,0
SHP-01578,2026-01-05,Jambi,Samarinda,JX Express,truk,5.47,2.3596,826360,1060.4,3443445,4.167,193.85,3.1,72.8,2506828,1,0,0,0
SHP-01579,2026-05-29,Tangerang,Bogor,JX Express,pesawat,3.34,1.9188,594136,367.4,608570,1.0243,110.01,0.0,4.072017633231317,24781,0,1,1,0
SHP-01580,2026-01-12,Palembang,Malang,SiCepat,pesawat,2.75,1.2425,200645,1664.6,6234782,31.0737,605.3,0.0,4.584982475644609,285864,0,0,1,1
SHP-01581,2025-12-27,Lampung,Bengkulu,SiCepat,motor,1.72,1.0123,190410,260.4,684801,3.5965,151.39,2.5,52.06,356507,1,0,0,0
SHP-01582,2026-03-07,Bekasi,Jambi,SiCepat,kapal_laut,2.01,0.8297,277545,1600.0,6507236,23.4457,796.01,0.9,76.59,4983892,1,1,0,1
SHP-01583,2025-12-30,Jakarta,Makassar,TIKI,pesawat,2.12,0.9355,167154,744.7,3244890,19.4126,351.26,0.0,2.723846744128892,88386,0,1,0,1
SHP-01584,2026-01-24,Surabaya,Jambi,Wahana,pesawat,3.65,1.5789,479700,2295.1,6179165,12.8813,628.8,0.0,2.0224474580788634,124970,0,1,0,1
SHP-01585,2026-02-19,Surabaya,Jambi,Anteraja,truk,0.92,0.5072,108663,2278.7,9714367,89.399,2476.87,2.5,70.79,6876800,1,1,0,1
SHP-01586,2026-03-17,Bekasi,Jakarta,SiCepat,kapal_laut,3.16,1.5518,251311,750.7,1210024,4.8148,237.56,0.0,4.263706342667896,51592,0,1,1,0
SHP-01587,2026-04-14,Balikpapan,Jakarta,JX Express,kapal_laut,2.56,0.8626,438046,1327.7,6481116,14.7955,518.64,17.8,77.13,4998885,1,0,1,1
SHP-01588,2026-01-24,Tangerang,Solo,JNE,kapal_laut,0.86,0.3148,108551,104.3,186508,1.7182,121.25,0.0,4.859746375060704,9064,0,1,1,0
SHP-01589,2026-06-08,Blitar,Kupang,JX Express,motor,1.71,0.5611,256722,1154.8,4722146,18.394,675.32,1.6,70.76,3341391,1,1,0,1
SHP-01590,2026-06-01,Pekanbaru,Solo,TIKI,kapal_laut,4.65,2.0338,808051,1368.6,4472358,5.5347,294.31,0.0,1.884470686821495,84280,0,0,1,1
SHP-01591,2026-01-16,Semarang,Manado,JX Express,kapal_laut,2.96,1.0817,414438,1213.4,5777632,13.9409,409.94,2.8,73.11,4224027,1,1,0,1
SHP-01592,2026-01-25,Samarinda,Solo,SiCepat,motor,4.07,2.2965,489622,590.0,1793975,3.664,144.95,0.0,3.9640640437322174,71114,0,0,1,1
SHP-01593,2026-03-04,Depok,Jakarta,SiCepat,pesawat,1.66,0.9854,268243,253.3,275745,1.028,152.6,0.0,4.3750241603451405,12064,0,1,1,0
SHP-01594,2026-03-11,Banjarmasin,Yogyakarta,SiCepat,kapal_laut,3.34,1.7585,363083,2350.3,7497427,20.6493,703.68,0.0,3.4787825153653342,260819,0,0,1,1
SHP-01595,2026-06-11,Bengkulu,Banjarmasin,Anteraja,kapal_laut,0.97,0.4243,118771,706.9,1150172,9.6839,728.77,0.0,0.040386143681154785,465,0,0,0,0
SHP-01596,2026-02-12,Padang,Depok,Anteraja,kapal_laut,2.52,1.0772,213645,1556.7,5347078,25.0279,617.73,0.3,77.97,4169117,1,0,1,1
SHP-01597,2026-01-25,Blitar,Surabaya,Anteraja,kapal_laut,3.4,1.9771,318239,451.1,437986,1.3763,132.69,4.8,67.11,293932,1,1,1,0
SHP-01598,2026-02-25,Surabaya,Manado,Wahana,truk,3.66,1.4287,367130,605.8,2487114,6.7745,165.51,0.0,0.011497964813854122,286,0,1,0,1
SHP-01599,2025-12-31,Ambon,Padang,TIKI,kapal_laut,2.51,1.2852,221751,284.5,537784,2.4252,113.33,2.1,53.2,286101,1,0,0,0
SHP-01600,2026-05-09,Lampung,Depok,JNE,pesawat,2.36,0.9128,201771,1460.8,4028507,19.9657,618.98,1.2,74.29,2992778,1,0,1,1
SHP-01601,2026-01-15,Jakarta,Semarang,JX Express,motor,4.99,2.6051,350329,152.5,127674,0.3644,30.56,0.0,1.1605359192587787,1482,0,1,1,0
SHP-01602,2026-04-22,Yogyakarta,Solo,SiCepat,truk,2.58,0.7953,434454,618.1,1020124,2.3481,239.59,0.7,77.63,791922,1,1,1,0
SHP-01603,2026-03-01,Blitar,Padang,J&T Express,kapal_laut,2.14,0.7585,292622,2093.2,6061550,20.7146,978.14,0.0,1.2708148857777957,77031,0,1,0,1
SHP-01604,2026-04-26,Bengkulu,Bekasi,Ninja Xpress,kapal_laut,2.1,0.8818,247426,1385.4,6210398,25.1,659.73,2.6,77.82,4832932,1,0,1,1
SHP-01605,2026-03-14,Tangerang,Solo,JNE,pesawat,1.06,0.5205,149076,665.7,716787,4.8082,628.03,0.0,3.184881196360534,22829,0,1,1,0
SHP-01606,2026-05-29,Solo,Pekanbaru,Wahana,kapal_laut,1.22,0.3997,203046,2463.7,8649242,42.5975,2019.4,0.0,2.8136027547367903,243355,0,1,0,1
SHP-01607,2026-04-19,Tangerang,Banjarmasin,JX Express,kapal_laut,2.51,1.2346,264236,1333.0,3683107,13.9387,531.07,0.0,4.963095835204196,182796,0,1,0,1
SHP-01608,2025-12-20,Blitar,Medan,Ninja Xpress,kapal_laut,2.03,1.2134,232782,1368.6,4508802,19.3692,674.19,0.7,79.4,3579989,1,1,0,1
SHP-01609,2026-05-05,Lampung,Palembang,SiCepat,pesawat,4.06,1.4647,672935,821.2,2749053,4.0852,202.27,0.3,77.02,2117321,1,0,0,0
SHP-01610,2025-12-25,Jambi,Makassar,JX Express,kapal_laut,5.23,1.9214,654531,658.6,1710398,2.6132,125.93,0.0,2.145829507945143,36702,0,0,0,0
SHP-01611,2026-05-26,Padang,Jakarta,JX Express,truk,2.36,0.9176,288722,1731.8,7585601,26.273,733.82,0.0,3.9366388938305157,298618,0,0,1,1
SHP-01612,2026-02-13,Palembang,Semarang,Ninja Xpress,kapal_laut,4.29,1.4176,618162,893.5,3265414,5.2825,208.27,0.1,81.77,2670129,1,0,1,1
SHP-01613,2026-06-10,Yogyakarta,Medan,JNE,motor,7.19,3.8249,907369,1727.1,7834587,8.6344,240.21,0.0,4.519179787918125,354059,0,1,0,1
SHP-01614,2026-02-21,Manado,Kupang,SiCepat,motor,5.25,1.7606,1004014,837.2,1584697,1.5784,159.46,0.0,3.9149861325793296,62041,0,0,0,0
SHP-01615,2026-05-18,Medan,Solo,Ninja Xpress,pesawat,11.99,7.1634,1390724,1905.1,6403261,4.6043,158.89,7.5,75.31,4822296,1,0,1,1
SHP-01616,2026-05-23,Makassar,Yogyakarta,Anteraja,truk,0.61,0.1976,62540,1327.2,6340951,101.3903,2175.78,0.0,2.8357847951413904,179816,0,0,1,1
SHP-01617,2026-06-07,Pekanbaru,Palembang,Wahana,truk,1.32,0.4848,144131,252.6,861763,5.979,191.35,1.3,46.24,398479,1,0,0,0
SHP-01618,2025-12-21,Semarang,Medan,TIKI,pesawat,4.15,1.5334,509488,2335.3,8285949,16.2633,562.72,0.0,4.000538073670808,331483,0,1,0,1
SHP-01619,2026-05-27,Tangerang,Manado,J&T Express,pesawat,1.03,0.5553,115440,2410.0,11236601,97.3372,2339.83,0.0,1.082550623927162,121642,0,1,0,1
SHP-01620,2026-06-05,Tangerang,Manado,J&T Express,truk,3.96,1.9755,242953,2196.8,9095787,37.4385,554.76,0.0,4.468160231107901,406414,0,1,0,1
SHP-01621,2026-04-24,Yogyakarta,Pontianak,JX Express,motor,6.26,2.9002,658951,2252.3,9021878,13.6913,359.8,0.5,79.16,7141719,1,1,0,1
SHP-01622,2026-02-10,Tangerang,Pontianak,Ninja Xpress,pesawat,4.91,2.9407,380446,1350.9,5725796,15.0502,275.14,0.0,3.3564990794721377,192186,0,1,0,1
SHP-01623,2026-05-11,Ambon,Padang,J&T Express,kapal_laut,6.05,1.9599,620661,1323.0,2213182,3.5658,218.68,0.0,1.0163908778468167,22495,0,0,0,0
SHP-01624,2026-01-04,Ternate,Lampung,J&T Express,pesawat,2.27,0.791,340842,1248.3,2594844,7.613,549.92,5.5,75.59,1961443,1,0,0,0
SHP-01625,2026-05-25,Bekasi,Depok,SiCepat,motor,5.26,2.2662,675583,335.4,556865,0.8243,63.77,0.2,58.24,324318,1,1,1,0
SHP-01626,2026-05-26,Bandung,Jambi,Wahana,pesawat,3.43,2.0435,317860,1072.5,3350344,10.5403,312.69,1.3,79.77,2672569,1,1,0,1
SHP-01627,2026-02-07,Lampung,Blitar,J&T Express,pesawat,3.58,1.7849,362242,1006.5,3382972,9.339,281.16,1.2,78.58,2658339,1,0,1,1
SHP-01628,2026-01-31,Balikpapan,Bekasi,J&T Express,truk,1.67,0.7448,287580,1433.1,5527438,19.2205,858.14,0.0,1.37958617957668,76256,0,0,1,1
SHP-01629,2026-02-19,Bogor,Palembang,JX Express,pesawat,4.39,2.1044,468891,711.9,3542598,7.5553,162.17,0.0,1.7036656078951762,60354,0,1,0,1
SHP-01630,2026-05-11,Bogor,Bengkulu,JX Express,kapal_laut,1.61,0.6261,187953,1396.5,6020391,32.0314,867.4,0.0,1.9485813902395717,117312,0,1,0,1
SHP-01631,2026-04-19,Samarinda,Jambi,Ninja Xpress,motor,2.49,1.3999,309898,332.8,1070981,3.4559,133.66,0.0,1.3722719293546526,14697,0,0,0,0
SHP-01632,2026-03-01,Jakarta,Ambon,JX Express,motor,4.96,2.6597,670394,705.2,1772113,2.6434,142.18,0.0,4.902327426252172,86875,0,1,0,1
SHP-01633,2026-04-29,Palembang,Manado,JNE,pesawat,1.49,0.5223,131510,761.9,2350768,17.8752,511.33,0.8,70.66,1661053,1,0,0,0
SHP-01634,2026-02-19,Solo,Manado,SiCepat,pesawat,2.43,0.8694,384400,1094.3,2739327,7.1262,450.34,3.9,77.83,2132018,1,1,0,1
SHP-01635,2026-02-21,Pekanbaru,Ternate,J&T Express,kapal_laut,1.65,0.8437,218072,247.5,793553,3.6389,150.01,0.0,0.9711995839582538,7707,0,0,0,0
SHP-01636,2026-06-07,Yogyakarta,Solo,SiCepat,truk,5.11,1.7134,724494,767.4,1040966,1.4368,150.17,4.3,77.52,806957,1,1,1,0
SHP-01637,2026-05-13,Yogyakarta,Manado,JNE,truk,1.49,0.7251,241390,1158.9,3769999,15.6179,777.76,0.0,4.357935106719072,164294,0,1,0,1
SHP-01638,2026-01-09,Ternate,Samarinda,J&T Express,pesawat,1.84,0.9935,226706,406.2,638927,2.8183,220.78,2.1,62.51,399393,1,0,0,0
SHP-01639,2025-12-26,Blitar,Jakarta,JX Express,kapal_laut,5.07,2.9093,811559,555.3,570450,0.7029,109.52,0.0,3.865544539518978,22051,0,1,1,0
SHP-01640,2026-01-14,Yogyakarta,Semarang,TIKI,motor,1.15,0.5507,110665,464.4,816354,7.3768,403.84,0.0,3.921239203664716,32011,0,1,1,0
SHP-01641,2026-02-27,Padang,Bekasi,JNE,pesawat,1.55,0.8806,212981,1358.3,4676844,21.959,876.32,0.0,1.9425365079775248,90849,0,0,1,1
SHP-01642,2026-01-15,Makassar,Blitar,TIKI,motor,4.56,2.5906,348644,1388.3,3794391,10.8833,304.46,3.3,70.52,2675805,1,0,1,1
SHP-01643,2026-04-07,Kupang,Manado,JNE,kapal_laut,2.01,0.9118,213322,1185.5,2159419,10.1228,589.82,0.0,1.988848347058928,42948,0,0,0,0
SHP-01644,2026-06-06,Bekasi,Makassar,Wahana,kapal_laut,0.69,0.2089,55779,1987.9,9447235,169.369,2881.0,1.1,63.51,5999939,1,1,0,1
SHP-01645,2026-01-16,Tangerang,Surabaya,Wahana,kapal_laut,1.48,0.5959,202843,131.0,174842,0.862,88.52,0.0,1.408943118372728,2463,0,1,1,0
SHP-01646,2025-12-24,Jakarta,Medan,SiCepat,motor,3.33,1.161,296010,978.3,4311690,14.566,293.79,0.5,80.3,3462287,1,1,0,1
SHP-01647,2025-12-20,Pekanbaru,Bekasi,Ninja Xpress,kapal_laut,2.02,1.0971,197157,1059.1,5061416,25.672,524.29,1.7,75.23,3807703,1,0,1,1
SHP-01648,2026-05-15,Pekanbaru,Surabaya,Wahana,kapal_laut,1.67,0.5796,116659,1104.1,3884317,33.2963,661.12,0.0,3.8454931667757575,149371,0,0,1,1
SHP-01649,2026-04-20,Bogor,Bengkulu,TIKI,kapal_laut,5.84,2.1198,982187,1292.4,6417570,6.534,221.31,0.0,3.7576213118812802,241148,0,1,0,1
SHP-01650,2026-01-18,Semarang,Ambon,TIKI,kapal_laut,3.0,1.6022,290613,802.4,2844650,9.7884,267.48,0.0,0.24374470510493573,6934,0,1,0,1
SHP-01651,2026-02-24,Blitar,Jambi,TIKI,kapal_laut,2.54,1.2224,160881,616.3,1574074,9.7841,242.63,0.0,3.240155329614565,51002,0,1,0,1
SHP-01652,2026-02-19,Semarang,Medan,SiCepat,kapal_laut,5.27,2.7161,522729,1528.2,5228381,10.0021,289.99,0.0,1.5455217660388854,80806,0,1,0,1
SHP-01653,2026-05-26,Padang,Pekanbaru,SiCepat,kapal_laut,1.32,0.482,130632,816.1,2248432,17.212,618.27,0.0,3.909199742021956,87896,0,0,0,0
SHP-01654,2026-05-19,Bekasi,Depok,JX Express,pesawat,2.76,1.0309,255447,511.2,892041,3.4921,185.22,3.4,72.75,648960,1,1,1,0
SHP-01655,2026-01-18,Surabaya,Bengkulu,Wahana,motor,2.64,1.131,178945,1441.9,6835622,38.1996,546.16,0.0,0.6251080716588608,42730,0,1,0,1
SHP-01656,2026-01-05,Solo,Manado,J&T Express,pesawat,2.93,1.4611,427726,811.8,2528441,5.9114,277.05,0.0,1.9539579554818727,49405,0,1,0,1
SHP-01657,2026-05-10,Manado,Bengkulu,Wahana,truk,1.53,0.7494,122317,441.9,1267243,10.3603,288.8,1.3,60.59,767823,1,0,0,0
SHP-01658,2026-03-20,Medan,Ambon,Anteraja,pesawat,1.1,0.3577,87068,698.5,1077904,12.38,635.01,4.1,69.85,752916,1,0,0,0
SHP-01659,2026-01-28,Samarinda,Blitar,SiCepat,kapal_laut,3.76,1.2895,440726,1752.7,8112797,18.4078,466.15,0.7,82.1,6660606,1,0,1,1
SHP-01660,2026-05-20,Lampung,Tangerang,J&T Express,motor,3.68,1.858,417581,2264.8,7591661,18.1801,615.43,2.2,71.41,5421205,1,0,1,1
SHP-01661,2026-05-09,Samarinda,Tangerang,JNE,motor,4.36,1.8678,420055,2231.6,10470790,24.9272,511.83,0.0,1.844001228496941,193081,0,0,1,1
SHP-01662,2026-02-14,Banjarmasin,Solo,Anteraja,pesawat,5.39,2.9232,666951,1230.9,4284178,6.4235,228.36,0.0,1.9295142819581574,82664,0,0,1,1
SHP-01663,2026-03-01,Palembang,Tangerang,Wahana,pesawat,3.34,1.2812,396898,1235.2,3459574,8.7165,369.83,2.9,74.15,2565274,1,0,1,1
SHP-01664,2026-02-08,Padang,Yogyakarta,JX Express,pesawat,0.55,0.3067,54619,2232.7,9857059,180.4694,4059.52,0.0,4.379080214272834,431649,0,0,1,1
SHP-01665,2025-12-28,Solo,Pekanbaru,TIKI,pesawat,5.14,2.443,542937,1038.6,2956019,5.4445,202.06,0.4,74.11,2190706,1,1,0,1
SHP-01666,2026-04-02,Bogor,Kupang,JNE,kapal_laut,1.91,1.0847,276784,1879.1,8712671,31.4782,983.85,0.0,3.4951560201589897,304521,0,1,0,1
SHP-01667,2026-02-19,Bogor,Banjarmasin,Wahana,kapal_laut,1.15,0.4455,141198,907.2,3741685,26.4996,788.89,0.0,0.4680361707733921,17512,0,1,0,1
SHP-01668,2026-02-21,Manado,Bengkulu,SiCepat,kapal_laut,1.23,0.694,198558,1317.9,2687890,13.5371,1071.5,7.7,72.26,1942269,1,0,0,0
SHP-01669,2026-05-07,Jakarta,Medan,TIKI,motor,4.51,2.5013,720663,1352.7,3396384,4.7129,299.93,0.4,77.59,2635254,1,1,0,1
SHP-01670,2026-02-19,Jakarta,Ambon,JNE,pesawat,3.01,1.2531,376143,1586.3,4777036,12.7001,527.0,0.0,2.1142980400143294,101001,0,1,0,1
SHP-01671,2026-03-21,Bengkulu,Padang,JX Express,truk,7.66,4.4547,1045604,998.0,2974245,2.8445,130.29,0.7,69.94,2080187,1,0,0,0
SHP-01672,2026-01-06,Jambi,Bengkulu,Anteraja,pesawat,3.33,1.9834,416799,1344.3,2156266,5.1734,403.7,0.0,0.7278566904943795,15695,0,0,0,0
SHP-01673,2025-12-20,Bogor,Samarinda,J&T Express,kapal_laut,1.43,0.8448,150749,2297.8,7420735,49.2258,1606.88,1.3,76.08,5645695,1,1,0,1
SHP-01674,2026-05-29,Kupang,Lampung,JNE,truk,1.63,0.7382,231143,257.2,517027,2.2368,157.76,1.0,42.97,222167,1,0,0,0
SHP-01675,2026-03-16,Bogor,Medan,JX Express,pesawat,1.72,0.6864,219092,1048.9,4315427,19.6969,609.81,0.0,2.2904073938622616,98841,0,1,0,1
SHP-01676,2026-04-08,Pontianak,Bandung,TIKI,truk,3.42,1.9722,353775,1063.7,2951642,8.3433,311.01,0.0,2.254014855210291,66530,0,0,1,1
SHP-01677,2026-02-02,Bandung,Surabaya,JNE,kapal_laut,3.94,1.8987,550909,203.2,305082,0.5538,51.56,0.0,0.5335154520650814,1628,0,1,1,0
SHP-01678,2026-05-29,Medan,Palembang,JX Express,truk,1.11,0.6083,108502,1377.3,3502092,32.2768,1240.86,0.0,0.7991568153285683,27987,0,0,0,0
SHP-01679,2026-02-22,Banjarmasin,Mataram,JNE,pesawat,5.27,3.1289,405333,770.5,1986427,4.9007,146.2,0.0,2.1099100756328197,41912,0,0,0,0
SHP-01680,2025-12-17,Lampung,Yogyakarta,Ninja Xpress,kapal_laut,2.5,0.9356,365912,1518.4,4867439,13.3022,607.34,3.2,74.29,3616020,1,0,1,1
SHP-01681,2026-06-13,Banjarmasin,Depok,JNE,truk,4.5,1.7114,508219,1709.5,5162779,10.1586,379.89,0.0,3.8818390742836058,200411,0,0,1,1
SHP-01682,2026-05-30,Yogyakarta,Ternate,Ninja Xpress,kapal_laut,0.78,0.3346,101206,1010.1,2701069,26.6888,1294.99,0.0,3.6932618062988065,99758,0,1,0,1
SHP-01683,2026-05-13,Solo,Depok,SiCepat,pesawat,6.65,3.9267,548274,663.6,1155644,2.1078,99.8,7.4,81.62,943237,1,1,1,0
SHP-01684,2026-05-16,Kupang,Balikpapan,JNE,motor,4.27,2.3891,754496,1469.4,3582751,4.7485,344.12,0.0,4.750632150309845,170203,0,0,0,0
SHP-01685,2026-06-02,Semarang,Kupang,Anteraja,kapal_laut,1.63,0.7241,175492,502.2,2011962,11.4647,308.09,7.1,66.4,1335943,1,1,0,1
SHP-01686,2026-02-20,Ambon,Yogyakarta,Anteraja,kapal_laut,1.14,0.5092,207257,1197.6,4965978,23.9605,1050.52,0.0,3.4586977832844528,171758,0,0,1,1
SHP-01687,2026-03-31,Banjarmasin,Semarang,JX Express,truk,4.65,2.0573,556687,1369.0,6064284,10.8935,294.41,0.0,2.276294768106924,138041,0,0,1,1
SHP-01688,2025-12-22,Bandung,Pekanbaru,JX Express,kapal_laut,0.72,0.2195,81507,823.0,3752916,46.0441,1142.99,0.4,67.99,2551608,1,1,0,1
SHP-01689,2026-06-02,Lampung,Bogor,TIKI,motor,4.22,1.5747,369462,542.5,2296520,6.2158,128.56,0.0,1.216233313878381,27931,0,0,1,1
SHP-01690,2026-06-12,Samarinda,Semarang,Ninja Xpress,motor,6.16,2.0007,650163,1904.2,4969272,7.6431,309.12,5.3,74.89,3721488,1,0,1,1
SHP-01691,2026-04-23,Jakarta,Pontianak,JNE,kapal_laut,2.38,1.2265,364370,2319.5,9265549,25.429,974.57,0.0,4.592569241445164,425527,0,1,0,1
SHP-01692,2026-02-05,Blitar,Depok,Anteraja,kapal_laut,0.75,0.36,68435,404.0,360077,5.2616,538.66,0.8,57.6,207404,1,1,1,0
SHP-01693,2026-05-08,Palembang,Jambi,JX Express,pesawat,3.82,1.3245,407686,1791.9,4461221,10.9428,469.07,3.2,73.98,3300411,1,0,0,0
SHP-01694,2025-12-24,Samarinda,Pontianak,SiCepat,pesawat,2.54,1.416,246760,1353.0,3841913,15.5694,532.66,0.1,72.5,2785387,1,0,0,0
SHP-01695,2026-05-09,Bengkulu,Yogyakarta,JNE,motor,3.61,1.8049,272871,672.0,1720552,6.3054,186.16,0.0,1.3990167978581591,24071,0,0,1,1
SHP-01696,2026-05-31,Banjarmasin,Kupang,J&T Express,motor,2.18,1.0827,219761,1420.2,4677474,21.2844,651.47,0.0,0.44704582196006537,20910,0,0,0,0
SHP-01697,2026-05-01,Bandung,Balikpapan,JNE,truk,3.21,1.1891,385880,1954.2,8840686,22.9105,608.8,5.2,77.89,6886010,1,1,0,1
SHP-01698,2026-04-08,Pontianak,Jambi,TIKI,pesawat,3.99,1.5981,599161,487.5,1397225,2.332,122.19,0.0,1.15057565455768,16076,0,0,0,0
SHP-01699,2026-02-25,Lampung,Blitar,Wahana,motor,2.71,1.1524,311333,549.5,2457304,7.8928,202.75,12.6,75.52,1855756,1,0,1,1
SHP-01700,2026-04-13,Pontianak,Surabaya,Ninja Xpress,pesawat,5.16,3.086,545580,2459.0,10333030,18.9395,476.54,0.0,3.3717159099785574,348400,0,0,1,1
SHP-01701,2026-02-26,Jakarta,Mataram,JX Express,motor,9.19,4.4628,722494,1615.4,8026254,11.1091,175.78,0.0,0.6996540973807114,56156,0,1,0,1
SHP-01702,2026-02-12,Pekanbaru,Blitar,Wahana,motor,4.36,1.3456,538759,1471.6,5441167,10.0994,337.53,0.0,2.5454355588272066,138501,0,0,1,1
SHP-01703,2026-01-02,Medan,Mataram,SiCepat,kapal_laut,2.65,1.2281,418103,239.3,707769,1.6928,90.31,0.0,3.879684201714277,27459,0,0,0,0
SHP-01704,2026-03-05,Solo,Makassar,JX Express,kapal_laut,3.37,1.448,448598,1529.8,6003824,13.3835,453.93,0.0,2.237731316819093,134349,0,1,0,1
SHP-01705,2026-03-19,Surabaya,Medan,Ninja Xpress,kapal_laut,7.95,3.6676,953840,1661.6,5158470,5.4081,209.0,2.3,74.72,3854409,1,1,0,1
SHP-01706,2026-01-29,Pekanbaru,Banjarmasin,Wahana,motor,1.77,0.8513,178248,1078.5,2023128,11.3501,609.31,0.0,4.797959988640698,97069,0,0,0,0
SHP-01707,2026-05-10,Jakarta,Depok,JNE,truk,1.16,0.3861,158262,412.1,569863,3.6008,355.29,0.0,4.76698692228514,27165,0,1,1,0
SHP-01708,2026-06-03,Padang,Mataram,Ninja Xpress,motor,2.53,1.1635,166468,1763.2,4498195,27.0214,696.91,6.2,77.09,3467659,1,0,0,0
SHP-01709,2026-04-16,Jakarta,Lampung,SiCepat,pesawat,1.35,0.4783,204828,2278.0,7685819,37.5233,1687.4,0.0,0.24894739040953462,19134,0,1,0,1
SHP-01710,2025-12-27,Jambi,Jakarta,SiCepat,kapal_laut,5.4,1.6414,631341,1751.1,6537870,10.3555,324.28,4.2,72.39,4732764,1,0,1,1
SHP-01711,2026-06-09,Jambi,Pekanbaru,Ninja Xpress,kapal_laut,5.52,2.0051,505393,815.1,2667740,5.2785,147.66,9.1,80.01,2134459,1,0,0,0
SHP-01712,2026-04-02,Yogyakarta,Ternate,Anteraja,kapal_laut,9.9,4.2277,1149689,1402.5,4344899,3.7792,141.66,0.0,3.673885190302742,159627,0,1,0,1
SHP-01713,2026-02-08,Jakarta,Lampung,Ninja Xpress,motor,10.76,5.8322,1267365,2392.1,11727330,9.2533,222.31,1.6,81.46,9553083,1,1,0,1
SHP-01714,2026-01-25,Tangerang,Bandung,JX Express,motor,4.78,1.8698,579297,297.7,257710,0.4449,62.29,0.0,2.145686890792975,5530,0,1,1,0
SHP-01715,2026-03-16,Manado,Bengkulu,JX Express,pesawat,7.42,3.7091,1051012,1458.5,3825776,3.6401,196.56,0.0,3.306752292058568,126509,0,0,0,0
SHP-01716,2026-01-10,Jambi,Manado,JX Express,kapal_laut,6.06,2.2549,545856,937.2,2089708,3.8283,154.65,0.0,4.621558282818367,96577,0,0,0,0
SHP-01717,2026-03-20,Bekasi,Blitar,SiCepat,motor,6.14,2.2444,721349,232.9,413474,0.5732,37.93,0.0,2.9853149015645988,12344,0,1,1,0
SHP-01718,2026-04-25,Mataram,Manado,JNE,pesawat,1.1,0.4492,151751,1051.2,2419680,15.9451,955.65,5.2,63.95,1547385,1,0,0,0
SHP-01719,2025-12-26,Tangerang,Solo,TIKI,truk,4.33,2.4872,388580,779.1,868468,2.235,179.93,0.0,4.610429381778821,40040,0,1,1,0
SHP-01720,2026-03-19,Jambi,Bengkulu,JNE,kapal_laut,3.2,1.3648,428947,375.9,592761,1.3819,117.47,3.6,53.94,319735,1,0,0,0
SHP-01721,2026-04-18,Jakarta,Bengkulu,SiCepat,truk,2.23,1.2609,195816,1029.6,4334246,22.1343,461.72,0.0,1.1627018386261223,50394,0,1,0,1
SHP-01722,2026-02-23,Samarinda,Banjarmasin,Ninja Xpress,kapal_laut,1.98,0.6113,236944,772.8,2526773,10.664,390.28,0.0,0.7449356671929602,18823,0,0,0,0
SHP-01723,2026-03-19,Ambon,Bengkulu,JX Express,kapal_laut,4.85,2.4617,564365,1045.6,2727064,4.8321,215.6,0.0,1.7428079728989154,47527,0,0,0,0
SHP-01724,2026-02-18,Surabaya,Tangerang,JX Express,truk,4.1,1.6287,385316,742.4,849286,2.2041,181.07,4.2,71.99,611401,1,1,1,0
SHP-01725,2025-12-26,Lampung,Bandung,JX Express,kapal_laut,2.83,0.9404,268676,1000.4,2739656,10.1969,353.48,0.0,4.229280355828589,115868,0,0,1,1
SHP-01726,2025-12-29,Depok,Ambon,Wahana,pesawat,8.73,4.6122,651068,2006.5,5160492,7.9262,229.84,0.4,80.76,4167613,1,1,0,1
SHP-01727,2026-01-12,Makassar,Medan,SiCepat,truk,11.78,5.0321,1205903,890.4,1371501,1.1373,75.58,0.0,4.614735790284963,63291,0,0,0,0
SHP-01728,2026-02-27,Depok,Surabaya,JX Express,motor,5.8,1.7965,639406,492.6,464470,0.7264,84.94,0.0,4.571897673501805,21235,0,1,1,0
SHP-01729,2026-03-12,Makassar,Blitar,J&T Express,kapal_laut,3.22,1.8907,296562,2371.5,9827405,33.1378,736.5,0.0,0.2859215492475653,28099,0,0,1,1
SHP-01730,2026-03-10,Pekanbaru,Ambon,TIKI,motor,2.41,1.2143,335083,580.1,1155875,3.4495,240.69,1.3,72.64,839628,1,0,0,0
SHP-01731,2026-04-12,Makassar,Solo,J&T Express,truk,4.12,1.266,352248,2290.6,8711939,24.7324,555.97,0.0,3.2344837598187706,281786,0,0,1,1
SHP-01732,2026-05-13,Palembang,Kupang,Ninja Xpress,kapal_laut,2.94,1.4487,284573,1293.3,2236634,7.8596,439.9,0.0,2.3384973632155597,52304,0,0,0,0
SHP-01733,2026-01-07,Medan,Kupang,Ninja Xpress,truk,5.13,1.7879,430823,1296.5,2160946,5.0159,252.73,2.1,75.7,1635836,1,0,0,0
SHP-01734,2026-01-21,Yogyakarta,Solo,J&T Express,kapal_laut,1.04,0.5575,127849,376.4,483266,3.78,361.89,0.0,1.794924294088371,8674,0,1,1,0
SHP-01735,2026-06-13,Pontianak,Bengkulu,Wahana,motor,2.03,0.9858,245747,514.4,1033209,4.2044,253.4,0.0,4.9409590355151005,51050,0,0,0,0
SHP-01736,2026-03-05,Yogyakarta,Samarinda,JX Express,kapal_laut,3.45,1.0704,413924,1775.9,8348951,20.1703,514.75,1.1,73.75,6157351,1,1,0,1
SHP-01737,2026-02-26,Bandung,Blitar,JNE,pesawat,4.52,2.2846,460669,519.1,693728,1.5059,114.84,0.0,1.2004680480363845,8328,0,1,1,0
SHP-01738,2026-05-20,Manado,Pontianak,J&T Express,truk,1.68,0.7809,120481,277.5,832837,6.9126,165.21,0.8,48.27,402010,1,0,0,0
SHP-01739,2026-05-14,Manado,Bekasi,SiCepat,kapal_laut,3.65,1.9667,391099,1980.5,8343405,21.3332,542.59,4.2,76.11,6350166,1,0,1,1
SHP-01740,2026-01-12,Balikpapan,Samarinda,JX Express,kapal_laut,2.75,1.2684,388148,1237.6,3592599,9.2557,450.04,0.0,3.6913967646798347,132617,0,0,0,0
SHP-01741,2026-05-16,Jakarta,Makassar,Anteraja,motor,2.74,0.8571,214826,1897.5,5216808,24.2839,692.52,1.9,71.09,3708629,1,1,0,1
SHP-01742,2026-01-16,Palembang,Blitar,Anteraja,pesawat,4.21,2.0292,305037,512.8,1758161,5.7638,121.81,0.0,4.410762294422116,77548,0,0,1,1
SHP-01743,2026-02-22,Samarinda,Surabaya,Anteraja,pesawat,2.57,1.2466,249769,729.8,2163878,8.6635,283.96,0.0,0.39123670147088785,8466,0,0,1,1
SHP-01744,2026-03-11,Makassar,Balikpapan,J&T Express,motor,1.98,0.6573,302795,810.7,2474819,8.1732,409.44,0.0,4.699778147982784,116311,0,0,0,0
SHP-01745,2026-04-02,Bogor,Banjarmasin,TIKI,motor,1.21,0.6723,119687,2485.5,7244462,60.5284,2054.14,3.5,73.44,5320333,1,1,0,1
SHP-01746,2026-02-17,Bengkulu,Medan,J&T Express,pesawat,2.13,0.8826,200857,549.5,1150411,5.7275,257.96,0.0,0.3580918835675717,4120,0,0,0,0
SHP-01747,2026-02-28,Palembang,Samarinda,J&T Express,pesawat,1.08,0.4454,90914,1161.5,4042989,44.4705,1075.5,0.0,1.0360447275331286,41887,0,0,0,0
SHP-01748,2026-06-14,Tangerang,Banjarmasin,JNE,pesawat,2.49,1.4768,268424,1466.1,3745256,13.9528,588.78,2.5,77.83,2914933,1,1,0,1
SHP-01749,2026-01-13,Jakarta,Tangerang,TIKI,motor,1.07,0.5425,82963,781.6,1209067,14.5736,730.51,9.3,72.99,882498,1,1,1,0
SHP-01750,2026-05-21,Semarang,Bengkulu,SiCepat,motor,6.2,2.9729,448499,1028.4,3540731,7.8946,165.88,0.0,0.725769720189624,25698,0,1,0,1
SHP-01751,2026-03-04,Surabaya,Manado,Wahana,kapal_laut,1.91,0.8479,158217,1572.9,5687580,35.948,823.53,0.0,4.944507142379889,281223,0,1,0,1
SHP-01752,2026-02-20,Jambi,Bandung,Wahana,pesawat,4.41,2.2876,618598,1004.1,3957493,6.3975,227.68,0.0,2.9081764673553563,115091,0,0,1,1
SHP-01753,2026-06-12,Pekanbaru,Bandung,Ninja Xpress,kapal_laut,2.97,1.3777,290877,1335.0,5062333,17.4037,449.5,2.9,80.26,4063028,1,0,1,1
SHP-01754,2026-03-13,Palembang,Surabaya,Wahana,kapal_laut,4.61,2.7073,563286,986.5,4915654,8.7267,213.99,0.3,76.96,3783087,1,0,1,1
SHP-01755,2026-04-21,Ambon,Bogor,Wahana,kapal_laut,8.33,2.7573,1080543,935.8,4477644,4.1439,112.35,0.0,0.4433997934296252,19854,0,0,1,1
SHP-01756,2026-04-27,Pontianak,Mataram,JNE,motor,5.46,2.7808,395920,1517.3,3791952,9.5776,277.89,0.0,2.4687581266484786,93614,0,0,0,0
SHP-01757,2026-04-07,Ternate,Bengkulu,SiCepat,truk,1.68,0.8523,142091,1540.1,2547004,17.9252,916.74,0.0,2.6344170171552497,67099,0,0,0,0
SHP-01758,2026-03-19,Padang,Bandung,JNE,pesawat,9.75,3.6348,1314384,1999.5,6856041,5.2162,205.07,0.0,2.517610722217986,172608,0,0,1,1
SHP-01759,2026-04-28,Lampung,Palembang,TIKI,truk,3.52,1.3962,469272,900.7,1841649,3.9245,255.88,0.0,3.5028194166632987,64510,0,0,0,0
SHP-01760,2026-01-23,Depok,Manado,J&T Express,pesawat,2.01,1.0921,182380,966.5,3861901,21.175,480.87,0.3,73.08,2822277,1,1,0,1
SHP-01761,2026-01-06,Tangerang,Depok,TIKI,truk,2.35,0.7422,281840,650.7,909607,3.2274,276.91,0.0,3.6843919134763965,33513,0,1,1,0
SHP-01762,2026-04-30,Bandung,Jambi,JX Express,pesawat,1.54,0.7107,119425,1958.8,7650931,64.0647,1271.92,0.0,3.0267584274054933,231575,0,1,0,1
SHP-01763,2026-02-14,Lampung,Semarang,Wahana,motor,10.98,4.3765,2015318,1337.1,5041512,2.5016,121.77,0.7,80.63,4064971,1,0,1,1
SHP-01764,2026-04-06,Malang,Palembang,Wahana,truk,2.92,1.2954,245232,522.4,2507415,10.2247,178.91,3.2,74.07,1857242,1,1,0,1
SHP-01765,2026-03-27,Semarang,Lampung,TIKI,truk,1.06,0.3768,90725,2303.6,6301110,69.4529,2173.18,0.0,3.244067571718345,204412,0,1,0,1
SHP-01766,2026-03-12,Bekasi,Tangerang,SiCepat,pesawat,5.47,3.0408,641785,73.1,109167,0.1701,13.37,0.0,4.18392020292348,4567,0,1,1,0
SHP-01767,2026-01-18,Jakarta,Lampung,Anteraja,motor,2.21,1.2849,222658,1351.6,3599042,16.164,611.58,13.7,71.08,2558199,1,1,0,1
SHP-01768,2026-03-23,Bekasi,Semarang,Anteraja,motor,2.0,0.972,137898,79.2,87993,0.6381,39.6,0.0,1.5004096492667012,1320,0,1,1,0
SHP-01769,2026-01-18,Surabaya,Bengkulu,JNE,kapal_laut,2.64,1.5062,254519,899.3,3109963,12.219,340.63,0.0,0.9061929862703727,28182,0,1,0,1
SHP-01770,2026-03-08,Padang,Solo,JNE,kapal_laut,1.95,0.8082,297298,1346.9,3950553,13.2882,690.69,1.3,70.6,2789090,1,0,1,1
SHP-01771,2025-12-29,Surabaya,Padang,Anteraja,truk,7.52,3.4782,1063983,532.5,2158045,2.0283,70.81,4.7,69.61,1502215,1,1,0,1
SHP-01772,2026-04-17,Jambi,Mataram,SiCepat,pesawat,1.23,0.4346,140105,506.1,1574951,11.2412,411.47,0.0,2.6939897836934,42429,0,0,0,0
SHP-01773,2026-04-12,Blitar,Tangerang,TIKI,motor,4.45,2.5399,314409,376.0,604737,1.9234,84.49,0.0,0.8786393435403256,5313,0,1,1,0
SHP-01774,2026-02-01,Balikpapan,Manado,SiCepat,motor,3.27,1.4222,367764,234.7,756768,2.0578,71.78,4.3,48.92,370211,1,0,0,0
SHP-01775,2026-06-03,Ternate,Pekanbaru,Ninja Xpress,pesawat,1.91,1.0912,256978,722.8,1550750,6.0346,378.44,5.9,76.99,1193922,1,0,0,0
SHP-01776,2026-03-04,Tangerang,Makassar,J&T Express,kapal_laut,4.78,1.6296,537786,2369.1,11762429,21.872,495.63,0.0,3.052603067646034,359060,0,1,0,1
SHP-01777,2026-02-24,Bengkulu,Medan,JX Express,motor,2.68,1.2698,283668,370.4,1074329,3.7873,138.2,0.0,0.11124513567174144,1195,0,0,0,0
SHP-01778,2026-02-20,Padang,Bandung,J&T Express,pesawat,11.68,3.7871,1427472,1547.2,6947379,4.8669,132.47,0.0,4.661710856308396,323867,0,0,1,1
SHP-01779,2026-03-08,Semarang,Depok,JX Express,motor,5.38,2.7888,388765,457.1,596618,1.5346,84.97,0.0,3.431124877032709,20471,0,1,1,0
SHP-01780,2026-02-02,Banjarmasin,Bengkulu,Anteraja,pesawat,3.79,1.3425,312127,1744.9,4748508,15.2134,460.39,0.0,2.1746866619394596,103265,0,0,0,0
SHP-01781,2026-04-30,Depok,Jakarta,Anteraja,pesawat,2.25,1.2534,343676,413.4,459182,1.3361,183.71,3.7,67.12,308203,1,1,1,0
SHP-01782,2025-12-22,Ternate,Manado,JX Express,truk,2.72,1.2957,459221,399.0,1363736,2.9697,146.69,0.0,1.6521920284516,22532,0,0,0,0
SHP-01783,2025-12-31,Mataram,Blitar,Ninja Xpress,motor,2.74,1.1314,381788,2079.2,8468386,22.1809,758.82,0.0,1.246840786833383,105587,0,0,1,1
SHP-01784,2026-01-25,Bekasi,Padang,TIKI,motor,3.73,1.6921,403050,669.2,2960667,7.3457,179.4,0.0,0.7065108209578297,20917,0,1,0,1
SHP-01785,2026-03-10,Padang,Medan,Ninja Xpress,truk,0.86,0.4238,91325,1650.5,5458811,59.7735,1919.17,0.0,1.7513907150991581,95605,0,0,0,0
SHP-01786,2026-01-12,Samarinda,Banjarmasin,JNE,kapal_laut,2.46,0.7761,219547,606.0,1733069,7.8938,246.33,2.7,72.53,1256995,1,0,0,0
SHP-01787,2026-03-29,Medan,Balikpapan,TIKI,kapal_laut,1.98,0.6467,294861,276.5,902960,3.0623,139.65,0.0,4.429544040802888,39997,0,0,0,0
SHP-01788,2026-01-24,Tangerang,Mataram,Ninja Xpress,motor,2.8,1.4072,371730,2386.4,8617871,23.1831,852.29,0.1,79.75,6872752,1,1,0,1
SHP-01789,2026-01-15,Kupang,Pekanbaru,Wahana,motor,1.86,0.9895,170588,659.0,1303999,7.6441,354.28,2.1,73.48,958178,1,0,0,0
SHP-01790,2026-04-03,Bogor,Mataram,TIKI,motor,10.05,5.6627,1808123,2068.0,7632005,4.221,205.77,0.0,2.787863257353,212770,0,1,0,1
SHP-01791,2025-12-30,Jakarta,Tangerang,SiCepat,truk,7.43,3.2705,673222,313.0,343743,0.5106,42.13,4.2,57.83,198787,1,1,1,0
SHP-01792,2026-04-01,Samarinda,Malang,JNE,truk,6.9,2.1663,1100887,2092.6,7180820,6.5228,303.28,2.1,71.0,5098382,1,0,1,1
SHP-01793,2026-02-24,Balikpapan,Tangerang,Ninja Xpress,kapal_laut,5.63,2.2523,652145,1183.9,3493412,5.3568,210.29,3.4,83.19,2906169,1,0,1,1
SHP-01794,2026-03-04,Bandung,Jambi,JNE,truk,6.55,3.4456,657301,657.3,2776286,4.2238,100.36,0.0,2.8384831395584853,78804,0,1,0,1
SHP-01795,2026-03-28,Ambon,Depok,J&T Express,truk,3.5,1.3842,424836,2075.1,6623141,15.5899,592.89,0.0,1.5597947958918745,103307,0,0,1,1
SHP-01796,2026-03-08,Banjarmasin,Makassar,JX Express,truk,3.14,1.3267,250761,1352.9,4012839,16.0026,430.85,0.0,3.356073411215041,134674,0,0,0,0
SHP-01797,2026-05-03,Manado,Kupang,SiCepat,truk,7.08,2.9075,780800,799.9,2042509,2.6159,112.98,0.0,1.3811319216463365,28210,0,0,0,0
SHP-01798,2026-01-29,Lampung,Blitar,TIKI,truk,5.23,1.8607,499516,534.7,1708681,3.4207,102.24,0.0,1.2098457151331647,20672,0,0,1,1
SHP-01799,2026-01-24,Palembang,Solo,SiCepat,truk,2.02,0.7371,162436,564.5,2094939,12.897,279.44,0.0,1.2181799193178873,25520,0,0,1,1
SHP-01800,2026-06-10,Padang,Ambon,J&T Express,pesawat,2.5,1.0047,216104,683.9,1201228,5.5586,273.57,2.8,73.82,886747,1,0,0,0
SHP-01801,2026-03-27,Kupang,Balikpapan,SiCepat,kapal_laut,5.26,1.9341,413869,1665.2,4769117,11.5233,316.59,0.0,2.0314362799234607,96882,0,0,0,0
SHP-01802,2026-03-25,Mataram,Banjarmasin,Wahana,pesawat,1.85,0.8355,135249,1022.6,1933907,14.2989,552.75,0.0,4.852474347442691,93842,0,0,0,0
SHP-01803,2026-01-06,Manado,Ambon,J&T Express,pesawat,1.36,0.6231,173234,1310.0,3246139,18.7385,963.25,0.0,1.7186360015282165,55789,0,0,0,0
SHP-01804,2026-05-17,Ternate,Pekanbaru,JNE,pesawat,5.79,3.4279,1070685,1086.4,2444637,2.2832,187.63,2.2,77.13,1885549,1,0,0,0
SHP-01805,2026-06-04,Medan,Makassar,Ninja Xpress,kapal_laut,2.07,1.1512,222316,1419.5,3753059,16.8816,685.76,0.0,3.5823839070435377,134449,0,0,0,0
SHP-01806,2026-04-14,Balikpapan,Bandung,TIKI,truk,2.08,1.0026,253052,814.0,3437278,13.5833,391.33,0.0,2.8711664104204724,98690,0,0,1,1
SHP-01807,2026-05-24,Samarinda,Mataram,JNE,truk,1.5,0.5196,188565,1784.2,3731629,19.7896,1189.49,0.0,0.9832091722435721,36690,0,0,0,0
SHP-01808,2026-06-02,Depok,Kupang,Ninja Xpress,pesawat,1.68,0.5997,201503,1399.6,5363200,26.616,833.07,0.0,0.49904137453821773,26765,0,1,0,1
SHP-01809,2026-03-29,Pekanbaru,Kupang,JX Express,pesawat,3.55,1.883,343132,1543.1,3648276,10.6323,434.66,0.0,1.5271338941729184,55714,0,0,0,0
SHP-01810,2026-02-27,Semarang,Ternate,SiCepat,truk,7.5,3.0178,556006,664.1,2686361,4.8315,88.54,0.0,0.5148939424346322,13832,0,1,0,1
SHP-01811,2026-05-14,Semarang,Lampung,JX Express,motor,3.72,1.1817,594689,1904.6,7268280,12.222,512.0,3.3,71.16,5172108,1,1,0,1
SHP-01812,2026-01-04,Medan,Manado,SiCepat,motor,4.93,2.4227,529972,1537.1,4053150,7.6479,311.78,0.5,77.57,3144028,1,0,0,0
SHP-01813,2026-04-07,Tangerang,Banjarmasin,J&T Express,truk,3.93,2.0751,453712,1906.9,5520055,12.1664,485.22,9.7,77.61,4284115,1,1,0,1
SHP-01814,2026-03-22,Manado,Depok,Wahana,kapal_laut,2.19,0.9612,206723,676.7,2258089,10.9233,309.02,0.0,4.057010227616724,91611,0,0,1,1
SHP-01815,2026-02-12,Bengkulu,Pontianak,JNE,kapal_laut,1.76,0.5512,167943,1696.5,3162006,18.8279,963.91,4.6,75.11,2374983,1,0,0,0
SHP-01816,2026-03-22,Tangerang,Makassar,JX Express,pesawat,2.28,1.0278,299604,1371.3,6729454,22.4612,601.45,0.1,78.63,5291370,1,1,0,1
SHP-01817,2026-01-08,Jambi,Ambon,Ninja Xpress,motor,4.49,2.0998,660736,908.5,2961765,4.4825,202.33,3.6,82.87,2454415,1,0,0,0
SHP-01818,2026-04-26,Pekanbaru,Ambon,TIKI,truk,1.24,0.3915,191269,420.9,1129296,5.9042,339.42,0.0,4.961450811389346,56029,0,0,0,0
SHP-01819,2026-04-10,Manado,Medan,JNE,pesawat,2.87,1.4339,392702,1405.9,3839131,9.7762,489.85,0.1,71.83,2757648,1,0,0,0
SHP-01820,2026-03-14,Mataram,Pontianak,Ninja Xpress,kapal_laut,10.54,4.9629,1127713,1405.6,2838185,2.5168,133.36,0.0,3.655384967020885,103747,0,0,0,0
SHP-01821,2026-05-13,Blitar,Bekasi,Wahana,kapal_laut,3.49,1.9712,485008,211.3,180926,0.373,60.54,0.0,3.643564254830132,6592,0,1,1,0
SHP-01822,2025-12-27,Bengkulu,Balikpapan,JX Express,motor,2.3,1.2063,295698,808.0,2279891,7.7102,351.3,0.0,0.8339950579240901,19014,0,0,0,0
SHP-01823,2026-02-03,Bengkulu,Manado,SiCepat,kapal_laut,3.1,1.429,287679,1043.1,1886486,6.5576,336.49,0.1,81.36,1534845,1,0,0,0
SHP-01824,2026-01-18,Depok,Palembang,Anteraja,motor,2.92,1.3098,301338,1057.1,4761396,15.8008,362.01,10.9,78.34,3730078,1,1,0,1
SHP-01825,2026-05-05,Depok,Ambon,Wahana,pesawat,1.87,0.9179,158068,2294.4,9657778,61.0989,1226.98,0.0,2.998501383830168,289589,0,1,0,1
SHP-01826,2026-02-25,Pontianak,Lampung,Wahana,pesawat,3.22,1.233,351255,1217.8,4190953,11.9314,378.19,6.5,80.29,3364916,1,0,0,0
SHP-01827,2026-03-27,Makassar,Depok,J&T Express,truk,6.56,2.8032,584116,1312.5,5864103,10.0393,200.08,1.3,77.41,4539402,1,0,1,1
SHP-01828,2026-05-30,Kupang,Semarang,JX Express,motor,3.16,1.8347,301742,1631.4,4921041,16.3088,516.28,0.0,4.0908824720861565,201314,0,0,1,1
SHP-01829,2026-04-20,Ambon,Semarang,JX Express,kapal_laut,5.32,2.6369,605798,789.2,3007369,4.9643,148.34,0.0,3.959401501160396,119074,0,0,1,1
SHP-01830,2026-06-06,Bekasi,Samarinda,SiCepat,motor,2.28,1.0723,226213,1809.8,4747660,20.9876,793.78,3.0,77.34,3671840,1,1,0,1
SHP-01831,2026-03-04,Tangerang,Jakarta,TIKI,kapal_laut,7.72,2.4827,1319184,379.0,394896,0.2993,49.09,0.0,2.6349178105269337,10405,0,1,1,0
SHP-01832,2026-04-07,Balikpapan,Banjarmasin,J&T Express,pesawat,2.35,1.3259,257357,1628.0,2575170,10.0062,692.76,0.0,2.4227786755484364,62391,0,0,0,0
SHP-01833,2025-12-20,Balikpapan,Ambon,JX Express,kapal_laut,2.99,1.1955,354392,1564.1,3281220,9.2587,523.11,0.0,0.5354276522733564,17569,0,0,0,0
SHP-01834,2026-03-24,Yogyakarta,Lampung,Ninja Xpress,motor,2.57,1.2974,321589,585.1,2898111,9.0118,227.68,0.0,4.7462578623524605,137552,0,1,0,1
SHP-01835,2026-03-12,Balikpapan,Kupang,TIKI,kapal_laut,9.36,4.0828,1360820,342.9,623279,0.458,36.64,0.9,59.31,369667,1,0,0,0
SHP-01836,2026-01-10,Medan,Banjarmasin,Anteraja,pesawat,3.98,1.2207,409770,1266.1,4162158,10.1573,318.11,0.0,4.690792042764087,195238,0,0,0,0
SHP-01837,2026-04-05,Pontianak,Surabaya,Wahana,motor,2.61,1.2313,294143,2086.9,8368673,28.451,799.59,0.7,72.0,6025445,1,0,1,1
SHP-01838,2026-03-14,Pekanbaru,Manado,SiCepat,kapal_laut,3.15,1.5715,344074,895.0,2021324,5.8747,284.13,6.8,77.08,1558037,1,0,0,0
SHP-01839,2026-05-09,Depok,Bekasi,Anteraja,kapal_laut,3.68,2.1903,398541,419.5,476640,1.196,113.99,0.0,2.8183864867210886,13434,0,1,1,0
SHP-01840,2025-12-27,Balikpapan,Jakarta,Anteraja,truk,2.33,1.1841,180430,921.0,3669664,20.3384,395.29,0.0,4.970546739211425,182402,0,0,1,1
SHP-01841,2025-12-19,Bandung,Semarang,J&T Express,pesawat,3.95,2.2027,564226,247.1,361593,0.6409,62.56,0.0,3.2963160150652726,11919,0,1,1,0
SHP-01842,2026-03-27,Manado,Banjarmasin,SiCepat,kapal_laut,2.36,1.389,208438,557.2,1137096,5.4553,236.1,0.0,3.1694000396057214,36039,0,0,0,0
SHP-01843,2025-12-24,Semarang,Medan,Ninja Xpress,pesawat,2.75,1.0841,209095,1233.4,4233401,20.2463,448.52,0.0,4.169949247510991,176531,0,1,0,1
SHP-01844,2026-04-08,Balikpapan,Padang,Ninja Xpress,motor,4.32,1.9282,475069,854.1,1356771,2.8559,197.7,0.0,4.549742733348275,61730,0,0,0,0
SHP-01845,2026-01-14,Jambi,Semarang,TIKI,motor,1.94,1.0104,283802,1388.1,4513281,15.9029,715.5,0.0,1.2581133619117424,56782,0,0,1,1
SHP-01846,2026-03-19,Makassar,Jambi,J&T Express,pesawat,4.78,2.2799,738135,1309.7,4516197,6.1184,273.99,1.3,74.19,3350567,1,0,0,0
SHP-01847,2025-12-23,Bandung,Pontianak,TIKI,motor,6.16,3.2646,497029,881.9,4023011,8.0941,143.17,0.2,73.24,2946453,1,1,0,1
SHP-01848,2026-01-30,Jakarta,Bengkulu,JNE,truk,2.81,1.1661,367069,1649.2,6138836,16.7239,586.92,0.0,2.9869122124499814,183362,0,1,0,1
SHP-01849,2026-02-21,Depok,Bengkulu,J&T Express,motor,4.91,2.5767,614844,972.7,3768433,6.1291,198.11,0.0,2.926885836728681,110298,0,1,0,1
SHP-01850,2026-04-21,Medan,Bengkulu,TIKI,pesawat,2.95,1.6631,449099,1151.0,1831112,4.0773,390.15,0.4,75.06,1374433,1,0,0,0
SHP-01851,2026-05-03,Tangerang,Samarinda,J&T Express,kapal_laut,1.96,0.6506,129181,1044.2,2733555,21.1607,532.76,0.0,4.286351737003306,117170,0,1,0,1
SHP-01852,2025-12-19,Banjarmasin,Jambi,Anteraja,kapal_laut,1.88,1.0845,216088,1363.5,3174326,14.69,725.26,0.0,4.422194662040307,140375,0,0,0,0
SHP-01853,2026-02-23,Tangerang,Pontianak,JNE,kapal_laut,12.62,7.1605,745052,1412.6,6077219,8.1568,111.93,0.0,3.8708970184955867,235243,0,1,0,1
SHP-01854,2026-04-08,Ambon,Bogor,SiCepat,motor,5.96,3.5301,786590,1838.8,5687726,7.2309,308.52,0.0,4.048890605244691,230290,0,0,1,1
SHP-01855,2026-01-05,Lampung,Samarinda,J&T Express,kapal_laut,3.13,1.4867,209284,405.5,767261,3.6661,129.55,0.0,0.37779417871885324,2899,0,0,0,0
SHP-01856,2026-03-28,Bengkulu,Solo,Ninja Xpress,kapal_laut,4.22,1.403,523170,1635.2,8087990,15.4596,387.49,0.0,4.050059863131354,327568,0,0,1,1
SHP-01857,2025-12-26,Medan,Samarinda,Ninja Xpress,motor,3.86,1.9529,343909,322.3,819031,2.3815,83.49,0.0,3.4376627777637343,28156,0,0,0,0
SHP-01858,2026-02-25,Mataram,Samarinda,Ninja Xpress,truk,3.76,1.3605,562676,360.4,968189,1.7207,95.86,0.0,4.756098379279562,46048,0,0,0,0
SHP-01859,2026-05-17,Pontianak,Bekasi,J&T Express,pesawat,1.42,0.4966,177872,1544.5,4626903,26.0125,1087.64,11.0,76.01,3516909,1,0,1,1
SHP-01860,2026-02-15,Solo,Makassar,SiCepat,kapal_laut,2.82,1.4655,217001,1830.0,6567457,30.2646,648.94,0.0,1.1861916547819824,77903,0,1,0,1
SHP-01861,2026-03-05,Medan,Yogyakarta,Ninja Xpress,truk,2.85,1.4441,228957,2416.9,9057342,39.5591,848.04,2.4,82.18,7443324,1,0,1,1
SHP-01862,2026-04-10,Manado,Bandung,Anteraja,truk,3.02,1.1075,346219,823.7,3799079,10.9731,272.74,0.0,3.9792263657080262,151174,0,0,1,1
SHP-01863,2026-01-20,Pekanbaru,Palembang,Wahana,pesawat,1.06,0.4456,135267,1404.4,3817714,28.2235,1324.88,4.6,67.8,2588410,1,0,0,0
SHP-01864,2026-01-22,Bandung,Padang,Wahana,truk,2.18,1.1866,366920,1692.4,7119264,19.4028,776.31,0.2,79.63,5669070,1,1,0,1
SHP-01865,2026-03-19,Padang,Semarang,TIKI,motor,2.86,1.6823,306024,997.9,4743512,15.5005,348.93,0.0,3.9047942636396438,185224,0,0,1,1
SHP-01866,2026-01-11,Solo,Medan,JNE,kapal_laut,1.68,0.8744,230147,1520.1,5194287,22.5694,904.81,0.0,4.324197390788881,224611,0,1,0,1
SHP-01867,2026-05-24,Blitar,Malang,Ninja Xpress,kapal_laut,13.83,4.9461,2078601,53.2,61819,0.0297,3.85,0.0,4.0171858789872905,2483,0,1,1,0
SHP-01868,2026-01-26,Banjarmasin,Bekasi,Ninja Xpress,pesawat,2.55,1.2931,190071,825.8,2232863,11.7475,323.86,4.9,74.23,1657454,1,0,1,1
SHP-01869,2026-02-10,Blitar,Malang,J&T Express,pesawat,3.54,1.676,464384,618.8,868078,1.8693,174.8,7.9,71.81,623367,1,1,1,0
SHP-01870,2026-05-22,Lampung,Jakarta,TIKI,truk,2.18,1.2475,274071,759.1,3625033,13.2266,348.23,0.0,0.02406356222777073,872,0,0,1,1
SHP-01871,2026-05-30,Medan,Tangerang,TIKI,pesawat,1.74,0.8136,158517,2027.9,7116566,44.8947,1165.48,0.0,3.336155803337067,237420,0,0,1,1
SHP-01872,2026-06-03,Jakarta,Medan,Anteraja,kapal_laut,5.26,2.5045,756830,1836.6,5662114,7.4814,349.16,4.3,78.6,4450422,1,1,0,1
SHP-01873,2026-06-14,Blitar,Solo,Anteraja,motor,7.54,3.2826,1399548,722.1,768337,0.549,95.77,0.0,0.5815519682869913,4468,0,1,1,0
SHP-01874,2026-04-01,Bekasi,Manado,Anteraja,truk,4.04,2.4037,438690,734.1,2005528,4.5716,181.72,0.1,74.41,1492313,1,1,0,1
SHP-01875,2026-05-18,Solo,Banjarmasin,JNE,motor,5.7,3.2336,628272,2279.5,10273593,16.3521,399.92,0.0,0.5868350381100984,60289,0,1,0,1
SHP-01876,2026-03-07,Bandung,Banjarmasin,Wahana,motor,2.09,0.8088,262406,1422.7,5376752,20.4902,680.7,0.0,0.7585034208900998,40783,0,1,0,1
SHP-01877,2026-03-17,Bengkulu,Padang,TIKI,pesawat,3.03,1.808,203547,216.7,544903,2.677,71.51,0.0,1.9011279019871625,10359,0,0,0,0
SHP-01878,2026-01-25,Balikpapan,Palembang,JNE,motor,2.21,1.0591,406453,1348.5,3122441,7.6822,610.19,0.4,72.59,2266580,1,0,0,0
SHP-01879,2026-02-07,Banjarmasin,Bandung,Wahana,motor,6.14,2.532,555858,1639.0,7756925,13.9549,266.94,0.0,1.881242589012575,145927,0,0,1,1
SHP-01880,2026-01-27,Makassar,Padang,SiCepat,motor,1.33,0.4941,108681,1155.3,2131311,19.6107,868.66,0.0,0.16241011794159654,3461,0,0,0,0
SHP-01881,2026-03-09,Kupang,Jambi,SiCepat,pesawat,2.01,1.0157,197426,429.0,1172579,5.9393,213.41,0.0,1.2611558392615234,14788,0,0,0,0
SHP-01882,2026-05-10,Jakarta,Ternate,JX Express,truk,2.18,1.2538,213211,761.0,2551396,11.9665,349.1,0.0,1.9589389608472096,49980,0,1,0,1
SHP-01883,2026-03-20,Pekanbaru,Bekasi,J&T Express,kapal_laut,3.02,1.5542,295006,2223.0,7029599,23.8287,736.08,0.0,4.1401399879040754,291035,0,0,1,1
SHP-01884,2026-01-30,Bekasi,Manado,Wahana,pesawat,2.23,1.0561,349216,2066.6,6488754,18.5809,926.73,9.9,80.05,5194248,1,1,0,1
SHP-01885,2026-01-25,Ternate,Jakarta,Ninja Xpress,kapal_laut,6.87,4.1083,934146,2101.4,7773559,8.3216,305.88,0.0,4.755982884178932,369709,0,0,1,1
SHP-01886,2026-03-23,Pontianak,Jambi,Wahana,motor,1.52,0.5153,165933,1667.3,2614912,15.7588,1096.9,0.0,3.107160477669493,81250,0,0,0,0
SHP-01887,2026-05-05,Manado,Medan,JX Express,kapal_laut,4.31,1.9033,498218,1671.5,4243578,8.5175,387.82,4.8,70.59,2995542,1,0,0,0
SHP-01888,2026-02-14,Ternate,Bekasi,Ninja Xpress,motor,2.77,1.157,267612,968.9,4263788,15.9327,349.79,0.0,2.532792054363684,107993,0,0,1,1
SHP-01889,2026-05-24,Jakarta,Depok,J&T Express,truk,1.57,0.6304,169692,160.4,153814,0.9064,102.14,0.0,3.760722465948256,5785,0,1,1,0
SHP-01890,2026-03-25,Balikpapan,Kupang,Wahana,pesawat,1.62,0.7282,176978,309.0,1000332,5.6523,190.77,1.6,54.32,543380,1,0,0,0
SHP-01891,2026-01-29,Jambi,Balikpapan,JNE,truk,2.34,1.1797,225428,1520.4,2979370,13.2165,649.73,0.0,0.2770108163834156,8253,0,0,0,0
SHP-01892,2026-06-12,Samarinda,Depok,Anteraja,kapal_laut,1.46,0.6011,168104,975.8,3794435,22.5719,668.37,0.0,3.536089012185638,134175,0,0,1,1
SHP-01893,2026-05-21,Palembang,Bandung,J&T Express,pesawat,1.99,0.8868,215814,1184.5,5044987,23.3766,595.22,0.0,2.301516980192338,116111,0,0,1,1
SHP-01894,2026-01-25,Bogor,Bandung,J&T Express,motor,2.46,1.4579,223627,146.8,128286,0.5737,59.69,0.4,39.47,50634,1,1,1,0
SHP-01895,2026-02-05,Balikpapan,Bogor,SiCepat,kapal_laut,2.16,1.0142,359733,1650.7,7638592,21.2341,764.21,0.0,2.9274528972978087,223616,0,0,1,1
SHP-01896,2026-05-24,Solo,Padang,J&T Express,pesawat,5.41,3.0976,924290,654.7,3015187,3.2622,121.01,0.0,3.2296222241085673,97379,0,1,0,1
SHP-01897,2026-02-15,Bekasi,Pekanbaru,SiCepat,truk,6.54,3.5914,819817,721.4,3231355,3.9416,110.31,0.6,77.9,2517226,1,1,0,1
SHP-01898,2026-02-14,Ambon,Blitar,JX Express,kapal_laut,2.51,0.813,306250,640.2,2081191,6.7957,255.05,0.0,4.88365799068832,101638,0,0,1,1
SHP-01899,2026-01-06,Balikpapan,Makassar,TIKI,motor,4.47,1.5715,520571,1216.6,2305529,4.4288,272.16,0.0,4.299639735531086,99129,0,0,0,0
SHP-01900,2026-06-03,Kupang,Makassar,Wahana,kapal_laut,6.69,2.7333,729118,1404.3,4497698,6.1687,209.91,2.2,77.76,3497410,1,0,0,0
SHP-01901,2026-04-02,Ambon,Solo,JNE,kapal_laut,1.81,0.5532,159754,1662.4,5896249,36.9083,918.43,0.1,68.07,4013577,1,0,1,1
SHP-01902,2026-05-13,Jakarta,Pekanbaru,J&T Express,motor,4.46,1.9774,486768,1311.0,5553947,11.4098,293.95,0.0,4.166446892113277,231402,0,1,0,1
SHP-01903,2026-05-20,Bogor,Tangerang,SiCepat,truk,0.8,0.2954,73078,768.1,1323398,18.1094,960.12,0.0,0.2932370421428532,3881,0,1,1,0
SHP-01904,2026-06-12,Bengkulu,Depok,SiCepat,motor,1.44,0.7861,193410,1017.2,4984526,25.7718,706.42,2.5,76.46,3811169,1,0,1,1
SHP-01905,2025-12-31,Jambi,Surabaya,Anteraja,kapal_laut,1.94,0.889,247372,1112.3,3220015,13.0169,573.38,0.0,1.2117855189019477,39020,0,0,1,1
SHP-01906,2026-05-04,Samarinda,Depok,JX Express,motor,6.79,3.008,1273311,998.4,3981411,3.1268,147.04,0.0,0.830820442411162,33078,0,0,1,1
SHP-01907,2026-02-18,Balikpapan,Bekasi,Wahana,kapal_laut,2.71,1.3981,253163,1649.3,7022594,27.7394,608.6,0.0,2.161619786195978,151802,0,0,1,1
SHP-01908,2026-01-01,Palembang,Surabaya,Anteraja,pesawat,1.44,0.5397,169629,1019.6,4940903,29.1277,708.07,0.0,1.4207009664191346,70195,0,0,1,1
SHP-01909,2026-04-25,Blitar,Semarang,JX Express,motor,4.34,2.2784,550853,322.8,536782,0.9745,74.37,0.0,1.1231692367036938,6029,0,1,1,0
SHP-01910,2026-03-21,Bekasi,Blitar,JX Express,truk,0.63,0.3287,97562,643.4,957934,9.8187,1021.25,1.9,67.55,647084,1,1,1,0
SHP-01911,2026-03-27,Makassar,Malang,TIKI,truk,5.12,2.971,445703,1758.1,8079796,18.1282,343.39,0.6,72.09,5824725,1,0,1,1
SHP-01912,2026-03-24,Semarang,Mataram,SiCepat,kapal_laut,2.0,0.7521,254475,881.8,4009630,15.7565,440.88,0.8,75.71,3035691,1,1,0,1
SHP-01913,2026-01-15,Surabaya,Medan,JNE,kapal_laut,2.23,0.7331,205717,1231.3,4175545,20.2975,552.14,0.0,2.4932814782164607,104108,0,1,0,1
SHP-01914,2026-05-12,Tangerang,Jambi,JNE,pesawat,8.21,4.7937,655686,1687.5,4877903,7.4394,205.54,0.0,4.279254640922002,208738,0,1,0,1
SHP-01915,2025-12-20,Depok,Blitar,JNE,motor,4.06,1.329,509007,780.3,893632,1.7556,192.19,3.8,70.82,632870,1,1,1,0
SHP-01916,2026-04-16,Bekasi,Pekanbaru,Anteraja,truk,7.8,2.5976,1217223,1128.1,4219662,3.4666,144.63,8.1,75.32,3178249,1,1,0,1
SHP-01917,2026-03-13,Solo,Pontianak,SiCepat,pesawat,2.73,1.461,228434,2190.8,5884543,25.7604,802.47,0.0,2.682233626288664,157837,0,1,0,1
SHP-01918,2026-03-15,Kupang,Lampung,JX Express,kapal_laut,5.1,2.9675,453886,287.6,780546,1.7197,56.39,0.0,2.504874199952024,19552,0,0,0,0
SHP-01919,2026-06-03,Bengkulu,Jambi,JX Express,motor,2.87,1.0245,348995,238.4,802469,2.2994,83.05,4.4,43.16,346346,1,0,0,0
SHP-01920,2026-03-06,Surabaya,Bekasi,JX Express,truk,11.53,5.534,1324923,425.6,382283,0.2885,36.91,0.0,0.19132451269952888,731,0,1,1,0
SHP-01921,2026-01-13,Bengkulu,Semarang,JX Express,kapal_laut,3.2,1.8882,369726,1204.6,4600002,12.4417,376.45,0.0,4.662982539104822,214497,0,0,1,1
SHP-01922,2026-02-10,Bandung,Bogor,JNE,motor,2.26,1.0555,279196,182.1,151899,0.5441,80.56,0.0,0.7804120225658884,1185,0,1,1,0
SHP-01923,2026-06-07,Solo,Ambon,JNE,truk,2.32,0.8304,209275,535.5,2029174,9.6962,230.81,0.0,3.559604167232982,72231,0,1,0,1
SHP-01924,2026-02-16,Manado,Blitar,JNE,motor,3.16,1.5441,288637,1010.6,4994777,17.3047,319.81,0.0,1.022097744481865,51052,0,0,1,1
SHP-01925,2026-02-09,Kupang,Surabaya,Anteraja,motor,2.87,1.6736,308495,1335.7,4583412,14.8573,465.41,0.0,1.6881314576738133,77374,0,0,1,1
SHP-01926,2026-01-05,Kupang,Semarang,J&T Express,motor,2.11,0.8552,237672,1304.3,6511639,27.3976,618.17,4.2,76.04,4951450,1,0,1,1
SHP-01927,2026-06-10,Jambi,Makassar,TIKI,kapal_laut,1.17,0.4725,141812,584.4,1425523,10.0522,499.45,0.0,3.9730094463361127,56636,0,0,0,0
SHP-01928,2026-05-19,Bengkulu,Malang,J&T Express,motor,2.97,0.9875,481921,715.5,2295152,4.7625,240.9,0.0,0.7684946809938265,17638,0,0,1,1
SHP-01929,2026-01-21,Yogyakarta,Tangerang,JNE,kapal_laut,2.18,1.0845,286503,794.4,1038523,3.6248,364.41,0.0,0.18239008880436336,1894,0,1,1,0
SHP-01930,2026-01-31,Padang,Manado,TIKI,motor,2.49,1.1358,250332,355.8,686444,2.7421,142.91,4.7,55.46,380702,1,0,0,0
SHP-01931,2026-01-01,Blitar,Samarinda,JNE,truk,2.14,0.8392,402367,1483.4,7319495,18.1911,693.19,1.7,74.1,5423746,1,1,0,1
SHP-01932,2026-03-23,Palembang,Depok,Anteraja,motor,4.09,1.9868,481260,1543.7,6940828,14.4222,377.44,1.2,75.52,5241713,1,0,1,1
SHP-01933,2026-05-19,Jambi,Medan,JNE,truk,1.9,0.6439,236582,795.6,2376695,10.046,418.76,0.0,4.240034445211062,100773,0,0,0,0
SHP-01934,2026-03-20,Solo,Bogor,J&T Express,pesawat,3.23,1.7695,284329,521.8,820336,2.8852,161.54,0.0,4.541079029886886,37252,0,1,1,0
SHP-01935,2026-01-08,Surabaya,Palembang,JX Express,motor,1.07,0.3578,103761,1475.6,5730191,55.2249,1379.06,0.0,2.4295708773615066,139219,0,1,0,1
SHP-01936,2026-05-05,Bandung,Padang,JX Express,kapal_laut,2.64,1.1671,388228,2120.6,9837108,25.3385,803.27,1.1,69.99,6884992,1,1,0,1
SHP-01937,2026-05-17,Ternate,Tangerang,SiCepat,pesawat,3.78,1.351,392001,969.4,2609677,6.6573,256.46,0.8,72.91,1902716,1,0,1,1
SHP-01938,2026-05-24,Manado,Bandung,SiCepat,motor,4.95,2.6911,838323,1708.6,5333016,6.3615,345.16,0.0,0.032005585105522316,1707,0,0,1,1
SHP-01939,2026-03-10,Jakarta,Tangerang,Wahana,truk,7.3,3.8201,1198912,653.2,924664,0.7713,89.48,0.0,4.2349945361917465,39159,0,1,1,0
SHP-01940,2026-02-02,Bengkulu,Pekanbaru,SiCepat,pesawat,4.45,2.0722,522508,1750.1,3396780,6.5009,393.28,0.3,79.9,2714027,1,0,0,0
SHP-01941,2026-01-19,Semarang,Mataram,J&T Express,pesawat,2.0,0.6695,310890,1119.4,4059174,13.0566,559.72,0.0,2.070352509668602,84039,0,1,0,1
SHP-01942,2026-03-07,Balikpapan,Tangerang,JNE,motor,2.8,1.5267,259802,543.6,1501001,5.7775,194.13,0.0,1.768437242616991,26544,0,0,1,1
SHP-01943,2026-01-31,Tangerang,Depok,Wahana,kapal_laut,4.9,2.1388,403269,693.4,1204665,2.9872,141.51,2.9,76.81,925303,1,1,1,0
SHP-01944,2026-06-13,Makassar,Jakarta,TIKI,kapal_laut,4.4,1.839,695503,677.9,3077467,4.4248,154.07,0.0,1.5022974860224263,46233,0,0,1,1
SHP-01945,2026-04-14,Ambon,Medan,JNE,kapal_laut,0.73,0.3178,52000,1233.4,1962347,37.7374,1689.65,0.0,4.7397577537811335,93010,0,0,0,0
SHP-01946,2026-04-02,Surabaya,Bengkulu,JNE,truk,1.06,0.4471,103348,689.2,2278151,22.0435,650.23,0.0,1.9424870957069458,44253,0,1,0,1
SHP-01947,2026-02-04,Jakarta,Bandung,Anteraja,motor,1.91,0.8388,200064,631.2,906459,4.5308,330.46,0.0,2.954710098789031,26783,0,1,1,0
SHP-01948,2026-04-19,Tangerang,Pontianak,J&T Express,motor,2.69,1.6045,378428,1437.1,6299735,16.6471,534.23,0.0,4.748420899948304,299138,0,1,0,1
SHP-01949,2026-02-26,Jambi,Banjarmasin,Ninja Xpress,pesawat,5.02,2.7347,705431,365.2,1228296,1.7412,72.75,0.3,63.57,780828,1,0,0,0
SHP-01950,2026-04-04,Ambon,Bandung,JNE,pesawat,3.46,1.1344,260245,2443.5,8287496,31.845,706.21,0.0,2.1143703329465873,175228,0,0,1,1
SHP-01951,2026-05-31,Blitar,Bengkulu,Anteraja,motor,2.57,1.2086,262503,553.0,1674451,6.3788,215.19,0.8,69.21,1158888,1,1,0,1
SHP-01952,2026-01-20,Bekasi,Pekanbaru,SiCepat,motor,1.86,0.6203,241818,2162.9,6680024,27.6242,1162.87,0.0,1.082279568967559,72297,0,1,0,1
SHP-01953,2025-12-27,Mataram,Bekasi,JX Express,kapal_laut,1.89,0.9768,224132,1992.5,7771521,34.6739,1054.23,2.2,77.46,6019820,1,0,1,1
SHP-01954,2026-02-11,Blitar,Ambon,SiCepat,motor,3.92,1.709,379920,2482.1,12155663,31.9953,633.18,0.7,73.42,8924688,1,1,0,1
SHP-01955,2026-05-11,Pekanbaru,Medan,Wahana,truk,2.68,1.2536,285592,1519.6,3685078,12.9033,567.02,6.4,72.21,2660995,1,0,0,0
SHP-01956,2026-03-31,Depok,Jakarta,JX Express,kapal_laut,6.11,2.315,510022,494.4,738610,1.4482,80.92,0.0,0.5081216223043017,3753,0,1,1,0
SHP-01957,2026-03-05,Bengkulu,Jambi,Ninja Xpress,pesawat,2.73,1.008,302277,411.7,1190351,3.9379,150.81,0.0,3.6214930020647653,43108,0,0,0,0
SHP-01958,2026-05-17,Medan,Balikpapan,SiCepat,pesawat,1.89,1.0502,113179,1678.3,3824535,33.7919,887.97,0.1,72.33,2766286,1,0,0,0
SHP-01959,2026-01-05,Bengkulu,Samarinda,JNE,truk,5.3,2.2503,720044,1099.0,3379911,4.694,207.35,0.0,3.7349254497694444,126237,0,0,0,0
SHP-01960,2025-12-22,Pontianak,Surabaya,SiCepat,truk,4.48,1.5321,608991,1105.9,5450794,8.9505,246.86,0.0,3.1224674005521083,170199,0,0,1,1
SHP-01961,2026-01-05,Bengkulu,Kupang,JX Express,motor,0.93,0.3398,86170,1046.8,2603901,30.2182,1125.55,0.0,4.895112084828461,127464,0,0,0,0
SHP-01962,2026-03-08,Blitar,Jambi,JX Express,pesawat,3.11,1.0633,389063,1552.5,7700783,19.7932,499.21,0.0,0.6078212514777576,46807,0,1,0,1
SHP-01963,2026-03-01,Surabaya,Jambi,TIKI,truk,1.64,0.8682,202409,977.5,3681996,18.1909,596.02,2.9,73.28,2698167,1,1,0,1
SHP-01964,2026-01-03,Mataram,Makassar,JX Express,pesawat,1.54,0.4933,154666,487.5,1065948,6.8919,316.56,0.0,2.6683016176963212,28443,0,0,0,0
SHP-01965,2026-04-10,Ternate,Medan,Wahana,truk,1.58,0.7608,174474,1576.1,5315571,30.4663,997.55,7.1,72.51,3854321,1,0,0,0
SHP-01966,2026-04-19,Tangerang,Bekasi,Anteraja,kapal_laut,10.23,4.3862,1355579,430.5,719795,0.531,42.08,0.0,0.3719275559898555,2677,0,1,1,0
SHP-01967,2026-05-03,Blitar,Bandung,JX Express,pesawat,2.62,1.0354,302045,636.3,544538,1.8028,242.86,0.0,1.9432822130099097,10582,0,1,1,0
SHP-01968,2026-03-05,Samarinda,Banjarmasin,Wahana,truk,1.77,0.583,180951,626.3,1428215,7.8928,353.85,0.6,73.68,1052309,1,0,0,0
SHP-01969,2026-02-09,Medan,Balikpapan,JNE,kapal_laut,1.75,0.6809,144720,1196.0,2618484,18.0934,683.42,0.0,2.838869540072528,74335,0,0,0,0
SHP-01970,2026-03-06,Makassar,Samarinda,TIKI,motor,2.24,1.0512,220615,1351.7,2755931,12.492,603.44,0.2,76.44,2106634,1,0,0,0
SHP-01971,2026-05-04,Makassar,Jakarta,TIKI,motor,1.71,1.0044,184275,706.8,2411614,13.087,413.35,0.0,3.65141659416863,88058,0,0,1,1
SHP-01972,2026-05-02,Malang,Jakarta,JNE,truk,4.88,1.7072,516067,154.5,195632,0.3791,31.66,0.0,4.192802342194866,8202,0,1,1,0
SHP-01973,2026-03-17,Ternate,Semarang,JNE,motor,4.45,1.6056,395101,1932.5,9573745,24.2311,434.28,0.0,1.4530401134777278,139110,0,0,1,1
SHP-01974,2025-12-18,Yogyakarta,Solo,JNE,motor,2.84,1.1033,285856,555.1,686532,2.4017,195.44,0.0,2.450283639619946,16822,0,1,1,0
SHP-01975,2026-06-06,Palembang,Samarinda,TIKI,motor,2.43,1.2622,224859,1295.1,1993102,8.8638,532.96,0.0,4.425009231297823,88195,0,0,0,0
SHP-01976,2026-03-24,Pontianak,Semarang,Anteraja,pesawat,3.84,2.1624,264558,919.6,2323701,8.7833,239.48,0.0,0.6450096234912839,14988,0,0,1,1
SHP-01977,2026-05-16,Bandung,Yogyakarta,TIKI,truk,3.9,1.4879,418073,256.0,459704,1.0996,65.64,0.0,1.0235569094984098,4705,0,1,1,0
SHP-01978,2026-06-12,Palembang,Samarinda,SiCepat,truk,2.6,0.8767,422545,1179.5,3741870,8.8556,453.67,0.0,3.3803064862470604,126487,0,0,0,0
SHP-01979,2026-03-22,Blitar,Malang,JNE,pesawat,0.71,0.2267,43866,343.2,473745,10.7998,483.41,3.5,45.25,214370,1,1,1,0
SHP-01980,2026-03-15,Manado,Jakarta,J&T Express,pesawat,3.89,1.6422,443601,2160.3,6318557,14.2438,555.34,0.4,71.96,4546834,1,0,1,1
SHP-01981,2026-05-11,Jakarta,Depok,JNE,motor,2.17,1.1541,230949,581.3,681516,2.9509,267.86,0.0,3.48157067457753,23727,0,1,1,0
SHP-01982,2026-03-28,Bengkulu,Ternate,JNE,pesawat,3.02,1.7976,409453,576.0,1925324,4.7022,190.73,0.0,4.773234937319035,91900,0,0,0,0
SHP-01983,2026-02-23,Banjarmasin,Medan,SiCepat,pesawat,6.56,3.1406,417287,385.3,831946,1.9937,58.73,1.2,62.47,519717,1,0,0,0
SHP-01984,2026-03-15,Ambon,Solo,Wahana,motor,4.8,1.6951,297966,1390.3,5323136,17.8649,289.64,0.8,73.55,3915167,1,0,1,1
SHP-01985,2026-03-12,Ternate,Kupang,JNE,motor,1.27,0.4067,217833,1522.9,2684114,12.3219,1199.14,0.0,4.464367822564591,119829,0,0,0,0
SHP-01986,2026-05-23,Lampung,Depok,Anteraja,pesawat,3.39,1.3485,477001,1385.9,5006311,10.4954,408.82,0.0,4.912772135905536,245949,0,0,1,1
SHP-01987,2026-05-23,Semarang,Bengkulu,TIKI,motor,1.13,0.5962,163444,1384.3,4326344,26.4699,1225.05,0.0,3.4141435885459153,147708,0,1,0,1
SHP-01988,2026-02-24,Medan,Jakarta,Ninja Xpress,motor,0.69,0.2487,94565,1251.9,3154100,33.3538,1814.38,0.0,1.3614729962686596,42942,0,0,1,1
SHP-01989,2026-05-18,Bengkulu,Balikpapan,J&T Express,kapal_laut,4.87,2.7585,667975,211.3,734476,1.0996,43.38,0.0,1.952079419139916,14338,0,0,0,0
SHP-01990,2026-04-19,Balikpapan,Semarang,TIKI,motor,5.3,2.5351,644878,2358.0,9997689,15.5032,444.91,0.0,4.561826690403587,456077,0,0,1,1
SHP-01991,2026-04-09,Malang,Pontianak,Wahana,pesawat,4.76,1.9499,753226,2221.6,8398064,11.1495,466.71,0.0,0.5245669389552698,44053,0,1,0,1
SHP-01992,2025-12-29,Samarinda,Blitar,Wahana,motor,3.71,2.1251,483111,1440.5,5389164,11.1551,388.28,2.6,77.12,4156123,1,0,1,1
SHP-01993,2026-05-02,Ambon,Bekasi,Anteraja,pesawat,2.04,1.0156,254561,720.6,3536554,13.8928,353.25,0.0,2.907651994586984,102831,0,0,1,1
SHP-01994,2026-04-12,Balikpapan,Palembang,SiCepat,motor,2.25,1.1938,402804,374.6,854837,2.1222,166.49,0.0,3.668129342016412,31357,0,0,0,0
SHP-01995,2026-02-07,Depok,Padang,TIKI,pesawat,2.72,1.4548,368754,2210.1,8014200,21.7332,812.55,0.0,4.609664107558544,369428,0,1,0,1
SHP-01996,2026-05-20,Depok,Palembang,J&T Express,motor,2.9,1.5867,479222,1477.6,7222731,15.0718,509.52,16.6,77.52,5599061,1,1,0,1
SHP-01997,2026-04-25,Ternate,Bengkulu,Wahana,motor,9.9,3.5441,1353953,204.2,513666,0.3794,20.62,2.6,42.03,215894,1,0,0,0
SHP-01998,2025-12-22,Lampung,Pontianak,Ninja Xpress,pesawat,2.39,0.9608,315650,1425.3,4213387,13.3483,596.37,4.3,83.4,3513965,1,0,0,0
SHP-01999,2026-05-13,Ternate,Medan,Ninja Xpress,kapal_laut,1.89,0.9607,290707,655.6,1574058,5.4146,346.87,3.5,74.62,1174562,1,0,0,0
SHP-02000,2026-05-07,Blitar,Tangerang,Wahana,motor,1.4,0.6772,209011,582.8,649185,3.106,416.26,1.8,75.89,492666,1,1,1,0
SHP-02001,2026-05-05,Bandung,Palembang,J&T Express,motor,2.18,1.2912,270789,1220.9,3888863,14.3612,560.05,0.0,1.9581397291703917,76149,0,1,0,1
SHP-02002,2026-01-27,Semarang,Manado,TIKI,truk,6.33,1.9261,496592,1969.9,5433772,10.9421,311.2,6.1,78.69,4275835,1,1,0,1
SHP-02003,2026-06-01,Jambi,Blitar,JNE,pesawat,2.55,1.1915,294378,2373.6,8135454,27.6361,930.83,8.4,74.22,6038134,1,0,1,1
SHP-02004,2026-04-26,Yogyakarta,Palembang,TIKI,pesawat,2.59,1.1556,360160,1123.2,5036509,13.9841,433.68,0.4,73.85,3719462,1,1,0,1
SHP-02005,2026-05-09,Padang,Balikpapan,JNE,pesawat,4.1,1.266,434072,590.7,1554246,3.5806,144.08,0.0,4.915254332855982,76395,0,0,0,0
SHP-02006,2026-02-16,Palembang,Kupang,JNE,kapal_laut,1.33,0.7776,159264,932.7,2528423,15.8757,701.25,0.0,4.6927552638950925,118653,0,0,0,0
SHP-02007,2026-05-04,Jakarta,Balikpapan,J&T Express,pesawat,3.74,1.1846,373102,1118.7,2889445,7.7444,299.11,0.0,2.378116506861403,68714,0,1,0,1
SHP-02008,2026-03-10,Semarang,Medan,SiCepat,truk,3.2,1.1882,343644,1969.4,9133845,26.5794,615.43,2.7,78.07,7130793,1,1,0,1
SHP-02009,2026-04-29,Ternate,Jambi,SiCepat,truk,1.68,0.9404,186111,432.5,850461,4.5696,257.45,0.0,3.742988343526731,31833,0,0,0,0
SHP-02010,2026-04-26,Makassar,Samarinda,JNE,pesawat,1.82,0.8141,264685,1462.9,4800116,18.1352,803.77,0.0,0.31069753319879434,14914,0,0,0,0
SHP-02011,2026-01-20,Yogyakarta,Solo,JNE,truk,5.24,2.6782,579753,153.0,257225,0.4437,29.2,0.0,0.06570472734579835,169,0,1,1,0
SHP-02012,2026-02-14,Palembang,Ambon,JNE,motor,2.45,0.9239,304314,778.9,1507123,4.9525,317.9,0.0,3.4743842948454775,52363,0,0,0,0
SHP-02013,2026-01-08,Banjarmasin,Manado,Anteraja,truk,2.18,1.1112,192420,949.0,2895169,15.0461,435.3,1.7,72.42,2096681,1,0,0,0
SHP-02014,2026-01-01,Pontianak,Pekanbaru,Wahana,kapal_laut,3.17,1.4479,336280,1474.6,2644403,7.8637,465.19,0.0,3.5977653440535367,95139,0,0,0,0
SHP-02015,2026-04-24,Samarinda,Medan,Anteraja,truk,1.62,0.7997,170176,819.5,2404822,14.1314,505.87,0.0,0.05287232976028622,1271,0,0,0,0
SHP-02016,2026-04-08,Surabaya,Lampung,JX Express,motor,2.05,1.15,307462,788.7,3120520,10.1493,384.73,0.4,71.55,2232732,1,1,0,1
SHP-02017,2025-12-17,Yogyakarta,Manado,Ninja Xpress,kapal_laut,0.69,0.3709,62990,2454.2,9549121,151.5974,3556.82,0.1,69.67,6652873,1,1,0,1
SHP-02018,2026-04-03,Semarang,Banjarmasin,JNE,motor,2.6,1.0663,210956,706.9,3444567,16.3284,271.89,0.0,1.4261595926513952,49125,0,1,0,1
SHP-02019,2026-06-14,Blitar,Palembang,Ninja Xpress,motor,3.6,1.2438,490574,1839.4,6104554,12.4437,510.94,0.1,82.0,5005734,1,1,0,1
SHP-02020,2026-05-04,Bandung,Bengkulu,Wahana,truk,5.71,2.9753,377210,1244.4,3573424,9.4733,217.94,0.0,2.826730254052406,101011,0,1,0,1
SHP-02021,2025-12-27,Bengkulu,Samarinda,TIKI,kapal_laut,4.81,2.7211,545391,1164.9,2374084,4.353,242.18,0.0,3.464093828721076,82240,0,0,0,0
SHP-02022,2026-01-08,Mataram,Depok,TIKI,motor,0.75,0.4472,84649,2020.2,6800636,80.3392,2693.56,0.0,3.3910066142848465,230610,0,0,1,1
SHP-02023,2026-04-14,Samarinda,Balikpapan,Anteraja,kapal_laut,2.13,1.0983,170862,1469.4,4202155,24.5939,689.84,6.9,80.95,3401644,1,0,0,0
SHP-02024,2026-06-13,Makassar,Samarinda,TIKI,motor,12.94,5.4172,1818928,1172.7,2648663,1.4562,90.62,3.4,73.52,1947297,1,0,0,0
SHP-02025,2026-02-04,Ambon,Pontianak,Ninja Xpress,pesawat,2.99,1.6108,330762,1479.9,3761806,11.3732,494.95,0.0,1.9549274264354688,73541,0,0,0,0
SHP-02026,2026-03-22,Surabaya,Tangerang,Anteraja,truk,3.06,1.6703,298195,262.4,221789,0.7438,85.76,0.0,1.277458975670237,2833,0,1,1,0
SHP-02027,2025-12-17,Jakarta,Padang,JX Express,kapal_laut,1.78,0.664,154865,1682.3,4614496,29.7969,945.13,3.5,69.12,3189540,1,1,0,1
SHP-02028,2026-03-01,Pontianak,Bogor,J&T Express,pesawat,2.56,1.161,394450,1143.0,3492972,8.8553,446.49,0.8,79.27,2768879,1,0,1,1
SHP-02029,2026-05-08,Semarang,Pontianak,TIKI,truk,5.47,2.7806,766411,2202.8,5552894,7.2453,402.71,0.0,4.423748707629615,245646,0,1,0,1
SHP-02030,2026-01-18,Bengkulu,Mataram,JX Express,pesawat,1.19,0.6955,117397,735.9,1592345,13.5638,618.42,0.0,0.8198269018022697,13054,0,0,0,0
SHP-02031,2026-03-28,Pontianak,Mataram,Wahana,truk,3.9,1.2452,451196,1754.8,3528475,7.8203,449.95,0.0,1.4002042802742287,49406,0,0,0,0
SHP-02032,2026-04-08,Medan,Jakarta,Anteraja,kapal_laut,11.43,6.7154,1337029,1004.1,3701359,2.7683,87.85,0.0,0.9011887043939554,33356,0,0,1,1
SHP-02033,2026-02-25,Palembang,Surabaya,Wahana,kapal_laut,2.99,1.6224,244760,2164.4,6389888,26.1067,723.87,0.0,4.7136978000002285,301200,0,0,1,1
SHP-02034,2026-05-11,Pekanbaru,Pontianak,Wahana,motor,5.91,2.2673,842502,1413.6,4852776,5.76,239.19,0.0,4.5903365168860795,222759,0,0,0,0
SHP-02035,2026-06-08,Balikpapan,Padang,TIKI,motor,2.41,0.9637,465367,1130.3,2263206,4.8633,469.0,0.0,2.5796624497626204,58383,0,0,0,0
SHP-02036,2026-03-04,Semarang,Yogyakarta,Anteraja,pesawat,5.29,1.9717,759293,355.3,611588,0.8055,67.17,1.3,58.8,359614,1,1,1,0
SHP-02037,2026-05-12,Yogyakarta,Lampung,SiCepat,kapal_laut,7.02,3.4901,618419,560.5,1844186,2.9821,79.85,1.4,71.94,1326707,1,1,0,1
SHP-02038,2026-03-01,Makassar,Jambi,Anteraja,kapal_laut,2.16,0.9331,325758,1661.7,4870485,14.9512,769.33,0.0,0.3370288959479223,16415,0,0,0,0
SHP-02039,2026-04-28,Jambi,Solo,Anteraja,pesawat,2.1,0.8936,347654,710.3,2886476,8.3027,338.23,3.6,75.92,2191413,1,0,1,1
SHP-02040,2026-02-24,Manado,Kupang,Wahana,truk,6.14,2.4295,790245,1578.8,3414461,4.3208,257.14,0.0,1.158233968676604,39547,0,0,0,0
SHP-02041,2026-03-09,Depok,Lampung,Anteraja,truk,3.07,1.4998,368865,1177.2,3166684,8.5849,383.45,3.3,78.05,2471597,1,1,0,1
SHP-02042,2025-12-19,Palembang,Padang,JNE,pesawat,7.3,3.0443,1122258,1417.9,2624803,2.3389,194.23,0.0,0.7815955204343666,20515,0,0,0,0
SHP-02043,2026-02-17,Ambon,Manado,Anteraja,motor,5.4,1.692,384406,1279.2,4002654,10.4126,236.89,0.0,4.335238594734731,173525,0,0,0,0
SHP-02044,2026-05-11,Surabaya,Ternate,SiCepat,kapal_laut,1.77,0.7336,171374,2075.3,10010540,58.4134,1172.48,0.0,2.7257003035097926,272857,0,1,0,1
SHP-02045,2026-04-18,Palembang,Manado,Ninja Xpress,kapal_laut,2.82,1.471,475313,439.3,1103285,2.3212,155.77,0.0,2.2441790461926954,24760,0,0,0,0
SHP-02046,2026-03-12,Ambon,Tangerang,Wahana,truk,1.48,0.8098,157626,2126.5,9326927,59.1712,1436.85,0.0,3.183043401846024,296880,0,0,1,1
SHP-02047,2026-05-30,Banjarmasin,Blitar,Ninja Xpress,motor,6.03,3.1003,424555,925.9,3543401,8.3462,153.55,0.0,2.349081308332235,83237,0,0,1,1
SHP-02048,2026-06-04,Yogyakarta,Samarinda,Wahana,kapal_laut,6.44,2.1765,908149,2120.2,10191763,11.2226,329.23,3.7,78.89,8040282,1,1,0,1
SHP-02049,2026-02-17,Samarinda,Balikpapan,SiCepat,pesawat,2.39,1.0114,342984,1294.3,4481112,13.0651,541.55,0.0,4.461865310203386,199941,0,0,0,0
SHP-02050,2025-12-31,Jambi,Bandung,Anteraja,truk,1.38,0.645,143017,2077.4,7381762,51.6146,1505.38,0.0,1.4274458363551985,105371,0,0,1,1
SHP-02051,2026-05-27,Makassar,Blitar,JX Express,pesawat,5.82,2.9179,954126,1362.5,5947553,6.2335,234.1,3.7,75.93,4515977,1,0,1,1
SHP-02052,2026-03-26,Lampung,Solo,Anteraja,pesawat,2.26,1.1455,203101,1346.5,3910454,19.2537,595.79,0.0,1.3088519476360365,51182,0,0,1,1
SHP-02053,2026-04-13,Padang,Ambon,Anteraja,kapal_laut,2.76,1.1696,363227,530.1,885463,2.4378,192.07,0.0,0.23599238043237158,2090,0,0,0,0
SHP-02054,2026-05-26,Padang,Pontianak,JNE,truk,2.97,1.2259,297673,878.9,2416129,8.1167,295.92,6.6,76.06,1837708,1,0,0,0
SHP-02055,2026-05-03,Bandung,Manado,JNE,truk,2.51,1.0971,284873,1307.4,3337714,11.7165,520.88,0.0,2.249258923940441,75074,0,1,0,1
SHP-02056,2026-03-19,Pontianak,Samarinda,Wahana,truk,2.35,1.1428,330115,1268.5,2653144,8.037,539.77,0.0,1.703133008194937,45187,0,0,0,0
SHP-02057,2026-04-02,Pekanbaru,Padang,Ninja Xpress,pesawat,1.43,0.8136,149153,414.4,1210126,8.1133,289.79,0.4,62.86,760685,1,0,0,0
SHP-02058,2026-03-30,Kupang,Surabaya,TIKI,pesawat,4.05,2.1564,376145,692.6,1847583,4.9119,171.0,0.0,0.9248701890010896,17088,0,0,1,1
SHP-02059,2026-04-24,Ambon,Bogor,Wahana,pesawat,4.13,1.3134,457182,1829.6,6740256,14.743,443.01,2.9,73.62,4962176,1,0,1,1
SHP-02060,2025-12-17,Jakarta,Pontianak,SiCepat,pesawat,6.31,2.3511,622346,837.1,4168607,6.6982,132.66,0.0,1.428654417753477,59555,0,1,0,1
SHP-02061,2026-03-14,Solo,Padang,TIKI,motor,1.39,0.7482,96379,852.1,3656486,37.9386,612.99,0.0,4.505891168072268,164757,0,1,0,1
SHP-02062,2026-04-15,Lampung,Ambon,SiCepat,pesawat,2.9,1.3643,326544,1507.7,4094200,12.538,519.89,0.4,81.49,3336364,1,0,0,0
SHP-02063,2026-04-16,Kupang,Yogyakarta,Ninja Xpress,pesawat,2.7,1.539,297499,727.7,3274527,11.0069,269.52,0.0,3.6493045083207685,119497,0,0,1,1
SHP-02064,2026-04-14,Tangerang,Ternate,Ninja Xpress,motor,1.7,0.9012,234388,2285.0,8154658,34.7913,1344.11,0.0,0.9281974469709697,75691,0,1,0,1
SHP-02065,2026-04-01,Bekasi,Ambon,SiCepat,truk,4.15,2.2077,629478,1915.5,7195096,11.4303,461.57,0.0,0.19716739998262123,14186,0,1,0,1
SHP-02066,2026-03-14,Padang,Mataram,Anteraja,truk,1.44,0.6922,186121,1338.2,3555444,19.1029,929.34,0.0,1.5100928697574694,53691,0,0,0,0
SHP-02067,2026-04-23,Solo,Malang,J&T Express,truk,11.95,3.7144,1196003,194.1,231529,0.1936,16.25,0.0,4.083203475780425,9454,0,1,1,0
SHP-02068,2025-12-29,Semarang,Makassar,SiCepat,kapal_laut,3.87,2.3124,646175,1891.5,5056123,7.8247,488.77,0.0,0.056725921416936886,2868,0,1,0,1
SHP-02069,2026-04-06,Malang,Lampung,J&T Express,truk,2.93,1.5938,202938,911.9,2641942,13.0185,311.22,0.0,4.930513808467067,130261,0,1,0,1
SHP-02070,2026-05-06,Ternate,Tangerang,Ninja Xpress,motor,1.15,0.4334,155470,1189.9,5432943,34.9453,1034.68,0.0,1.733762202826485,94194,0,0,1,1
SHP-02071,2026-05-31,Bogor,Lampung,Wahana,kapal_laut,4.19,1.7527,636619,2419.4,9095764,14.2876,577.41,3.2,79.53,7233861,1,1,0,1
SHP-02072,2026-01-13,Depok,Samarinda,Wahana,truk,3.39,1.8016,268225,1423.3,3606904,13.4473,419.86,0.0,1.4046770484221605,50665,0,1,0,1
SHP-02073,2026-03-25,Mataram,Ambon,JX Express,motor,3.87,1.9919,489634,1304.0,2110620,4.3106,336.96,0.0,3.7109473228896874,78324,0,0,0,0
SHP-02074,2026-03-03,Pontianak,Ambon,JNE,truk,5.56,1.7776,725067,516.6,963645,1.329,92.92,5.6,72.54,699028,1,0,0,0
SHP-02075,2026-02-08,Depok,Kupang,Wahana,pesawat,1.45,0.7367,184735,1802.2,5602107,30.3251,1242.88,4.0,75.67,4239114,1,1,0,1
SHP-02076,2026-02-27,Solo,Yogyakarta,Ninja Xpress,kapal_laut,4.59,1.842,405177,702.7,710832,1.7544,153.09,0.0,4.470826893154841,31780,0,1,1,0
SHP-02077,2026-01-21,Ternate,Jakarta,TIKI,pesawat,3.07,1.6127,346299,2317.8,8968563,25.8983,754.97,0.0,1.9818963065011213,177748,0,0,1,1
SHP-02078,2026-04-05,Ambon,Jambi,TIKI,kapal_laut,8.12,2.5153,988899,902.4,2289979,2.3157,111.13,0.0,4.492930091901245,102887,0,0,0,0
SHP-02079,2026-02-11,Pontianak,Palembang,Wahana,pesawat,1.75,0.9275,146631,369.0,799276,5.4509,210.88,0.0,2.8754370451817275,22983,0,0,0,0
SHP-02080,2026-03-27,Medan,Bandung,J&T Express,pesawat,2.43,1.1029,248615,1006.1,2715201,10.9213,414.04,0.0,2.7202506405390734,73860,0,0,1,1
SHP-02081,2026-06-09,Lampung,Malang,JX Express,truk,1.16,0.3892,147206,2219.5,10417482,70.7681,1913.36,2.2,66.47,6924500,1,0,1,1
SHP-02082,2026-04-16,Ternate,Depok,Ninja Xpress,pesawat,4.03,2.3834,466288,1296.5,6384406,13.692,321.71,4.2,83.01,5299695,1,0,1,1
SHP-02083,2026-03-01,Banjarmasin,Makassar,J&T Express,pesawat,4.45,2.5062,611628,703.6,2451234,4.0077,158.12,0.0,1.7708615837457469,43408,0,0,0,0
SHP-02084,2026-01-15,Ternate,Palembang,JNE,truk,1.03,0.4368,121084,1440.7,4916991,40.6081,1398.74,0.0,1.882036283607103,92540,0,0,0,0
SHP-02085,2026-05-31,Banjarmasin,Tangerang,SiCepat,truk,5.31,2.8132,828704,1281.2,4901636,5.9148,241.27,0.0,3.2906009922215174,161293,0,0,1,1
SHP-02086,2026-04-09,Padang,Depok,Wahana,truk,0.97,0.4669,92527,2313.8,5976152,64.5882,2385.33,0.6,72.08,4307610,1,0,1,1
SHP-02087,2026-02-10,Mataram,Kupang,JNE,kapal_laut,1.84,0.691,222867,1737.9,5432611,24.376,944.53,3.5,69.39,3769689,1,0,0,0
SHP-02088,2025-12-18,Padang,Depok,Ninja Xpress,truk,2.35,1.378,245560,1274.4,5021368,20.4486,542.3,5.4,83.6,4197864,1,0,1,1
SHP-02089,2026-05-28,Banjarmasin,Ambon,Ninja Xpress,motor,1.68,0.7562,190414,1746.9,5214596,27.3856,1039.85,0.0,4.6542067348379605,242698,0,0,0,0
SHP-02090,2026-04-17,Jambi,Makassar,TIKI,pesawat,1.87,1.0004,214685,494.6,1051562,4.8982,264.49,1.6,66.65,700866,1,0,0,0
SHP-02091,2026-05-19,Ambon,Solo,JX Express,pesawat,7.15,3.1884,786401,2204.5,5803421,7.3797,308.32,0.0,2.325616536892417,134965,0,0,1,1
SHP-02092,2026-04-03,Yogyakarta,Bengkulu,Anteraja,pesawat,0.99,0.5161,116277,2247.9,9993021,85.9415,2270.62,0.0,1.5086778834252517,150762,0,1,0,1
SHP-02093,2026-01-27,Surabaya,Lampung,Anteraja,kapal_laut,9.82,5.4436,1186232,1201.2,3452731,2.9107,122.32,0.0,4.067864414004147,140452,0,1,0,1
SHP-02094,2026-02-28,Malang,Jambi,TIKI,motor,1.44,0.6358,142812,1483.9,7395486,51.7848,1030.48,0.7,74.94,5542177,1,1,0,1
SHP-02095,2026-02-15,Kupang,Depok,JX Express,pesawat,2.54,1.0223,372521,1957.9,5211672,13.9903,770.83,0.0,4.939532949035388,257432,0,0,1,1
SHP-02096,2026-01-16,Bandung,Bengkulu,Anteraja,truk,2.91,0.9743,236849,2366.0,7440013,31.4125,813.08,3.1,80.68,6002602,1,1,0,1
SHP-02097,2025-12-25,Mataram,Pontianak,TIKI,truk,4.9,2.6464,523550,1597.1,3959026,7.5619,325.93,0.0,4.066665387511916,161000,0,0,0,0
SHP-02098,2026-05-01,Pontianak,Manado,Ninja Xpress,kapal_laut,4.39,2.2758,361150,1096.5,3590748,9.9425,249.77,0.0,1.7031847403291778,61157,0,0,0,0
SHP-02099,2026-01-08,Depok,Semarang,SiCepat,truk,7.73,3.6059,813736,616.2,743264,0.9134,79.72,0.0,2.9277796693296287,21761,0,1,1,0
SHP-02100,2026-02-17,Palembang,Bengkulu,JX Express,motor,3.95,1.695,684819,1078.9,2082298,3.0407,273.14,0.0,4.9872959539669415,103850,0,0,0,0
SHP-02101,2026-01-14,Surabaya,Palembang,Anteraja,motor,6.69,2.2751,662364,2158.2,6414825,9.6847,322.6,0.0,2.361932769776369,151514,0,1,0,1
SHP-02102,2026-01-17,Ambon,Jakarta,Wahana,truk,5.6,2.9849,659631,1966.4,9433806,14.3016,351.13,0.0,2.173217972794925,205017,0,0,1,1
SHP-02103,2026-02-23,Blitar,Solo,JNE,motor,13.52,6.9208,2000440,436.1,467959,0.2339,32.26,0.5,64.88,303612,1,1,1,0
SHP-02104,2026-02-25,Banjarmasin,Balikpapan,Anteraja,motor,1.7,0.5402,167827,1581.6,4941063,29.4414,930.34,0.0,2.208208893732416,109109,0,0,0,0
SHP-02105,2026-04-26,Banjarmasin,Medan,Ninja Xpress,pesawat,1.05,0.3655,118925,634.3,1556136,13.085,604.11,5.9,75.35,1172548,1,0,0,0
SHP-02106,2026-04-10,Bekasi,Depok,SiCepat,kapal_laut,1.34,0.4742,211620,93.8,86729,0.4098,69.97,0.0,3.3165109139693993,2876,0,1,1,0
SHP-02107,2026-02-12,Bogor,Solo,Ninja Xpress,motor,4.39,2.3187,481919,114.9,151095,0.3135,26.17,0.5,38.45,58096,1,1,1,0
SHP-02108,2026-03-04,Bogor,Semarang,SiCepat,pesawat,3.92,2.0698,608025,96.4,154079,0.2534,24.59,0.0,4.398704439771975,6777,0,1,1,0
SHP-02109,2026-02-01,Balikpapan,Samarinda,JX Express,kapal_laut,1.61,0.5944,187196,1052.5,2325846,12.4247,653.7,0.0,3.8666528443421617,89932,0,0,0,0
SHP-02110,2025-12-18,Blitar,Makassar,SiCepat,kapal_laut,2.99,1.1993,274443,966.2,2969545,10.8203,323.13,0.0,3.834114027520607,113856,0,1,0,1
SHP-02111,2026-04-25,Lampung,Kupang,JNE,truk,3.34,1.1449,398264,254.4,759811,1.9078,76.18,0.7,44.72,339787,1,0,0,0
SHP-02112,2026-01-14,Bengkulu,Semarang,TIKI,pesawat,2.06,1.2164,199256,2281.7,9274766,46.547,1107.62,1.9,74.14,6876312,1,0,1,1
SHP-02113,2025-12-20,Pontianak,Ternate,Ninja Xpress,truk,2.88,1.4331,419482,1244.1,2826948,6.7391,431.97,3.7,76.53,2163463,1,0,0,0
SHP-02114,2026-02-19,Yogyakarta,Semarang,Ninja Xpress,motor,4.34,1.5916,425623,267.0,299924,0.7047,61.53,0.0,3.1461949208344415,9436,0,1,1,0
SHP-02115,2026-02-15,Malang,Jambi,JX Express,pesawat,3.53,2.0773,426298,1771.3,6962017,16.3313,501.79,1.8,78.72,5480500,1,1,0,1
SHP-02116,2026-03-14,Bengkulu,Pontianak,TIKI,kapal_laut,1.51,0.5608,131569,1412.1,4446059,33.7926,935.16,0.0,1.727226741532527,76794,0,0,0,0
SHP-02117,2026-03-30,Samarinda,Surabaya,JNE,kapal_laut,2.25,0.9682,352557,1309.6,5471049,15.5182,582.03,3.1,70.82,3874597,1,0,1,1
SHP-02118,2026-05-08,Banjarmasin,Palembang,Wahana,truk,3.55,1.3276,387091,1185.0,3888236,10.0448,333.81,2.3,72.85,2832580,1,0,0,0
SHP-02119,2026-01-13,Mataram,Banjarmasin,JX Express,kapal_laut,1.77,0.8315,237972,906.8,1733667,7.2852,512.33,0.0,2.073160753691648,35942,0,0,0,0
SHP-02120,2026-04-20,Pekanbaru,Tangerang,Ninja Xpress,pesawat,1.43,0.5517,175859,1805.8,5410224,30.7646,1262.82,0.0,2.5677384618893377,138920,0,0,1,1
SHP-02121,2026-03-07,Bandung,Yogyakarta,J&T Express,truk,5.65,3.2966,764548,332.0,492370,0.644,58.77,0.0,1.7546200653847448,8639,0,1,1,0
SHP-02122,2026-03-06,Bengkulu,Ternate,Wahana,kapal_laut,11.08,3.8891,1265081,1008.0,2052064,1.6221,90.97,11.7,75.26,1544383,1,0,0,0
SHP-02123,2026-02-20,Jakarta,Ternate,J&T Express,truk,3.28,1.6925,493216,915.7,4255601,8.6283,279.19,1.1,80.24,3414694,1,1,0,1
SHP-02124,2026-01-12,Samarinda,Manado,TIKI,motor,3.11,1.5209,306715,889.2,1437433,4.6865,285.91,0.0,3.3544765048924416,48218,0,0,0,0
SHP-02125,2026-01-18,Malang,Banjarmasin,J&T Express,motor,5.64,2.7723,476226,1200.1,4473045,9.3927,212.79,1.0,75.35,3370439,1,1,0,1
SHP-02126,2026-03-23,Ambon,Bekasi,Anteraja,motor,7.9,4.6654,1080046,2264.4,9873770,9.142,286.63,0.0,4.72379735527707,466417,0,0,1,1
SHP-02127,2026-01-30,Yogyakarta,Pontianak,JNE,pesawat,2.52,1.5024,288850,2097.7,6832943,23.6557,832.42,0.0,0.4528544691732156,30943,0,1,0,1
SHP-02128,2026-05-07,Samarinda,Manado,TIKI,motor,0.85,0.3455,98031,710.3,1369835,13.9735,835.6,0.5,65.93,903132,1,0,0,0
SHP-02129,2026-05-17,Blitar,Bandung,JX Express,pesawat,2.27,1.1167,186462,630.9,651208,3.4924,277.93,1.6,73.07,475838,1,1,1,0
SHP-02130,2026-06-14,Solo,Ambon,J&T Express,pesawat,1.57,0.7086,134258,590.0,1961969,14.6134,375.8,2.9,71.73,1407320,1,1,0,1
SHP-02131,2026-03-20,Kupang,Bekasi,JNE,kapal_laut,2.91,1.1141,400057,745.1,3244098,8.1091,256.03,0.3,70.39,2283521,1,0,1,1
SHP-02132,2026-02-01,Bandung,Samarinda,TIKI,motor,3.28,1.4787,352527,1626.1,6662083,18.8981,495.75,5.3,71.05,4733410,1,1,0,1
SHP-02133,2026-06-08,Pekanbaru,Blitar,TIKI,kapal_laut,1.29,0.548,157819,700.8,2143545,13.5823,543.28,4.1,72.56,1555356,1,0,1,1
SHP-02134,2026-05-22,Solo,Padang,Ninja Xpress,motor,1.56,0.5176,158442,868.7,2810964,17.7413,556.87,1.9,80.35,2258610,1,1,0,1
SHP-02135,2026-03-11,Bogor,Manado,JNE,motor,6.27,2.0514,656994,1656.8,4927698,7.5004,264.24,0.0,3.9220514418193457,193267,0,1,0,1
SHP-02136,2026-05-08,Bandung,Kupang,Ninja Xpress,pesawat,2.55,1.1488,344333,1466.1,5630631,16.3523,574.92,0.0,3.0515985171467275,171824,0,1,0,1
SHP-02137,2026-05-11,Pekanbaru,Mataram,TIKI,kapal_laut,3.36,1.9785,380701,318.8,602276,1.582,94.87,0.0,0.815966910187918,4914,0,0,0,0
SHP-02138,2026-06-13,Bandung,Padang,Anteraja,truk,5.72,2.8764,817839,1226.4,4769808,5.8322,214.41,3.8,73.55,3508194,1,1,0,1
SHP-02139,2026-02-09,Medan,Semarang,J&T Express,kapal_laut,7.29,3.6078,1363032,1683.8,7704171,5.6522,230.98,0.0,2.146631155833635,165380,0,0,1,1
SHP-02140,2026-04-17,Bengkulu,Surabaya,SiCepat,truk,1.5,0.8242,94887,742.9,3212695,33.8581,495.25,0.0,3.5522780062656767,114124,0,0,1,1
SHP-02141,2026-04-03,Mataram,Bengkulu,TIKI,kapal_laut,1.53,0.7269,234888,1129.3,3761173,16.0126,738.1,4.7,69.17,2601603,1,0,0,0
SHP-02142,2026-01-19,Ambon,Bengkulu,Ninja Xpress,motor,3.6,1.8372,641142,1553.3,5068366,7.9052,431.47,0.0,3.166329305907243,160481,0,0,0,0
SHP-02143,2026-04-05,Samarinda,Medan,JNE,pesawat,2.41,0.7874,157970,547.4,1283419,8.1244,227.16,0.0,2.0247410530605676,25986,0,0,0,0
SHP-02144,2026-01-24,Samarinda,Semarang,JNE,pesawat,0.87,0.3672,73969,650.8,2621210,35.4366,747.99,0.0,1.2832718356751294,33637,0,0,1,1
SHP-02145,2026-02-06,Ambon,Blitar,Anteraja,motor,3.28,1.541,409273,523.1,2197198,5.3685,159.48,0.0,1.662086130255251,36519,0,0,1,1
SHP-02146,2026-04-09,Bandung,Palembang,SiCepat,motor,2.0,0.9565,204402,1592.8,7299202,35.71,796.38,0.0,0.20310794886617245,14825,0,1,0,1
SHP-02147,2026-03-26,Yogyakarta,Pekanbaru,Anteraja,truk,1.65,0.8207,151540,2359.8,11780325,77.7374,1430.2,0.0,2.1553922511317425,253912,0,1,0,1
SHP-02148,2026-05-10,Mataram,Malang,Anteraja,motor,2.56,0.8337,283441,589.8,2050629,7.2348,230.39,0.0,1.4284553935888806,29292,0,0,1,1
SHP-02149,2026-05-12,Pontianak,Jambi,JX Express,truk,2.87,1.4742,364360,1650.6,2920772,8.0162,575.13,0.0,3.4319076831422937,100238,0,0,0,0
SHP-02150,2026-01-13,Pekanbaru,Ternate,Wahana,motor,1.81,0.8363,232117,693.5,1764410,7.6014,383.15,8.5,78.46,1384356,1,0,0,0
SHP-02151,2026-02-07,Jambi,Ternate,JX Express,motor,3.58,1.4709,325383,985.7,2826665,8.6872,275.34,0.2,73.4,2074772,1,0,0,0
SHP-02152,2026-01-07,Yogyakarta,Malang,J&T Express,kapal_laut,2.33,1.3708,218894,607.1,990232,4.5238,260.55,1.2,79.37,785947,1,1,1,0
SHP-02153,2026-04-25,Bekasi,Pekanbaru,JX Express,truk,2.84,1.6663,277462,516.5,1756107,6.3292,181.87,0.0,1.138309103640092,19990,0,1,0,1
SHP-02154,2026-05-14,Samarinda,Surabaya,TIKI,truk,3.07,1.302,403837,1747.4,5627152,13.9342,569.17,0.5,76.92,4328405,1,0,1,1
SHP-02155,2026-05-26,Jakarta,Pekanbaru,J&T Express,kapal_laut,8.4,4.8294,998528,718.0,3256848,3.2616,85.48,0.0,3.2033761888289143,104329,0,1,0,1
SHP-02156,2026-05-07,Tangerang,Mataram,JNE,motor,3.05,1.7448,473581,1770.4,8302725,17.5318,580.44,0.0,3.8102954828736006,316358,0,1,0,1
SHP-02157,2026-02-02,Lampung,Mataram,Anteraja,truk,4.02,1.3444,459978,348.4,865404,1.8814,86.66,0.0,4.3274693817442555,37450,0,0,0,0
SHP-02158,2026-04-20,Surabaya,Pontianak,J&T Express,truk,3.25,1.278,436333,1426.3,6319907,14.4841,438.87,0.0,2.1760961342889202,137527,0,1,0,1
SHP-02159,2026-05-09,Bengkulu,Depok,Ninja Xpress,motor,2.8,1.6331,226720,926.4,3942520,17.3894,330.86,0.0,4.751751107468697,187339,0,0,1,1
SHP-02160,2026-04-28,Malang,Balikpapan,Wahana,kapal_laut,2.29,0.8146,234715,733.5,3482406,14.8367,320.31,0.0,3.3978166638724017,118326,0,1,0,1
SHP-02161,2026-03-10,Manado,Jakarta,Ninja Xpress,truk,2.2,1.008,250341,514.2,1622392,6.4807,233.74,0.0,2.1757408745471722,35299,0,0,1,1
SHP-02162,2026-04-20,Lampung,Bandung,SiCepat,motor,1.48,0.8115,186713,758.8,3083936,16.517,512.68,0.2,77.24,2382032,1,0,1,1
SHP-02163,2026-06-14,Lampung,Medan,Ninja Xpress,kapal_laut,4.29,1.4096,533618,672.9,2218373,4.1572,156.84,4.7,76.06,1687295,1,0,0,0
SHP-02164,2026-04-23,Jambi,Ambon,J&T Express,truk,4.22,2.4332,466741,1587.6,3594225,7.7007,376.21,3.7,74.12,2664040,1,0,0,0
SHP-02165,2026-01-08,Malang,Surabaya,Wahana,truk,8.24,3.3679,668353,257.5,355471,0.5319,31.25,0.0,3.111106247906984,11059,0,1,1,0
SHP-02166,2026-03-15,Makassar,Jakarta,J&T Express,truk,8.27,4.4455,733569,1699.5,6357592,8.6667,205.5,0.0,2.713689085133967,172525,0,0,1,1
SHP-02167,2026-05-16,Ambon,Manado,JX Express,truk,4.97,1.6286,727133,285.9,835144,1.1485,57.53,0.0,4.413253483579822,36857,0,0,0,0
SHP-02168,2026-04-22,Bogor,Padang,SiCepat,motor,3.45,1.4874,502243,1482.1,4774051,9.5055,429.59,0.0,4.7628904476696645,227383,0,1,0,1
SHP-02169,2026-01-31,Malang,Semarang,SiCepat,kapal_laut,1.98,1.1461,191596,205.1,188170,0.9821,103.56,0.0,4.7090044199816345,8861,0,1,1,0
SHP-02170,2026-03-16,Malang,Ternate,JX Express,motor,2.07,1.1541,197690,942.4,3262912,16.5052,455.25,0.0,4.910074947860844,160211,0,1,0,1
SHP-02171,2026-05-13,Medan,Jakarta,JNE,motor,1.92,0.6693,347686,740.3,3640488,10.4706,385.57,0.0,3.2250941745477197,117409,0,0,1,1
SHP-02172,2026-04-25,Semarang,Padang,TIKI,motor,6.76,3.003,1058788,767.3,2419818,2.2855,113.51,0.0,2.9934837373342535,72437,0,1,0,1
SHP-02173,2026-04-29,Mataram,Jakarta,Anteraja,pesawat,2.75,1.4524,369888,2433.2,6280579,16.9797,884.82,1.3,73.32,4604921,1,0,1,1
SHP-02174,2026-05-06,Malang,Tangerang,Anteraja,kapal_laut,5.22,3.1315,577336,543.4,967981,1.6766,104.09,0.0,1.7574207893788063,17011,0,1,1,0
SHP-02175,2026-01-30,Tangerang,Solo,J&T Express,truk,2.7,1.1938,309209,582.7,1012785,3.2754,215.83,0.0,1.2621013680815345,12782,0,1,1,0
SHP-02176,2026-01-19,Semarang,Surabaya,JX Express,pesawat,9.01,4.6981,1465830,582.3,799350,0.5453,64.63,0.2,71.54,571855,1,1,1,0
SHP-02177,2026-02-10,Samarinda,Malang,J&T Express,kapal_laut,4.75,2.7212,534326,854.5,2990327,5.5964,179.9,0.0,2.4618544979483237,73617,0,0,1,1
SHP-02178,2026-01-23,Bogor,Padang,TIKI,pesawat,5.03,1.8238,509023,1013.7,4043598,7.9438,201.53,0.0,1.1002940973054525,44491,0,1,0,1
SHP-02179,2026-06-07,Jakarta,Manado,Anteraja,kapal_laut,2.62,0.8884,262176,1859.2,6925387,26.415,709.6,0.0,1.8165972406374857,125806,0,1,0,1
SHP-02180,2026-05-05,Bandung,Semarang,J&T Express,truk,2.18,0.8554,284841,187.6,187348,0.6577,86.04,0.0,2.4969567961422574,4678,0,1,1,0
SHP-02181,2026-01-05,Samarinda,Surabaya,Anteraja,truk,3.13,1.6904,398743,2146.6,9796774,24.5691,685.82,0.0,0.09274085282780842,9086,0,0,1,1
SHP-02182,2026-02-19,Ternate,Bengkulu,J&T Express,pesawat,7.79,3.5763,1045926,1181.0,3123144,2.986,151.6,0.0,1.1558322007620514,36098,0,0,0,0
SHP-02183,2026-04-07,Solo,Bandung,JX Express,truk,2.04,0.799,190573,431.7,512394,2.6887,211.61,0.0,4.904578930073661,25131,0,1,1,0
SHP-02184,2026-05-16,Bogor,Pekanbaru,Wahana,truk,5.95,2.4348,828266,890.9,3938440,4.755,149.74,0.0,0.03556505287233669,1401,0,1,0,1
SHP-02185,2026-02-04,Bengkulu,Depok,Anteraja,truk,5.71,2.568,572280,2173.4,7681337,13.4223,380.63,0.0,2.9311929428581345,225155,0,0,1,1
SHP-02186,2026-03-31,Depok,Palembang,JX Express,truk,1.99,0.7167,192378,2436.5,11341643,58.955,1224.35,0.0,4.152961618869066,471014,0,1,0,1
SHP-02187,2026-04-08,Ambon,Malang,TIKI,motor,1.42,0.4901,152263,1348.6,6075156,39.8991,949.71,0.0,2.972640037302229,180593,0,0,1,1
SHP-02188,2026-04-05,Balikpapan,Depok,Wahana,motor,2.56,1.216,243615,656.6,2221953,9.1208,256.49,0.0,3.691383571871124,82021,0,0,1,1
SHP-02189,2026-04-06,Mataram,Makassar,Anteraja,pesawat,5.13,1.7386,384804,908.3,1670630,4.3415,177.06,0.0,2.7957909824317335,46707,0,0,0,0
SHP-02190,2026-02-11,Bengkulu,Ambon,JX Express,pesawat,8.9,3.3607,1060095,1487.6,3270856,3.0854,167.14,0.0,4.709245042224904,154033,0,0,0,0
SHP-02191,2026-01-31,Pontianak,Jakarta,Ninja Xpress,kapal_laut,3.13,1.4401,474889,873.1,3507871,7.3867,278.93,2.8,76.48,2682820,1,0,1,1
SHP-02192,2026-04-10,Bandung,Lampung,Anteraja,truk,2.86,0.9055,336920,1203.5,5180181,15.3751,420.8,0.6,80.89,4190248,1,1,0,1
SHP-02193,2026-02-25,Ambon,Jakarta,Ninja Xpress,truk,1.68,0.6202,212642,1363.8,4098417,19.2738,811.76,1.5,74.3,3045124,1,0,1,1
SHP-02194,2026-03-21,Tangerang,Lampung,JX Express,motor,4.2,2.332,764838,893.1,3982901,5.2075,212.65,0.0,1.3222815882958228,52665,0,1,0,1
SHP-02195,2026-02-16,Pekanbaru,Yogyakarta,JNE,pesawat,3.79,1.6861,493266,1692.6,4718194,9.5652,446.61,2.2,74.32,3506562,1,0,1,1
SHP-02196,2026-03-19,Banjarmasin,Padang,Wahana,kapal_laut,1.7,0.9636,206846,631.3,2142134,10.3562,371.38,0.0,1.0518674125899747,22532,0,0,0,0
SHP-02197,2026-01-03,Jakarta,Ternate,Ninja Xpress,kapal_laut,2.68,1.1797,426523,1440.7,5160426,12.0988,537.59,0.0,2.4044268237500055,124079,0,1,0,1
SHP-02198,2026-01-12,Mataram,Lampung,J&T Express,kapal_laut,3.43,1.7686,603790,1112.0,1951243,3.2317,324.19,0.0,1.2677680464057444,24737,0,0,0,0
SHP-02199,2026-05-29,Jambi,Padang,Anteraja,truk,5.25,2.2227,426021,1666.7,4183413,9.8197,317.46,0.0,2.446394099994735,102343,0,0,0,0
SHP-02200,2026-02-03,Samarinda,Bandung,JX Express,pesawat,2.77,0.8608,254994,1575.7,6481920,25.4199,568.84,0.0,3.6537553842702737,236834,0,0,1,1
SHP-02201,2026-04-08,Malang,Ternate,JNE,kapal_laut,0.61,0.2473,72825,1157.1,3716541,51.0339,1896.93,0.0,4.339883412832543,161294,0,1,0,1
SHP-02202,2026-04-10,Pekanbaru,Yogyakarta,Wahana,kapal_laut,3.11,1.1095,451715,2138.3,6654810,14.7323,687.57,0.0,1.949801661207848,129756,0,0,1,1
SHP-02203,2026-03-26,Blitar,Balikpapan,J&T Express,motor,2.95,1.5453,292276,1022.2,3238157,11.0791,346.5,2.5,76.73,2484638,1,1,0,1
SHP-02204,2026-01-07,Balikpapan,Padang,TIKI,truk,2.05,0.9998,283689,897.1,2861420,10.0865,437.63,0.0,0.7725754165398152,22107,0,0,0,0
SHP-02205,2026-04-19,Pekanbaru,Samarinda,JNE,truk,4.04,2.2221,628020,1171.3,3158051,5.0286,289.92,0.0,1.905487000787021,60176,0,0,0,0
SHP-02206,2026-06-08,Jakarta,Pekanbaru,SiCepat,kapal_laut,3.84,2.0773,448600,620.2,1829717,4.0787,161.52,0.0,4.621957174068406,84569,0,1,0,1
SHP-02207,2026-04-20,Semarang,Yogyakarta,Ninja Xpress,kapal_laut,0.59,0.3154,40898,775.8,1326226,32.4276,1314.88,2.3,71.39,946793,1,1,1,0
SHP-02208,2026-01-31,Pontianak,Bogor,Wahana,motor,7.34,3.4944,984957,1041.8,4471079,4.5394,141.93,0.0,1.6370867280923633,73195,0,0,1,1
SHP-02209,2026-05-20,Ambon,Semarang,Ninja Xpress,truk,3.22,1.7963,302668,776.2,3748491,12.3848,241.05,0.0,2.934407716804586,109996,0,0,1,1
SHP-02210,2026-02-03,Pontianak,Depok,SiCepat,pesawat,2.31,0.9832,274362,1947.6,6507747,23.7196,843.13,0.1,72.7,4731132,1,0,1,1
SHP-02211,2026-04-03,Semarang,Padang,JX Express,pesawat,4.85,2.1851,574242,1177.2,5369527,9.3506,242.72,0.0,2.5624937770667118,137594,0,1,0,1
SHP-02212,2026-01-13,Padang,Balikpapan,J&T Express,pesawat,4.94,1.6839,456571,664.8,1312690,2.8751,134.57,1.8,79.51,1043720,1,0,0,0
SHP-02213,2026-03-30,Bogor,Ternate,Ninja Xpress,kapal_laut,2.45,1.1104,344889,1923.6,8002449,23.203,785.15,0.0,3.8798208657553563,310481,0,1,0,1
SHP-02214,2026-04-02,Makassar,Samarinda,Wahana,motor,5.54,2.6167,446452,1332.9,2335685,5.2317,240.59,0.0,0.7419238184215826,17329,0,0,0,0
SHP-02215,2026-03-27,Balikpapan,Padang,TIKI,motor,3.88,1.1838,285059,729.5,1625588,5.7026,188.01,0.0,2.7370958712744633,44494,0,0,0,0
SHP-02216,2026-03-13,Padang,Lampung,JX Express,motor,4.46,1.9085,434431,1460.9,4116924,9.4766,327.57,0.0,0.7701900724281413,31708,0,0,0,0
SHP-02217,2025-12-23,Padang,Blitar,Ninja Xpress,truk,2.72,1.4151,195126,2064.5,9864414,50.5541,759.0,0.0,2.4540953393103666,242082,0,0,1,1
SHP-02218,2026-04-14,Banjarmasin,Medan,Ninja Xpress,kapal_laut,3.85,1.2742,597662,279.1,607829,1.017,72.49,0.0,1.681949926752015,10223,0,0,0,0
SHP-02219,2026-04-21,Ternate,Bekasi,Ninja Xpress,pesawat,3.63,1.9937,620059,2416.4,8602296,13.8734,665.69,0.0,4.849304283543002,417152,0,0,1,1
SHP-02220,2026-02-28,Malang,Bogor,Wahana,motor,2.73,1.4909,387560,276.1,442802,1.1425,101.15,0.0,0.14984646822296332,664,0,1,1,0
SHP-02221,2026-01-16,Samarinda,Lampung,JNE,pesawat,1.67,0.6866,169195,713.7,1297036,7.6659,427.36,0.0,2.895425686865733,37555,0,0,0,0
SHP-02222,2026-02-05,Blitar,Medan,JX Express,truk,6.33,3.7325,982089,1340.5,5105548,5.1987,211.76,0.0,4.41676544091304,225500,0,1,0,1
SHP-02223,2026-06-06,Manado,Bogor,JNE,truk,1.4,0.7402,98074,716.1,3296029,33.6076,511.47,0.5,67.74,2232730,1,0,1,1
SHP-02224,2025-12-29,Pekanbaru,Lampung,TIKI,kapal_laut,2.62,0.8195,413851,1623.2,4198601,10.1452,619.53,0.0,2.5937998357996235,108903,0,0,0,0
SHP-02225,2026-06-12,Surabaya,Manado,TIKI,pesawat,3.26,1.3811,343196,1995.5,6350405,18.5037,612.11,0.0,0.6755728922467019,42902,0,1,0,1
SHP-02226,2025-12-31,Manado,Blitar,Anteraja,truk,2.02,1.0702,220525,797.8,3622349,16.426,394.95,5.7,73.58,2665324,1,0,1,1
SHP-02227,2026-03-29,Manado,Malang,SiCepat,motor,3.59,1.3351,476038,1536.6,6465485,13.5819,428.01,0.0,2.2181340614255074,143413,0,0,1,1
SHP-02228,2026-03-21,Tangerang,Pekanbaru,SiCepat,pesawat,2.44,0.7966,302807,2130.9,6484455,21.4145,873.32,0.0,3.083022561041197,199917,0,1,0,1
SHP-02229,2026-06-12,Blitar,Surabaya,Ninja Xpress,pesawat,5.1,2.53,414631,756.2,1078744,2.6017,148.27,0.0,2.916680006645783,31464,0,1,1,0
SHP-02230,2026-05-10,Mataram,Manado,JX Express,pesawat,5.84,2.4361,876843,302.2,995681,1.1355,51.75,0.0,2.6888724111788607,26773,0,0,0,0
SHP-02231,2026-04-22,Padang,Ternate,SiCepat,kapal_laut,4.87,2.8851,524192,1096.3,1945642,3.7117,225.11,0.0,1.1327820818018313,22040,0,0,0,0
SHP-02232,2026-04-08,Blitar,Banjarmasin,Anteraja,truk,1.19,0.5326,147910,1541.7,5113594,34.5723,1295.51,0.0,0.2572888109178212,13157,0,1,0,1
SHP-02233,2026-01-22,Ternate,Depok,Ninja Xpress,motor,1.35,0.6733,186488,2081.6,7139085,38.2817,1541.93,0.0,2.5120784485851604,179339,0,0,1,1
SHP-02234,2026-02-28,Bengkulu,Jakarta,JNE,pesawat,0.98,0.3327,121281,1803.3,5685580,46.8794,1840.12,2.8,64.6,3672885,1,0,1,1
SHP-02235,2026-02-04,Blitar,Solo,Wahana,truk,2.58,1.5187,332675,649.7,635155,1.9092,251.83,0.5,80.81,513269,1,1,1,0
SHP-02236,2025-12-28,Palembang,Makassar,Anteraja,motor,15.58,5.3157,1138462,1119.1,2958121,2.5983,71.83,0.0,3.3533493408581796,99196,0,0,0,0
SHP-02237,2026-04-28,Jakarta,Ternate,Ninja Xpress,motor,2.6,0.9546,378451,599.3,1629548,4.3058,230.51,0.6,75.22,1225746,1,1,0,1
SHP-02238,2026-02-05,Lampung,Padang,Wahana,motor,1.59,0.7589,241662,406.2,775344,3.2084,255.45,1.5,63.76,494359,1,0,0,0
SHP-02239,2026-01-07,Pekanbaru,Surabaya,Wahana,truk,3.76,1.5223,587515,2166.9,7017952,11.9451,576.31,0.0,2.032145983049627,142615,0,0,1,1
SHP-02240,2026-06-03,Pekanbaru,Jakarta,Ninja Xpress,kapal_laut,2.73,1.1068,255221,726.1,2341641,9.175,265.98,11.8,81.93,1918506,1,0,1,1
SHP-02241,2026-03-04,Bekasi,Mataram,JNE,motor,2.44,1.2587,156616,653.6,2606869,16.645,267.88,6.6,70.03,1825590,1,1,0,1
SHP-02242,2026-04-12,Manado,Padang,Wahana,pesawat,4.36,2.6138,506430,270.0,537675,1.0617,61.92,0.0,2.217348526492857,11922,0,0,0,0
SHP-02243,2026-05-08,Ternate,Surabaya,SiCepat,motor,2.66,1.481,201481,672.9,2378388,11.8045,252.97,2.1,76.44,1818040,1,0,1,1
SHP-02244,2026-03-26,Tangerang,Makassar,Ninja Xpress,pesawat,2.25,1.3096,354427,1310.4,6196870,17.4842,582.38,0.0,0.719866993080624,44609,0,1,0,1
SHP-02245,2026-02-18,Semarang,Jakarta,JNE,pesawat,3.17,1.5017,413378,629.5,1115054,2.6974,198.56,2.2,76.77,856027,1,1,1,0
SHP-02246,2026-01-30,Mataram,Lampung,TIKI,kapal_laut,6.45,3.4748,649548,1314.0,2579015,3.9705,203.72,0.0,1.852877075696116,47786,0,0,0,0
SHP-02247,2026-04-06,Bekasi,Balikpapan,Ninja Xpress,truk,5.78,2.5543,468308,1093.6,3131196,6.6862,189.2,2.3,73.64,2305813,1,1,0,1
SHP-02248,2026-05-29,Solo,Medan,Anteraja,motor,9.88,4.8256,1444883,1647.1,4705215,3.2565,166.71,0.2,78.75,3705357,1,1,0,1
SHP-02249,2026-04-15,Depok,Lampung,Anteraja,truk,4.13,1.9908,360307,1230.0,3837179,10.6497,297.83,0.0,1.0154135809821248,38963,0,1,0,1
SHP-02250,2026-04-16,Jakarta,Depok,Wahana,pesawat,3.87,1.9743,339030,455.2,492433,1.4525,117.62,0.0,4.954269277436544,24396,0,1,1,0
SHP-02251,2026-04-18,Makassar,Bandung,SiCepat,truk,5.79,1.8438,719257,1900.1,7706972,10.7152,328.18,0.0,3.3998075066012974,262022,0,0,1,1
SHP-02252,2026-04-15,Mataram,Malang,Wahana,truk,2.16,0.9973,176240,1257.2,4539842,25.7594,582.03,2.8,75.94,3447556,1,0,1,1
SHP-02253,2025-12-30,Lampung,Samarinda,TIKI,truk,4.01,1.2718,383889,1520.5,2536065,6.6062,379.17,4.4,71.69,1818105,1,0,0,0
SHP-02254,2026-03-31,Surabaya,Banjarmasin,TIKI,motor,1.94,0.8841,215431,1100.0,3810539,17.688,566.99,0.0,4.007166796530799,152695,0,1,0,1
SHP-02255,2026-06-11,Mataram,Bogor,SiCepat,pesawat,8.7,3.5721,707986,2381.0,8227510,11.621,273.68,2.6,76.17,6266894,1,0,1,1
SHP-02256,2026-05-29,Banjarmasin,Manado,Ninja Xpress,motor,2.08,1.0369,135766,405.9,1365617,10.0586,195.13,0.0,1.9151249448819412,26153,0,0,0,0
SHP-02257,2026-05-28,Semarang,Manado,JX Express,truk,18.21,6.6664,2658352,636.0,2032578,0.7646,34.93,0.0,4.07290851905,82785,0,1,0,1
SHP-02258,2026-02-09,Jambi,Makassar,JNE,truk,3.0,1.0513,308156,1483.6,4204532,13.6442,494.54,0.0,2.324695617827796,97743,0,0,0,0
SHP-02259,2026-01-12,Mataram,Banjarmasin,JNE,truk,1.72,0.5852,143120,1734.2,2966037,20.7241,1008.23,3.1,74.16,2199613,1,0,0,0
SHP-02260,2026-06-05,Medan,Bekasi,JX Express,truk,7.15,3.5087,966151,1890.7,7387693,7.6465,264.44,2.7,71.48,5280723,1,0,1,1
SHP-02261,2026-01-09,Bogor,Mataram,J&T Express,kapal_laut,2.51,1.4514,437707,1825.8,8202735,18.7402,727.41,0.0,3.9121787499718015,320906,0,1,0,1
SHP-02262,2026-05-17,Solo,Bogor,JNE,truk,2.99,1.3159,349726,443.7,638476,1.8256,148.4,2.3,64.41,411242,1,1,1,0
SHP-02263,2026-03-21,Banjarmasin,Balikpapan,Wahana,pesawat,3.58,1.377,336840,1581.3,4314495,12.8087,441.71,0.0,3.3904705176175884,146282,0,0,0,0
SHP-02264,2025-12-18,Jambi,Manado,Anteraja,kapal_laut,3.19,1.5354,445455,483.9,865807,1.9436,151.7,0.3,67.55,584853,1,0,0,0
SHP-02265,2026-04-14,Medan,Kupang,Anteraja,motor,3.54,1.4672,423630,1109.8,3800168,8.9705,313.49,0.0,1.0540943357929926,40057,0,0,0,0
SHP-02266,2026-03-11,Bengkulu,Bandung,TIKI,truk,1.66,0.7753,149059,1560.7,5913638,39.6731,940.2,0.0,3.914636540317584,231497,0,0,1,1
SHP-02267,2026-01-23,Blitar,Depok,Ninja Xpress,kapal_laut,2.73,0.9302,404947,767.1,808179,1.9958,280.98,0.0,0.5686818877718058,4596,0,1,1,0
SHP-02268,2026-02-24,Solo,Medan,TIKI,pesawat,4.0,1.4769,699491,774.9,2365406,3.3816,193.72,0.0,2.3004502248273493,54415,0,1,0,1
SHP-02269,2026-02-08,Depok,Kupang,JNE,kapal_laut,3.3,1.704,424133,2016.1,8308089,19.5884,610.93,10.1,75.28,6254329,1,1,0,1
SHP-02270,2026-05-28,Balikpapan,Banjarmasin,J&T Express,motor,2.4,0.8104,213763,710.8,1563446,7.3139,296.18,0.0,3.4783372311477145,54382,0,0,0,0
SHP-02271,2026-01-01,Lampung,Depok,Wahana,pesawat,6.42,2.0226,458195,2074.4,7159577,15.6256,323.12,0.0,1.8657993320639177,133583,0,0,1,1
SHP-02272,2026-06-10,Bogor,Palembang,SiCepat,pesawat,1.44,0.6078,183308,1421.2,3569986,19.4753,986.96,0.0,1.5771167846215173,56303,0,1,0,1
SHP-02273,2026-01-14,Medan,Padang,Anteraja,kapal_laut,5.86,3.3681,441355,1457.4,2382662,5.3985,248.7,5.9,78.8,1877538,1,0,0,0
SHP-02274,2026-02-28,Banjarmasin,Tangerang,TIKI,pesawat,1.73,0.5785,194368,1549.1,4147844,21.3402,895.46,0.0,3.2018730645981677,132809,0,0,1,1
SHP-02275,2026-05-23,Pekanbaru,Kupang,J&T Express,kapal_laut,7.39,3.0366,976090,1045.9,3235035,3.3143,141.53,0.0,0.387819487629289,12546,0,0,0,0
SHP-02276,2026-05-04,Depok,Lampung,Wahana,truk,5.06,2.0788,320068,2455.4,8667642,27.0806,485.25,0.0,4.393947485354398,380852,0,1,0,1
SHP-02277,2026-01-06,Medan,Solo,Anteraja,pesawat,5.4,3.2224,349494,746.9,2297621,6.5741,138.31,0.0,3.9652335416296935,91106,0,0,1,1
SHP-02278,2026-01-06,Lampung,Solo,SiCepat,kapal_laut,3.22,1.7741,267239,1832.8,5631666,21.0735,569.2,7.3,81.56,4593187,1,0,1,1
SHP-02279,2026-01-18,Depok,Ambon,Anteraja,motor,5.94,1.8722,583065,2352.7,8972455,15.3884,396.07,0.0,0.2573567048272818,23091,0,1,0,1
SHP-02280,2026-03-04,Samarinda,Bogor,J&T Express,motor,2.08,0.7861,208415,854.6,4086537,19.6077,410.89,3.0,75.88,3100864,1,0,1,1
SHP-02281,2026-03-14,Surabaya,Medan,JNE,pesawat,2.47,0.8046,403377,1039.6,3097420,7.6787,420.9,0.0,2.1737527248287853,67330,0,1,0,1
SHP-02282,2026-05-20,Balikpapan,Ternate,JNE,kapal_laut,7.72,3.6993,1000715,889.8,2685301,2.6834,115.25,0.4,74.84,2009679,1,0,0,0
SHP-02283,2026-05-19,Bengkulu,Bogor,Wahana,kapal_laut,3.77,1.332,542056,840.4,3811993,7.0325,222.91,0.0,3.215625125377391,122579,0,0,1,1
SHP-02284,2026-01-17,Jambi,Bekasi,SiCepat,pesawat,3.02,1.1635,332250,1526.5,5196894,15.6415,505.45,0.0,4.506402484224975,234193,0,0,1,1
SHP-02285,2026-05-07,Malang,Padang,J&T Express,pesawat,5.58,1.9315,958077,2141.6,5517404,5.7588,383.8,0.0,4.450147637835088,245533,0,1,0,1
SHP-02286,2025-12-27,Bandung,Pekanbaru,Anteraja,pesawat,3.09,1.3008,392259,1882.1,5396231,13.7568,609.08,4.8,72.25,3898777,1,1,0,1
SHP-02287,2026-01-22,Medan,Makassar,Ninja Xpress,truk,5.57,2.1274,537989,1654.2,3517947,6.5391,296.98,0.0,3.5966152740150337,126527,0,0,0,0
SHP-02288,2026-01-26,Jambi,Jakarta,J&T Express,truk,1.55,0.8754,135161,2157.6,8272511,61.2049,1392.03,10.0,71.15,5885892,1,0,1,1
SHP-02289,2026-05-05,Tangerang,Lampung,JNE,kapal_laut,0.8,0.4163,62831,1286.1,5895725,93.8347,1607.66,0.0,4.995360254509688,294513,0,1,0,1
SHP-02290,2026-04-25,Jakarta,Yogyakarta,Ninja Xpress,kapal_laut,4.78,2.2039,383488,386.1,457526,1.1931,80.78,0.4,67.42,308464,1,1,1,0
SHP-02291,2026-06-05,Jambi,Bengkulu,Wahana,motor,2.98,0.9611,299760,1469.6,4681626,15.6179,493.15,0.8,73.19,3426482,1,0,0,0
SHP-02292,2026-04-01,Kupang,Ternate,Ninja Xpress,truk,6.54,3.6551,759780,1477.2,4592247,6.0442,225.88,1.0,77.84,3574605,1,0,0,0
SHP-02293,2026-04-19,Kupang,Surabaya,JX Express,kapal_laut,3.62,2.0026,610955,1919.2,5920274,9.6902,530.15,0.0,3.496580205309399,207007,0,0,1,1
SHP-02294,2026-02-25,Manado,Bengkulu,J&T Express,kapal_laut,5.58,1.9933,485220,1273.0,2333164,4.8085,228.13,0.0,2.746403241563959,64078,0,0,0,0
SHP-02295,2026-04-15,Pontianak,Jakarta,Wahana,truk,1.54,0.5693,214884,1800.9,4858197,22.6085,1169.4,0.0,1.8360786355589798,89200,0,0,1,1
SHP-02296,2025-12-29,Surabaya,Ambon,J&T Express,motor,4.75,2.3861,531533,1124.9,4127284,7.7649,236.83,0.0,2.3464146995322994,96843,0,1,0,1
SHP-02297,2026-02-28,Jakarta,Banjarmasin,Wahana,pesawat,3.66,1.7671,465907,2064.5,7515048,16.1299,564.06,0.0,3.5217469170015954,264661,0,1,0,1
SHP-02298,2026-05-04,Yogyakarta,Samarinda,J&T Express,kapal_laut,3.15,1.2525,282356,2062.3,6481785,22.9561,654.69,1.3,78.48,5086905,1,1,0,1
SHP-02299,2026-05-20,Kupang,Bogor,Ninja Xpress,pesawat,9.42,4.9243,1053917,692.5,2447194,2.322,73.52,0.0,1.771936308955172,43363,0,0,1,1
SHP-02300,2026-03-21,Jakarta,Pekanbaru,JX Express,motor,2.41,0.8896,425518,958.8,4209685,9.8931,397.82,0.0,0.049082113160994756,2066,0,1,0,1
SHP-02301,2026-02-15,Balikpapan,Jakarta,Anteraja,truk,2.95,1.7006,223559,768.6,3585927,16.0402,260.55,0.0,2.5116410399543474,90066,0,0,1,1
SHP-02302,2026-03-28,Mataram,Bandung,TIKI,kapal_laut,1.31,0.5664,227801,2132.0,8815037,38.6962,1627.49,0.0,1.1502970886716528,101399,0,0,1,1
SHP-02303,2026-04-23,Bengkulu,Makassar,Ninja Xpress,kapal_laut,6.3,2.4895,643656,1570.6,5155196,8.0092,249.3,0.3,79.67,4107145,1,0,0,0
SHP-02304,2026-04-15,Blitar,Semarang,JNE,motor,1.9,1.0354,224570,778.3,1314273,5.8524,409.64,0.0,0.13173468510624176,1731,0,1,1,0
SHP-02305,2026-04-11,Ambon,Manado,J&T Express,truk,1.91,0.8865,153061,259.9,412990,2.6982,136.07,0.5,45.97,189852,1,0,0,0
SHP-02306,2026-05-29,Jakarta,Manado,J&T Express,motor,1.14,0.6746,103960,1441.2,5208422,50.1003,1264.18,0.0,0.9578002312673911,49886,0,1,0,1
SHP-02307,2026-03-01,Bekasi,Padang,Wahana,truk,2.13,0.6522,175936,1491.2,4522084,25.703,700.07,1.1,72.04,3257709,1,1,0,1
SHP-02308,2026-01-19,Bogor,Surabaya,JNE,truk,2.11,0.6745,200548,141.5,160741,0.8015,67.05,0.0,3.7259934639638286,5989,0,1,1,0
SHP-02309,2026-05-26,Bekasi,Yogyakarta,JNE,motor,3.73,1.3786,523800,695.5,1037952,1.9816,186.45,0.3,72.29,750336,1,1,1,0
SHP-02310,2026-05-24,Lampung,Pontianak,Wahana,motor,2.95,1.2726,230761,1000.2,2429831,10.5296,339.04,4.7,77.06,1872428,1,0,0,0
SHP-02311,2026-02-04,Manado,Padang,TIKI,motor,6.27,1.9595,604448,639.9,1109396,1.8354,102.05,1.3,74.74,829163,1,0,0,0
SHP-02312,2025-12-23,Ternate,Ambon,J&T Express,motor,4.64,1.5499,613060,997.8,3441408,5.6135,215.05,0.0,3.8942979392296975,134019,0,0,0,0
SHP-02313,2026-03-14,Bandung,Blitar,J&T Express,pesawat,3.08,1.7622,347531,528.2,548465,1.5782,171.48,0.0,0.7010455814364619,3845,0,1,1,0
SHP-02314,2026-02-18,Kupang,Tangerang,Anteraja,kapal_laut,5.81,2.524,657527,562.2,1982545,3.0152,96.76,0.0,4.237199925649038,84004,0,0,1,1
SHP-02315,2026-04-19,Jakarta,Yogyakarta,JNE,motor,2.28,1.1332,235838,309.8,459222,1.9472,135.87,0.0,1.682878462812365,7728,0,1,1,0
SHP-02316,2026-01-15,Bengkulu,Depok,Anteraja,pesawat,1.29,0.5867,148624,1436.0,7063836,47.5282,1113.15,0.0,2.690233140142559,190034,0,0,1,1
SHP-02317,2025-12-25,Kupang,Solo,SiCepat,truk,1.11,0.539,163091,2474.3,11024956,67.6,2229.13,0.3,71.09,7837641,1,0,1,1
SHP-02318,2026-02-07,Banjarmasin,Manado,JNE,pesawat,3.28,1.0645,455484,438.3,1037362,2.2775,133.63,0.0,1.5030950614707772,15593,0,0,0,0
SHP-02319,2026-04-02,Bandung,Lampung,Anteraja,motor,2.9,0.8836,250195,2057.2,6330603,25.3027,709.37,1.9,71.47,4524482,1,1,0,1
SHP-02320,2026-01-12,Bengkulu,Bekasi,TIKI,truk,2.87,1.5843,421313,1632.6,6585720,15.6314,568.85,0.0,4.460710594667756,293770,0,0,1,1
SHP-02321,2026-01-14,Ternate,Bengkulu,JNE,kapal_laut,3.49,1.8826,431744,1484.5,3539918,8.1991,425.35,0.0,3.703431319453237,131098,0,0,0,0
SHP-02322,2026-04-02,Padang,Yogyakarta,Anteraja,motor,4.56,2.007,462456,710.6,3437168,7.4324,155.83,0.3,75.26,2586813,1,0,1,1
SHP-02323,2026-04-13,Blitar,Yogyakarta,TIKI,truk,8.63,2.8399,932299,325.4,286574,0.3074,37.71,0.0,0.28434749773047663,815,0,1,1,0
SHP-02324,2025-12-30,Tangerang,Blitar,Wahana,pesawat,2.35,1.1863,303799,645.5,1021148,3.3613,274.66,1.4,74.15,757181,1,1,1,0
SHP-02325,2026-04-12,Bengkulu,Yogyakarta,TIKI,truk,1.55,0.5158,138444,2340.3,6008868,43.4029,1509.88,1.4,71.75,4311363,1,0,1,1
SHP-02326,2025-12-29,Balikpapan,Medan,TIKI,truk,4.74,1.6049,446631,623.6,1742127,3.9006,131.57,0.0,4.637274385904479,80787,0,0,0,0
SHP-02327,2026-01-09,Blitar,Balikpapan,Ninja Xpress,kapal_laut,3.62,1.4291,307478,1318.7,6472648,21.0508,364.29,4.3,79.29,5132163,1,1,0,1
SHP-02328,2026-05-06,Bekasi,Tangerang,SiCepat,motor,4.17,1.5953,511041,378.9,596446,1.1671,90.87,0.0,2.676575629831338,15964,0,1,1,0
SHP-02329,2026-03-17,Medan,Pontianak,SiCepat,pesawat,7.11,3.9505,520122,1478.5,2612733,5.0233,207.95,1.4,74.51,1946747,1,0,0,0
SHP-02330,2026-05-23,Pontianak,Bandung,TIKI,pesawat,4.79,2.1812,622647,1491.7,3899130,6.2622,311.41,0.0,3.328263704049597,129773,0,0,1,1
SHP-02331,2026-04-02,Padang,Bengkulu,Wahana,kapal_laut,1.52,0.831,200033,648.8,1883113,9.414,426.84,0.0,2.4121183251258733,45423,0,0,0,0
SHP-02332,2026-05-11,Samarinda,Tangerang,JX Express,pesawat,4.48,1.7554,327031,1369.5,4747216,14.5161,305.7,0.0,2.5551706151637603,121299,0,0,1,1
SHP-02333,2026-03-09,Medan,Bekasi,JX Express,kapal_laut,2.41,0.8733,226624,2271.9,11345701,50.064,942.71,3.2,72.68,8246055,1,0,1,1
SHP-02334,2026-01-08,Jakarta,Padang,J&T Express,kapal_laut,1.86,1.0377,233885,1962.3,7864085,33.6237,1054.99,4.2,70.79,5566986,1,1,0,1
SHP-02335,2026-02-12,Mataram,Ambon,TIKI,kapal_laut,11.83,5.2125,1030488,1723.5,3828173,3.7149,145.69,0.0,3.970067355936499,151981,0,0,0,0
SHP-02336,2026-01-03,Bekasi,Malang,J&T Express,motor,4.3,1.7695,452365,560.3,836270,1.8487,130.3,0.0,1.2326264259959219,10308,0,1,1,0
SHP-02337,2026-01-20,Pekanbaru,Pontianak,Anteraja,pesawat,6.91,3.2613,787901,883.8,2715690,3.4467,127.9,0.0,4.5516368472797915,123608,0,0,0,0
SHP-02338,2026-02-20,Palembang,Balikpapan,Anteraja,pesawat,5.65,2.8792,908511,766.5,1849350,2.0356,135.66,0.0,0.5798732181377975,10724,0,0,0,0
SHP-02339,2026-06-08,Balikpapan,Malang,J&T Express,motor,4.06,2.1046,402566,1958.7,7487521,18.5995,482.44,0.5,77.83,5827538,1,0,1,1
SHP-02340,2025-12-27,Solo,Malang,TIKI,motor,2.92,1.234,450889,624.8,672804,1.4922,213.98,3.9,73.65,495520,1,1,1,0
SHP-02341,2026-01-11,Bogor,Semarang,J&T Express,kapal_laut,3.22,1.0428,202413,54.9,51390,0.2539,17.05,0.0,0.6562848214766753,337,0,1,1,0
SHP-02342,2026-02-27,Solo,Bandung,Wahana,pesawat,3.96,1.6115,675780,783.0,1368153,2.0246,197.72,0.0,4.656263362613315,63705,0,1,1,0
SHP-02343,2026-05-11,Banjarmasin,Ternate,Anteraja,kapal_laut,2.05,1.045,224649,1511.9,5275764,23.4845,737.5,0.0,3.657044723165665,192937,0,0,0,0
SHP-02344,2026-05-28,Lampung,Makassar,TIKI,motor,5.8,1.8789,658481,219.1,494819,0.7515,37.77,0.0,3.782951688957737,18719,0,0,0,0
SHP-02345,2026-05-17,Tangerang,Malang,Anteraja,motor,8.93,4.7882,1659664,307.4,514851,0.3102,34.43,7.0,53.76,276784,1,1,1,0
SHP-02346,2026-02-15,Jakarta,Bogor,SiCepat,truk,3.45,1.1028,276822,657.4,1175570,4.2467,190.56,2.9,80.77,949508,1,1,1,0
SHP-02347,2026-03-11,Makassar,Mataram,TIKI,truk,2.33,0.9166,298965,1427.5,4095135,13.6977,612.66,0.0,4.5622447132201325,186830,0,0,0,0
SHP-02348,2026-05-14,Pekanbaru,Jambi,JNE,kapal_laut,2.18,0.6542,144945,244.0,685828,4.7316,111.94,0.0,4.357055096202421,29882,0,0,0,0
SHP-02349,2026-01-06,Pontianak,Padang,Anteraja,pesawat,1.33,0.6556,129421,260.5,512934,3.9633,195.85,1.2,46.09,236411,1,0,0,0
SHP-02350,2026-02-23,Pontianak,Balikpapan,Wahana,pesawat,1.61,0.8644,105759,222.0,748618,7.0785,137.9,0.0,0.2834355754541501,2122,0,0,0,0
SHP-02351,2026-02-26,Mataram,Jakarta,Anteraja,truk,2.89,1.6948,293559,942.1,2411744,8.2155,325.98,0.0,3.1263672391421937,75400,0,0,1,1
SHP-02352,2026-02-22,Banjarmasin,Jambi,Ninja Xpress,motor,1.7,0.6824,267277,1120.1,1897313,7.0987,658.86,1.1,79.97,1517281,1,0,0,0
SHP-02353,2025-12-20,Solo,Kupang,TIKI,motor,2.64,1.1035,293794,2410.9,6656316,22.6564,913.21,0.0,1.440162985294016,95862,0,1,0,1
SHP-02354,2025-12-27,Yogyakarta,Bandung,Anteraja,kapal_laut,3.71,1.85,592290,566.6,966964,1.6326,152.72,2.0,73.47,710428,1,1,1,0
SHP-02355,2025-12-18,Malang,Bekasi,TIKI,pesawat,6.18,3.6499,847651,469.8,787874,0.9295,76.02,0.0,2.553715174487823,20120,0,1,1,0
SHP-02356,2026-04-01,Kupang,Ambon,Ninja Xpress,pesawat,2.59,1.5212,208802,1497.7,3554743,17.0245,578.25,0.0,4.891685449659507,173887,0,0,0,0
SHP-02357,2026-02-24,Surabaya,Pontianak,Wahana,kapal_laut,4.0,1.9334,397613,604.8,2973979,7.4796,151.19,0.7,79.44,2362529,1,1,0,1
SHP-02358,2026-03-18,Balikpapan,Tangerang,Ninja Xpress,kapal_laut,5.42,2.0274,810957,1040.8,2609173,3.2174,192.03,3.0,75.41,1967577,1,0,1,1
SHP-02359,2026-04-19,Surabaya,Ternate,Wahana,pesawat,2.31,1.3761,410144,779.1,2045539,4.9874,337.28,0.0,3.8871709607718157,79514,0,1,0,1
SHP-02360,2026-02-17,Bengkulu,Balikpapan,SiCepat,motor,4.14,1.6943,762788,1782.4,3223667,4.2262,430.53,0.1,80.15,2583769,1,0,0,0
SHP-02361,2026-03-21,Bengkulu,Pontianak,Ninja Xpress,truk,2.56,1.0022,247999,231.6,616087,2.4842,90.45,0.0,4.270372428031271,26309,0,0,0,0
SHP-02362,2026-03-03,Banjarmasin,Ternate,TIKI,motor,3.54,2.0749,360967,629.9,1979240,5.4832,177.93,0.0,4.109071777644476,81328,0,0,0,0
SHP-02363,2026-02-22,Depok,Jambi,TIKI,kapal_laut,3.43,1.7825,431305,1859.3,9287079,21.5325,542.07,0.0,3.6006363407783626,334394,0,1,0,1
SHP-02364,2026-04-04,Ambon,Jakarta,Wahana,truk,2.78,1.0611,354680,2074.4,6469514,18.2404,746.17,0.0,4.9643290434361145,321168,0,0,1,1
SHP-02365,2026-02-23,Balikpapan,Padang,J&T Express,motor,2.09,0.9014,285478,1556.2,3521828,12.3366,744.57,0.0,3.512671197147355,123710,0,0,0,0
SHP-02366,2026-05-28,Solo,Mataram,J&T Express,pesawat,4.17,1.7197,459590,1547.0,4991041,10.8598,370.99,0.0,2.497361798122755,124644,0,1,0,1
SHP-02367,2026-05-24,Tangerang,Solo,Wahana,pesawat,8.64,3.2418,1200927,425.4,413992,0.3447,49.24,0.9,65.47,271041,1,1,1,0
SHP-02368,2025-12-18,Jambi,Solo,SiCepat,kapal_laut,5.04,2.3969,849173,2134.4,6185503,7.2841,423.49,4.6,72.3,4472119,1,0,1,1
SHP-02369,2025-12-18,Ambon,Semarang,TIKI,kapal_laut,0.97,0.4132,138883,1226.8,5605140,40.3587,1264.7,4.0,67.86,3803648,1,0,1,1
SHP-02370,2025-12-26,Medan,Jakarta,Anteraja,pesawat,2.44,0.9009,159164,1871.2,8133307,51.1002,766.9,3.2,75.92,6174807,1,0,1,1
SHP-02371,2026-03-19,Makassar,Samarinda,JX Express,pesawat,9.58,3.9801,1328409,830.5,2179405,1.6406,86.69,2.1,77.04,1679014,1,0,0,0
SHP-02372,2026-01-14,Mataram,Jambi,SiCepat,motor,0.59,0.341,46019,660.0,1812710,39.3905,1118.69,0.0,2.6460987007006924,47966,0,0,0,0
SHP-02373,2026-01-10,Manado,Pontianak,Wahana,kapal_laut,2.86,1.0947,251322,1299.1,3388087,13.4811,454.23,0.0,2.0707704086009846,70160,0,0,0,0
SHP-02374,2026-01-16,Solo,Pekanbaru,Wahana,kapal_laut,3.9,1.9721,298309,1457.9,4757473,15.9481,373.82,0.0,2.158961452624546,102712,0,1,0,1
SHP-02375,2026-05-18,Bandung,Blitar,SiCepat,truk,2.3,0.7514,384904,665.6,691572,1.7967,289.38,0.0,4.484188783130793,31011,0,1,1,0
SHP-02376,2026-05-26,Semarang,Ternate,Anteraja,truk,2.62,1.204,272229,1243.1,5272226,19.3669,474.45,2.5,72.04,3798112,1,1,0,1
SHP-02377,2026-02-06,Tangerang,Malang,JX Express,motor,5.97,3.0582,619987,753.1,1323673,2.135,126.15,0.0,0.9985943380805445,13218,0,1,1,0
SHP-02378,2026-02-23,Makassar,Lampung,J&T Express,kapal_laut,1.7,0.8451,192970,1339.3,3549534,18.3942,787.81,0.0,3.722748664662175,132140,0,0,0,0
SHP-02379,2026-02-24,Bengkulu,Tangerang,J&T Express,motor,1.71,0.9767,232875,1999.9,9965652,42.794,1169.56,0.0,4.580636498889634,456490,0,0,1,1
SHP-02380,2026-05-16,Yogyakarta,Tangerang,JX Express,pesawat,3.81,2.2277,433053,714.0,1239393,2.862,187.4,1.7,78.24,969701,1,1,1,0
SHP-02381,2026-02-08,Banjarmasin,Padang,Wahana,kapal_laut,2.57,1.4175,266198,1500.2,2262143,8.498,583.75,0.0,4.652739942697608,105252,0,0,0,0
SHP-02382,2026-03-09,Ambon,Surabaya,JNE,pesawat,2.85,0.965,452061,1773.9,6971944,15.4226,622.42,0.0,4.495184509152281,313402,0,0,1,1
SHP-02383,2026-03-16,Solo,Ambon,Anteraja,pesawat,2.7,0.8389,276801,934.1,4184892,15.1188,345.97,0.0,4.9270556002152475,206192,0,1,0,1
SHP-02384,2026-01-13,Bandung,Pontianak,SiCepat,pesawat,2.07,0.7006,205086,2408.8,6109328,29.7891,1163.68,2.0,75.36,4603990,1,1,0,1
SHP-02385,2026-01-12,Samarinda,Pontianak,Anteraja,truk,16.02,5.1006,2312932,503.4,1709621,0.7392,31.42,1.0,67.43,1152797,1,0,0,0
SHP-02386,2026-05-23,Malang,Balikpapan,TIKI,kapal_laut,3.35,1.6478,505620,1431.3,4078071,8.0655,427.24,1.1,77.53,3161728,1,1,0,1
SHP-02387,2026-01-04,Jakarta,Pekanbaru,JNE,motor,2.86,1.0072,408777,983.1,4739826,11.5951,343.72,0.0,2.4448158023772804,115880,0,1,0,1
SHP-02388,2026-02-15,Jambi,Blitar,Wahana,motor,2.45,1.0274,261906,1451.6,4446496,16.9774,592.5,2.4,72.07,3204590,1,0,1,1
SHP-02389,2026-06-01,Semarang,Solo,JX Express,motor,2.68,1.3534,381143,482.8,806300,2.1155,180.16,0.0,0.8961604707938181,7226,0,1,1,0
SHP-02390,2026-01-09,Ambon,Yogyakarta,J&T Express,pesawat,2.0,1.1124,259495,1373.3,5055735,19.483,686.66,0.0,2.6979703818422873,136402,0,0,1,1
SHP-02391,2026-01-12,Jambi,Kupang,Ninja Xpress,kapal_laut,2.9,1.6396,415614,1164.8,3153608,7.5878,401.67,1.8,74.48,2348807,1,0,0,0
SHP-02392,2025-12-24,Semarang,Yogyakarta,Wahana,pesawat,3.8,2.0378,426886,115.7,125807,0.2947,30.43,4.7,33.75,42460,1,1,1,0
SHP-02393,2026-01-21,Solo,Bandung,JX Express,pesawat,3.33,1.7154,375013,238.4,242106,0.6456,71.59,0.9,48.46,117325,1,1,1,0
SHP-02394,2026-03-05,Ternate,Palembang,J&T Express,pesawat,0.93,0.5526,129968,941.4,1695022,13.0418,1012.28,0.0,4.788202473574754,81161,0,0,0,0
SHP-02395,2026-01-11,Lampung,Pontianak,TIKI,pesawat,1.46,0.8091,207347,913.7,2367050,11.4159,625.79,0.0,0.5321178606293425,12595,0,0,0,0
SHP-02396,2026-03-03,Malang,Manado,Ninja Xpress,kapal_laut,2.42,0.828,341474,1790.8,6607272,19.3493,739.99,0.0,1.6535280378045991,109253,0,1,0,1
SHP-02397,2026-04-02,Bogor,Manado,JX Express,truk,2.86,1.1232,230341,1078.6,4862891,21.1117,377.13,0.0,1.101096614592168,53545,0,1,0,1
SHP-02398,2026-03-26,Ambon,Medan,Ninja Xpress,motor,6.52,3.7913,786675,1397.7,4150751,5.2763,214.37,1.9,78.5,3258340,1,0,0,0
SHP-02399,2026-01-02,Samarinda,Surabaya,Ninja Xpress,truk,3.0,1.2479,403193,2326.2,8190616,20.3144,775.41,0.0,0.0630352661674849,5163,0,0,1,1
SHP-02400,2026-05-13,Samarinda,Blitar,TIKI,motor,4.04,1.9021,375463,1012.6,2885006,7.6839,250.64,0.5,79.31,2288098,1,0,1,1
SHP-02401,2026-05-28,Depok,Surabaya,Anteraja,pesawat,0.48,0.2353,54528,530.9,546728,10.0266,1106.0,0.0,0.22536926988571127,1232,0,1,1,0
SHP-02402,2026-06-10,Bekasi,Yogyakarta,JX Express,pesawat,2.09,1.1576,129862,642.6,613806,4.7266,307.44,0.0,0.7137176439858878,4381,0,1,1,0
SHP-02403,2026-03-28,Pekanbaru,Samarinda,TIKI,pesawat,3.55,2.0155,479487,465.9,1293338,2.6973,131.24,3.8,68.82,890075,1,0,0,0
SHP-02404,2026-02-07,Padang,Medan,SiCepat,pesawat,5.19,2.8182,356940,1073.2,2765712,7.7484,206.79,20.0,75.16,2078709,1,0,0,0
SHP-02405,2025-12-21,Medan,Makassar,JNE,truk,6.85,2.3752,664768,827.4,2246531,3.3794,120.79,0.0,1.1099051099803148,24934,0,0,0,0
SHP-02406,2026-01-03,Ambon,Jakarta,Anteraja,kapal_laut,3.11,1.7529,510528,532.8,1767536,3.4622,171.32,0.0,1.6709893862578895,29535,0,0,1,1
SHP-02407,2026-01-04,Palembang,Solo,Wahana,kapal_laut,2.24,1.2434,264846,785.5,2843389,10.736,350.67,0.0,2.4392081143352238,69356,0,0,1,1
SHP-02408,2026-02-24,Bekasi,Lampung,JX Express,kapal_laut,2.91,1.4684,267500,1843.9,5720680,21.3857,633.66,0.0,4.37619287065423,250348,0,1,0,1
SHP-02409,2026-02-01,Palembang,Medan,J&T Express,truk,1.39,0.5781,211789,1592.1,3648730,17.2281,1145.43,0.0,2.7444873894048243,100139,0,0,0,0
SHP-02410,2026-01-06,Lampung,Pontianak,Wahana,kapal_laut,2.19,1.2444,152428,593.3,1999572,13.1181,270.91,0.0,3.379177745769826,67569,0,0,0,0
SHP-02411,2026-01-26,Bogor,Surabaya,JX Express,pesawat,2.73,1.3655,327422,781.3,803027,2.4526,286.18,0.0,4.3441350050828165,34885,0,1,1,0
SHP-02412,2026-02-08,Blitar,Manado,JNE,truk,1.98,0.7531,160566,770.4,3529730,21.983,389.11,0.0,2.469797952680146,87177,0,1,0,1
SHP-02413,2026-04-20,Pekanbaru,Ternate,TIKI,truk,1.36,0.4471,146749,209.4,378381,2.5784,154.0,0.0,1.8190621268712914,6883,0,0,0,0
SHP-02414,2026-05-14,Surabaya,Malang,TIKI,motor,4.7,2.3672,331616,465.0,408977,1.2333,98.93,0.0,0.9179549010249327,3754,0,1,1,0
SHP-02415,2026-01-18,Manado,Pekanbaru,JX Express,motor,1.82,0.5559,214830,1260.9,3042644,14.163,692.82,0.0,1.9942648673075696,60678,0,0,0,0
SHP-02416,2026-05-01,Lampung,Jakarta,JNE,truk,5.3,2.6058,525442,1425.8,6661534,12.678,269.02,0.0,4.417874001434645,294298,0,0,1,1
SHP-02417,2026-05-16,Bekasi,Mataram,Anteraja,kapal_laut,2.18,1.219,309637,1245.4,3340043,10.787,571.3,2.0,75.35,2516722,1,1,0,1
SHP-02418,2026-06-12,Semarang,Makassar,JNE,motor,1.13,0.5197,75693,1009.0,2640097,34.879,892.95,14.2,69.75,1841468,1,1,0,1
SHP-02419,2026-04-21,Mataram,Manado,TIKI,pesawat,4.06,1.3569,450585,808.7,2314935,5.1376,199.19,5.9,78.34,1813520,1,0,0,0
SHP-02420,2026-02-15,Solo,Tangerang,J&T Express,kapal_laut,1.76,0.731,202559,82.2,79241,0.3912,46.7,0.0,0.49364084141898745,391,0,1,1,0
SHP-02421,2026-02-24,Padang,Bogor,Anteraja,kapal_laut,4.12,1.5019,584358,553.1,2419040,4.1397,134.26,1.8,70.27,1699859,1,0,1,1
SHP-02422,2026-03-30,Makassar,Ternate,JX Express,kapal_laut,2.27,1.0264,369445,891.7,1754612,4.7493,392.82,0.6,75.84,1330698,1,0,0,0
SHP-02423,2026-03-19,Surabaya,Banjarmasin,Ninja Xpress,kapal_laut,3.48,2.031,330580,655.2,2492910,7.541,188.28,0.0,0.30324312540677856,7560,0,1,0,1
SHP-02424,2026-06-02,Jakarta,Makassar,Ninja Xpress,pesawat,1.99,0.8435,167657,2063.3,7759223,46.2803,1036.85,0.0,3.049858193551655,236645,0,1,0,1
SHP-02425,2026-02-07,Balikpapan,Jakarta,TIKI,truk,3.87,1.9271,483248,1519.9,5022920,10.3941,392.73,0.0,0.038892518140775656,1954,0,0,1,1
SHP-02426,2026-04-15,Kupang,Solo,Wahana,kapal_laut,2.67,1.1556,303142,874.8,2243413,7.4005,327.64,0.0,2.7357174794292054,61373,0,0,1,1
SHP-02427,2026-04-30,Yogyakarta,Jakarta,Ninja Xpress,truk,4.71,2.0166,410357,73.3,123528,0.301,15.56,0.0,1.8193836893688964,2247,0,1,1,0
SHP-02428,2026-02-22,Bekasi,Bandung,JX Express,pesawat,6.99,3.8917,590870,116.5,98942,0.1675,16.67,0.0,2.7038457375632117,2675,0,1,1,0
SHP-02429,2026-03-30,Padang,Palembang,JX Express,kapal_laut,3.48,1.9776,400572,289.6,862059,2.1521,83.22,0.0,1.539527909260986,13272,0,0,0,0
SHP-02430,2026-02-07,Manado,Bengkulu,J&T Express,kapal_laut,3.41,1.1462,222850,1794.9,6098364,27.3653,526.36,7.2,77.99,4756114,1,0,0,0
SHP-02431,2026-05-21,Ternate,Lampung,JX Express,motor,1.58,0.751,141013,838.6,1306470,9.2649,530.74,0.0,2.841221435117667,37120,0,0,0,0
SHP-02432,2026-04-17,Makassar,Palembang,Anteraja,pesawat,6.13,3.3075,431966,529.0,797966,1.8473,86.3,0.0,1.750033943252716,13965,0,0,0,0
SHP-02433,2026-04-07,Bekasi,Makassar,SiCepat,motor,2.86,1.5976,275590,2334.8,9550030,34.653,816.37,0.0,0.9129307617290072,87185,0,1,0,1
SHP-02434,2025-12-21,Pontianak,Padang,Wahana,kapal_laut,2.25,0.7929,202497,1172.3,3984886,19.6787,521.02,3.9,78.01,3108610,1,0,0,0
SHP-02435,2026-02-18,Jambi,Jakarta,SiCepat,pesawat,1.76,0.8796,175408,1557.0,6873416,39.1853,884.67,1.0,72.12,4957108,1,0,1,1
SHP-02436,2026-05-03,Blitar,Padang,TIKI,pesawat,4.38,2.2036,329544,654.9,2837344,8.6099,149.52,0.0,2.269869052069678,64404,0,1,0,1
SHP-02437,2026-04-06,Ternate,Yogyakarta,Wahana,kapal_laut,2.07,0.8146,155115,816.1,3778631,24.3602,394.24,0.0,0.9721583964617259,36734,0,0,1,1
SHP-02438,2026-03-04,Samarinda,Bandung,J&T Express,pesawat,3.76,1.5503,411553,1878.1,6307352,15.3257,499.49,0.0,2.0780117143608807,131068,0,0,1,1
SHP-02439,2026-03-28,Solo,Ternate,JX Express,kapal_laut,4.92,2.154,422314,1226.1,5261983,12.4599,249.22,0.0,4.420143874451713,232587,0,1,0,1
SHP-02440,2026-01-29,Malang,Tangerang,Anteraja,kapal_laut,0.67,0.2543,90043,531.2,513471,5.7025,792.77,0.0,3.1588822809686334,16220,0,1,1,0
SHP-02441,2026-04-11,Lampung,Bekasi,SiCepat,pesawat,2.33,1.3276,213344,746.0,3562027,16.6962,320.19,2.0,78.41,2792985,1,0,1,1
SHP-02442,2026-02-08,Bengkulu,Medan,Anteraja,kapal_laut,6.25,3.7326,555506,526.9,1016246,1.8294,84.3,0.0,3.0916055488702714,31418,0,0,0,0
SHP-02443,2025-12-21,Bogor,Samarinda,J&T Express,pesawat,2.48,0.9383,402195,2093.9,6387582,15.8818,844.3,6.4,72.77,4648243,1,1,0,1
SHP-02444,2026-04-14,Kupang,Blitar,JNE,pesawat,3.25,1.6966,348387,1506.3,4294264,12.3261,463.49,0.0,1.4993003347549227,64384,0,0,1,1
SHP-02445,2026-03-07,Balikpapan,Banjarmasin,JX Express,kapal_laut,1.39,0.8289,216757,1211.0,1848654,8.5287,871.26,0.0,3.7172299843407424,68719,0,0,0,0
SHP-02446,2026-02-09,Semarang,Balikpapan,JNE,motor,6.58,2.7897,1087937,1714.3,8061158,7.4096,260.53,5.9,69.31,5587189,1,1,0,1
SHP-02447,2026-05-10,Pekanbaru,Lampung,JNE,motor,2.25,1.2484,166477,1130.1,1926527,11.5723,502.26,0.0,1.5921055153841324,30672,0,0,0,0
SHP-02448,2026-04-17,Balikpapan,Malang,J&T Express,motor,4.18,2.4865,481054,1742.0,6164929,12.8155,416.74,0.0,4.3002580669312716,265108,0,0,1,1
SHP-02449,2026-03-09,Jambi,Yogyakarta,J&T Express,kapal_laut,1.43,0.4633,202523,1090.7,3740945,18.4717,762.74,0.0,3.092386029475536,115684,0,0,1,1
SHP-02450,2026-01-29,Pekanbaru,Ambon,Wahana,pesawat,3.71,1.4227,313438,222.1,544559,1.7374,59.88,0.0,0.8478995131958622,4617,0,0,0,0
SHP-02451,2026-02-09,Palembang,Surabaya,Ninja Xpress,pesawat,0.95,0.5253,140878,1699.2,6189318,43.9339,1788.68,1.9,71.28,4411746,1,0,1,1
SHP-02452,2026-03-27,Lampung,Samarinda,SiCepat,kapal_laut,1.48,0.6562,199158,1226.1,3920130,19.6835,828.45,1.8,69.31,2717042,1,0,0,0
SHP-02453,2026-04-15,Balikpapan,Jambi,J&T Express,truk,2.52,0.9621,244043,207.1,426948,1.7495,82.19,0.0,2.849002631592557,12164,0,0,0,0
SHP-02454,2026-03-28,Depok,Ternate,JX Express,truk,6.82,3.6163,908146,2427.7,8651787,9.5269,355.96,2.9,71.91,6221500,1,1,0,1
SHP-02455,2025-12-29,Bengkulu,Makassar,JX Express,truk,5.59,1.8143,377562,1000.7,1760212,4.662,179.01,0.4,72.88,1282843,1,0,0,0
SHP-02456,2026-05-05,Bekasi,Semarang,JNE,kapal_laut,5.24,2.0332,777922,504.9,522142,0.6712,96.36,0.0,1.2020136168735522,6276,0,1,1,0
SHP-02457,2026-03-24,Ternate,Tangerang,TIKI,motor,9.85,5.7481,1213021,1945.5,6893567,5.683,197.51,0.0,1.8126075630426808,124953,0,0,1,1
SHP-02458,2026-01-24,Makassar,Kupang,TIKI,motor,5.03,2.7349,623236,1672.8,3026753,4.8565,332.56,0.6,73.08,2211951,1,0,0,0
SHP-02459,2026-02-25,Ambon,Bekasi,JX Express,motor,11.97,6.6509,1760664,1769.1,5197339,2.9519,147.79,3.5,78.11,4059641,1,0,1,1
SHP-02460,2026-04-07,Depok,Kupang,SiCepat,kapal_laut,4.89,1.8408,876607,1627.5,4283262,4.8862,332.82,0.8,77.45,3317386,1,1,0,1
SHP-02461,2026-03-25,Bandung,Makassar,JNE,truk,3.88,1.5627,638042,1065.7,3769647,5.9081,274.67,0.0,2.3489278141015184,88546,0,1,0,1
SHP-02462,2026-02-23,Blitar,Ambon,Ninja Xpress,truk,3.92,2.2833,511131,995.3,2888965,5.6521,253.91,0.2,74.67,2157190,1,1,0,1
SHP-02463,2026-02-08,Balikpapan,Solo,JNE,pesawat,1.49,0.457,165905,2270.3,6108378,36.8185,1523.68,0.0,2.490900327473023,152154,0,0,1,1
SHP-02464,2026-02-11,Malang,Makassar,SiCepat,kapal_laut,14.59,8.7391,1690816,937.0,3531618,2.0887,64.22,3.7,78.43,2769848,1,1,0,1
SHP-02465,2025-12-26,Surabaya,Ternate,JX Express,truk,1.72,0.7088,174475,1102.7,3913674,22.4311,641.12,0.0,2.149426343076733,84122,0,1,0,1
SHP-02466,2026-03-01,Solo,Bengkulu,JNE,kapal_laut,1.34,0.6244,88825,2317.0,5974497,67.2614,1729.11,1.6,71.19,4253244,1,1,0,1
SHP-02467,2026-02-05,Banjarmasin,Makassar,Wahana,motor,1.9,1.0062,188570,757.8,1637990,8.6864,398.82,0.0,1.0401365999204697,17037,0,0,0,0
SHP-02468,2026-01-28,Semarang,Pekanbaru,Ninja Xpress,pesawat,0.78,0.4029,49873,1263.6,3804556,76.2849,1620.05,0.7,73.67,2802816,1,1,0,1
SHP-02469,2026-03-20,Pekanbaru,Balikpapan,SiCepat,kapal_laut,3.82,2.2303,301101,1392.3,2282958,7.582,364.48,0.0,2.6001075772531697,59359,0,0,0,0
SHP-02470,2026-05-14,Balikpapan,Ternate,JNE,motor,1.36,0.4151,143636,222.7,530103,3.6906,163.77,0.0,1.5991310265750442,8477,0,0,0,0
SHP-02471,2026-04-10,Balikpapan,Ambon,Anteraja,pesawat,5.58,1.9371,1007383,872.1,1806389,1.7932,156.29,0.0,3.673802762804393,66363,0,0,0,0
SHP-02472,2026-03-14,Bengkulu,Yogyakarta,Wahana,motor,2.19,0.8422,217050,1456.0,4254622,19.602,664.83,0.1,73.29,3118212,1,0,1,1
SHP-02473,2026-01-15,Pontianak,Pekanbaru,TIKI,motor,2.87,1.1832,228332,1778.2,4656488,20.3935,619.58,0.0,2.9587039601019365,137772,0,0,0,0
SHP-02474,2026-03-31,Bekasi,Ambon,Ninja Xpress,truk,1.94,0.9457,184725,1668.0,5477423,29.6518,859.77,0.0,3.2840567082082126,179882,0,1,0,1
SHP-02475,2026-03-18,Bekasi,Palembang,Anteraja,pesawat,2.27,0.9059,183492,638.3,2533741,13.8085,281.17,0.0,2.9955815034916045,75900,0,1,0,1
SHP-02476,2026-06-07,Samarinda,Bandung,J&T Express,pesawat,5.84,3.072,503272,1783.4,5990805,11.9037,305.37,0.4,76.04,4555408,1,0,1,1
SHP-02477,2026-05-20,Bandung,Ternate,Anteraja,truk,2.01,0.6226,211348,1902.1,6768446,32.0251,946.32,0.0,0.5292293955983746,35821,0,1,0,1
SHP-02478,2025-12-31,Blitar,Bengkulu,Anteraja,truk,5.55,1.8773,534564,2270.5,7663172,14.3354,409.1,0.6,74.45,5705232,1,1,0,1
SHP-02479,2026-02-04,Solo,Lampung,TIKI,kapal_laut,8.93,3.9914,1152711,680.6,2305695,2.0002,76.22,7.1,73.66,1698375,1,1,0,1
SHP-02480,2026-06-03,Surabaya,Bogor,Ninja Xpress,motor,1.65,0.9087,157374,366.0,497677,3.1624,221.83,0.0,1.5075806893540045,7503,0,1,1,0
SHP-02481,2026-04-22,Padang,Blitar,JX Express,kapal_laut,2.47,0.7515,272930,738.8,2610534,9.5648,299.12,0.0,0.35875652801556634,9365,0,0,1,1
SHP-02482,2026-05-08,Padang,Depok,JX Express,kapal_laut,1.94,0.7982,130476,1289.9,4527677,34.7012,664.87,0.0,0.40762096452695573,18456,0,0,1,1
SHP-02483,2026-03-02,Jambi,Lampung,JX Express,motor,3.85,2.1683,479125,1041.0,2750335,5.7403,270.38,0.0,3.137365155164782,86288,0,0,0,0
SHP-02484,2026-05-25,Balikpapan,Malang,J&T Express,motor,1.18,0.446,116044,2161.6,6393897,55.0989,1831.83,0.0,4.068518041200891,260137,0,0,1,1
SHP-02485,2026-02-06,Palembang,Tangerang,SiCepat,kapal_laut,2.91,1.6733,298010,1280.9,6318155,21.2012,440.17,0.0,0.45238400141403234,28582,0,0,1,1
SHP-02486,2026-04-23,Mataram,Palembang,TIKI,motor,5.17,2.0875,497182,1461.0,2699251,5.4291,282.59,0.6,73.92,1995286,1,0,0,0
SHP-02487,2026-06-05,Jambi,Balikpapan,Ninja Xpress,motor,2.78,1.444,271248,695.0,1132723,4.176,250.01,0.0,4.399362691059701,49833,0,0,0,0
SHP-02488,2026-03-23,Malang,Mataram,SiCepat,motor,2.03,0.6866,218324,1389.0,6475672,29.6608,684.23,0.0,1.0350935439821196,67029,0,1,0,1
SHP-02489,2026-01-16,Yogyakarta,Bengkulu,TIKI,pesawat,3.62,1.2503,641533,1580.1,6662953,10.386,436.49,0.0,4.121389935634997,274606,0,1,0,1
SHP-02490,2026-05-25,Depok,Pontianak,JX Express,kapal_laut,4.38,1.5766,603797,628.1,1732084,2.8687,143.41,0.0,0.8178960346622982,14167,0,1,0,1
SHP-02491,2026-05-05,Makassar,Banjarmasin,JNE,kapal_laut,3.84,1.605,467125,1186.7,2919622,6.2502,309.03,0.0,3.250220091874275,94894,0,0,0,0
SHP-02492,2026-02-09,Palembang,Mataram,Ninja Xpress,pesawat,2.43,1.4414,202797,476.9,1348558,6.6498,196.24,15.0,75.31,1015599,1,0,0,0
SHP-02493,2026-02-19,Bogor,Malang,Ninja Xpress,kapal_laut,3.63,1.3077,538649,144.6,215361,0.3998,39.84,0.0,1.6501117279585786,3554,0,1,1,0
SHP-02494,2026-05-07,Ambon,Semarang,Ninja Xpress,truk,3.86,1.6245,318128,2079.4,5852403,18.3964,538.7,0.0,1.990084921187264,116468,0,0,1,1
SHP-02495,2026-04-05,Bekasi,Mataram,Anteraja,truk,3.0,1.5509,371497,1505.6,4400963,11.8466,501.86,3.7,74.28,3269035,1,1,0,1
SHP-02496,2026-05-11,Padang,Makassar,Wahana,motor,2.43,0.9084,300366,763.3,1776806,5.9155,314.11,2.1,80.95,1438324,1,0,0,0
SHP-02497,2026-01-22,Lampung,Ternate,JX Express,truk,8.28,4.1149,1113925,1503.4,4929153,4.425,181.57,0.0,2.813615810309397,138687,0,0,0,0
SHP-02498,2026-04-15,Mataram,Tangerang,Anteraja,kapal_laut,5.98,2.2533,816614,2167.3,10764777,13.1822,362.43,0.0,0.38412111706397634,41350,0,0,1,1
SHP-02499,2026-03-04,Manado,Mataram,JX Express,pesawat,3.42,1.782,349133,1631.7,5224000,14.9628,477.1,0.0,2.971689527730599,155241,0,0,0,0
SHP-02500,2026-06-11,Balikpapan,Makassar,TIKI,kapal_laut,8.61,4.265,1315422,1734.8,5228083,3.9745,201.49,0.0,1.9181162047038425,100281,0,0,0,0
SHP-02501,2026-06-04,Semarang,Padang,Anteraja,truk,1.55,0.658,157868,1842.7,6494457,41.1385,1188.84,0.0,2.463612948913425,159998,0,1,0,1
SHP-02502,2026-03-05,Makassar,Yogyakarta,JNE,kapal_laut,1.38,0.5029,152926,633.4,1601519,10.4725,458.97,0.0,3.0890273089305835,49471,0,0,1,1
SHP-02503,2026-02-11,Mataram,Banjarmasin,JX Express,kapal_laut,1.04,0.3742,101317,600.4,1169235,11.5404,577.26,0.0,1.8079861782687696,21140,0,0,0,0
SHP-02504,2026-04-09,Jakarta,Makassar,J&T Express,truk,1.89,0.7518,310201,2193.0,8711544,28.0835,1160.33,0.0,0.1698364063220753,14795,0,1,0,1
SHP-02505,2025-12-29,Medan,Ambon,Wahana,kapal_laut,3.36,1.2613,431394,1388.3,3031295,7.0267,413.19,0.0,4.4713277947065,135539,0,0,0,0
SHP-02506,2026-02-26,Manado,Banjarmasin,TIKI,truk,5.17,2.3306,445912,457.3,880209,1.974,88.46,10.3,69.1,608224,1,0,0,0
SHP-02507,2026-02-15,Ambon,Kupang,JX Express,kapal_laut,4.66,2.1189,571644,1447.3,3288636,5.7529,310.59,0.0,3.041982158551429,100040,0,0,0,0
SHP-02508,2026-04-13,Samarinda,Balikpapan,JNE,truk,6.66,3.0351,829098,905.6,2731925,3.2951,135.98,1.1,73.41,2005506,1,0,0,0
SHP-02509,2026-04-24,Mataram,Medan,TIKI,truk,3.24,1.1768,346929,1120.4,2796056,8.0594,345.8,0.0,0.7172578613911013,20055,0,0,0,0
SHP-02510,2026-06-04,Jakarta,Bogor,Anteraja,kapal_laut,7.92,2.9774,864028,522.7,472288,0.5466,66.0,0.0,2.9146230092724985,13765,0,1,1,0
SHP-02511,2025-12-22,Malang,Samarinda,Ninja Xpress,pesawat,1.6,0.6157,195808,1397.0,5674651,28.9807,873.1,0.0,0.1817570898196813,10314,0,1,0,1
SHP-02512,2026-01-18,Blitar,Samarinda,SiCepat,kapal_laut,3.68,1.854,512235,1360.4,6780784,13.2376,369.68,0.5,79.61,5398182,1,1,0,1
SHP-02513,2026-01-20,Depok,Kupang,J&T Express,kapal_laut,3.35,1.2932,463782,542.7,1492301,3.2177,162.0,0.8,75.38,1124896,1,1,0,1
SHP-02514,2026-05-15,Bengkulu,Malang,Wahana,truk,0.8,0.2982,51535,744.8,3600081,69.857,931.02,0.0,2.754657057140169,99170,0,0,1,1
SHP-02515,2025-12-26,Blitar,Ambon,J&T Express,truk,5.78,1.8319,619960,2184.4,8154993,13.1541,377.93,0.0,4.937691528511994,402668,0,1,0,1
SHP-02516,2026-02-28,Manado,Pekanbaru,SiCepat,truk,6.31,2.7219,520681,1403.8,2627150,5.0456,222.48,0.0,0.06469634209626152,1700,0,0,0,0
SHP-02517,2026-05-29,Jakarta,Medan,Wahana,motor,3.11,1.7465,330267,1444.3,6964460,21.0874,464.4,1.3,79.8,5557639,1,1,0,1
SHP-02518,2026-03-30,Malang,Medan,Anteraja,motor,2.9,1.1862,330258,957.8,3247758,9.834,330.26,1.8,74.0,2403341,1,1,0,1
SHP-02519,2026-05-17,Bengkulu,Ternate,SiCepat,pesawat,1.58,0.8739,247289,1331.5,4171292,16.8681,842.73,0.3,78.74,3284475,1,0,0,0
SHP-02520,2026-01-29,Depok,Balikpapan,JX Express,motor,3.21,1.2709,402914,1488.9,3860237,9.5808,463.83,3.2,77.17,2978945,1,1,0,1
SHP-02521,2026-03-18,Jakarta,Pekanbaru,TIKI,kapal_laut,1.81,0.9245,165768,1518.3,5421536,32.7056,838.83,2.9,75.86,4112777,1,1,0,1
SHP-02522,2026-03-25,Medan,Malang,TIKI,kapal_laut,5.9,2.2023,898429,776.8,3436053,3.8245,131.66,0.0,1.6950089140657454,58241,0,0,1,1
SHP-02523,2026-05-08,Mataram,Kupang,Ninja Xpress,motor,3.8,1.7504,331685,1486.6,5088528,15.3414,391.2,0.0,3.6949280602431345,188017,0,0,0,0
SHP-02524,2026-04-11,Makassar,Surabaya,JX Express,truk,5.88,2.4514,674870,1522.5,6211552,9.2041,258.93,0.0,2.313465213722861,143702,0,0,1,1
SHP-02525,2026-03-01,Banjarmasin,Palembang,SiCepat,kapal_laut,3.45,1.7435,465585,951.3,2868129,6.1603,275.75,0.0,3.4753209794096955,99677,0,0,0,0
SHP-02526,2026-05-10,Pontianak,Semarang,TIKI,truk,4.31,2.229,476515,2088.4,10248744,21.5077,484.54,0.0,3.5084889539674,359576,0,0,1,1
SHP-02527,2026-05-03,Pontianak,Samarinda,JNE,motor,1.96,0.9289,208767,1002.9,2055051,9.8438,511.67,0.2,73.57,1511901,1,0,0,0
SHP-02528,2026-06-12,Depok,Manado,TIKI,truk,5.55,2.0391,653026,1510.2,5402992,8.2738,272.1,3.3,78.34,4232704,1,1,0,1
SHP-02529,2026-05-30,Bekasi,Makassar,JX Express,pesawat,2.71,1.4579,315179,778.6,2325372,7.3779,287.29,0.0,3.9687809484707577,92289,0,1,0,1
SHP-02530,2026-01-28,Pontianak,Palembang,SiCepat,motor,5.53,2.1437,601455,818.6,2349638,3.9066,148.02,0.0,4.366133583454633,102588,0,0,0,0
SHP-02531,2026-04-22,Solo,Malang,JNE,kapal_laut,6.63,2.3412,881155,267.1,338383,0.384,40.29,0.0,1.067342102264301,3612,0,1,1,0
SHP-02532,2026-03-03,Surabaya,Medan,TIKI,kapal_laut,2.64,0.9169,350868,1528.3,3875314,11.0449,578.9,0.0,3.504993650710216,135830,0,1,0,1
SHP-02533,2025-12-22,Bekasi,Pekanbaru,JNE,pesawat,7.2,2.7676,465098,2114.0,6551070,14.0854,293.62,0.0,3.5368220591012256,231700,0,1,0,1
SHP-02534,2026-03-28,Bandung,Blitar,J&T Express,truk,6.09,2.5362,543397,184.2,285819,0.526,30.25,1.0,44.74,127875,1,1,1,0
SHP-02535,2026-02-04,Surabaya,Bekasi,JNE,pesawat,1.73,0.962,146953,481.2,421511,2.8683,278.15,0.0,3.1692742557016325,13359,0,1,1,0
SHP-02536,2026-05-19,Bekasi,Pontianak,JX Express,truk,9.17,4.7861,1004662,1278.9,3216921,3.202,139.47,0.0,0.08793740112864545,2829,0,1,0,1
SHP-02537,2026-01-05,Makassar,Tangerang,Ninja Xpress,kapal_laut,3.1,1.0285,395774,2141.3,10179315,25.72,690.74,10.0,77.67,7906274,1,0,1,1
SHP-02538,2026-04-07,Banjarmasin,Manado,Anteraja,pesawat,6.29,1.9926,645386,444.6,854934,1.3247,70.68,0.0,0.9752107540721122,8337,0,0,0,0
SHP-02539,2026-02-26,Balikpapan,Tangerang,JNE,motor,5.96,2.4583,600218,551.1,1854425,3.0896,92.46,0.0,0.1521566823323639,2822,0,0,1,1
SHP-02540,2026-04-10,Palembang,Makassar,J&T Express,pesawat,3.17,1.1625,230271,1422.3,2858109,12.4119,448.69,0.0,1.5839469565760993,45271,0,0,0,0
SHP-02541,2025-12-25,Balikpapan,Ternate,J&T Express,kapal_laut,4.14,1.9281,436999,1126.4,2042391,4.6737,272.07,0.0,0.8995134945081656,18372,0,0,0,0
SHP-02542,2026-05-15,Kupang,Manado,J&T Express,pesawat,4.3,1.9466,667834,421.9,1345666,2.015,98.12,0.0,2.7377162502551613,36841,0,0,0,0
SHP-02543,2025-12-20,Ambon,Solo,JX Express,motor,2.91,1.495,362166,626.7,2957136,8.1651,215.36,0.2,77.83,2301539,1,0,1,1
SHP-02544,2026-06-02,Samarinda,Solo,Ninja Xpress,truk,4.05,1.5195,345485,2446.3,9547815,27.636,604.04,0.0,1.4085724687459993,134488,0,0,1,1
SHP-02545,2026-06-08,Samarinda,Bengkulu,TIKI,motor,3.76,1.3654,390708,1548.8,4064394,10.4026,411.9,2.2,71.71,2914577,1,0,0,0
SHP-02546,2025-12-25,Pontianak,Palembang,Anteraja,truk,2.07,0.7736,200600,1024.5,3200970,15.957,494.95,0.2,79.3,2538369,1,0,0,0
SHP-02547,2026-04-10,Pontianak,Mataram,Wahana,truk,2.52,0.9941,373875,946.6,1742491,4.6606,375.63,0.2,73.53,1281254,1,0,0,0
SHP-02548,2026-02-05,Banjarmasin,Padang,TIKI,truk,4.36,1.9416,480239,247.3,722129,1.5037,56.72,0.0,2.639366525396748,19060,0,0,0,0
SHP-02549,2026-05-31,Lampung,Tangerang,JX Express,pesawat,4.25,1.5403,370503,1256.7,4326379,11.677,295.7,0.4,73.69,3188109,1,0,1,1
SHP-02550,2026-06-13,Samarinda,Bekasi,Wahana,pesawat,2.55,1.1483,278708,765.5,2934761,10.5299,300.2,0.0,3.125749427156122,91733,0,0,1,1
SHP-02551,2026-06-01,Bekasi,Malang,TIKI,pesawat,1.87,0.7453,256093,567.5,698288,2.7267,303.45,0.0,4.735741449852271,33069,0,1,1,0
SHP-02552,2026-05-05,Malang,Bengkulu,J&T Express,motor,1.66,0.5326,145184,1795.1,4788549,32.9826,1081.36,2.0,77.53,3712562,1,1,0,1
SHP-02553,2026-04-27,Pekanbaru,Ambon,TIKI,kapal_laut,4.57,2.1928,457629,1558.8,2468448,5.394,341.1,0.0,4.908422915105742,121162,0,0,0,0
SHP-02554,2026-02-09,Solo,Pekanbaru,Wahana,kapal_laut,0.61,0.2,70726,1477.7,6353273,89.8294,2422.41,0.0,1.6452156853800486,104525,0,1,0,1
SHP-02555,2026-04-16,Malang,Bengkulu,Wahana,motor,7.52,2.4091,912963,1278.7,5946640,6.5136,170.04,0.0,4.729039685827485,281219,0,1,0,1
SHP-02556,2026-06-01,Pekanbaru,Medan,J&T Express,truk,6.3,2.364,539560,1635.2,4223578,7.8278,259.56,0.0,2.902785990259461,122601,0,0,0,0
SHP-02557,2026-05-19,Pontianak,Mataram,JNE,pesawat,8.88,3.9878,1206256,1222.6,4011135,3.3253,137.68,5.8,77.36,3103014,1,0,0,0
SHP-02558,2026-05-28,Kupang,Bengkulu,Wahana,motor,7.86,3.3586,1196895,819.5,2059149,1.7204,104.27,1.6,74.08,1525418,1,0,0,0
SHP-02559,2026-01-25,Semarang,Bandung,Anteraja,pesawat,2.61,1.342,362943,755.7,895492,2.4673,289.53,0.0,3.47119480966825,31084,0,1,1,0
SHP-02560,2026-01-06,Ambon,Surabaya,SiCepat,truk,1.53,0.7171,194989,1234.1,5085955,26.0833,806.58,9.3,75.08,3818535,1,0,1,1
SHP-02561,2026-05-14,Kupang,Medan,JNE,pesawat,4.54,1.8179,470097,563.1,1639795,3.4882,124.02,1.8,71.11,1166058,1,0,0,0
SHP-02562,2026-05-30,Pontianak,Depok,Ninja Xpress,motor,5.39,2.6232,542598,2343.9,6419315,11.8307,434.87,0.0,0.011332705794943054,727,0,0,1,1
SHP-02563,2026-01-10,Balikpapan,Tangerang,JNE,motor,2.61,0.9697,283364,1953.2,6408099,22.6144,748.34,0.0,2.2226649436626973,142431,0,0,1,1
SHP-02564,2026-01-15,Banjarmasin,Solo,JX Express,kapal_laut,1.4,0.6979,169653,807.7,3885079,22.9001,576.96,0.0,1.2931156156543406,50239,0,0,1,1
SHP-02565,2026-02-04,Lampung,Banjarmasin,SiCepat,pesawat,6.89,2.4699,808386,1603.3,5585095,6.9089,232.69,0.0,4.698242596023724,262401,0,0,0,0
SHP-02566,2026-01-14,Kupang,Ambon,Wahana,kapal_laut,7.44,2.3814,701847,500.0,1337030,1.905,67.21,0.0,1.7730311545565502,23706,0,0,0,0
SHP-02567,2026-05-05,Bandung,Ternate,JX Express,motor,2.73,0.9787,342513,713.6,2300543,6.7167,261.41,0.1,70.45,1620733,1,1,0,1
SHP-02568,2026-05-17,Bogor,Medan,JNE,truk,2.3,0.7587,354938,1429.7,4102012,11.557,621.61,0.0,0.0029888912222730823,123,0,1,0,1
SHP-02569,2026-01-20,Yogyakarta,Kupang,Wahana,motor,1.46,0.7627,142030,2093.5,6781047,47.7438,1433.91,0.0,2.2925958841027376,155462,0,1,0,1
SHP-02570,2026-03-17,Balikpapan,Pekanbaru,JNE,pesawat,1.55,0.5118,210174,836.2,2814597,13.3917,539.5,6.5,66.42,1869455,1,0,0,0
SHP-02571,2026-02-15,Bekasi,Blitar,J&T Express,motor,3.36,1.3195,452962,144.6,176180,0.389,43.03,0.0,1.9197505640573382,3382,0,1,1,0
SHP-02572,2026-05-29,Kupang,Pontianak,SiCepat,truk,4.18,1.2809,410825,1336.0,3882382,9.4502,319.63,5.0,76.18,2957599,1,0,0,0
SHP-02573,2026-05-16,Blitar,Tangerang,JNE,motor,2.65,1.1177,297360,293.2,450385,1.5146,110.66,0.5,53.35,240280,1,1,1,0
SHP-02574,2026-05-28,Lampung,Mataram,JX Express,pesawat,2.07,0.7245,350621,1661.6,4042166,11.5286,802.7,0.0,1.828465147093703,73910,0,0,0,0
SHP-02575,2026-03-15,Blitar,Pontianak,JNE,pesawat,2.83,1.0388,367213,1615.8,7818154,21.2905,570.97,0.0,1.9242475664843806,150441,0,1,0,1
SHP-02576,2026-03-11,Depok,Ambon,Ninja Xpress,kapal_laut,2.62,0.8097,241493,1831.2,9072519,37.5685,698.93,10.0,74.94,6798946,1,1,0,1
SHP-02577,2026-01-15,Bandung,Manado,JX Express,motor,5.18,1.6979,629347,1847.3,7308404,11.6127,356.61,0.0,3.4932932088584727,255304,0,1,0,1
SHP-02578,2026-03-13,Palembang,Jambi,SiCepat,pesawat,3.51,1.9736,327211,256.0,715820,2.1876,72.93,0.0,1.7291924008320496,12378,0,0,0,0
SHP-02579,2026-04-11,Surabaya,Banjarmasin,Wahana,pesawat,1.05,0.4645,128746,935.8,4293055,33.3452,891.2,4.9,67.89,2914555,1,1,0,1
SHP-02580,2026-03-25,Ternate,Mataram,Ninja Xpress,truk,4.77,2.1358,468934,1700.7,3968940,8.4637,356.53,1.0,77.26,3066403,1,0,0,0
SHP-02581,2026-06-14,Yogyakarta,Lampung,JX Express,pesawat,0.75,0.2537,81799,2257.5,8181447,100.0189,3009.99,0.0,2.550289820685254,208651,0,1,0,1
SHP-02582,2026-02-20,Semarang,Tangerang,J&T Express,kapal_laut,3.5,1.6962,298540,680.1,952816,3.1916,194.3,0.0,1.2553514631933922,11961,0,1,1,0
SHP-02583,2026-01-10,Samarinda,Ternate,Anteraja,truk,3.09,1.7854,342394,1033.9,1588333,4.6389,334.6,0.0,4.032142556934427,64044,0,0,0,0
SHP-02584,2026-06-02,Mataram,Jakarta,Ninja Xpress,truk,3.2,1.1449,384322,1179.8,3047895,7.9306,368.7,0.0,0.5615296846210266,17115,0,0,1,1
SHP-02585,2026-05-28,Depok,Medan,TIKI,pesawat,7.97,4.3602,1037901,1680.6,6868451,6.6176,210.87,0.0,3.8894668681887405,267146,0,1,0,1
SHP-02586,2026-04-09,Semarang,Palembang,JX Express,pesawat,1.4,0.8235,148906,2260.2,10768238,72.3157,1614.43,0.0,4.147300288901679,446591,0,1,0,1
SHP-02587,2026-02-04,Yogyakarta,Pontianak,J&T Express,kapal_laut,6.46,2.6099,613505,2054.7,5401548,8.8044,318.06,0.0,1.3373807676842069,72239,0,1,0,1
SHP-02588,2026-03-12,Ambon,Manado,Anteraja,pesawat,5.84,2.4332,646795,591.5,980759,1.5163,101.29,0.0,3.7254354146396924,36538,0,0,0,0
SHP-02589,2026-05-31,Palembang,Bengkulu,Ninja Xpress,motor,4.65,2.0799,656941,354.5,547816,0.8339,76.23,0.0,3.11810844933106,17081,0,0,0,0
SHP-02590,2026-05-12,Bekasi,Blitar,JX Express,pesawat,3.87,1.5693,356075,593.1,1027261,2.885,153.25,0.0,0.9501513017083257,9761,0,1,1,0
SHP-02591,2026-04-20,Samarinda,Yogyakarta,TIKI,truk,2.9,1.106,489497,2334.9,8087854,16.5228,805.14,0.6,70.81,5727009,1,0,1,1
SHP-02592,2026-06-05,Bengkulu,Mataram,Ninja Xpress,pesawat,2.95,1.2362,240769,716.7,1797380,7.4652,242.94,0.0,1.5614603416812523,28065,0,0,0,0
SHP-02593,2026-05-01,Pontianak,Blitar,Ninja Xpress,pesawat,18.98,10.4792,2377706,1560.8,6105069,2.5676,82.23,0.0,0.6249217908647348,38152,0,0,1,1
SHP-02594,2026-02-28,Jakarta,Palembang,JX Express,pesawat,2.58,1.0607,352710,784.1,2859151,8.1062,303.93,0.0,0.6942816913125172,19851,0,1,0,1
SHP-02595,2026-01-22,Manado,Blitar,J&T Express,kapal_laut,2.88,1.0837,360640,1714.7,7512814,20.8319,595.37,1.2,80.9,6077867,1,0,1,1
SHP-02596,2026-01-19,Ambon,Balikpapan,JNE,kapal_laut,6.28,3.1612,399994,673.9,2180197,5.4506,107.31,4.1,74.98,1634712,1,0,0,0
SHP-02597,2026-04-14,Bekasi,Tangerang,Wahana,kapal_laut,7.06,2.7059,1270783,261.4,273616,0.2153,37.03,4.1,47.43,129776,1,1,1,0
SHP-02598,2026-02-14,Balikpapan,Lampung,J&T Express,motor,11.96,7.0552,1811824,1621.5,3800882,2.0978,135.58,0.0,3.72344800297199,141524,0,0,0,0
SHP-02599,2026-05-01,Banjarmasin,Jambi,SiCepat,truk,3.82,1.9045,225732,568.7,1137843,5.0407,148.88,0.0,4.230921959795396,48141,0,0,0,0
SHP-02600,2026-04-18,Medan,Jakarta,J&T Express,motor,2.82,1.3713,244789,2233.0,9752329,39.8397,791.83,0.4,73.12,7130903,1,0,1,1
SHP-02601,2026-02-01,Pekanbaru,Yogyakarta,SiCepat,pesawat,2.96,1.0491,303911,1848.9,4843677,15.9378,624.63,0.0,3.291846580971978,159446,0,0,1,1
SHP-02602,2026-02-05,Pontianak,Kupang,Ninja Xpress,kapal_laut,2.17,1.2989,192946,1050.0,2798093,14.5019,483.87,4.4,78.44,2194824,1,0,0,0
SHP-02603,2026-02-06,Mataram,Bekasi,SiCepat,truk,11.02,4.2494,1265415,1883.9,7478316,5.9098,170.95,0.0,1.8425310650239468,137790,0,0,1,1
SHP-02604,2025-12-31,Ternate,Pekanbaru,Anteraja,motor,3.95,1.6392,577993,591.1,1583861,2.7403,149.65,0.0,1.206735153898681,19113,0,0,0,0
SHP-02605,2026-02-19,Jambi,Bandung,SiCepat,pesawat,2.43,1.035,334376,1684.1,5430445,16.2405,693.05,0.0,2.2255277128832303,120856,0,0,1,1
SHP-02606,2026-01-16,Pontianak,Bengkulu,J&T Express,motor,1.82,1.0481,313809,720.9,2117521,6.7478,396.1,0.0,1.6401477894984928,34730,0,0,0,0
SHP-02607,2026-02-08,Yogyakarta,Lampung,J&T Express,truk,4.17,1.7992,432501,2422.5,6369022,14.726,580.93,0.0,2.3031314169527657,146687,0,1,0,1
SHP-02608,2026-02-08,Banjarmasin,Padang,JX Express,kapal_laut,2.64,1.5169,392390,764.9,2318937,5.9098,289.75,0.0,3.1114106579817378,72152,0,0,0,0
SHP-02609,2026-04-30,Bengkulu,Makassar,J&T Express,motor,3.49,1.8952,337044,1080.2,3013405,8.9407,309.52,0.1,78.42,2363112,1,0,0,0
SHP-02610,2026-06-04,Pontianak,Ambon,JX Express,motor,3.53,1.3976,323563,744.3,1493622,4.6162,210.85,0.0,3.7737778857779976,56366,0,0,0,0
SHP-02611,2026-04-06,Padang,Lampung,JX Express,motor,7.37,3.6787,669622,1209.9,2669043,3.9859,164.16,0.0,4.501054405547407,120135,0,0,0,0
SHP-02612,2026-05-06,Solo,Bengkulu,SiCepat,motor,2.3,0.7787,234147,2207.0,10758115,45.946,959.55,1.8,78.16,8408543,1,1,0,1
SHP-02613,2026-02-21,Balikpapan,Depok,J&T Express,kapal_laut,9.57,3.606,1071417,964.0,3451265,3.2212,100.73,1.8,75.84,2617439,1,0,1,1
SHP-02614,2026-01-12,Malang,Tangerang,SiCepat,motor,11.38,5.2304,943461,549.2,444354,0.471,48.26,0.0,2.9514448880256463,13115,0,1,1,0
SHP-02615,2026-04-08,Surabaya,Tangerang,JNE,motor,8.95,5.0141,861870,114.0,166488,0.1932,12.74,0.0,0.17615204607580814,293,0,1,1,0
SHP-02616,2026-04-17,Medan,Kupang,JX Express,motor,4.8,1.6582,834746,344.2,598643,0.7172,71.7,0.0,1.4491547930257958,8675,0,0,0,0
SHP-02617,2026-03-14,Bogor,Medan,JX Express,kapal_laut,9.01,3.2923,769604,2360.5,10902816,14.1668,261.98,0.0,3.575642859354912,389846,0,1,0,1
SHP-02618,2026-03-30,Depok,Manado,Wahana,motor,2.95,0.8943,504079,1992.2,8273685,16.4135,675.33,3.5,77.52,6413761,1,1,0,1
SHP-02619,2026-04-23,Ternate,Makassar,JX Express,pesawat,6.59,3.3183,778169,806.2,1629029,2.0934,122.34,0.0,3.9433754089286195,64239,0,0,0,0
SHP-02620,2026-01-16,Bengkulu,Medan,TIKI,truk,4.76,2.657,617738,1316.9,2648638,4.2876,276.65,0.0,3.810267598861823,100920,0,0,0,0
SHP-02621,2026-05-26,Depok,Surabaya,Ninja Xpress,motor,5.85,3.508,461841,342.6,517597,1.1207,58.56,14.0,58.56,303105,1,1,1,0
SHP-02622,2026-04-23,Medan,Tangerang,JNE,motor,3.26,1.9218,538335,610.9,1986277,3.6897,187.41,0.0,0.5404709313216033,10735,0,0,1,1
SHP-02623,2026-01-05,Balikpapan,Jambi,Ninja Xpress,kapal_laut,10.28,4.5533,1407928,594.1,1385084,0.9838,57.8,0.0,2.4136533931610575,33431,0,0,0,0
SHP-02624,2025-12-19,Kupang,Solo,Ninja Xpress,motor,2.67,0.85,283823,1669.5,7388965,26.0337,625.3,0.0,4.928456626167406,364162,0,0,1,1
SHP-02625,2026-04-21,Padang,Pekanbaru,JX Express,truk,1.64,0.5821,222634,279.4,490234,2.202,170.37,4.5,49.93,244774,1,0,0,0
SHP-02626,2026-01-10,Yogyakarta,Medan,TIKI,motor,5.25,1.8217,590944,2188.6,7042559,11.9175,416.88,2.0,76.61,5395304,1,1,0,1
SHP-02627,2026-03-20,Surabaya,Pontianak,Anteraja,kapal_laut,5.37,1.7127,767454,2005.8,7385877,9.6239,373.52,0.0,4.535965672306249,335021,0,1,0,1
SHP-02628,2026-06-13,Manado,Pekanbaru,SiCepat,kapal_laut,1.9,1.0733,218001,984.4,1527449,7.0066,518.1,0.0,2.1858960090189914,33388,0,0,0,0
SHP-02629,2026-02-07,Ternate,Bengkulu,SiCepat,kapal_laut,4.35,1.5364,743226,770.9,1377943,1.854,177.22,0.0,2.6357764606351513,36319,0,0,0,0
SHP-02630,2026-04-05,Semarang,Bogor,TIKI,pesawat,6.52,2.7578,589689,444.7,493514,0.8369,68.2,0.0,1.3304131631687333,6566,0,1,1,0
SHP-02631,2026-06-02,Bengkulu,Bogor,Ninja Xpress,truk,2.84,1.295,174790,2429.8,12141217,69.4617,855.57,0.0,3.6298719303419564,440711,0,0,1,1
SHP-02632,2026-05-18,Pontianak,Manado,JNE,motor,1.45,0.7912,243372,1395.5,3037729,12.4818,962.4,0.0,2.6489003006569076,80466,0,0,0,0
SHP-02633,2026-02-25,Jakarta,Manado,JX Express,motor,4.93,1.8635,423751,924.3,3538626,8.3507,187.48,0.0,2.7402664704166355,96968,0,1,0,1
SHP-02634,2026-02-12,Medan,Malang,JX Express,pesawat,2.53,1.4694,290249,1385.4,6039365,20.8075,547.58,0.0,1.144354127296534,69112,0,0,1,1
SHP-02635,2026-01-02,Padang,Kupang,SiCepat,kapal_laut,1.54,0.6939,141182,200.8,389038,2.7556,130.41,0.0,2.747075888740584,10687,0,0,0,0
SHP-02636,2026-01-01,Banjarmasin,Blitar,Anteraja,pesawat,1.72,0.6809,182102,761.1,2695744,14.8035,442.52,0.0,4.321489516986213,116496,0,0,1,1
SHP-02637,2026-05-22,Padang,Palembang,SiCepat,truk,2.95,1.7437,327575,1401.7,4726048,14.4274,475.16,0.0,3.032491302365432,143317,0,0,0,0
SHP-02638,2026-03-18,Makassar,Samarinda,Anteraja,motor,2.76,1.1933,293898,920.6,1932313,6.5748,333.57,0.0,3.4151006743301022,65990,0,0,0,0
SHP-02639,2026-01-21,Kupang,Jambi,Ninja Xpress,motor,4.02,2.3628,465385,1161.5,2648885,5.6918,288.93,0.0,1.2157916592156504,32205,0,0,0,0
SHP-02640,2026-03-08,Depok,Solo,Ninja Xpress,motor,1.84,0.7053,161870,156.2,204249,1.2618,84.89,0.0,2.2218777749385916,4538,0,1,1,0
SHP-02641,2026-06-04,Kupang,Ambon,J&T Express,truk,5.72,2.3566,765272,1557.4,3024192,3.9518,272.26,0.0,4.069878630140751,123081,0,0,0,0
SHP-02642,2026-04-05,Jambi,Samarinda,JNE,truk,1.29,0.5566,141663,655.0,1405026,9.9181,507.76,0.0,2.85826296449144,40159,0,0,0,0
SHP-02643,2026-03-02,Bekasi,Solo,Anteraja,motor,0.97,0.5441,66062,507.6,531387,8.0438,523.25,0.0,0.2766231363555993,1470,0,1,1,0
SHP-02644,2026-03-05,Depok,Blitar,TIKI,pesawat,4.86,2.4985,587260,749.5,1215102,2.0691,154.22,0.0,0.10068232455557935,1223,0,1,1,0
SHP-02645,2025-12-17,Ternate,Solo,SiCepat,truk,9.57,4.3793,1321483,1150.4,4229824,3.2008,120.21,0.0,2.7601527104638572,116750,0,0,1,1
SHP-02646,2026-03-08,Ternate,Banjarmasin,TIKI,motor,5.63,1.7691,795933,1129.7,3531249,4.4366,200.65,0.0,4.338196830352572,153193,0,0,0,0
SHP-02647,2026-05-10,Palembang,Jakarta,Wahana,motor,3.01,1.2055,298502,610.5,2506987,8.3986,202.82,1.4,71.46,1791493,1,0,1,1
SHP-02648,2026-01-06,Pekanbaru,Medan,SiCepat,truk,2.77,0.9822,382538,436.3,1105521,2.89,157.53,1.5,62.83,694599,1,0,0,0
SHP-02649,2026-04-04,Bekasi,Bengkulu,J&T Express,pesawat,2.75,1.2035,295698,2180.3,10668592,36.0794,792.85,0.0,2.211505739561857,235937,0,1,0,1
SHP-02650,2026-04-24,Ternate,Jambi,Ninja Xpress,truk,5.17,2.8637,676578,1771.6,5035655,7.4428,342.66,2.0,80.77,4067299,1,0,0,0
SHP-02651,2025-12-18,Lampung,Manado,JNE,pesawat,1.79,0.8692,195368,547.1,1498139,7.6683,305.63,0.0,3.8471174781560435,57635,0,0,0,0
SHP-02652,2026-06-07,Jakarta,Bogor,J&T Express,kapal_laut,5.54,2.3524,599787,451.0,504078,0.8404,81.42,0.0,2.7639533001893133,13932,0,1,1,0
SHP-02653,2026-02-12,Ambon,Solo,Wahana,pesawat,1.55,0.8436,159259,2457.0,10596297,66.535,1585.19,0.3,72.88,7722581,1,0,1,1
SHP-02654,2026-02-26,Blitar,Jakarta,JX Express,kapal_laut,4.47,2.0506,377033,469.5,696415,1.8471,105.02,0.0,4.888887698216468,34047,0,1,1,0
SHP-02655,2026-02-20,Samarinda,Pontianak,J&T Express,motor,2.79,1.1673,273871,1694.9,4151818,15.1598,607.49,8.2,76.64,3181953,1,0,0,0
SHP-02656,2026-01-29,Ternate,Blitar,Ninja Xpress,pesawat,4.1,2.3372,470220,1087.3,3204453,6.8148,265.2,0.0,4.015352604864569,128670,0,0,1,1
SHP-02657,2026-01-04,Jambi,Pekanbaru,J&T Express,truk,13.42,7.2707,1241607,748.2,1876211,1.5111,55.75,0.0,3.920933696353095,73565,0,0,0,0
SHP-02658,2026-05-16,Yogyakarta,Bandung,JNE,kapal_laut,2.35,1.264,148649,400.2,700319,4.7112,170.29,0.0,2.899267943378358,20304,0,1,1,0
SHP-02659,2026-04-05,Medan,Jakarta,J&T Express,motor,14.03,4.5709,1882120,2438.4,6640608,3.5283,173.8,0.0,0.08322956802800485,5527,0,0,1,1
SHP-02660,2026-01-06,Makassar,Bengkulu,Ninja Xpress,truk,1.95,0.6048,256191,408.2,1002171,3.9118,209.33,0.0,4.459180443386707,44689,0,0,0,0
SHP-02661,2025-12-23,Bengkulu,Bandung,JX Express,pesawat,3.52,1.3115,353862,1892.0,8966461,25.3389,537.51,0.0,4.72716819646657,423860,0,0,1,1
SHP-02662,2026-01-31,Blitar,Ternate,JX Express,kapal_laut,3.34,1.4902,415547,1150.4,4342779,10.4508,344.44,0.0,2.4225664525621187,105207,0,1,0,1
SHP-02663,2026-04-12,Balikpapan,Blitar,TIKI,pesawat,1.67,0.5932,178917,2066.9,8425910,47.094,1237.64,0.0,2.006888043222879,169099,0,0,1,1
SHP-02664,2026-01-26,Bengkulu,Pekanbaru,JNE,truk,4.13,1.5013,667362,229.1,665023,0.9965,55.47,0.0,3.621364591648323,24083,0,0,0,0
SHP-02665,2026-02-20,Ternate,Balikpapan,JX Express,motor,7.09,2.3492,598159,375.2,891083,1.4897,52.92,0.0,2.509808873579687,22364,0,0,0,0
SHP-02666,2026-01-26,Malang,Surabaya,Wahana,truk,7.63,2.5539,776697,450.0,612398,0.7885,58.97,0.1,70.25,430210,1,1,1,0
SHP-02667,2026-03-17,Bekasi,Medan,J&T Express,kapal_laut,3.25,1.0736,271920,1317.7,6573147,24.1731,405.45,0.8,72.55,4768818,1,1,0,1
SHP-02668,2026-01-02,Blitar,Palembang,J&T Express,kapal_laut,2.59,1.1285,290913,2073.3,10076551,34.6377,800.49,0.0,4.639406707069708,467492,0,1,0,1
SHP-02669,2026-02-08,Padang,Bekasi,Wahana,pesawat,2.19,1.0715,293722,1402.7,5141781,17.5056,640.5,0.7,78.58,4040412,1,0,1,1
SHP-02670,2026-02-24,Semarang,Palembang,JNE,pesawat,4.74,2.7135,348403,1334.8,3460070,9.9312,281.6,4.4,72.21,2498517,1,1,0,1
SHP-02671,2026-05-16,Tangerang,Bekasi,Ninja Xpress,kapal_laut,4.91,2.5609,634224,242.7,354328,0.5587,49.43,0.0,3.9908075661761595,14141,0,1,1,0
SHP-02672,2026-03-23,Ambon,Blitar,Wahana,truk,1.8,0.9874,170960,2121.2,9587548,56.0807,1178.43,0.0,2.971146940893566,284860,0,0,1,1
SHP-02673,2026-05-02,Balikpapan,Solo,Anteraja,kapal_laut,8.06,2.4239,953141,1851.7,6069068,6.3674,229.75,4.3,73.7,4472903,1,0,1,1
SHP-02674,2026-05-23,Palembang,Lampung,J&T Express,kapal_laut,2.43,0.9663,189817,515.9,1617192,8.5197,212.32,0.0,0.7621793386013004,12326,0,0,0,0
SHP-02675,2026-05-09,Malang,Manado,Anteraja,truk,5.38,1.7308,477215,1046.3,2962515,6.2079,194.49,0.0,1.8101389993999772,53626,0,1,0,1
SHP-02676,2026-05-27,Mataram,Banjarmasin,Ninja Xpress,truk,0.74,0.3337,77552,1235.6,3152164,40.6458,1669.69,0.0,0.7817709248815863,24643,0,0,0,0
SHP-02677,2026-04-12,Yogyakarta,Medan,TIKI,kapal_laut,1.57,0.5578,192241,2372.6,10281070,53.4801,1511.21,1.6,68.84,7077489,1,1,0,1
SHP-02678,2026-01-03,Blitar,Yogyakarta,JX Express,kapal_laut,1.6,0.6862,197466,301.8,394344,1.997,188.63,0.0,0.6181055896220394,2437,0,1,1,0
SHP-02679,2026-03-18,Mataram,Bekasi,JX Express,motor,3.91,1.5181,643405,1079.1,4335375,6.7382,275.97,0.2,73.92,3204709,1,0,1,1
SHP-02680,2026-02-22,Jambi,Kupang,Wahana,kapal_laut,4.62,2.0854,636204,1602.6,5320222,8.3624,346.89,1.6,75.23,4002403,1,0,0,0
SHP-02681,2025-12-26,Jambi,Pontianak,TIKI,kapal_laut,2.88,1.1591,363940,1087.3,2792276,7.6724,377.54,0.3,72.96,2037245,1,0,0,0
SHP-02682,2025-12-19,Kupang,Balikpapan,J&T Express,truk,1.52,0.7025,104350,416.3,672968,6.4491,273.87,2.7,60.95,410174,1,0,0,0
SHP-02683,2026-03-25,Balikpapan,Pekanbaru,Ninja Xpress,kapal_laut,1.52,0.8094,162743,974.4,3233360,19.8679,641.08,0.8,78.55,2539804,1,0,0,0
SHP-02684,2025-12-29,Padang,Ternate,J&T Express,truk,6.64,2.0165,588494,1345.2,2968003,5.0434,202.58,0.1,72.41,2149131,1,0,0,0
SHP-02685,2026-05-08,Solo,Ternate,SiCepat,pesawat,6.28,3.0881,705964,2418.4,6679412,9.4614,385.1,0.0,4.965649831902634,331676,0,1,0,1
SHP-02686,2026-01-31,Mataram,Kupang,JX Express,truk,2.37,1.327,406824,994.3,2787162,6.851,419.52,0.0,3.545483969715554,98818,0,0,0,0
SHP-02687,2026-05-04,Surabaya,Bandung,Wahana,pesawat,3.17,1.3068,390462,464.3,725544,1.8582,146.45,0.0,4.04761931574409,29367,0,1,1,0
SHP-02688,2026-01-11,Semarang,Bekasi,JNE,motor,7.26,2.6048,1088788,112.1,121097,0.1112,15.44,0.1,33.96,41125,1,1,1,0
SHP-02689,2026-02-08,Kupang,Yogyakarta,JNE,truk,1.38,0.6893,150158,1464.8,5977986,39.8113,1061.41,0.0,4.678738127818154,279694,0,0,1,1
SHP-02690,2026-01-13,Bekasi,Pontianak,Ninja Xpress,motor,4.7,2.5988,426988,836.5,2568845,6.0162,177.97,1.2,75.13,1929973,1,1,0,1
SHP-02691,2026-01-25,Ternate,Ambon,TIKI,kapal_laut,1.51,0.7606,199716,259.5,543195,2.7198,171.84,0.0,3.3798596728154067,18359,0,0,0,0
SHP-02692,2026-01-04,Bengkulu,Mataram,Anteraja,motor,4.66,1.7261,409526,1459.9,3243828,7.9209,313.27,2.4,71.57,2321608,1,0,0,0
SHP-02693,2025-12-31,Ambon,Padang,SiCepat,pesawat,4.19,1.7737,517908,964.9,2123449,4.1001,230.28,0.0,3.2478371026182478,68966,0,0,0,0
SHP-02694,2026-05-08,Jakarta,Tangerang,Ninja Xpress,kapal_laut,3.2,0.9731,484869,777.0,1101037,2.2708,242.81,0.6,77.96,858368,1,1,1,0
SHP-02695,2026-01-07,Semarang,Jambi,J&T Express,kapal_laut,1.98,1.0729,200323,1341.0,3414265,17.0438,677.3,1.1,71.19,2430615,1,1,0,1
SHP-02696,2026-05-16,Bengkulu,Malang,TIKI,pesawat,5.03,2.545,614961,1986.5,5614062,9.1291,394.93,5.5,72.06,4045493,1,0,1,1
SHP-02697,2026-01-02,Medan,Semarang,Anteraja,truk,2.76,0.9283,328189,1430.2,6215996,18.9403,518.2,4.3,77.04,4788803,1,0,1,1
SHP-02698,2026-05-05,Padang,Bogor,JNE,truk,4.25,1.2822,697474,1326.1,4777336,6.8495,312.03,0.0,3.188438354362212,152322,0,0,1,1
SHP-02699,2026-01-31,Ternate,Palembang,TIKI,pesawat,3.35,1.8088,262171,375.1,1051855,4.0121,111.97,3.7,61.33,645103,1,0,0,0
SHP-02700,2025-12-26,Ternate,Samarinda,JX Express,motor,2.13,0.6529,171611,509.2,1663782,9.6951,239.08,0.0,1.4377426386309162,23921,0,0,0,0
SHP-02701,2025-12-23,Bekasi,Padang,JNE,pesawat,2.83,1.0117,251251,1864.5,8996252,35.8058,658.85,0.0,2.466007422435961,221848,0,1,0,1
SHP-02702,2026-03-04,Samarinda,Bogor,SiCepat,motor,6.22,2.7329,961809,2320.2,11163342,11.6066,373.03,0.0,3.571012098913866,398644,0,0,1,1
SHP-02703,2026-03-13,Ambon,Balikpapan,TIKI,truk,2.92,1.6344,190009,460.0,931988,4.905,157.52,3.6,66.78,622382,1,0,0,0
SHP-02704,2026-03-02,Kupang,Bekasi,JX Express,motor,6.71,3.8712,912787,1927.9,5265177,5.7682,287.32,0.0,0.002731072991832284,144,0,0,1,1
SHP-02705,2026-05-22,Medan,Pekanbaru,Ninja Xpress,pesawat,5.52,1.7446,660834,207.9,417458,0.6317,37.66,0.0,3.2476454965947066,13558,0,0,0,0
SHP-02706,2025-12-30,Banjarmasin,Medan,J&T Express,motor,3.52,1.1653,258793,554.7,932339,3.6026,157.57,0.0,3.1573275040183586,29437,0,0,0,0
SHP-02707,2026-03-25,Surabaya,Makassar,SiCepat,truk,2.85,1.6715,220805,627.3,1668351,7.5558,220.11,0.0,3.2497989360200634,54218,0,1,0,1
SHP-02708,2026-04-06,Bekasi,Mataram,SiCepat,motor,6.61,3.7145,1000872,2203.6,5922842,5.9177,333.37,0.0,1.4007986413603772,82967,0,1,0,1
SHP-02709,2026-03-31,Samarinda,Lampung,SiCepat,pesawat,2.3,0.9631,219911,1404.6,2516692,11.4441,610.71,5.6,78.75,1981895,1,0,0,0
SHP-02710,2026-04-15,Yogyakarta,Balikpapan,J&T Express,truk,2.55,1.0713,288948,2382.8,10775982,37.2938,934.44,3.6,77.13,8311515,1,1,0,1
SHP-02711,2026-01-17,Tangerang,Lampung,JX Express,motor,2.46,1.2941,210285,876.6,4219823,20.0672,356.36,1.7,78.3,3304121,1,1,0,1
SHP-02712,2026-04-18,Ternate,Depok,JNE,motor,1.48,0.8088,143911,926.4,4586554,31.8708,625.94,0.0,0.5211288456376023,23902,0,0,1,1
SHP-02713,2026-01-28,Jambi,Bengkulu,Anteraja,motor,9.85,4.8247,926263,994.2,2681562,2.895,100.93,0.0,3.1948721961502202,85672,0,0,0,0
SHP-02714,2026-04-04,Palembang,Padang,Ninja Xpress,motor,3.93,1.8362,439235,221.9,380114,0.8654,56.46,0.0,3.1699924863377977,12050,0,0,0,0
SHP-02715,2026-01-11,Jambi,Bekasi,Wahana,pesawat,4.74,1.8023,585224,2159.6,10023342,17.1274,455.6,0.0,2.160095451737063,216514,0,0,1,1
SHP-02716,2026-06-02,Banjarmasin,Bandung,J&T Express,motor,3.01,1.658,268025,1831.5,8432934,31.4632,608.48,0.0,4.312987041464817,363711,0,0,1,1
SHP-02717,2026-03-23,Tangerang,Jakarta,TIKI,motor,1.67,0.7003,194209,533.2,819926,4.2219,319.28,0.0,2.823296823398997,23149,0,1,1,0
SHP-02718,2026-01-10,Balikpapan,Ternate,Ninja Xpress,truk,3.65,1.7197,428036,915.1,1653183,3.8623,250.7,0.2,83.24,1376110,1,0,0,0
SHP-02719,2026-04-30,Pekanbaru,Jambi,SiCepat,pesawat,1.07,0.5976,98298,1357.9,4477336,45.5486,1269.05,0.0,3.9462071054141745,176685,0,0,0,0
SHP-02720,2026-01-24,Balikpapan,Banjarmasin,JNE,truk,1.74,0.5685,196697,1514.7,3666605,18.6409,870.51,0.0,3.013378759456587,110489,0,0,0,0
SHP-02721,2026-03-18,Yogyakarta,Samarinda,SiCepat,kapal_laut,2.25,0.8973,200676,504.6,2132178,10.625,224.27,0.0,2.5955163259548177,55341,0,1,0,1
SHP-02722,2026-04-27,Samarinda,Kupang,JX Express,truk,2.34,1.1929,294812,503.2,1550920,5.2607,215.03,0.0,3.541961032694729,54933,0,0,0,0
SHP-02723,2026-01-13,Yogyakarta,Malang,Ninja Xpress,motor,1.75,0.6585,191139,721.9,1099070,5.7501,412.52,0.9,72.22,793748,1,1,1,0
SHP-02724,2026-01-20,Blitar,Kupang,Wahana,pesawat,0.96,0.4191,126569,786.9,2066554,16.3275,819.74,0.0,1.646432094140905,34024,0,1,0,1
SHP-02725,2026-03-31,Yogyakarta,Bengkulu,Ninja Xpress,kapal_laut,4.62,2.3411,625964,1488.7,6702037,10.7067,322.24,0.0,1.1186871452399032,74975,0,1,0,1
SHP-02726,2026-01-16,Bengkulu,Ternate,SiCepat,motor,1.46,0.6368,158101,359.3,1229353,7.7757,246.08,0.0,0.35721291332169114,4391,0,0,0,0
SHP-02727,2025-12-23,Yogyakarta,Surabaya,TIKI,pesawat,0.9,0.4419,71797,130.2,166033,2.3125,144.64,0.0,4.727695687299339,7850,0,1,1,0
SHP-02728,2026-04-17,Bandung,Solo,Anteraja,motor,5.9,2.6997,691919,598.8,541046,0.7819,101.49,5.2,72.21,390689,1,1,1,0
SHP-02729,2026-04-22,Mataram,Solo,JNE,motor,5.56,2.2047,850420,618.5,2733843,3.2147,111.24,0.0,2.8776052335056086,78669,0,0,1,1
SHP-02730,2026-02-26,Padang,Ambon,J&T Express,kapal_laut,0.83,0.4918,95455,1030.7,2534923,26.5562,1241.79,0.8,72.7,1842889,1,0,0,0
SHP-02731,2026-02-20,Ambon,Balikpapan,SiCepat,kapal_laut,2.62,0.7911,414780,914.2,2052147,4.9476,348.93,0.0,0.37256519963622614,7646,0,0,0,0
SHP-02732,2026-04-16,Ambon,Manado,Anteraja,pesawat,4.87,2.6104,679765,515.7,1431664,2.1061,105.9,0.0,2.1883549499473376,31330,0,0,0,0
SHP-02733,2026-06-11,Manado,Semarang,J&T Express,kapal_laut,5.17,2.5919,582736,1112.4,3799522,6.5201,215.16,1.7,75.88,2883077,1,0,1,1
SHP-02734,2026-01-21,Jakarta,Depok,TIKI,pesawat,3.42,1.9671,308599,143.2,187811,0.6086,41.88,0.0,4.055628336191141,7617,0,1,1,0
SHP-02735,2026-02-16,Jambi,Balikpapan,TIKI,pesawat,4.98,2.2293,623965,465.6,1015473,1.6275,93.48,0.0,1.7705335549705403,17979,0,0,0,0
SHP-02736,2025-12-27,Surabaya,Bogor,JX Express,pesawat,4.53,2.3694,357613,358.2,530552,1.4836,79.08,0.0,3.2231602776857775,17101,0,1,1,0
SHP-02737,2026-04-19,Lampung,Medan,TIKI,kapal_laut,1.12,0.6676,163188,1798.2,6255027,38.3302,1605.57,0.0,1.684796986861648,105385,0,0,0,0
SHP-02738,2026-04-20,Jakarta,Pekanbaru,TIKI,motor,2.13,0.7606,228465,1485.8,4001134,17.5131,697.55,0.0,3.869785105731901,154835,0,1,0,1
SHP-02739,2026-05-09,Banjarmasin,Padang,TIKI,truk,1.88,0.8915,329340,658.9,2200033,6.6801,350.46,0.0,0.22541886109180787,4959,0,0,0,0
SHP-02740,2026-05-30,Ternate,Semarang,JX Express,kapal_laut,5.54,2.8134,472232,1040.0,3843394,8.1388,187.73,6.3,78.83,3029747,1,0,1,1
SHP-02741,2026-02-19,Samarinda,Palembang,Ninja Xpress,kapal_laut,3.65,1.4621,483692,1664.3,3964910,8.1972,455.98,0.0,0.6469280654277154,25650,0,0,0,0
SHP-02742,2026-01-11,Solo,Kupang,JNE,pesawat,2.64,1.56,181037,1890.6,8043366,44.4294,716.15,11.5,69.64,5601400,1,1,0,1
SHP-02743,2026-04-28,Samarinda,Ternate,JX Express,pesawat,2.0,1.1709,288880,1315.2,3389703,11.7339,657.62,3.9,72.42,2454823,1,0,0,0
SHP-02744,2026-04-04,Bandung,Depok,Anteraja,truk,10.02,5.724,1859785,742.4,1088389,0.5852,74.09,0.0,3.987822457661479,43403,0,1,1,0
SHP-02745,2026-04-10,Jakarta,Padang,SiCepat,truk,1.57,0.7058,183057,1859.1,4812461,26.2894,1184.14,0.0,0.35777156144666533,17218,0,1,0,1
SHP-02746,2026-03-15,Mataram,Jambi,J&T Express,pesawat,5.41,2.6441,487875,230.6,379128,0.7771,42.62,4.6,49.97,189450,1,0,0,0
SHP-02747,2026-02-22,Bekasi,Pontianak,Anteraja,truk,2.09,1.1595,199399,1556.8,4713571,23.6389,744.9,0.0,2.677447267239119,126203,0,1,0,1
SHP-02748,2025-12-18,Bogor,Solo,Ninja Xpress,motor,3.43,1.9136,288523,382.6,329245,1.1411,111.55,0.0,2.6517214268268163,8731,0,1,1,0
SHP-02749,2025-12-24,Banjarmasin,Pekanbaru,Ninja Xpress,truk,1.27,0.446,212707,814.5,1509876,7.0984,641.33,0.0,0.2993914692429017,4520,0,0,0,0
SHP-02750,2026-02-11,Semarang,Bogor,Ninja Xpress,truk,2.4,1.3969,319714,687.7,1083787,3.3899,286.56,3.0,80.48,872232,1,1,1,0
SHP-02751,2026-04-10,Ternate,Banjarmasin,JX Express,kapal_laut,9.11,3.0654,1003955,459.5,971560,0.9677,50.43,0.0,2.0664741288831734,20077,0,0,0,0
SHP-02752,2026-04-28,Bekasi,Tangerang,JX Express,motor,1.18,0.5818,167003,238.5,264300,1.5826,202.09,0.0,2.7112117867145793,7166,0,1,1,0
SHP-02753,2026-01-17,Pontianak,Kupang,J&T Express,truk,8.32,3.1746,1219260,1427.9,4807773,3.9432,171.62,0.0,3.551205104482131,170734,0,0,0,0
SHP-02754,2026-03-27,Makassar,Balikpapan,Ninja Xpress,truk,4.07,2.2398,750349,1120.4,2365738,3.1529,275.28,0.0,2.8721624858882118,67948,0,0,0,0
SHP-02755,2026-02-12,Medan,Depok,Anteraja,motor,3.78,1.4619,588498,1488.7,3789705,6.4396,393.83,0.0,3.7597202227974287,142482,0,0,1,1
SHP-02756,2026-05-13,Medan,Bengkulu,Wahana,motor,2.89,1.3275,256125,436.8,752662,2.9387,151.15,2.3,62.65,471543,1,0,0,0
SHP-02757,2026-03-13,Mataram,Manado,Wahana,pesawat,2.2,0.9455,265980,291.8,794041,2.9853,132.63,0.0,3.006941385184473,23876,0,0,0,0
SHP-02758,2026-03-16,Solo,Medan,Anteraja,kapal_laut,1.87,0.9039,158031,1658.7,7652859,48.4263,887.03,0.0,2.6547365931253806,203163,0,1,0,1
SHP-02759,2026-02-28,Palembang,Samarinda,Wahana,pesawat,3.25,1.3404,465732,540.1,1772628,3.8061,166.18,0.0,3.3545381137818224,59463,0,0,0,0
SHP-02760,2026-05-31,Banjarmasin,Bandung,Anteraja,pesawat,5.26,2.3375,555411,568.1,2563491,4.6155,108.0,0.0,2.3403517881274265,59995,0,0,1,1
SHP-02761,2026-03-07,Yogyakarta,Bogor,JNE,truk,2.11,1.0381,317417,708.5,794071,2.5017,335.8,0.0,0.6609272349701145,5248,0,1,1,0
SHP-02762,2025-12-24,Jambi,Malang,Wahana,pesawat,5.64,2.9548,502795,1173.7,4897391,9.7403,208.1,0.0,4.711166055256346,230724,0,0,1,1
SHP-02763,2026-01-19,Palembang,Malang,TIKI,pesawat,7.52,2.6182,1070852,1555.9,6639117,6.1998,206.91,0.0,2.3740133788091495,157614,0,0,1,1
SHP-02764,2026-04-15,Depok,Bengkulu,Wahana,truk,8.44,5.0412,1427942,1970.8,8105321,5.6762,233.5,0.0,2.0154148721266822,163356,0,1,0,1
SHP-02765,2026-04-25,Palembang,Ternate,JNE,kapal_laut,4.98,2.8015,394112,1647.1,4447522,11.2849,330.75,0.0,4.940828021074492,219744,0,0,0,0
SHP-02766,2026-04-02,Lampung,Bogor,JNE,truk,2.67,1.0853,370358,1434.1,5469191,14.7673,537.1,2.0,72.69,3975555,1,0,1,1
SHP-02767,2026-05-20,Padang,Surabaya,J&T Express,motor,1.12,0.5315,109728,1441.5,4229280,38.5433,1287.03,0.0,1.7213423936096968,72800,0,0,1,1
SHP-02768,2026-03-28,Medan,Pekanbaru,J&T Express,pesawat,2.6,0.8283,252607,285.6,810909,3.2102,109.83,0.2,49.82,403995,1,0,0,0
SHP-02769,2026-04-03,Ambon,Balikpapan,JNE,kapal_laut,0.81,0.3158,96775,1118.7,3280417,33.8974,1381.17,0.0,1.3935411581217416,45714,0,0,0,0
SHP-02770,2026-04-08,Semarang,Manado,JNE,truk,5.57,2.7383,853771,736.0,3117309,3.6512,132.13,0.0,1.5026364259619247,46842,0,1,0,1
SHP-02771,2026-04-27,Bandung,Blitar,J&T Express,truk,3.31,1.9795,407199,736.1,1023315,2.5131,222.4,0.3,72.45,741392,1,1,1,0
SHP-02772,2026-01-23,Ambon,Blitar,JNE,pesawat,3.56,1.5296,411399,808.4,3180836,7.7318,227.07,0.0,4.135459817531884,131542,0,0,1,1
SHP-02773,2026-03-28,Bengkulu,Malang,Wahana,pesawat,10.05,5.6837,800103,1501.8,5199697,6.4988,149.43,0.0,2.3967044517890095,124621,0,0,1,1
SHP-02774,2026-03-16,Jambi,Manado,Ninja Xpress,truk,2.33,1.177,193829,527.0,869080,4.4837,226.16,0.1,78.82,685009,1,0,0,0
SHP-02775,2026-01-23,Malang,Solo,JX Express,motor,3.46,1.9327,384477,630.5,826627,2.15,182.23,0.0,0.7179149387245992,5934,0,1,1,0
SHP-02776,2026-01-28,Lampung,Makassar,Wahana,kapal_laut,3.53,1.9704,242457,1042.5,2473246,10.2008,295.33,2.0,73.57,1819567,1,0,0,0
SHP-02777,2026-04-03,Medan,Pekanbaru,J&T Express,truk,2.05,1.0486,229357,803.4,2202134,9.6013,391.93,0.0,1.5674802728981159,34518,0,0,0,0
SHP-02778,2026-05-28,Semarang,Balikpapan,Ninja Xpress,motor,1.27,0.4001,73506,655.0,3104334,42.2324,515.74,0.0,0.511422699942396,15876,0,1,0,1
SHP-02779,2026-03-25,Yogyakarta,Pekanbaru,Anteraja,kapal_laut,4.44,1.4069,613007,1375.6,6613783,10.7891,309.82,1.5,79.0,5224889,1,1,0,1
SHP-02780,2025-12-18,Jakarta,Surabaya,TIKI,pesawat,4.76,1.9555,441277,706.5,1139249,2.5817,148.42,0.0,3.472028897938188,39555,0,1,1,0
SHP-02781,2025-12-17,Lampung,Surabaya,Wahana,pesawat,3.24,1.8965,433044,2103.8,10513448,24.278,649.33,8.6,78.06,8206798,1,0,1,1
SHP-02782,2026-01-24,Mataram,Makassar,TIKI,motor,2.84,0.8897,483182,356.3,1162447,2.4058,125.47,0.6,54.53,633882,1,0,0,0
SHP-02783,2026-04-06,Pekanbaru,Mataram,SiCepat,kapal_laut,2.69,1.1147,296747,882.2,2034036,6.8544,327.94,3.2,80.92,1645942,1,0,0,0
SHP-02784,2026-05-28,Blitar,Depok,JNE,pesawat,9.73,3.0093,1674011,304.2,268599,0.1605,31.27,0.0,1.212116700512318,3256,0,1,1,0
SHP-02785,2026-02-23,Lampung,Semarang,Ninja Xpress,motor,2.86,1.0215,495152,2093.4,10368358,20.9397,731.95,0.0,2.4236749338713115,251295,0,0,1,1
SHP-02786,2026-04-08,Palembang,Bandung,Ninja Xpress,pesawat,2.45,1.0821,170567,858.9,3007764,17.6339,350.58,0.2,79.5,2391172,1,0,1,1
SHP-02787,2026-03-30,Bengkulu,Balikpapan,JX Express,truk,9.99,4.0085,747896,1029.2,2570098,3.4364,103.02,0.0,3.9666722385514124,101947,0,0,0,0
SHP-02788,2026-03-23,Manado,Ambon,J&T Express,motor,2.99,1.1933,311676,472.6,1173963,3.7666,158.08,0.0,4.251389166618623,49910,0,0,0,0
SHP-02789,2026-02-08,Kupang,Bandung,Anteraja,pesawat,3.91,1.5237,668108,1748.3,8410718,12.5889,447.13,0.0,3.743599593803456,314864,0,0,1,1
SHP-02790,2026-03-01,Ternate,Jambi,JNE,truk,11.63,3.7151,1335947,1270.5,3577627,2.678,109.25,0.0,4.409931755690989,157771,0,0,0,0
SHP-02791,2026-03-09,Pontianak,Tangerang,Wahana,truk,2.25,0.9524,269533,1089.6,5105164,18.9408,484.28,0.0,2.226425818199316,113663,0,0,1,1
SHP-02792,2025-12-30,Bengkulu,Manado,J&T Express,motor,3.54,1.63,421509,775.9,1896971,4.5004,219.19,0.0,1.1281563563633112,21401,0,0,0,0
SHP-02793,2026-05-25,Ternate,Makassar,JX Express,motor,6.48,2.5523,559400,333.7,525695,0.9397,51.49,0.0,2.162097953777851,11366,0,0,0,0
SHP-02794,2026-03-14,Lampung,Ambon,Wahana,pesawat,4.04,2.112,402428,918.0,2245999,5.5811,227.24,2.1,80.74,1813420,1,0,0,0
SHP-02795,2026-04-16,Makassar,Palembang,J&T Express,motor,6.93,2.1741,593365,347.7,1026628,1.7302,50.18,0.0,0.8843828198773307,9079,0,0,0,0
SHP-02796,2026-04-04,Bekasi,Padang,J&T Express,pesawat,3.35,1.3692,301538,1227.1,4556411,15.1106,366.29,1.6,79.29,3612778,1,1,0,1
SHP-02797,2026-01-27,Ternate,Lampung,JNE,truk,2.05,0.7796,200856,1605.2,3663348,18.2387,783.03,0.0,2.6670227940739317,97702,0,0,0,0
SHP-02798,2026-02-09,Jakarta,Surabaya,SiCepat,kapal_laut,2.28,0.7723,253683,607.2,1007836,3.9728,266.33,0.0,0.7436093821255924,7494,0,1,1,0
SHP-02799,2026-05-14,Ambon,Bengkulu,JNE,truk,5.26,2.3002,465367,739.3,1628996,3.5005,140.55,0.0,0.5280444889530428,8602,0,0,0,0
SHP-02800,2026-03-08,Medan,Makassar,JX Express,truk,2.68,1.594,343745,755.6,2432351,7.076,281.92,0.0,3.731051280828652,90752,0,0,0,0
SHP-02801,2026-06-09,Mataram,Bandung,SiCepat,pesawat,3.05,1.047,202702,1152.5,3676062,18.1353,377.85,2.4,81.84,3008489,1,0,1,1
SHP-02802,2026-01-28,Medan,Pekanbaru,Anteraja,truk,3.9,2.2598,639301,1649.6,5318674,8.3195,422.98,0.0,0.4845042831161561,25769,0,0,0,0
SHP-02803,2026-01-21,Malang,Jambi,Anteraja,truk,3.87,1.5356,339279,2420.3,11873358,34.9959,625.4,0.0,3.776232779359855,448366,0,1,0,1
SHP-02804,2026-02-07,Blitar,Jakarta,JNE,pesawat,2.74,1.4894,428525,51.0,67996,0.1587,18.61,0.0,4.75865209954664,3236,0,1,1,0
SHP-02805,2026-03-26,Kupang,Bandung,JX Express,pesawat,4.68,1.7479,585015,1069.3,3922775,6.7054,228.47,0.0,0.2546943960879927,9991,0,0,1,1
SHP-02806,2026-01-04,Balikpapan,Manado,TIKI,truk,2.93,0.8997,390210,789.3,2759146,7.0709,269.39,8.6,70.32,1940231,1,0,0,0
SHP-02807,2026-05-05,Ternate,Bandung,J&T Express,pesawat,5.67,2.5212,815832,500.5,1604961,1.9673,88.27,0.0,0.12180862511727675,1955,0,0,1,1
SHP-02808,2026-04-27,Pontianak,Solo,Ninja Xpress,truk,2.75,1.0095,248363,2424.1,8246397,33.203,881.5,1.4,73.89,6093263,1,0,1,1
SHP-02809,2026-05-15,Depok,Solo,Anteraja,motor,3.33,1.759,316493,321.1,323736,1.0229,96.42,0.0,3.730869654254145,12078,0,1,1,0
SHP-02810,2026-04-05,Kupang,Pontianak,Anteraja,truk,3.06,1.003,238178,1748.4,5896856,24.7582,571.38,0.9,80.25,4732227,1,0,0,0
SHP-02811,2026-01-16,Balikpapan,Bogor,J&T Express,pesawat,2.49,1.3729,275513,1445.6,6144555,22.3022,580.58,4.5,76.62,4707958,1,0,1,1
SHP-02812,2026-03-01,Tangerang,Makassar,TIKI,motor,4.64,2.1818,387329,2201.5,8821196,22.7744,474.47,0.2,73.87,6516217,1,1,0,1
SHP-02813,2026-04-19,Ternate,Bandung,Wahana,truk,4.7,1.6993,699498,773.8,2539901,3.631,164.64,0.0,0.3475926282812736,8829,0,0,1,1
SHP-02814,2025-12-19,Kupang,Palembang,JX Express,pesawat,5.85,2.1193,711746,511.9,1441389,2.0251,87.51,0.0,4.843642537113923,69816,0,0,0,0
SHP-02815,2026-05-18,Pekanbaru,Ternate,Anteraja,pesawat,8.48,2.8425,715243,711.4,1221961,1.7085,83.89,3.6,78.9,964127,1,0,0,0
SHP-02816,2026-01-31,Manado,Makassar,Wahana,motor,4.39,2.2044,299334,649.9,2028291,6.776,148.04,5.0,77.92,1580444,1,0,0,0
SHP-02817,2026-04-13,Jambi,Samarinda,TIKI,truk,3.93,2.0851,430423,1341.9,2425030,5.6341,341.46,0.0,3.891060773668239,94359,0,0,0,0
SHP-02818,2026-01-10,Samarinda,Ambon,JX Express,motor,2.7,0.8425,245769,268.5,488808,1.9889,99.45,0.0,3.668457884573917,17932,0,0,0,0
SHP-02819,2026-06-07,Palembang,Malang,JX Express,truk,2.91,1.6091,502169,794.5,2363358,4.7063,273.01,0.0,2.8212013267127456,66675,0,0,1,1
SHP-02820,2025-12-29,Surabaya,Pekanbaru,SiCepat,pesawat,2.89,1.463,308737,2344.4,6673339,21.615,811.21,2.1,78.56,5242575,1,1,0,1
SHP-02821,2026-06-11,Ambon,Kupang,JX Express,kapal_laut,2.43,1.4472,243987,308.8,724906,2.9711,127.09,0.0,1.9360360507396346,14034,0,0,0,0
SHP-02822,2026-02-26,Medan,Samarinda,JX Express,truk,4.75,2.2629,589678,791.2,2048037,3.4731,166.56,1.2,78.91,1616106,1,0,0,0
SHP-02823,2026-01-30,Manado,Samarinda,J&T Express,motor,3.38,1.3035,456087,930.1,2519771,5.5248,275.19,0.4,76.58,1929641,1,0,0,0
SHP-02824,2026-01-29,Malang,Tangerang,JNE,pesawat,5.12,2.9312,786350,83.4,135093,0.1718,16.29,0.0,4.486904738258558,6061,0,1,1,0
SHP-02825,2026-02-05,Blitar,Malang,Anteraja,motor,5.49,2.2682,881156,525.8,624068,0.7082,95.77,0.7,74.44,464556,1,1,1,0
SHP-02826,2026-01-23,Lampung,Jakarta,JX Express,motor,4.64,1.4701,713221,1655.9,6770298,9.4926,356.88,3.1,75.03,5079755,1,0,1,1
SHP-02827,2026-01-31,Jakarta,Ambon,TIKI,motor,4.13,2.035,535212,982.4,2718643,5.0796,237.87,0.0,4.38428069928632,119193,0,1,0,1
SHP-02828,2026-05-15,Pontianak,Banjarmasin,JNE,pesawat,4.63,2.1398,485002,1374.4,2612140,5.3858,296.85,5.1,77.94,2035902,1,0,0,0
SHP-02829,2026-06-05,Ambon,Banjarmasin,Ninja Xpress,motor,3.43,1.7726,400577,994.8,2575896,6.4305,290.04,0.0,3.6120589750707213,93043,0,0,0,0
SHP-02830,2026-05-16,Bogor,Jambi,Wahana,motor,2.8,1.0995,282590,1541.7,6610003,23.3908,550.61,0.0,4.484396838156607,296419,0,1,0,1
SHP-02831,2025-12-27,Depok,Makassar,Wahana,pesawat,2.56,0.8577,312224,1824.4,8403677,26.9155,712.66,0.4,80.03,6725463,1,1,0,1
SHP-02832,2026-01-08,Mataram,Bekasi,SiCepat,pesawat,1.34,0.5636,99745,1714.2,8545198,85.6704,1279.26,12.2,72.31,6179033,1,0,1,1
SHP-02833,2026-01-08,Tangerang,Bandung,JX Express,truk,2.18,0.761,356718,467.8,688131,1.9291,214.6,0.0,4.945110650233781,34029,0,1,1,0
SHP-02834,2026-05-30,Yogyakarta,Ternate,TIKI,motor,1.68,0.9481,184279,1342.5,5245946,28.4674,799.13,0.0,4.914782162266843,257827,0,1,0,1
SHP-02835,2026-05-08,Blitar,Bogor,JX Express,pesawat,2.98,0.9403,352014,538.9,473773,1.3459,180.83,4.4,68.99,326856,1,1,1,0
SHP-02836,2026-02-23,Banjarmasin,Blitar,Ninja Xpress,truk,3.51,1.8214,303606,2223.5,10313667,33.9706,633.49,0.0,0.18187811916587193,18758,0,0,1,1
SHP-02837,2026-02-02,Surabaya,Bekasi,JNE,truk,2.68,1.3395,334816,757.1,1313899,3.9242,282.49,0.2,73.21,961905,1,1,1,0
SHP-02838,2026-05-12,Mataram,Tangerang,JX Express,kapal_laut,10.12,5.2437,1548909,812.5,3701650,2.3898,80.29,0.0,1.5739565782583482,58262,0,0,1,1
SHP-02839,2025-12-23,Depok,Bengkulu,Wahana,kapal_laut,2.12,1.2668,262042,1299.7,6130260,23.3942,613.08,1.8,77.27,4736852,1,1,0,1
SHP-02840,2026-02-17,Bengkulu,Medan,J&T Express,truk,4.28,2.1429,453103,772.2,2626073,5.7958,180.41,0.0,0.8807184602206553,23128,0,0,0,0
SHP-02841,2026-03-25,Palembang,Ternate,Anteraja,kapal_laut,1.89,0.7408,216766,1668.2,4749995,21.913,882.64,0.0,0.3043612035873111,14457,0,0,0,0
SHP-02842,2026-01-25,Malang,Bekasi,Wahana,motor,3.81,1.2364,329171,330.5,453790,1.3786,86.75,0.0,3.5852436288627345,16269,0,1,1,0
SHP-02843,2026-03-24,Manado,Balikpapan,Wahana,pesawat,2.01,0.9412,301795,1382.0,2237066,7.4125,687.58,0.0,3.365528521845676,75289,0,0,0,0
SHP-02844,2026-04-04,Solo,Ternate,SiCepat,kapal_laut,0.51,0.2645,45490,1754.4,8755475,192.4703,3439.91,0.0,2.475037889852545,216701,0,1,0,1
SHP-02845,2026-01-01,Bekasi,Jambi,Anteraja,kapal_laut,1.11,0.3814,130034,1413.1,5046836,38.8117,1273.06,0.0,2.4944312011163072,125890,0,1,0,1
SHP-02846,2026-03-31,Balikpapan,Bekasi,JNE,pesawat,5.44,2.806,774057,2074.2,9277941,11.9861,381.29,0.0,1.0554463662764557,97924,0,0,1,1
SHP-02847,2026-01-17,Semarang,Padang,JNE,motor,1.82,0.9059,111557,1644.6,6410023,57.4596,903.63,0.6,72.38,4639575,1,1,0,1
SHP-02848,2026-04-29,Padang,Blitar,J&T Express,motor,3.52,1.1919,285685,1197.3,4802531,16.8106,340.14,0.0,0.2515633764680958,12081,0,0,1,1
SHP-02849,2026-03-10,Bekasi,Pontianak,J&T Express,truk,2.32,1.0884,254763,2197.2,8397798,32.9632,947.09,0.9,80.88,6792139,1,1,0,1
SHP-02850,2026-01-09,Bogor,Semarang,SiCepat,kapal_laut,1.33,0.5855,126681,360.8,523999,4.1364,271.28,4.0,56.55,296321,1,1,1,0
SHP-02851,2026-05-06,Jambi,Bekasi,TIKI,pesawat,7.9,4.2267,1382600,1738.8,7574133,5.4782,220.1,3.5,77.97,5905552,1,0,1,1
SHP-02852,2026-01-16,Pontianak,Solo,J&T Express,truk,4.34,1.7038,504885,1521.7,5019187,9.9412,350.63,2.1,76.54,3841686,1,0,1,1
SHP-02853,2026-04-30,Malang,Samarinda,Wahana,motor,5.8,2.8218,961263,1776.9,8585388,8.9314,306.37,0.7,75.44,6476817,1,1,0,1
SHP-02854,2026-01-01,Tangerang,Lampung,TIKI,kapal_laut,2.62,0.7886,373011,605.2,2630467,7.052,230.97,2.2,79.59,2093589,1,1,0,1
SHP-02855,2026-03-30,Blitar,Makassar,Wahana,motor,3.67,2.1695,360898,1369.3,6279457,17.3995,373.11,4.9,79.11,4967678,1,1,0,1
SHP-02856,2026-06-10,Bogor,Tangerang,Anteraja,truk,3.19,1.4421,431513,717.7,684428,1.5861,224.99,5.0,78.42,536728,1,1,1,0
SHP-02857,2026-05-20,Semarang,Palembang,Ninja Xpress,truk,1.51,0.5951,149465,2204.5,8506137,56.9106,1459.95,0.0,2.470655402457033,210157,0,1,0,1
SHP-02858,2026-03-08,Bogor,Jambi,Ninja Xpress,kapal_laut,2.02,1.1975,284076,955.4,4282711,15.0759,472.99,1.1,78.5,3361928,1,1,0,1
SHP-02859,2026-01-09,Kupang,Surabaya,JX Express,truk,5.45,2.6658,579402,2103.5,9391769,16.2094,385.97,2.3,72.85,6841904,1,0,1,1
SHP-02860,2026-03-08,Samarinda,Padang,Ninja Xpress,motor,2.08,1.0308,344071,509.2,1389301,4.0378,244.83,6.9,78.47,1090184,1,0,0,0
SHP-02861,2026-04-30,Pekanbaru,Malang,SiCepat,motor,13.15,6.6421,2139756,1495.9,6265949,2.9283,113.76,0.0,3.8735394622127095,242714,0,0,1,1
SHP-02862,2026-04-26,Medan,Pontianak,Wahana,pesawat,4.8,1.8146,665763,414.4,1165556,1.7507,86.33,0.0,2.230330132044549,25996,0,0,0,0
SHP-02863,2025-12-30,Balikpapan,Semarang,Anteraja,pesawat,1.56,0.8467,224008,1629.0,6759249,30.1741,1044.21,3.4,77.65,5248557,1,0,1,1
SHP-02864,2026-02-19,Medan,Solo,Anteraja,kapal_laut,3.17,1.4975,551258,2033.8,7356144,13.3443,641.59,0.0,4.218982098800971,310354,0,0,1,1
SHP-02865,2025-12-29,Mataram,Blitar,JX Express,pesawat,1.2,0.4754,107853,1199.1,4935439,45.7608,999.29,0.1,66.93,3303289,1,0,1,1
SHP-02866,2025-12-21,Manado,Palembang,Wahana,kapal_laut,3.36,1.8433,341541,1658.9,4542920,13.3012,493.73,0.0,3.6409902743667266,165407,0,0,0,0
SHP-02867,2026-02-18,Medan,Ternate,JNE,truk,3.81,1.452,264493,329.9,1146171,4.3335,86.58,0.0,1.8601969384463408,21321,0,0,0,0
SHP-02868,2026-02-12,Medan,Lampung,Anteraja,motor,1.27,0.7033,164955,1393.7,4550098,27.5839,1097.39,0.0,2.939747446882879,133761,0,0,0,0
SHP-02869,2026-02-25,Banjarmasin,Bekasi,J&T Express,truk,2.23,0.886,209184,1953.1,6060926,28.9741,875.82,4.6,79.91,4843286,1,0,1,1
SHP-02870,2026-06-11,Samarinda,Lampung,SiCepat,truk,2.05,0.6294,169933,800.3,2534002,14.9118,390.41,5.5,76.89,1948394,1,0,0,0
SHP-02871,2026-03-16,Depok,Malang,Anteraja,kapal_laut,2.94,1.442,320838,201.8,350024,1.091,68.64,0.0,1.8891573738840317,6613,0,1,1,0
SHP-02872,2026-01-19,Mataram,Bandung,Wahana,truk,2.52,0.7973,339804,615.4,2424791,7.1359,244.19,0.4,77.57,1880910,1,0,1,1
SHP-02873,2026-01-25,Jambi,Mataram,Wahana,motor,4.23,1.4009,443136,909.1,2395771,5.4064,214.91,0.0,3.3654982987303446,80630,0,0,0,0
SHP-02874,2026-02-19,Makassar,Tangerang,JX Express,truk,4.66,2.6042,383660,1839.1,6850914,17.8567,394.65,0.0,3.5607481550086746,243944,0,0,1,1
SHP-02875,2026-04-28,Mataram,Padang,SiCepat,pesawat,5.07,2.4666,864781,1060.6,2504786,2.8964,209.2,12.9,81.59,2043655,1,0,0,0
SHP-02876,2026-04-20,Lampung,Blitar,JNE,truk,3.41,1.9431,397271,1680.8,5693492,14.3315,492.91,15.5,76.79,4372033,1,0,1,1
SHP-02877,2026-03-31,Medan,Makassar,SiCepat,truk,1.54,0.6681,258731,643.2,1654023,6.3928,417.69,0.0,0.9125540758464035,15094,0,0,0,0
SHP-02878,2025-12-27,Samarinda,Ambon,JX Express,pesawat,1.79,0.5798,177855,645.7,1794851,10.0917,360.72,0.0,3.913097650431687,70234,0,0,0,0
SHP-02879,2026-04-14,Semarang,Bogor,JX Express,kapal_laut,2.8,1.5089,269947,508.4,592118,2.1935,181.59,0.0,0.37280439247052155,2207,0,1,1,0
SHP-02880,2026-05-20,Medan,Ternate,JNE,truk,1.99,0.6258,193772,1157.5,1875079,9.6767,581.65,4.9,69.26,1298680,1,0,0,0
SHP-02881,2026-01-29,Pekanbaru,Samarinda,TIKI,pesawat,6.88,3.2294,725741,1201.6,1976910,2.724,174.65,0.0,0.8026712549483395,15868,0,0,0,0
SHP-02882,2026-03-07,Pekanbaru,Bandung,JNE,motor,1.08,0.3475,139178,2220.3,7931356,56.9871,2055.81,0.0,4.35543431798051,345445,0,0,1,1
SHP-02883,2026-01-24,Semarang,Banjarmasin,Wahana,kapal_laut,4.84,2.8609,641143,600.3,2955113,4.6091,124.03,2.2,80.79,2387436,1,1,0,1
SHP-02884,2026-05-30,Yogyakarta,Tangerang,JNE,pesawat,3.83,1.9667,520773,576.2,562787,1.0807,150.46,0.0,0.16740900391611024,942,0,1,1,0
SHP-02885,2026-02-15,Malang,Surabaya,Ninja Xpress,truk,5.09,2.1586,596999,506.6,495537,0.83,99.54,1.1,72.67,360107,1,1,1,0
SHP-02886,2026-03-03,Palembang,Tangerang,J&T Express,pesawat,5.4,3.0194,634314,1225.8,4900366,7.7255,227.0,0.0,4.304395759895524,210931,0,0,1,1
SHP-02887,2026-02-05,Blitar,Malang,Anteraja,kapal_laut,7.33,3.8525,929187,448.6,617875,0.665,61.2,0.0,0.8271232032270848,5111,0,1,1,0
SHP-02888,2026-03-03,Solo,Blitar,Ninja Xpress,pesawat,1.36,0.5125,138742,441.9,355401,2.5616,324.96,3.1,63.5,225680,1,1,1,0
SHP-02889,2026-04-20,Pekanbaru,Tangerang,J&T Express,pesawat,5.11,2.0887,695064,814.2,3938827,5.6669,159.33,0.0,0.06962353379429242,2742,0,0,1,1
SHP-02890,2026-01-20,Pekanbaru,Banjarmasin,TIKI,truk,2.07,1.1276,241296,552.6,1136953,4.7119,266.95,0.5,74.94,852033,1,0,0,0
SHP-02891,2026-03-23,Bogor,Ternate,Wahana,motor,2.18,1.0148,307111,1247.6,3157341,10.2808,572.28,0.0,4.283428478642693,135242,0,1,0,1
SHP-02892,2026-04-29,Samarinda,Depok,JNE,pesawat,4.26,2.4184,429081,1582.1,6009604,14.0058,371.39,4.0,73.65,4426073,1,0,1,1
SHP-02893,2025-12-23,Padang,Malang,Wahana,truk,1.13,0.6336,187946,1261.1,4803299,25.5568,1115.98,0.0,2.6924602364368324,129327,0,0,1,1
SHP-02894,2026-03-30,Yogyakarta,Palembang,SiCepat,kapal_laut,2.63,0.8556,192887,2382.3,10406065,53.949,905.8,0.0,1.075136990679234,111879,0,1,0,1
SHP-02895,2026-02-22,Samarinda,Semarang,Anteraja,motor,2.89,1.1962,374481,1851.3,5607298,14.9735,640.58,0.0,1.1818487192409555,66270,0,0,1,1
SHP-02896,2026-04-30,Padang,Manado,Wahana,truk,3.61,1.8306,427338,494.9,1667835,3.9028,137.09,0.0,4.9813563777229195,83081,0,0,0,0
SHP-02897,2026-05-05,Lampung,Yogyakarta,TIKI,motor,4.76,2.4104,410216,1790.3,8021066,19.5533,376.12,4.9,73.09,5862597,1,0,1,1
SHP-02898,2025-12-21,Jambi,Depok,JX Express,kapal_laut,4.25,1.537,400071,1012.8,3212610,8.0301,238.3,0.0,2.9404314818150294,94465,0,0,1,1
SHP-02899,2026-01-11,Balikpapan,Medan,J&T Express,kapal_laut,3.1,1.4499,406802,1665.3,3938570,9.6818,537.2,0.0,3.2609585375494543,128435,0,0,0,0
SHP-02900,2026-03-10,Pekanbaru,Tangerang,Ninja Xpress,truk,1.38,0.7654,146843,1732.7,4637601,31.582,1255.58,2.6,79.46,3685038,1,0,1,1
SHP-02901,2025-12-30,Jakarta,Bekasi,SiCepat,motor,3.07,1.6532,197052,366.1,362709,1.8407,119.26,1.4,59.26,214941,1,1,1,0
SHP-02902,2026-06-14,Samarinda,Palembang,SiCepat,pesawat,4.55,1.8882,360355,710.6,1843374,5.1154,156.17,0.0,2.912170949396195,53682,0,0,0,0
SHP-02903,2026-03-01,Bengkulu,Manado,JX Express,truk,3.09,1.7575,301495,1391.3,4630433,15.3582,450.25,1.5,72.23,3344562,1,0,0,0
SHP-02904,2026-02-08,Pontianak,Jakarta,Ninja Xpress,pesawat,1.03,0.3737,111184,725.9,2174681,19.5593,704.72,0.0,3.9514157441987448,85931,0,0,1,1
SHP-02905,2026-01-20,Banjarmasin,Mataram,JX Express,kapal_laut,3.81,2.1971,281939,1020.0,2135882,7.5757,267.71,4.4,79.44,1696745,1,0,0,0
SHP-02906,2025-12-19,Banjarmasin,Depok,JX Express,pesawat,1.42,0.6629,154613,1551.2,6774458,43.8156,1092.41,0.5,67.34,4561920,1,0,1,1
SHP-02907,2026-05-16,Kupang,Blitar,J&T Express,truk,1.69,0.8209,174714,934.4,2642375,15.124,552.9,0.4,73.92,1953244,1,0,1,1
SHP-02908,2026-05-03,Makassar,Ternate,JNE,pesawat,1.93,0.6604,274241,1082.3,3512739,12.8089,560.75,0.0,3.0551664461161887,107320,0,0,0,0
SHP-02909,2026-03-18,Jakarta,Palembang,TIKI,truk,4.55,1.8347,512034,1292.5,5018836,9.8018,284.06,0.0,0.048420040860581715,2430,0,1,0,1
SHP-02910,2025-12-27,Blitar,Semarang,JNE,truk,2.66,0.9423,228122,700.6,679491,2.9786,263.38,3.2,69.41,471635,1,1,1,0
SHP-02911,2026-01-08,Makassar,Bandung,SiCepat,truk,8.48,3.9687,1417020,1123.5,3018627,2.1303,132.48,0.0,1.3862435664298793,41846,0,0,1,1
SHP-02912,2026-01-24,Medan,Surabaya,TIKI,motor,1.23,0.4217,101534,1986.0,6774492,66.7214,1614.62,0.0,2.8570444492967573,193550,0,0,1,1
SHP-02913,2026-03-10,Jakarta,Palembang,TIKI,pesawat,2.56,1.0769,185767,2448.3,6338977,34.1233,956.35,0.0,2.880959148410927,182623,0,1,0,1
SHP-02914,2026-01-15,Semarang,Banjarmasin,TIKI,truk,5.53,1.7828,654211,913.9,3786952,5.7886,165.26,1.5,71.83,2720168,1,1,0,1
SHP-02915,2026-03-08,Ambon,Ternate,SiCepat,pesawat,7.66,2.5125,961043,1210.8,2832382,2.9472,158.07,0.8,72.66,2058009,1,0,0,0
SHP-02916,2026-05-09,Blitar,Bengkulu,Ninja Xpress,motor,2.24,0.74,229991,1905.1,4894616,21.2818,850.51,0.0,0.5098583322706929,24956,0,1,0,1
SHP-02917,2026-03-12,Bengkulu,Medan,Wahana,pesawat,2.73,0.9183,206185,1528.6,2347271,11.3843,559.92,0.0,3.842690498870798,90198,0,0,0,0
SHP-02918,2026-03-10,Mataram,Ambon,Ninja Xpress,pesawat,1.92,0.9463,161677,1420.4,4729671,29.2538,739.81,0.7,72.86,3446038,1,0,0,0
SHP-02919,2026-05-04,Bogor,Semarang,JNE,motor,14.88,4.9644,1543537,392.3,448645,0.2907,26.37,0.0,3.714887111573268,16667,0,1,1,0
SHP-02920,2026-04-03,Medan,Ambon,Wahana,motor,6.03,2.3165,488132,455.2,815113,1.6699,75.49,0.0,2.576012411240285,20997,0,0,0,0
SHP-02921,2026-01-23,Malang,Balikpapan,JX Express,pesawat,1.58,0.8866,217320,1498.1,7328632,33.7228,948.15,6.6,69.81,5116118,1,1,0,1
SHP-02922,2026-02-14,Banjarmasin,Surabaya,JNE,kapal_laut,2.08,0.7659,273348,676.8,2185086,7.9938,325.37,10.0,76.87,1679676,1,0,1,1
SHP-02923,2026-02-25,Semarang,Bengkulu,Wahana,pesawat,2.51,0.9763,276469,2414.4,11836165,42.8119,961.91,3.0,79.98,9466565,1,1,0,1
SHP-02924,2026-01-09,Balikpapan,Padang,Ninja Xpress,pesawat,0.94,0.4018,105894,918.5,1633135,15.4224,977.15,1.6,68.06,1111512,1,0,0,0
SHP-02925,2026-02-09,Jakarta,Padang,SiCepat,pesawat,1.8,0.6029,256542,1383.9,3981735,15.5208,768.84,0.0,1.478008222294812,58850,0,1,0,1
SHP-02926,2026-04-28,Bandung,Ternate,JX Express,truk,1.75,0.7012,206340,1816.8,5396952,26.1556,1038.19,0.0,2.2505337901883404,121460,0,1,0,1
SHP-02927,2026-01-25,Solo,Manado,JNE,pesawat,2.4,0.9864,231915,994.6,4918058,21.2063,414.44,0.0,1.7549766514956644,86311,0,1,0,1
SHP-02928,2026-01-26,Tangerang,Manado,SiCepat,truk,2.6,0.9448,415105,1736.9,8266675,19.9147,668.03,7.5,79.97,6610860,1,1,0,1
SHP-02929,2026-02-12,Solo,Ternate,JX Express,pesawat,2.78,1.5114,473898,1069.8,3417360,7.2112,384.81,0.0,4.712179973720448,161032,0,1,0,1
SHP-02930,2026-03-28,Medan,Tangerang,Wahana,pesawat,2.5,0.7858,224082,1989.4,5360117,23.9203,795.74,0.0,4.428495241054705,237373,0,0,1,1
SHP-02931,2026-04-11,Blitar,Ternate,SiCepat,pesawat,2.9,1.3747,415096,739.6,2115761,5.097,255.04,1.2,80.69,1707208,1,1,0,1
SHP-02932,2026-05-14,Blitar,Pontianak,SiCepat,pesawat,3.74,1.3981,601418,1950.0,8586028,14.2763,521.39,2.5,77.65,6667051,1,1,0,1
SHP-02933,2026-04-18,Mataram,Ambon,JNE,pesawat,12.08,6.8195,1522388,224.2,530440,0.3484,18.56,0.0,3.353720886307492,17789,0,0,0,0
SHP-02934,2026-02-09,Ternate,Bandung,TIKI,pesawat,3.91,1.6444,391564,630.3,2939036,7.5059,161.21,0.1,69.97,2056443,1,0,1,1
SHP-02935,2026-01-24,Kupang,Semarang,Wahana,truk,0.65,0.3103,74648,1118.8,4223048,56.5728,1721.25,0.0,2.3541217747054994,99416,0,0,1,1
SHP-02936,2026-03-02,Jambi,Bekasi,TIKI,truk,1.17,0.496,114085,2329.4,9462760,82.9448,1990.93,0.0,0.9002821049415299,85192,0,0,1,1
SHP-02937,2026-03-23,Blitar,Solo,Wahana,kapal_laut,1.88,0.6928,203513,696.3,985810,4.844,370.37,0.0,4.941463434707003,48713,0,1,1,0
SHP-02938,2026-01-18,Palembang,Medan,Ninja Xpress,truk,5.43,2.7452,393049,917.3,2327015,5.9204,168.94,0.0,0.7515656184153546,17489,0,0,0,0
SHP-02939,2026-05-05,Samarinda,Pontianak,Wahana,motor,6.08,2.9931,579613,766.8,2255761,3.8918,126.11,0.3,78.92,1780247,1,0,0,0
SHP-02940,2026-04-08,Bengkulu,Tangerang,SiCepat,kapal_laut,2.72,1.0203,335835,1568.2,4184741,12.4607,576.55,0.0,2.6276582105196953,109961,0,0,1,1
SHP-02941,2026-05-02,Malang,Bekasi,J&T Express,kapal_laut,1.84,0.9471,288427,157.2,145275,0.5037,85.42,20.2,38.78,56338,1,1,1,0
SHP-02942,2026-03-28,Jakarta,Makassar,TIKI,pesawat,2.78,1.4938,241937,742.1,3385418,13.993,266.94,1.3,78.96,2673126,1,1,0,1
SHP-02943,2025-12-31,Makassar,Kupang,TIKI,truk,6.08,2.7576,503943,843.9,2064831,4.0974,138.8,0.0,0.06897101348032952,1424,0,0,0,0
SHP-02944,2026-06-12,Pontianak,Kupang,Anteraja,kapal_laut,3.16,1.2307,394272,1377.3,4517687,11.4583,435.85,0.0,4.509867743908211,203742,0,0,0,0
SHP-02945,2026-05-29,Pontianak,Bandung,Anteraja,truk,3.07,1.6127,338648,2396.0,10820546,31.9522,780.46,2.2,72.7,7866537,1,0,1,1
SHP-02946,2026-05-11,Makassar,Malang,Anteraja,motor,3.18,1.7252,328762,1627.9,6876242,20.9156,511.93,0.0,0.9499260578834667,65319,0,0,1,1
SHP-02947,2026-04-10,Samarinda,Yogyakarta,TIKI,truk,0.86,0.4237,97352,1635.4,6764439,69.4843,1901.6,0.0,2.4504160662151553,165757,0,0,1,1
SHP-02948,2026-01-23,Padang,Solo,Wahana,kapal_laut,3.19,1.797,455029,763.0,3240122,7.1207,239.18,0.0,4.0491550302352834,131198,0,0,1,1
SHP-02949,2026-06-01,Semarang,Manado,J&T Express,pesawat,2.45,1.161,259203,998.1,4822327,18.6044,407.4,1.5,71.63,3454233,1,1,0,1
SHP-02950,2026-04-11,Jambi,Blitar,TIKI,pesawat,4.9,1.4896,502496,2488.2,9157042,18.2231,507.8,0.0,3.454611140702271,316340,0,0,1,1
SHP-02951,2026-01-11,Pontianak,Surabaya,JNE,pesawat,3.92,1.2796,331792,1562.2,6518942,19.6477,398.51,0.0,3.16851683785743,206554,0,0,1,1
SHP-02952,2026-02-02,Jambi,Manado,Ninja Xpress,kapal_laut,6.92,3.1491,715993,599.9,1279795,1.7874,86.69,0.0,2.10871985517667,26987,0,0,0,0
SHP-02953,2026-04-16,Balikpapan,Yogyakarta,TIKI,kapal_laut,1.97,0.6496,227230,2099.5,8776229,38.6227,1065.76,0.0,3.762234865102581,330182,0,0,1,1
SHP-02954,2026-06-14,Bandung,Ambon,JX Express,motor,3.18,1.5035,245819,669.3,2850826,11.5973,210.47,0.5,78.5,2237898,1,1,0,1
SHP-02955,2026-01-23,Tangerang,Bekasi,Wahana,truk,1.77,0.6823,197361,352.0,356973,1.8087,198.88,0.0,3.232701568870267,11540,0,1,1,0
SHP-02956,2026-05-29,Palembang,Lampung,J&T Express,motor,1.5,0.886,116479,1412.9,3846599,33.024,941.95,0.0,1.6591241821878422,63820,0,0,0,0
SHP-02957,2026-04-13,Lampung,Blitar,JX Express,truk,2.15,0.8332,292625,1002.0,3054405,10.4379,466.05,0.0,2.023330440055184,61801,0,0,1,1
SHP-02958,2026-01-21,Bengkulu,Blitar,Wahana,pesawat,2.73,1.5239,225244,1463.7,5421781,24.0707,536.16,0.0,2.622902704856976,142208,0,0,1,1
SHP-02959,2026-05-03,Yogyakarta,Lampung,Anteraja,pesawat,3.03,1.396,457590,2324.0,6924599,15.1328,766.99,2.3,76.66,5308398,1,1,0,1
SHP-02960,2026-05-01,Malang,Samarinda,JX Express,truk,2.21,0.8781,245934,1279.9,5248872,21.3426,579.13,12.8,77.77,4082048,1,1,0,1
SHP-02961,2026-06-07,Pekanbaru,Depok,J&T Express,motor,7.86,4.6277,823442,2028.1,8057187,9.7848,258.03,5.4,76.08,6129908,1,0,1,1
SHP-02962,2026-05-19,Bekasi,Malang,Wahana,pesawat,5.7,3.3137,611082,289.3,266161,0.4356,50.75,0.0,3.883494319514046,10336,0,1,1,0
SHP-02963,2026-01-15,Pekanbaru,Ambon,Wahana,truk,4.13,2.2187,442784,1196.0,1871165,4.2259,289.58,0.0,3.971706716982349,74317,0,0,0,0
SHP-02964,2025-12-26,Bekasi,Solo,Ninja Xpress,truk,2.44,0.9658,228607,526.0,712792,3.118,215.55,0.0,3.4274300525556307,24430,0,1,1,0
SHP-02965,2026-01-19,Banjarmasin,Bengkulu,JNE,pesawat,1.29,0.5176,108719,1347.3,4077299,37.5031,1044.43,0.0,0.5789889041629936,23607,0,0,0,0
SHP-02966,2026-01-12,Medan,Jakarta,JNE,motor,3.63,1.4624,521002,1311.7,5917652,11.3582,361.36,1.0,72.26,4276095,1,0,1,1
SHP-02967,2026-03-14,Makassar,Lampung,J&T Express,truk,2.28,1.1563,300797,1191.7,2863730,9.5205,522.67,0.0,4.234785541597254,121273,0,0,0,0
SHP-02968,2026-01-15,Tangerang,Medan,JNE,motor,3.25,1.9495,327961,970.9,3701421,11.2862,298.75,3.0,74.48,2756818,1,1,0,1
SHP-02969,2026-04-02,Palembang,Padang,JX Express,motor,5.01,2.6774,866458,384.5,935308,1.0795,76.75,0.0,2.7798713012113168,26000,0,0,0,0
SHP-02970,2026-02-19,Semarang,Bekasi,JNE,kapal_laut,2.69,1.0538,269135,153.6,237002,0.8806,57.09,2.5,35.66,84515,1,1,1,0
SHP-02971,2026-05-24,Pekanbaru,Bandung,SiCepat,kapal_laut,13.48,4.8863,1195838,1082.4,3289124,2.7505,80.3,0.0,3.43253695083132,112900,0,0,1,1
SHP-02972,2026-01-23,Ternate,Malang,Anteraja,pesawat,2.2,1.0631,130931,871.1,3051113,23.3032,395.94,0.0,4.262997759721497,130069,0,0,1,1
SHP-02973,2026-06-01,Banjarmasin,Yogyakarta,TIKI,truk,2.57,1.0941,290582,896.2,3803768,13.0902,348.7,0.0,1.8514487560525228,70425,0,0,1,1
SHP-02974,2026-04-06,Bekasi,Semarang,TIKI,motor,2.92,1.2086,305340,485.0,724214,2.3718,166.1,0.4,73.06,529111,1,1,1,0
SHP-02975,2026-04-08,Mataram,Pekanbaru,JX Express,motor,2.19,0.934,260715,1132.2,1966100,7.5412,516.98,5.5,72.83,1431911,1,0,0,0
SHP-02976,2026-03-07,Bengkulu,Jakarta,SiCepat,pesawat,5.04,2.9118,546104,1676.0,5881467,10.7699,332.54,0.4,79.07,4650476,1,0,1,1
SHP-02977,2026-01-16,Banjarmasin,Tangerang,JX Express,motor,3.34,1.7695,325898,2325.8,11552958,35.4496,696.35,2.3,72.18,8338925,1,0,1,1
SHP-02978,2026-03-01,Bandung,Balikpapan,Anteraja,truk,7.5,2.8359,727599,1405.5,4786659,6.5787,187.4,3.9,75.8,3628288,1,1,0,1
SHP-02979,2026-04-11,Surabaya,Bandung,Ninja Xpress,pesawat,2.67,1.2412,194524,288.2,256608,1.3192,107.94,0.0,3.054755111184215,7839,0,1,1,0
SHP-02980,2026-06-10,Medan,Ternate,JNE,kapal_laut,2.82,1.3188,334591,862.2,2931024,8.76,305.76,0.0,0.5757479248927733,16875,0,0,0,0
SHP-02981,2026-03-24,Manado,Jambi,Ninja Xpress,motor,2.94,1.5167,235952,1121.2,3189331,13.5169,381.34,4.9,79.89,2547957,1,0,0,0
SHP-02982,2026-02-22,Medan,Makassar,Wahana,pesawat,13.17,7.169,1467922,1444.3,2360177,1.6078,109.67,0.0,2.0316573756331917,47951,0,0,0,0
SHP-02983,2026-03-02,Balikpapan,Samarinda,JX Express,truk,2.64,0.9714,259745,1054.6,2091932,8.0538,399.48,0.0,0.7120678478562298,14896,0,0,0,0
SHP-02984,2026-04-10,Yogyakarta,Bekasi,JX Express,pesawat,1.72,0.6588,140891,284.6,339856,2.4122,165.47,9.3,47.06,159936,1,1,1,0
SHP-02985,2026-02-05,Padang,Jambi,Ninja Xpress,pesawat,2.87,1.6403,435880,1321.0,4264316,9.7832,460.28,0.0,4.483667100022075,191198,0,0,0,0
SHP-02986,2026-01-12,Solo,Manado,JNE,truk,6.2,3.3904,790082,1142.7,3681853,4.6601,184.31,2.2,74.58,2745926,1,1,0,1
SHP-02987,2026-05-08,Bandung,Surabaya,SiCepat,kapal_laut,1.13,0.3439,142366,745.9,1072040,7.5302,660.08,3.5,73.52,788164,1,1,1,0
SHP-02988,2026-03-22,Makassar,Palembang,JX Express,truk,3.62,1.5737,664477,1113.0,3561612,5.36,307.46,0.0,1.131000937485061,40282,0,0,0,0
SHP-02989,2026-03-13,Palembang,Ambon,Anteraja,kapal_laut,2.07,0.8655,209052,1522.1,4318029,20.6553,735.29,2.6,79.31,3424629,1,0,0,0
SHP-02990,2026-05-10,Bandung,Balikpapan,JX Express,pesawat,1.7,0.7827,156463,2256.3,8387000,53.6037,1327.25,0.6,71.95,6034446,1,1,0,1
SHP-02991,2025-12-24,Malang,Tangerang,JX Express,pesawat,1.23,0.416,114333,620.6,832668,7.2828,504.58,0.0,2.0568017831057754,17126,0,1,1,0
SHP-02992,2026-03-30,Solo,Palembang,Anteraja,pesawat,3.65,1.7542,505966,845.8,4198544,8.2981,231.72,0.0,0.5726183165837895,24042,0,1,0,1
SHP-02993,2026-02-26,Bengkulu,Malang,Ninja Xpress,kapal_laut,1.23,0.4657,122770,2428.0,8678748,70.6911,1973.99,0.0,2.6647464062404373,231267,0,0,1,1
SHP-02994,2026-05-27,Ternate,Balikpapan,JNE,motor,4.51,2.4837,559610,1010.9,3474981,6.2096,224.14,0.0,1.665462771311896,57875,0,0,0,0
SHP-02995,2026-04-09,Blitar,Balikpapan,Anteraja,truk,2.85,0.9304,357445,1248.6,5858898,16.391,438.11,0.0,0.6927803035779517,40589,0,1,0,1
SHP-02996,2026-03-17,Bandung,Samarinda,Ninja Xpress,pesawat,4.83,1.9581,405286,546.2,2221992,5.4825,113.08,0.0,0.47855681271240236,10633,0,1,0,1
SHP-02997,2026-04-06,Samarinda,Padang,Wahana,kapal_laut,3.55,1.3189,219252,1056.2,2384094,10.8738,297.53,4.3,78.83,1879381,1,0,0,0
SHP-02998,2026-02-14,Kupang,Ambon,SiCepat,truk,3.89,1.1867,375782,1657.6,4986759,13.2704,426.12,1.3,81.63,4070691,1,0,0,0
SHP-02999,2026-04-28,Manado,Banjarmasin,TIKI,truk,5.44,1.9404,321972,1414.4,3915139,12.1599,260.0,0.0,1.0458441058394792,40946,0,0,0,0
SHP-03000,2026-02-07,Balikpapan,Pekanbaru,SiCepat,motor,6.73,2.7614,881829,1788.3,5611557,6.3635,265.72,0.0,1.5076667296513768,84604,0,0,0,0
SHP-03001,2026-01-27,Bogor,Medan,Ninja Xpress,motor,3.19,1.8989,259172,1660.9,5353443,20.6559,520.66,2.6,76.99,4121616,1,1,0,1
SHP-03002,2026-01-11,Pontianak,Bogor,Wahana,motor,3.12,1.7603,322593,2193.0,7347008,22.7749,702.87,6.1,76.1,5591073,1,0,1,1
SHP-03003,2026-01-03,Makassar,Pontianak,TIKI,truk,3.67,1.7644,370966,1229.5,3952130,10.6536,335.01,0.0,1.4620520325084119,57782,0,0,0,0
SHP-03004,2026-02-20,Lampung,Balikpapan,JNE,motor,4.46,1.8994,626494,803.5,1956943,3.1236,180.16,0.0,4.561003042628722,89256,0,0,0,0
SHP-03005,2026-06-03,Semarang,Manado,Wahana,pesawat,3.38,1.0682,498221,1829.1,4730669,9.4951,541.14,12.0,80.06,3787374,1,1,0,1
SHP-03006,2026-04-07,Tangerang,Medan,JNE,motor,1.32,0.4988,152989,1489.9,6011137,39.2913,1128.68,1.1,71.66,4307581,1,1,0,1
SHP-03007,2026-02-09,Jakarta,Bengkulu,Wahana,kapal_laut,4.16,1.3487,526994,1845.3,5170538,9.8114,443.59,4.2,78.57,4062492,1,1,0,1
SHP-03008,2026-02-11,Solo,Pekanbaru,J&T Express,motor,4.17,2.4117,445468,1777.2,8805917,19.7678,426.2,0.0,2.101479369200272,185055,0,1,0,1
SHP-03009,2026-04-26,Surabaya,Jakarta,Wahana,kapal_laut,2.26,0.963,226569,68.7,72000,0.3178,30.4,0.0,4.5054475178958295,3244,0,1,1,0
SHP-03010,2026-05-28,Jakarta,Jambi,JNE,truk,3.91,2.1886,281631,816.7,3202881,11.3726,208.87,5.5,73.38,2350274,1,1,0,1
SHP-03011,2026-02-09,Ternate,Balikpapan,JX Express,motor,4.04,2.3627,342037,674.8,1762935,5.1542,167.04,0.0,0.4821132644199455,8499,0,0,0,0
SHP-03012,2026-04-15,Yogyakarta,Malang,SiCepat,pesawat,1.88,1.1198,153832,86.2,102856,0.6686,45.84,0.0,4.796955497708003,4934,0,1,1,0
SHP-03013,2026-01-29,Banjarmasin,Makassar,SiCepat,truk,1.73,0.5394,229657,240.7,679054,2.9568,139.12,0.0,4.049757158160993,27500,0,0,0,0
SHP-03014,2026-03-13,Balikpapan,Bandung,J&T Express,truk,2.53,1.3415,271166,1856.0,8074582,29.7773,733.6,0.0,1.851822229271487,149527,0,0,1,1
SHP-03015,2026-05-24,Makassar,Padang,JNE,kapal_laut,4.5,2.1984,565841,1142.5,3377072,5.9682,253.89,2.0,74.43,2513555,1,0,0,0
SHP-03016,2026-04-21,Ambon,Jakarta,TIKI,motor,3.2,1.779,271057,586.0,1471449,5.4286,183.11,0.7,71.86,1057383,1,0,1,1
SHP-03017,2026-05-23,Jakarta,Tangerang,SiCepat,truk,7.21,2.8931,658950,581.7,823692,1.25,80.68,0.0,3.9495108541630564,32532,0,1,1,0
SHP-03018,2026-05-01,Palembang,Malang,SiCepat,pesawat,1.33,0.7256,197526,605.4,2788889,14.1191,455.18,0.5,72.77,2029475,1,0,1,1
SHP-03019,2026-01-28,Medan,Blitar,TIKI,truk,4.88,2.61,552420,2366.5,10902955,19.7367,484.93,0.0,3.188678771742123,347660,0,0,1,1
SHP-03020,2026-05-22,Kupang,Lampung,JX Express,truk,3.01,1.537,271854,709.7,2241120,8.2438,235.78,0.0,2.418539975839497,54202,0,0,0,0
SHP-03021,2026-02-25,Semarang,Yogyakarta,Wahana,truk,4.62,1.3871,409654,788.1,1150214,2.8078,170.58,0.0,2.07784168050814,23900,0,1,1,0
SHP-03022,2026-04-05,Blitar,Bogor,SiCepat,truk,2.73,1.1889,225601,54.9,65635,0.2909,20.12,0.0,3.2238922802039975,2116,0,1,1,0
SHP-03023,2026-03-09,Palembang,Balikpapan,Anteraja,truk,2.03,0.7983,216743,1217.3,2536362,11.7022,599.64,0.6,75.59,1917236,1,0,0,0
SHP-03024,2025-12-30,Manado,Padang,Wahana,motor,4.53,2.4865,448659,1640.8,2572823,5.7345,362.21,0.0,4.870822715314922,125318,0,0,0,0
SHP-03025,2026-03-17,Blitar,Bengkulu,Wahana,truk,0.84,0.2563,116542,2432.5,10209705,87.6054,2895.83,0.0,4.053589853520549,413860,0,1,0,1
SHP-03026,2026-05-22,Jambi,Samarinda,J&T Express,motor,5.67,2.0795,591319,980.3,2433617,4.1156,172.89,2.7,71.75,1746120,1,0,0,0
SHP-03027,2026-06-10,Bogor,Jambi,Ninja Xpress,kapal_laut,0.86,0.4576,57626,2013.5,8473812,147.0484,2341.31,0.0,4.861492734725209,411954,0,1,0,1
SHP-03028,2026-05-24,Palembang,Solo,J&T Express,pesawat,6.91,2.8972,1025531,886.0,4364522,4.2559,128.22,0.0,0.28992542443272207,12654,0,0,1,1
SHP-03029,2026-01-08,Jambi,Pontianak,TIKI,pesawat,5.53,2.6004,535921,1043.9,3011460,5.6192,188.77,0.0,2.4938720629709192,75102,0,0,0,0
SHP-03030,2026-04-14,Jambi,Samarinda,TIKI,pesawat,2.94,1.5005,243019,820.2,1385094,5.6995,278.99,0.0,3.725947375976682,51608,0,0,0,0
SHP-03031,2026-01-16,Jakarta,Pekanbaru,JX Express,pesawat,3.0,1.4763,273982,1958.7,7455398,27.2113,652.91,3.8,76.07,5671321,1,1,0,1
SHP-03032,2026-05-19,Mataram,Depok,J&T Express,motor,4.49,2.1407,485538,1552.4,4480169,9.2272,345.75,1.9,73.06,3273211,1,0,1,1
SHP-03033,2026-03-19,Mataram,Solo,Ninja Xpress,truk,2.5,0.9495,186692,1384.6,6463315,34.6202,553.86,7.6,78.21,5054959,1,0,1,1
SHP-03034,2026-05-19,Lampung,Solo,SiCepat,pesawat,2.31,1.0506,275878,1324.4,3900426,14.1382,573.35,0.0,0.3607513554906461,14071,0,0,1,1
SHP-03035,2026-03-21,Blitar,Bogor,SiCepat,pesawat,1.83,0.565,203103,519.2,599403,2.9512,283.72,0.0,1.2990817682053994,7787,0,1,1,0
SHP-03036,2026-01-28,Lampung,Pontianak,JNE,motor,2.65,1.1604,223332,1266.4,2200832,9.8545,477.88,0.0,0.23231351730979122,5113,0,0,0,0
SHP-03037,2026-01-27,Samarinda,Blitar,TIKI,pesawat,3.81,1.8713,417627,1012.2,2851483,6.8278,265.68,0.0,4.017369216567044,114555,0,0,1,1
SHP-03038,2026-05-20,Manado,Semarang,JX Express,truk,12.17,6.5971,1227523,1900.3,6427151,5.2359,156.15,0.0,4.037056426035154,259468,0,0,1,1
SHP-03039,2026-02-05,Semarang,Jambi,J&T Express,truk,3.75,1.9979,548449,1820.9,8589149,15.6608,485.58,0.0,4.141571133471086,355726,0,1,0,1
SHP-03040,2026-05-19,Ambon,Jambi,TIKI,pesawat,3.09,1.8385,442669,415.5,1017756,2.2991,134.46,1.8,62.57,636810,1,0,0,0
SHP-03041,2026-01-31,Depok,Medan,Ninja Xpress,kapal_laut,6.99,3.8439,588365,1042.8,4092873,6.9564,149.19,0.0,0.07004562438075013,2867,0,1,0,1
SHP-03042,2026-03-23,Jakarta,Bengkulu,TIKI,truk,5.76,2.0044,500848,1304.7,5962917,11.9056,226.51,0.0,3.8192215334274375,227737,0,1,0,1
SHP-03043,2026-06-11,Manado,Balikpapan,Anteraja,truk,1.32,0.58,100009,865.5,1850513,18.5035,655.72,0.0,0.64747756438997,11982,0,0,0,0
SHP-03044,2026-02-12,Solo,Blitar,JX Express,pesawat,3.04,1.1377,305740,392.0,373927,1.223,128.96,0.0,4.326333572115436,16177,0,1,1,0
SHP-03045,2026-05-17,Jambi,Solo,SiCepat,truk,6.13,3.1961,735433,1915.2,7025831,9.5533,312.43,0.0,1.9579388263573843,137561,0,0,1,1
SHP-03046,2026-05-11,Bogor,Tangerang,J&T Express,pesawat,9.89,5.8614,1087413,52.0,82018,0.0754,5.25,0.0,2.2717149084007087,1863,0,1,1,0
SHP-03047,2026-01-02,Pekanbaru,Bengkulu,SiCepat,pesawat,3.98,1.5906,448799,1134.0,3296521,7.3452,284.93,2.5,80.06,2639195,1,0,0,0
SHP-03048,2026-02-18,Ambon,Manado,Wahana,pesawat,3.6,1.1755,513426,1394.4,4713340,9.1802,387.32,5.7,76.04,3584024,1,0,0,0
SHP-03049,2026-03-13,Mataram,Yogyakarta,TIKI,pesawat,2.63,1.1958,397495,663.3,2652942,6.6742,252.2,9.7,75.26,1996604,1,0,1,1
SHP-03050,2026-01-05,Malang,Jakarta,SiCepat,motor,4.62,2.7453,792955,751.2,824607,1.0399,162.61,0.0,2.831509535303195,23349,0,1,1,0
SHP-03051,2026-05-27,Bengkulu,Solo,JNE,kapal_laut,2.54,1.1491,361440,1049.7,4856881,13.4376,413.26,0.0,0.4043860662577353,19641,0,0,1,1
SHP-03052,2026-02-27,Manado,Pekanbaru,J&T Express,motor,3.92,1.5725,465056,973.8,2603846,5.599,248.43,0.1,79.69,2075005,1,0,0,0
SHP-03053,2026-02-18,Solo,Manado,JX Express,pesawat,13.64,8.1024,1267282,542.8,1432762,1.1306,39.8,0.0,0.11252024603980781,1612,0,1,0,1
SHP-03054,2026-03-18,Ternate,Jakarta,J&T Express,motor,2.27,1.2004,256467,1143.0,3277209,12.7783,503.53,0.0,0.6442382682180348,21113,0,0,1,1
SHP-03055,2026-05-13,Ambon,Kupang,Ninja Xpress,motor,3.0,1.3925,348819,221.2,377819,1.0831,73.74,0.0,2.810629722148909,10619,0,0,0,0
SHP-03056,2025-12-19,Samarinda,Malang,JX Express,kapal_laut,2.25,1.094,291476,1467.0,3803805,13.0501,652.0,7.3,70.98,2699941,1,0,1,1
SHP-03057,2026-01-29,Bandung,Medan,Wahana,kapal_laut,2.29,0.979,258990,2423.6,10234022,39.5151,1058.32,0.0,4.18818784085154,428620,0,1,0,1
SHP-03058,2026-04-12,Banjarmasin,Bekasi,Wahana,motor,1.77,0.8864,274065,689.0,3073549,11.2147,389.25,3.8,77.73,2389070,1,0,1,1
SHP-03059,2026-01-21,Tangerang,Jambi,Wahana,pesawat,4.49,2.0271,761045,769.2,3226834,4.24,171.32,0.0,3.9049276660361882,126006,0,1,0,1
SHP-03060,2026-01-23,Banjarmasin,Kupang,Ninja Xpress,motor,9.33,5.4042,1205755,1732.1,3844939,3.1888,185.65,0.4,78.64,3023660,1,0,0,0
SHP-03061,2026-04-18,Depok,Medan,Ninja Xpress,truk,4.49,1.8649,669412,1550.3,6425328,9.5985,345.28,10.9,78.27,5029104,1,1,0,1
SHP-03062,2026-02-04,Bandung,Solo,Ninja Xpress,pesawat,1.51,0.6073,128234,516.3,593266,4.6264,341.91,0.0,3.1771740178271077,18849,0,1,1,0
SHP-03063,2026-03-21,Bekasi,Makassar,JNE,pesawat,8.61,3.3873,780903,1271.3,5609975,7.184,147.65,0.0,2.1369961501418686,119885,0,1,0,1
SHP-03064,2026-01-31,Jambi,Semarang,J&T Express,truk,3.91,1.405,593693,1227.9,4963473,8.3603,314.05,1.0,72.78,3612416,1,0,1,1
SHP-03065,2026-06-13,Semarang,Bengkulu,TIKI,kapal_laut,9.23,3.5687,1214498,2194.3,10370294,8.5387,237.73,0.0,0.40490267872073993,41990,0,1,0,1
SHP-03066,2026-05-06,Mataram,Semarang,JX Express,motor,4.37,2.5444,298850,1028.0,4173038,13.9637,235.24,2.7,73.09,3050073,1,0,1,1
SHP-03067,2026-02-02,Makassar,Semarang,Anteraja,kapal_laut,4.68,1.7849,485906,2438.6,7960520,16.3828,521.06,0.0,3.4862123783116994,277521,0,0,1,1
SHP-03068,2025-12-24,Manado,Padang,TIKI,motor,0.93,0.3043,147791,1488.3,3372733,22.821,1600.3,0.0,1.5819500209206983,53355,0,0,0,0
SHP-03069,2026-06-07,Bandung,Manado,Anteraja,kapal_laut,0.97,0.4756,65628,1888.5,8674019,132.1695,1946.91,0.0,3.20096793726555,277653,0,1,0,1
SHP-03070,2026-03-29,Mataram,Depok,TIKI,truk,1.57,0.6455,200989,624.2,2975536,14.8045,397.6,0.0,2.657622350472952,79079,0,0,1,1
SHP-03071,2026-04-22,Depok,Pekanbaru,Ninja Xpress,motor,2.67,1.2538,401806,1331.5,3629951,9.0341,498.7,2.2,78.04,2832814,1,1,0,1
SHP-03072,2026-02-02,Semarang,Ternate,TIKI,pesawat,3.39,1.191,375005,1023.3,4049802,10.7993,301.87,0.6,73.46,2974985,1,1,0,1
SHP-03073,2026-04-03,Bandung,Balikpapan,SiCepat,pesawat,1.15,0.3718,93161,858.3,3646509,39.142,746.33,0.7,68.21,2487284,1,1,0,1
SHP-03074,2026-03-09,Pekanbaru,Yogyakarta,JX Express,kapal_laut,0.85,0.2942,63124,2305.6,5955799,94.3508,2712.41,0.0,0.3713363053080332,22116,0,0,1,1
SHP-03075,2026-04-22,Jakarta,Samarinda,Wahana,motor,2.03,0.7356,191869,862.9,4314063,22.4844,425.08,0.0,1.8768075842595455,80967,0,1,0,1
SHP-03076,2026-05-23,Blitar,Balikpapan,Ninja Xpress,motor,1.36,0.6684,169885,2385.2,6188015,36.4247,1753.83,0.5,73.11,4524058,1,1,0,1
SHP-03077,2026-01-03,Tangerang,Bengkulu,TIKI,pesawat,1.87,0.7749,156853,1960.4,8793981,56.0651,1048.37,1.4,72.83,6404656,1,1,0,1
SHP-03078,2026-03-03,Kupang,Samarinda,SiCepat,kapal_laut,1.83,0.6334,121167,711.3,2097278,17.309,388.68,5.0,73.55,1542548,1,0,0,0
SHP-03079,2026-03-11,Kupang,Surabaya,J&T Express,kapal_laut,2.23,1.0733,304596,830.3,2631839,8.6404,372.31,0.0,0.17880379229819499,4706,0,0,1,1
SHP-03080,2026-03-30,Palembang,Manado,TIKI,kapal_laut,2.44,1.1639,239404,1090.5,3561389,14.8761,446.91,0.0,3.889553041709957,138522,0,0,0,0
SHP-03081,2026-05-13,Pontianak,Ternate,JX Express,truk,1.46,0.5955,156364,1581.6,3012796,19.2678,1083.3,0.0,2.3042470821644323,69422,0,0,0,0
SHP-03082,2025-12-23,Medan,Jambi,JX Express,truk,3.36,1.3144,468325,242.0,583119,1.2451,72.01,0.0,1.6657371600111681,9713,0,0,0,0
SHP-03083,2026-05-11,Ambon,Medan,Ninja Xpress,pesawat,3.22,1.5783,463315,716.9,2413599,5.2094,222.65,0.0,2.4841853926087247,59958,0,0,0,0
SHP-03084,2026-02-14,Solo,Malang,SiCepat,pesawat,1.94,0.5926,233324,480.6,801380,3.4346,247.74,0.0,4.262882752854526,34162,0,1,1,0
SHP-03085,2026-05-06,Ambon,Mataram,J&T Express,kapal_laut,2.56,1.2225,402125,345.5,726304,1.8062,134.94,0.0,4.166795501463557,30264,0,0,0,0
SHP-03086,2026-04-02,Manado,Medan,J&T Express,kapal_laut,4.54,2.1162,723693,1416.4,2888250,3.991,311.98,0.0,0.6580075858539175,19005,0,0,0,0
SHP-03087,2026-02-20,Depok,Bekasi,SiCepat,kapal_laut,1.64,0.576,125274,568.5,894833,7.143,346.65,0.1,70.69,632557,1,1,1,0
SHP-03088,2026-01-11,Pontianak,Pekanbaru,SiCepat,kapal_laut,2.19,0.6973,263182,353.4,1188895,4.5174,161.38,0.0,3.794662660427358,45115,0,0,0,0
SHP-03089,2026-01-13,Depok,Medan,J&T Express,motor,1.27,0.5789,136886,1251.7,3304506,24.1406,985.59,0.0,3.768088071290862,124517,0,1,0,1
SHP-03090,2026-05-31,Mataram,Makassar,Wahana,pesawat,2.19,0.8377,181898,943.9,2543643,13.9839,431.0,6.8,73.37,1866271,1,0,0,0
SHP-03091,2026-01-15,Yogyakarta,Banjarmasin,TIKI,truk,4.22,1.8609,525471,1479.8,7149197,13.6053,350.66,0.0,2.1466083149246487,153465,0,1,0,1
SHP-03092,2026-05-05,Yogyakarta,Bekasi,Ninja Xpress,motor,14.61,5.2398,1547191,275.5,481194,0.311,18.86,1.0,50.94,245120,1,1,1,0
SHP-03093,2026-05-08,Solo,Pontianak,TIKI,kapal_laut,3.34,1.1992,435717,1943.7,5916119,13.5779,581.96,0.0,0.13973975124887794,8267,0,1,0,1
SHP-03094,2026-06-08,Banjarmasin,Bengkulu,JNE,pesawat,1.69,0.5447,215866,496.8,1726367,7.9974,293.99,1.4,66.46,1147344,1,0,0,0
SHP-03095,2026-04-25,Pontianak,Bengkulu,TIKI,kapal_laut,2.42,1.3858,332399,502.7,1400173,4.2123,207.72,0.0,0.564684731975742,7907,0,0,0,0
SHP-03096,2026-04-13,Mataram,Depok,TIKI,kapal_laut,4.48,2.2094,634496,659.4,3141329,4.9509,147.18,0.0,0.10815852658247305,3398,0,0,1,1
SHP-03097,2026-04-27,Samarinda,Bandung,Anteraja,pesawat,3.31,1.3361,495488,1190.7,5683125,11.4698,359.74,0.6,77.98,4431701,1,0,1,1
SHP-03098,2026-01-07,Jakarta,Banjarmasin,JNE,motor,2.1,0.9469,234839,1070.3,4599686,19.5866,509.65,0.0,0.8409381189627402,38681,0,1,0,1
SHP-03099,2025-12-27,Semarang,Tangerang,TIKI,pesawat,6.38,2.6089,882124,478.5,700845,0.7945,75.01,5.6,71.67,502296,1,1,1,0
SHP-03100,2026-05-30,Jakarta,Balikpapan,SiCepat,pesawat,8.3,3.4088,1243705,1028.4,4180041,3.361,123.9,0.0,3.729976850298984,155915,0,1,0,1
SHP-03101,2025-12-31,Kupang,Samarinda,Ninja Xpress,pesawat,4.05,1.5835,328384,853.1,1997643,6.0833,210.63,0.0,0.13085126079439124,2614,0,0,0,0
SHP-03102,2026-05-06,Padang,Ambon,Anteraja,truk,5.3,2.0705,358550,1514.4,2788071,7.776,285.73,4.4,78.6,2191424,1,0,0,0
SHP-03103,2026-04-22,Jakarta,Palembang,Ninja Xpress,pesawat,11.55,3.9509,928213,2477.1,8040456,8.6623,214.47,3.3,82.69,6648653,1,1,0,1
SHP-03104,2026-03-13,Banjarmasin,Surabaya,Ninja Xpress,kapal_laut,2.09,1.0087,260773,1322.5,4124484,15.8164,632.79,0.0,3.0954803494246557,127673,0,0,1,1
SHP-03105,2025-12-30,Blitar,Balikpapan,J&T Express,kapal_laut,1.74,0.907,201762,1388.4,4991507,24.7396,797.95,0.0,2.1743291407196628,108532,0,1,0,1
SHP-03106,2026-06-04,Jambi,Bengkulu,JX Express,pesawat,1.9,0.9275,193256,1772.3,5270895,27.2742,932.77,0.0,0.39665727818537444,20907,0,0,0,0
SHP-03107,2026-01-15,Balikpapan,Surabaya,JNE,truk,8.28,2.507,964250,2384.9,6586975,6.8312,288.03,0.0,2.4118321130942713,158867,0,0,1,1
SHP-03108,2026-03-31,Jambi,Jakarta,JNE,pesawat,2.29,0.7245,383836,1378.6,5854516,15.2526,602.03,0.0,3.6598268836719416,214265,0,0,1,1
SHP-03109,2025-12-21,Padang,Solo,JNE,pesawat,3.28,1.6855,262399,1029.8,2909422,11.0878,313.96,0.1,76.75,2232981,1,0,1,1
SHP-03110,2026-04-08,Malang,Surabaya,JNE,pesawat,3.09,0.9631,391772,383.7,617629,1.5765,124.16,0.0,1.3363682521885523,8254,0,1,1,0
SHP-03111,2026-03-21,Pontianak,Blitar,Ninja Xpress,truk,2.44,0.8283,199867,812.2,2726353,13.6408,332.85,1.5,74.4,2028407,1,0,1,1
SHP-03112,2026-02-27,Semarang,Surabaya,JX Express,kapal_laut,6.1,2.0061,531674,194.6,177454,0.3338,31.9,0.0,3.235784875490046,5742,0,1,1,0
SHP-03113,2026-06-06,Depok,Jakarta,Anteraja,motor,1.87,0.6819,188185,200.1,339425,1.8037,106.98,0.0,0.7251577571745105,2461,0,1,1,0
SHP-03114,2026-05-13,Manado,Jambi,Anteraja,pesawat,10.78,4.2063,886738,1350.7,2119259,2.3899,125.3,0.0,3.3712665585048853,71446,0,0,0,0
SHP-03115,2026-04-07,Depok,Samarinda,TIKI,kapal_laut,2.7,0.8221,447246,1726.2,5340660,11.9412,639.33,6.2,79.44,4242620,1,1,0,1
SHP-03116,2026-04-28,Samarinda,Bandung,JNE,truk,0.88,0.4288,98397,2082.7,5913313,60.0965,2366.67,0.0,3.9622694865944736,234301,0,0,1,1
SHP-03117,2026-05-07,Pontianak,Makassar,Anteraja,truk,1.98,1.1309,288817,623.5,1174325,4.066,314.9,0.0,4.104141520110975,48196,0,0,0,0
SHP-03118,2026-06-05,Medan,Palembang,Anteraja,kapal_laut,2.87,1.4722,430734,1543.8,5076593,11.7859,537.89,0.0,4.39363316010724,223047,0,0,0,0
SHP-03119,2026-02-18,Depok,Surabaya,SiCepat,kapal_laut,4.41,2.4068,469354,419.5,544421,1.1599,95.13,0.0,3.316108524255968,18054,0,1,1,0
SHP-03120,2026-04-19,Makassar,Pontianak,J&T Express,truk,2.96,1.679,211557,1175.5,2287702,10.8136,397.12,3.8,79.61,1821240,1,0,0,0
SHP-03121,2026-05-07,Malang,Balikpapan,J&T Express,pesawat,2.83,1.3261,422355,1270.7,5809047,13.7539,449.01,0.5,71.82,4172058,1,1,0,1
SHP-03122,2026-05-17,Padang,Ternate,Ninja Xpress,truk,4.04,2.2333,536631,1099.6,3548352,6.6123,272.18,0.0,2.11634985267687,75096,0,0,0,0
SHP-03123,2026-04-23,Surabaya,Mataram,JNE,pesawat,4.93,2.9571,524092,2014.8,5141006,9.8094,408.69,0.0,1.142632435559705,58743,0,1,0,1
SHP-03124,2026-06-05,Malang,Ambon,Ninja Xpress,truk,2.06,1.0152,166362,1932.0,6540929,39.3174,937.87,0.0,0.13254529418816607,8670,0,1,0,1
SHP-03125,2026-03-12,Depok,Ambon,JNE,truk,3.16,1.5412,214350,1919.4,8453208,39.4365,607.41,0.0,1.7574235790796107,148559,0,1,0,1
SHP-03126,2026-01-13,Kupang,Palembang,Anteraja,pesawat,6.31,3.3105,1021989,618.0,1443374,1.4123,97.94,1.4,77.99,1125687,1,0,0,0
SHP-03127,2026-02-01,Jambi,Samarinda,JNE,motor,2.34,1.2372,309061,1640.2,4465564,14.4488,700.93,0.0,2.065286170442244,92227,0,0,0,0
SHP-03128,2025-12-26,Tangerang,Pekanbaru,JNE,kapal_laut,2.79,1.5347,461167,2033.6,7298022,15.8251,728.91,0.1,75.28,5493951,1,1,0,1
SHP-03129,2026-04-30,Ternate,Bandung,Anteraja,kapal_laut,4.98,2.795,500308,2137.0,7236135,14.4634,429.13,0.0,4.298371379534621,311036,0,0,1,1
SHP-03130,2026-03-05,Pekanbaru,Depok,JNE,kapal_laut,5.19,2.9695,558252,1349.0,4354364,7.8,259.92,0.0,4.251623129847212,185131,0,0,1,1
SHP-03131,2026-02-17,Banjarmasin,Bogor,TIKI,pesawat,1.4,0.832,131709,2368.2,8859719,67.2674,1691.55,0.0,0.8539014330774958,75653,0,0,1,1
SHP-03132,2026-03-03,Manado,Bandung,JNE,kapal_laut,2.97,0.8929,257392,2104.4,5290067,20.5526,708.55,0.8,77.31,4089751,1,0,1,1
SHP-03133,2026-04-07,Jakarta,Pekanbaru,JNE,motor,1.76,0.8104,183591,1301.1,3527172,19.2121,739.26,6.4,69.72,2459144,1,1,0,1
SHP-03134,2026-05-02,Kupang,Pekanbaru,JNE,pesawat,1.5,0.7852,239212,1348.0,3192606,13.3463,898.69,0.0,0.6256893534013125,19976,0,0,0,0
SHP-03135,2026-03-29,Makassar,Lampung,Wahana,kapal_laut,2.79,1.0618,424758,260.2,767055,1.8059,93.25,5.7,49.73,381456,1,0,0,0
SHP-03136,2026-01-06,Mataram,Ternate,JX Express,pesawat,5.19,2.9627,707549,812.9,2043852,2.8886,156.63,0.0,1.250877338407383,25566,0,0,0,0
SHP-03137,2026-05-24,Padang,Kupang,TIKI,kapal_laut,4.11,1.5714,408023,301.4,477850,1.1711,73.34,1.0,51.68,246953,1,0,0,0
SHP-03138,2026-05-30,Ternate,Jambi,Anteraja,pesawat,1.17,0.6484,172334,1646.4,3713421,21.5478,1407.18,0.0,0.18497778551580246,6869,0,0,0,0
SHP-03139,2026-01-19,Pontianak,Depok,Wahana,pesawat,1.01,0.4857,129173,709.4,3042027,23.55,702.35,0.0,0.8986078839928086,27336,0,0,1,1
SHP-03140,2026-05-05,Jakarta,Solo,Anteraja,kapal_laut,4.12,2.2201,308016,349.6,612014,1.987,84.86,0.2,61.61,377062,1,1,1,0
SHP-03141,2025-12-23,Semarang,Samarinda,JX Express,motor,3.19,0.9993,328987,1354.4,4460507,13.5583,424.58,0.0,2.22889652483304,99420,0,1,0,1
SHP-03142,2026-01-05,Solo,Lampung,Anteraja,kapal_laut,14.66,5.9836,1367120,1613.6,5363733,3.9234,110.07,0.0,4.582755641695309,245807,0,1,0,1
SHP-03143,2026-04-10,Bengkulu,Bekasi,Anteraja,pesawat,3.41,1.5621,561166,1254.0,6108565,10.8855,367.75,4.2,76.23,4656559,1,0,1,1
SHP-03144,2026-04-24,Bekasi,Pekanbaru,JX Express,truk,0.82,0.4412,99080,1611.8,7624704,76.955,1965.59,0.0,1.722766632690897,131356,0,1,0,1
SHP-03145,2026-04-14,Jakarta,Banjarmasin,JNE,motor,1.91,0.8573,149597,1217.8,4614392,30.8455,637.61,0.0,4.008574307929459,184971,0,1,0,1
SHP-03146,2026-05-18,Tangerang,Ternate,Ninja Xpress,truk,1.49,0.7165,158720,1046.7,2844439,17.9211,702.52,4.5,75.89,2158645,1,1,0,1
SHP-03147,2025-12-30,Bekasi,Jambi,Wahana,pesawat,1.71,0.7479,205282,2188.3,5721493,27.8714,1279.72,1.3,75.82,4338036,1,1,0,1
SHP-03148,2026-01-04,Lampung,Ternate,JNE,motor,3.05,1.7085,227263,713.4,2456528,10.8092,233.89,4.8,76.78,1886122,1,0,0,0
SHP-03149,2026-03-15,Kupang,Ambon,JX Express,truk,3.88,1.6905,344821,630.6,2171901,6.2986,162.53,0.0,0.4226750506122634,9180,0,0,0,0
SHP-03150,2025-12-17,Samarinda,Ambon,J&T Express,motor,3.99,1.5752,321540,640.4,2088960,6.4967,160.5,0.0,3.4525288699665806,72122,0,0,0,0
SHP-03151,2026-03-06,Tangerang,Jambi,TIKI,motor,2.2,0.9528,194866,1223.4,4573740,23.4712,556.08,4.3,70.52,3225401,1,1,0,1
SHP-03152,2025-12-23,Jakarta,Surabaya,Wahana,pesawat,5.9,2.3126,620501,668.9,928555,1.4965,113.37,3.4,78.9,732630,1,1,1,0
SHP-03153,2026-05-14,Depok,Pekanbaru,JX Express,kapal_laut,2.79,1.5126,327489,1264.9,3986519,12.173,453.35,1.1,79.57,3172073,1,1,0,1
SHP-03154,2026-02-24,Bekasi,Bogor,J&T Express,kapal_laut,2.59,0.7821,250740,172.5,279237,1.1137,66.62,0.0,3.2243423451300472,9004,0,1,1,0
SHP-03155,2026-02-04,Depok,Solo,TIKI,motor,2.89,1.2609,348536,668.7,544244,1.5615,231.39,0.0,2.920730882655646,15896,0,1,1,0
SHP-03156,2026-06-06,Samarinda,Padang,TIKI,motor,2.4,0.8905,325614,471.2,1353183,4.1558,196.34,0.0,1.3100184663397896,17727,0,0,0,0
SHP-03157,2026-01-22,Depok,Tangerang,Anteraja,motor,5.39,3.034,740657,783.8,1181947,1.5958,145.42,0.0,0.34031104091057474,4022,0,1,1,0
SHP-03158,2026-03-16,Balikpapan,Jambi,Wahana,motor,1.61,0.6146,159604,1647.5,2954811,18.5134,1023.3,0.0,2.2537191608092795,66593,0,0,0,0
SHP-03159,2026-03-25,Samarinda,Lampung,TIKI,pesawat,4.67,1.7744,455617,1191.8,3366247,7.3883,255.2,0.0,1.200308894705585,40405,0,0,0,0
SHP-03160,2026-02-19,Bekasi,Tangerang,SiCepat,pesawat,2.1,0.9608,334744,515.1,905360,2.7046,245.27,0.0,0.2338088132166405,2117,0,1,1,0
SHP-03161,2026-03-19,Medan,Malang,Anteraja,kapal_laut,2.95,1.5976,234375,1599.7,4773344,20.3663,542.29,0.0,2.68508401084979,128168,0,0,1,1
SHP-03162,2026-06-09,Kupang,Palembang,J&T Express,motor,0.77,0.2799,134994,575.3,1469875,10.8884,747.11,0.0,0.3152825419516736,4634,0,0,0,0
SHP-03163,2026-01-07,Lampung,Jambi,TIKI,truk,4.73,1.9835,600997,392.5,721826,1.201,82.97,0.0,3.3050079046604717,23856,0,0,0,0
SHP-03164,2026-04-10,Balikpapan,Manado,JX Express,motor,5.72,3.3217,382210,699.2,1845272,4.8279,122.24,0.0,0.9067396866514804,16732,0,0,0,0
SHP-03165,2026-03-26,Banjarmasin,Medan,JX Express,motor,1.69,0.8445,189401,734.4,1889946,9.9785,434.54,0.0,0.9614069743679671,18170,0,0,0,0
SHP-03166,2026-05-21,Yogyakarta,Pekanbaru,JNE,truk,4.31,2.2737,397523,1002.3,3180666,8.0012,232.55,0.0,2.391662256133007,76071,0,1,0,1
SHP-03167,2025-12-26,Surabaya,Bogor,Ninja Xpress,kapal_laut,4.22,1.6879,548337,776.0,970687,1.7702,183.88,1.8,80.16,778103,1,1,1,0
SHP-03168,2026-03-14,Pekanbaru,Malang,J&T Express,kapal_laut,5.41,2.0187,476837,1092.0,3682084,7.7219,201.84,0.0,4.276248522956062,157455,0,0,1,1
SHP-03169,2026-02-14,Blitar,Lampung,SiCepat,truk,2.41,1.1537,254994,1710.6,7907598,31.0109,709.8,0.0,3.782876672186093,299135,0,1,0,1
SHP-03170,2026-03-22,Bandung,Blitar,J&T Express,motor,1.22,0.6068,111727,190.0,164688,1.474,155.7,0.0,4.613856830313922,7598,0,1,1,0
SHP-03171,2025-12-25,Bekasi,Bogor,JX Express,kapal_laut,3.84,2.0777,547171,375.2,457485,0.8361,97.7,0.0,1.5014997118327866,6869,0,1,1,0
SHP-03172,2026-03-10,Bekasi,Balikpapan,Anteraja,truk,1.33,0.7799,206426,2218.9,9770562,47.332,1668.32,0.0,3.1687960038751593,309609,0,1,0,1
SHP-03173,2026-01-04,Ambon,Lampung,JNE,pesawat,1.73,0.9673,173357,1527.2,3104384,17.9075,882.78,0.7,74.12,2300969,1,0,0,0
SHP-03174,2026-01-14,Depok,Bandung,JX Express,motor,3.16,1.4939,416674,150.8,138528,0.3325,47.72,0.1,38.24,52973,1,1,1,0
SHP-03175,2026-03-07,Pekanbaru,Pontianak,TIKI,truk,4.01,1.6233,521988,325.8,852824,1.6338,81.25,0.0,3.6155433441723717,30834,0,0,0,0
SHP-03176,2026-03-15,Pontianak,Bandung,TIKI,truk,1.99,0.6071,314911,737.0,3444016,10.9365,370.36,7.5,73.85,2543406,1,0,1,1
SHP-03177,2026-05-18,Banjarmasin,Tangerang,TIKI,kapal_laut,2.09,1.0229,282586,1655.9,7279855,25.7616,792.27,0.0,3.6770340043581755,267683,0,0,1,1
SHP-03178,2026-01-19,Pekanbaru,Medan,JNE,truk,2.04,0.9119,283332,1110.4,1705685,6.0201,544.3,0.0,1.8430887899648467,31437,0,0,0,0
SHP-03179,2026-05-30,Bekasi,Manado,TIKI,motor,2.39,0.9264,269074,2189.3,6543758,24.3195,916.01,2.8,71.87,4702999,1,1,0,1
SHP-03180,2026-05-01,Jakarta,Mataram,JX Express,truk,6.23,2.4947,1095872,2082.1,7072794,6.454,334.2,4.4,79.26,5605897,1,1,0,1
SHP-03181,2026-04-03,Bekasi,Bengkulu,JNE,pesawat,2.15,1.2148,202614,2481.5,10441903,51.5359,1154.19,0.0,1.0515924231329343,109806,0,1,0,1
SHP-03182,2026-04-15,Bandung,Ambon,Ninja Xpress,motor,6.72,3.592,728893,1631.5,5586251,7.664,242.78,0.0,3.1338349730324024,175064,0,1,0,1
SHP-03183,2026-03-21,Pontianak,Jambi,J&T Express,motor,5.15,2.2257,514499,1774.4,3212204,6.2434,344.54,0.0,4.569349953251001,146777,0,0,0,0
SHP-03184,2026-01-03,Bengkulu,Pontianak,JX Express,truk,3.41,1.0373,515221,1256.5,3359820,6.5211,368.48,4.5,77.53,2604868,1,0,0,0
SHP-03185,2026-03-16,Depok,Banjarmasin,TIKI,truk,2.82,0.9158,301912,2080.2,7330255,24.2794,737.67,0.0,1.529329662001202,112104,0,1,0,1
SHP-03186,2026-04-05,Malang,Lampung,JNE,motor,1.87,0.8702,217563,544.8,2169198,9.9704,291.36,0.0,0.5879610748663688,12754,0,1,0,1
SHP-03187,2026-03-29,Jakarta,Depok,JNE,truk,3.23,1.7873,344551,75.1,62883,0.1825,23.25,0.0,4.0987561776420005,2577,0,1,1,0
SHP-03188,2026-01-19,Balikpapan,Bengkulu,J&T Express,kapal_laut,5.25,2.3725,561022,1132.3,3234616,5.7656,215.67,1.2,73.49,2377119,1,0,0,0
SHP-03189,2026-05-30,Medan,Yogyakarta,Ninja Xpress,pesawat,2.72,0.8985,315544,2026.3,9014918,28.5694,744.97,0.0,2.710361348295577,244337,0,0,1,1
SHP-03190,2026-04-16,Surabaya,Ambon,JNE,kapal_laut,3.62,1.2442,353610,1362.6,3783650,10.7001,376.42,0.0,1.5395187778438102,58250,0,1,0,1
SHP-03191,2025-12-17,Solo,Tangerang,JNE,motor,0.94,0.5114,78231,640.9,1151234,14.7158,681.82,0.0,2.5813239473120126,29717,0,1,1,0
SHP-03192,2026-04-19,Mataram,Jambi,JNE,truk,1.29,0.6113,177441,1201.0,2738827,15.4351,931.03,0.0,1.2286863545611437,33652,0,0,0,0
SHP-03193,2026-01-11,Manado,Balikpapan,TIKI,motor,3.02,1.1242,371750,480.3,1205962,3.244,159.05,0.0,1.319195205809932,15909,0,0,0,0
SHP-03194,2026-01-31,Jambi,Bandung,Ninja Xpress,kapal_laut,8.76,2.6638,1057006,1729.5,8230603,7.7867,197.43,0.0,1.3516344935376456,111248,0,0,1,1
SHP-03195,2026-03-11,Jambi,Surabaya,JX Express,kapal_laut,2.56,1.1102,169565,1503.8,4455248,26.2746,587.44,7.7,79.15,3526329,1,0,1,1
SHP-03196,2026-03-12,Padang,Surabaya,Ninja Xpress,motor,7.96,4.1735,791319,1179.1,3216338,4.0645,148.13,1.3,83.53,2686607,1,0,1,1
SHP-03197,2025-12-25,Solo,Pekanbaru,JX Express,pesawat,2.05,0.6997,181368,1111.0,3512026,19.3641,541.94,0.0,4.6309169621434005,162639,0,1,0,1
SHP-03198,2026-02-02,Solo,Padang,JNE,kapal_laut,6.79,3.6155,722758,1025.4,2647435,3.663,151.01,0.0,4.205044489005259,111326,0,1,0,1
SHP-03199,2026-05-29,Samarinda,Semarang,TIKI,truk,4.63,1.9069,287168,777.0,3593295,12.5129,167.82,0.0,0.5656064007779138,20324,0,0,1,1
SHP-03200,2026-05-11,Bekasi,Palembang,Anteraja,pesawat,1.91,0.8394,239858,1853.9,9105207,37.9608,970.64,3.3,76.58,6972768,1,1,0,1
SHP-03201,2026-04-28,Kupang,Banjarmasin,Wahana,truk,1.55,0.6819,208891,1180.1,3507390,16.7905,761.37,0.0,2.249397139840994,78895,0,0,0,0
SHP-03202,2026-03-03,Bogor,Medan,JX Express,pesawat,1.73,0.527,185058,1079.9,4380573,23.6714,624.23,0.0,3.5029020327041778,153447,0,1,0,1
SHP-03203,2026-05-13,Malang,Padang,JX Express,truk,6.83,3.9151,731243,1128.4,4677494,6.3966,165.21,0.0,3.1749889695649633,148510,0,1,0,1
SHP-03204,2026-05-10,Bandung,Semarang,J&T Express,kapal_laut,2.74,0.8288,212379,574.8,995463,4.6872,209.77,0.0,1.1773481461758262,11720,0,1,1,0
SHP-03205,2025-12-23,Malang,Samarinda,J&T Express,pesawat,2.2,1.2507,309030,1312.2,6110364,19.7727,596.47,0.0,2.3583468536809993,144104,0,1,0,1
SHP-03206,2026-04-14,Bekasi,Kupang,JX Express,motor,3.76,1.9374,287260,719.9,2465738,8.5836,191.46,0.0,2.268264857246835,55929,0,1,0,1
SHP-03207,2026-03-29,Padang,Bandung,TIKI,motor,0.98,0.5691,80362,1304.7,3686483,45.8735,1331.31,0.0,0.8887371318005854,32763,0,0,1,1
SHP-03208,2026-05-28,Depok,Ternate,Anteraja,motor,2.23,0.9779,240102,551.6,2303065,9.592,247.36,3.5,75.16,1730984,1,1,0,1
SHP-03209,2026-01-10,Kupang,Ambon,Wahana,pesawat,3.62,1.1516,568210,1438.2,3889953,6.846,397.29,1.1,73.31,2851725,1,0,0,0
SHP-03210,2026-05-28,Ambon,Malang,JX Express,motor,2.77,1.0882,431280,1969.2,5497773,12.7476,710.92,0.0,0.3801063227324819,20897,0,0,1,1
SHP-03211,2025-12-19,Pontianak,Solo,Wahana,motor,3.71,1.6087,353282,2444.8,10639963,30.1175,658.97,0.4,79.96,8507714,1,0,1,1
SHP-03212,2025-12-27,Blitar,Jambi,J&T Express,truk,2.07,1.1519,151655,1170.2,4762517,31.4036,565.34,0.0,1.7594920599281871,83796,0,1,0,1
SHP-03213,2026-04-22,Makassar,Pekanbaru,Wahana,truk,5.35,2.7593,585219,288.4,610751,1.0436,53.91,0.0,1.686951963927995,10303,0,0,0,0
SHP-03214,2026-05-13,Jakarta,Surabaya,Wahana,kapal_laut,1.39,0.818,128828,187.6,267554,2.0768,134.95,0.0,2.238988976577386,5991,0,1,1,0
SHP-03215,2026-05-06,Tangerang,Bandung,Ninja Xpress,pesawat,1.9,0.9271,235080,423.6,461127,1.9616,222.92,0.0,2.1553504213957875,9939,0,1,1,0
SHP-03216,2026-02-27,Jambi,Medan,Anteraja,kapal_laut,8.68,3.1665,884217,416.4,752782,0.8514,47.97,0.2,60.4,454680,1,0,0,0
SHP-03217,2026-01-06,Bekasi,Kupang,JX Express,truk,2.8,0.9714,282645,1873.1,8074068,28.5661,668.98,0.0,2.0968662219904055,169302,0,1,0,1
SHP-03218,2026-01-20,Palembang,Makassar,TIKI,motor,1.68,1.003,127077,799.2,1200470,9.4468,475.7,0.0,0.20838198799494667,2502,0,0,0,0
SHP-03219,2026-06-06,Medan,Jambi,J&T Express,pesawat,7.31,2.7907,634904,600.1,1988600,3.1321,82.09,7.1,71.27,1417275,1,0,0,0
SHP-03220,2026-03-14,Ternate,Kupang,SiCepat,truk,3.19,1.3435,193190,1463.2,2615497,13.5385,458.67,0.0,0.4829563884625998,12632,0,0,0,0
SHP-03221,2026-04-21,Semarang,Lampung,Wahana,pesawat,1.61,0.7681,155799,554.9,2112893,13.5617,344.67,0.3,69.5,1468461,1,1,0,1
SHP-03222,2026-01-13,Tangerang,Kupang,SiCepat,kapal_laut,5.09,2.7334,412002,836.7,2391851,5.8054,164.39,0.0,3.0894945163717926,73896,0,1,0,1
SHP-03223,2026-01-30,Mataram,Depok,TIKI,motor,2.94,1.3589,237509,2047.5,10158080,42.7692,696.43,0.0,2.355856361526234,239310,0,0,1,1
SHP-03224,2026-02-15,Makassar,Malang,JNE,truk,1.43,0.7237,218570,1559.3,5317510,24.3286,1090.39,0.0,0.7397294122865045,39335,0,0,1,1
SHP-03225,2026-03-02,Banjarmasin,Depok,JNE,pesawat,1.89,0.584,256006,1027.9,3983750,15.5612,543.86,0.0,2.7444420475641795,109332,0,0,1,1
SHP-03226,2026-05-31,Bandung,Tangerang,J&T Express,kapal_laut,2.61,1.3652,237746,400.3,419380,1.764,153.38,0.0,2.8540264989744357,11969,0,1,1,0
SHP-03227,2025-12-30,Yogyakarta,Semarang,Anteraja,motor,1.48,0.8122,174688,552.0,481858,2.7584,373.0,2.8,70.0,337301,1,1,1,0
SHP-03228,2026-04-23,Jambi,Bogor,Anteraja,pesawat,4.3,1.9212,484048,1820.5,6637442,13.7124,423.37,0.0,1.6507454965490997,109567,0,0,1,1
SHP-03229,2026-06-06,Depok,Palembang,SiCepat,kapal_laut,6.38,3.7939,615056,1574.6,7468287,12.1425,246.8,0.3,78.15,5836466,1,1,0,1
SHP-03230,2026-05-02,Medan,Depok,JX Express,kapal_laut,1.99,0.8383,281566,653.9,2437940,8.6585,328.58,0.6,75.66,1844545,1,0,1,1
SHP-03231,2026-03-22,Bengkulu,Makassar,SiCepat,truk,2.62,0.8957,290281,1171.1,3920915,13.5073,446.98,0.9,77.81,3050864,1,0,0,0
SHP-03232,2026-02-01,Ternate,Mataram,Wahana,motor,1.47,0.7407,147933,1580.5,5307708,35.8791,1075.19,0.0,4.490684971893497,238352,0,0,0,0
SHP-03233,2026-02-04,Mataram,Kupang,TIKI,motor,2.61,1.2212,276318,276.2,525424,1.9015,105.84,0.0,0.9725353297555567,5110,0,0,0,0
SHP-03234,2026-03-12,Malang,Medan,J&T Express,pesawat,6.74,3.7445,693304,1788.9,4577773,6.6028,265.42,0.0,2.4066477488294735,110171,0,1,0,1
SHP-03235,2025-12-22,Palembang,Depok,TIKI,truk,1.81,0.6955,273712,1620.6,5003135,18.2788,895.38,4.9,71.28,3566235,1,0,1,1
SHP-03236,2026-04-04,Semarang,Malang,Wahana,pesawat,2.82,1.5463,217855,157.9,190699,0.8753,56.0,0.0,2.5165172898062185,4799,0,1,1,0
SHP-03237,2026-03-27,Mataram,Padang,Ninja Xpress,pesawat,3.99,1.4919,443283,832.4,2204249,4.9726,208.61,0.0,1.0713309847306185,23615,0,0,0,0
SHP-03238,2025-12-26,Jakarta,Bengkulu,Wahana,kapal_laut,5.65,3.0205,631576,1504.7,6133937,9.7121,266.32,0.0,4.600842113618024,282213,0,1,0,1
SHP-03239,2026-01-11,Pontianak,Jakarta,JNE,truk,1.56,0.5762,196141,2490.6,11068708,56.4324,1596.51,0.4,70.5,7803439,1,0,1,1
SHP-03240,2026-06-02,Tangerang,Yogyakarta,JX Express,motor,2.18,1.1142,227880,721.7,650942,2.8565,331.07,1.3,71.27,463926,1,1,1,0
SHP-03241,2026-05-28,Samarinda,Semarang,JX Express,kapal_laut,4.26,2.4695,433490,670.7,2791913,6.4405,157.44,3.6,77.46,2162616,1,0,1,1
SHP-03242,2026-03-19,Palembang,Jakarta,JX Express,kapal_laut,4.48,2.1408,351564,898.6,3201746,9.1071,200.58,0.0,0.023265814384164085,745,0,0,1,1
SHP-03243,2026-06-14,Ambon,Makassar,Ninja Xpress,kapal_laut,3.83,2.0037,542547,1761.9,2972276,5.4784,460.02,7.3,74.71,2220587,1,0,0,0
SHP-03244,2025-12-19,Makassar,Yogyakarta,TIKI,truk,3.29,1.2467,446119,2220.7,9856074,22.0929,675.0,0.0,2.163155398528969,213202,0,0,1,1
SHP-03245,2026-01-13,Bengkulu,Mataram,Ninja Xpress,truk,7.32,3.8154,980838,768.3,2103117,2.1442,104.96,0.0,0.37613875946198416,7911,0,0,0,0
SHP-03246,2026-04-01,Medan,Ambon,JX Express,motor,2.07,0.7066,284339,1115.4,2952030,10.3821,538.82,0.0,3.431411724691877,101296,0,0,0,0
SHP-03247,2026-04-06,Blitar,Makassar,JNE,pesawat,1.13,0.6691,86789,1336.2,4776269,55.0331,1182.46,1.9,70.12,3349120,1,1,0,1
SHP-03248,2025-12-22,Yogyakarta,Solo,SiCepat,truk,9.48,3.2171,1407714,645.5,1059474,0.7526,68.09,2.2,79.0,836984,1,1,1,0
SHP-03249,2026-02-05,Padang,Jakarta,TIKI,pesawat,2.81,1.1184,186143,2356.2,9074121,48.7481,838.52,0.0,1.6346397256382512,148329,0,0,1,1
SHP-03250,2025-12-24,Balikpapan,Malang,TIKI,kapal_laut,2.92,1.1511,343176,2430.5,8007564,23.3337,832.38,0.0,1.0087835037970372,80779,0,0,1,1
SHP-03251,2026-01-02,Lampung,Bekasi,TIKI,truk,0.52,0.1865,52525,670.2,2276297,43.3374,1288.9,14.1,63.26,1439985,1,0,1,1
SHP-03252,2025-12-31,Jambi,Pontianak,SiCepat,pesawat,2.02,0.8546,190151,1278.5,2001073,10.5236,632.91,0.0,0.6647571761016491,13302,0,0,0,0
SHP-03253,2026-05-20,Padang,Kupang,Anteraja,pesawat,7.37,2.5951,753257,937.4,2670181,3.5448,127.19,0.0,4.77076492036474,127388,0,0,0,0
SHP-03254,2026-04-20,Samarinda,Padang,J&T Express,motor,4.46,1.7305,416948,683.9,1366168,3.2766,153.34,0.0,0.4990654885883755,6818,0,0,0,0
SHP-03255,2025-12-25,Pontianak,Palembang,J&T Express,kapal_laut,2.25,1.2479,146638,1521.7,3252437,22.18,676.29,1.8,71.2,2315735,1,0,0,0
SHP-03256,2026-05-01,Ternate,Lampung,TIKI,motor,2.89,1.4746,312820,1404.6,4507235,14.4084,486.03,0.0,4.022939133573475,181323,0,0,0,0
SHP-03257,2026-01-09,Semarang,Makassar,Anteraja,truk,3.95,2.097,374858,1392.6,3971753,10.5954,352.56,0.3,75.3,2990730,1,1,0,1
SHP-03258,2026-05-16,Malang,Surabaya,J&T Express,motor,7.33,4.1458,937979,752.0,891220,0.9501,102.59,10.0,71.14,634014,1,1,1,0
SHP-03259,2026-04-16,Pekanbaru,Ambon,SiCepat,pesawat,0.82,0.3575,100052,616.8,1958851,19.5783,752.19,0.0,1.4748005831987503,28889,0,0,0,0
SHP-03260,2025-12-28,Manado,Mataram,Anteraja,truk,1.61,0.6454,159523,1142.3,1844671,11.5637,709.52,0.9,72.14,1330746,1,0,0,0
SHP-03261,2026-01-07,Samarinda,Bandung,Ninja Xpress,motor,1.14,0.3612,143431,820.9,3603328,25.1224,720.11,0.4,70.34,2534581,1,0,1,1
SHP-03262,2026-04-12,Pekanbaru,Palembang,Wahana,kapal_laut,1.86,0.9482,252847,372.9,1011696,4.0012,200.49,0.0,2.3306865397577505,23579,0,0,0,0
SHP-03263,2026-05-16,Pontianak,Bogor,JX Express,kapal_laut,0.83,0.4227,81470,1314.0,4667664,57.293,1583.1,2.1,63.76,2976103,1,0,1,1
SHP-03264,2026-03-20,Ternate,Palembang,Ninja Xpress,kapal_laut,6.21,3.274,529263,631.0,1412451,2.6687,101.6,3.3,78.77,1112588,1,0,0,0
SHP-03265,2026-01-17,Pontianak,Samarinda,SiCepat,pesawat,3.16,1.7084,440654,1326.2,3369911,7.6475,419.69,3.0,73.39,2473178,1,0,0,0
SHP-03266,2026-03-07,Malang,Lampung,Anteraja,kapal_laut,3.99,2.2871,370968,2246.4,10525410,28.3728,563.0,0.0,2.313058780231864,243459,0,1,0,1
SHP-03267,2026-06-09,Yogyakarta,Bekasi,SiCepat,pesawat,2.98,0.9142,318685,552.3,709644,2.2268,185.34,0.0,4.959077683408852,35192,0,1,1,0
SHP-03268,2026-02-09,Malang,Bogor,Anteraja,motor,1.02,0.5508,125488,642.0,936637,7.464,629.43,0.0,4.059645146416879,38024,0,1,1,0
SHP-03269,2026-03-02,Depok,Surabaya,JNE,truk,2.19,1.1606,245424,688.1,566403,2.3079,314.21,4.8,70.87,401410,1,1,1,0
SHP-03270,2026-06-13,Semarang,Bogor,JNE,pesawat,2.99,1.4025,282419,667.2,592496,2.0979,223.14,0.0,3.090922684534638,18314,0,1,1,0
SHP-03271,2026-04-14,Solo,Padang,Ninja Xpress,truk,2.29,1.1503,256909,1644.4,7022709,27.3354,718.07,0.0,1.6100075143034842,113066,0,1,0,1
SHP-03272,2026-04-13,Banjarmasin,Pontianak,TIKI,truk,2.97,1.5771,380527,653.1,1157850,3.0428,219.9,0.7,77.88,901734,1,0,0,0
SHP-03273,2026-06-02,Samarinda,Kupang,Anteraja,motor,2.06,0.644,277474,1467.2,3841509,13.8446,712.22,0.7,72.18,2772801,1,0,0,0
SHP-03274,2026-04-26,Medan,Bengkulu,Anteraja,pesawat,1.75,0.6526,329079,390.0,963588,2.9281,222.87,0.0,4.420524337338584,42596,0,0,0,0
SHP-03275,2026-02-23,Malang,Bekasi,TIKI,truk,6.58,3.0539,1082960,124.9,206173,0.1904,18.98,4.8,36.77,75810,1,1,1,0
SHP-03276,2026-04-15,Bengkulu,Malang,SiCepat,kapal_laut,2.69,1.2275,375488,2148.1,8291798,22.0827,798.55,0.0,0.3037300018314809,25185,0,0,1,1
SHP-03277,2025-12-22,Manado,Blitar,JX Express,motor,5.19,2.9314,459424,1119.2,4642953,10.106,215.65,0.0,3.028620394151087,140617,0,0,1,1
SHP-03278,2025-12-17,Malang,Bogor,Anteraja,motor,4.56,1.7087,759411,171.9,276296,0.3638,37.7,0.0,1.1577087827846073,3199,0,1,1,0
SHP-03279,2026-02-12,Tangerang,Pekanbaru,SiCepat,truk,1.75,0.7061,133178,1714.4,6864094,51.5407,979.66,0.6,77.42,5314182,1,1,0,1
SHP-03280,2026-04-21,Yogyakarta,Pontianak,JX Express,kapal_laut,3.5,2.0483,578490,679.3,2348455,4.0596,194.07,0.0,1.132401273406255,26594,0,1,0,1
SHP-03281,2026-01-18,Pontianak,Solo,Wahana,motor,6.11,2.2297,833948,604.9,1781538,2.1363,99.01,1.5,76.21,1357710,1,0,1,1
SHP-03282,2025-12-22,Lampung,Solo,TIKI,pesawat,3.59,1.873,206113,2345.7,11622717,56.39,653.39,0.0,4.517347167901534,525038,0,0,1,1
SHP-03283,2026-01-25,Bogor,Bengkulu,Anteraja,pesawat,5.62,2.2087,480075,1042.1,3559743,7.415,185.42,0.0,4.11814524573693,146595,0,1,0,1
SHP-03284,2026-01-05,Mataram,Makassar,JNE,kapal_laut,3.74,1.9327,374511,1179.7,2085539,5.5687,315.42,0.0,3.7410675323339215,78021,0,0,0,0
SHP-03285,2026-01-13,Pekanbaru,Pontianak,TIKI,truk,1.02,0.3384,92493,410.0,1239745,13.4037,401.95,0.5,57.65,714713,1,0,0,0
SHP-03286,2025-12-29,Makassar,Solo,Ninja Xpress,motor,2.27,1.3409,171016,611.7,1614489,9.4406,269.46,0.0,2.131740628560055,34417,0,0,1,1
SHP-03287,2026-05-04,Balikpapan,Malang,TIKI,truk,4.31,1.4268,444121,1565.1,6303952,14.1942,363.13,0.5,72.64,4579191,1,0,1,1
SHP-03288,2026-05-29,Semarang,Mataram,TIKI,kapal_laut,1.86,0.9581,240443,2393.9,11741944,48.8346,1287.06,0.0,1.9888063952184831,233525,0,1,0,1
SHP-03289,2026-04-25,Padang,Solo,Ninja Xpress,truk,4.14,1.6195,480034,1496.9,7179794,14.9568,361.57,0.0,2.1379687952239523,153502,0,0,1,1
SHP-03290,2026-02-10,Samarinda,Makassar,SiCepat,pesawat,4.61,1.9755,468752,868.3,1924350,4.1053,188.35,0.0,3.38491706165157,65138,0,0,0,0
SHP-03291,2026-05-28,Balikpapan,Jakarta,Ninja Xpress,truk,4.71,2.7427,385508,1959.4,7744844,20.09,416.01,0.0,4.321528201442578,334696,0,0,1,1
SHP-03292,2026-03-15,Semarang,Bogor,JNE,pesawat,7.73,4.2746,819745,282.8,273102,0.3332,36.59,9.5,49.11,134120,1,1,1,0
SHP-03293,2026-06-06,Bandung,Mataram,JNE,pesawat,4.16,1.2564,569661,1514.4,6747599,11.8449,364.05,0.0,2.522653764906548,170219,0,1,0,1
SHP-03294,2026-04-18,Lampung,Bekasi,J&T Express,motor,1.51,0.453,222357,555.2,2241010,10.0784,367.69,0.6,68.13,1526800,1,0,1,1
SHP-03295,2026-03-31,Manado,Jakarta,SiCepat,pesawat,0.78,0.4631,86172,1485.2,4617103,53.5801,1904.13,0.0,0.47961998309427156,22145,0,0,1,1
SHP-03296,2026-01-26,Pontianak,Makassar,Anteraja,motor,3.65,1.2018,588594,641.3,1928697,3.2768,175.69,0.0,1.2019972030120751,23183,0,0,0,0
SHP-03297,2026-03-17,Depok,Blitar,TIKI,pesawat,3.0,1.4134,394697,510.6,792615,2.0082,170.2,0.0,1.7372403749391718,13770,0,1,1,0
SHP-03298,2026-01-18,Samarinda,Jambi,Ninja Xpress,kapal_laut,0.8,0.3965,63795,211.2,609591,9.5555,264.03,0.3,40.9,249323,1,0,0,0
SHP-03299,2026-03-24,Makassar,Blitar,J&T Express,truk,2.71,1.5045,345300,692.6,3238537,9.3789,255.57,0.0,3.3627839384710265,108905,0,0,1,1
SHP-03300,2025-12-24,Pekanbaru,Samarinda,JX Express,truk,3.75,1.8549,265691,1327.8,3630116,13.6629,354.07,2.2,72.4,2628204,1,0,0,0
SHP-03301,2026-01-20,Bekasi,Bogor,Anteraja,kapal_laut,1.03,0.5886,172923,190.2,271486,1.57,184.68,0.0,1.6026890378979364,4351,0,1,1,0
SHP-03302,2026-02-20,Bandung,Ambon,Wahana,motor,1.82,0.9315,166820,2273.8,9130378,54.7319,1249.32,0.0,2.290037921431293,209089,0,1,0,1
SHP-03303,2026-05-17,Samarinda,Makassar,JNE,motor,6.7,2.7719,1239661,1290.8,2175488,1.7549,192.66,0.0,2.9348042709974456,63846,0,0,0,0
SHP-03304,2026-03-13,Malang,Samarinda,Ninja Xpress,truk,1.43,0.7671,157855,1701.9,8416992,53.321,1190.14,0.0,2.9398374196056682,247446,0,1,0,1
SHP-03305,2025-12-25,Manado,Solo,Wahana,motor,6.65,3.1581,1140650,1331.7,6121912,5.367,200.26,1.4,76.63,4691221,1,0,1,1
SHP-03306,2026-04-09,Kupang,Tangerang,JNE,motor,4.04,1.3628,367674,1208.2,3253049,8.8476,299.07,7.7,75.95,2470691,1,0,1,1
SHP-03307,2026-04-23,Bogor,Padang,JX Express,truk,1.38,0.4991,116188,889.3,2992845,25.7586,644.45,0.0,2.115607269124617,63317,0,1,0,1
SHP-03308,2025-12-22,Banjarmasin,Bogor,Anteraja,truk,1.69,0.7471,218546,505.4,1972672,9.0263,299.08,4.6,71.67,1413814,1,0,1,1
SHP-03309,2026-02-21,Surabaya,Semarang,TIKI,kapal_laut,6.56,3.6947,787716,120.3,124548,0.1581,18.34,0.0,3.1474946031435853,3920,0,1,1,0
SHP-03310,2026-02-03,Jakarta,Bengkulu,Wahana,truk,1.44,0.7655,133178,1519.8,6684995,50.1959,1055.4,0.0,0.2046766445666376,13683,0,1,0,1
SHP-03311,2026-02-09,Balikpapan,Surabaya,TIKI,kapal_laut,3.03,1.7082,310653,1817.6,7798982,25.1051,599.87,0.0,0.5610771702127271,43758,0,0,1,1
SHP-03312,2026-01-14,Pontianak,Samarinda,J&T Express,motor,7.73,3.4224,758805,665.5,1186154,1.5632,86.09,0.0,4.958142177095906,58811,0,0,0,0
SHP-03313,2026-01-05,Jakarta,Lampung,SiCepat,pesawat,1.86,0.6124,119675,2101.4,8686696,72.5857,1129.8,0.0,1.1157467161062833,96922,0,1,0,1
SHP-03314,2026-03-21,Ternate,Semarang,TIKI,motor,2.97,1.1204,350659,618.6,2074323,5.9155,208.27,0.0,2.8698660496833406,59530,0,0,1,1
SHP-03315,2026-01-09,Lampung,Ternate,J&T Express,motor,2.06,0.8327,171456,461.3,841586,4.9085,223.92,6.3,71.32,600219,1,0,0,0
SHP-03316,2026-05-12,Lampung,Banjarmasin,JX Express,pesawat,7.11,2.3065,738552,1214.2,2834086,3.8374,170.77,0.4,70.88,2008800,1,0,0,0
SHP-03317,2026-03-21,Tangerang,Jakarta,Wahana,motor,2.34,1.1486,245531,164.3,225884,0.92,70.2,3.6,43.17,97514,1,1,1,0
SHP-03318,2026-05-24,Bandung,Jambi,J&T Express,truk,2.09,1.0068,274363,2468.0,11232150,40.939,1180.84,2.7,79.2,8895863,1,1,0,1
SHP-03319,2026-05-31,Ambon,Pontianak,Anteraja,pesawat,1.92,0.9916,201711,425.3,888616,4.4054,221.5,0.0,3.293566253009465,29267,0,0,0,0
SHP-03320,2026-02-27,Bekasi,Banjarmasin,Anteraja,pesawat,2.76,1.0192,189642,1025.8,3549833,18.7186,371.65,1.0,73.59,2612322,1,1,0,1
SHP-03321,2026-03-06,Lampung,Ternate,Ninja Xpress,motor,2.43,0.9422,221249,1325.3,3344041,15.1144,545.39,0.0,3.331707075134427,111414,0,0,0,0
SHP-03322,2026-04-18,Bekasi,Medan,Ninja Xpress,truk,8.29,4.713,1041643,1451.3,5653268,5.4273,175.07,0.8,79.56,4497740,1,1,0,1
SHP-03323,2026-03-14,Samarinda,Palembang,Wahana,pesawat,2.19,0.798,308742,412.0,1258443,4.076,188.13,0.0,0.609909556755312,7675,0,0,0,0
SHP-03324,2026-05-20,Tangerang,Ambon,SiCepat,kapal_laut,2.23,0.8813,350218,1933.2,8949596,25.5544,866.89,0.0,1.375272115963333,123081,0,1,0,1
SHP-03325,2026-01-13,Solo,Bekasi,Wahana,kapal_laut,1.54,0.4938,145460,408.1,711357,4.8904,265.02,1.7,57.67,410240,1,1,1,0
SHP-03326,2026-02-28,Pekanbaru,Manado,Wahana,motor,4.39,1.5662,503772,1291.8,3348579,6.647,294.26,0.0,0.8961272973322382,30008,0,0,0,0
SHP-03327,2026-02-02,Blitar,Solo,J&T Express,pesawat,11.55,4.7455,740191,442.5,692593,0.9357,38.31,0.0,3.445360235066101,23862,0,1,1,0
SHP-03328,2026-04-10,Lampung,Bengkulu,J&T Express,truk,3.46,1.6207,489803,1096.5,2270344,4.6352,316.9,0.0,0.0103494305811197,235,0,0,0,0
SHP-03329,2026-01-21,Malang,Bengkulu,Ninja Xpress,pesawat,1.89,0.6734,219529,697.6,2782986,12.6771,369.09,0.0,0.252430171841756,7025,0,1,0,1
SHP-03330,2026-05-02,Bengkulu,Malang,SiCepat,pesawat,2.86,1.0233,278269,507.6,1923510,6.9124,177.48,0.0,2.4897548096217785,47891,0,0,1,1
SHP-03331,2026-01-15,Bekasi,Tangerang,Wahana,kapal_laut,11.29,6.5125,778963,733.0,708857,0.91,64.93,0.0,4.055897203821341,28751,0,1,1,0
SHP-03332,2026-06-05,Palembang,Pekanbaru,J&T Express,truk,3.46,1.8843,371149,1794.2,3735147,10.0637,518.56,0.0,0.8824099972685806,32959,0,0,0,0
SHP-03333,2026-01-29,Makassar,Medan,J&T Express,pesawat,2.16,1.1497,243864,770.9,1813609,7.437,356.92,7.4,80.31,1456509,1,0,0,0
SHP-03334,2026-06-06,Bandung,Bogor,Anteraja,pesawat,2.84,0.9518,332696,341.7,389394,1.1704,120.32,0.0,0.46054303737370517,1793,0,1,1,0
SHP-03335,2026-01-02,Jakarta,Malang,JX Express,motor,4.46,2.4899,503621,789.4,1415923,2.8115,176.99,0.9,77.63,1099181,1,1,1,0
SHP-03336,2026-05-05,Ambon,Ternate,J&T Express,pesawat,4.9,1.5796,638983,1681.4,2882463,4.511,343.15,0.0,0.38893943786451446,11211,0,0,0,0
SHP-03337,2026-05-06,Malang,Palembang,TIKI,motor,6.2,2.0706,611156,2368.5,10326125,16.8961,382.01,4.2,70.69,7299538,1,1,0,1
SHP-03338,2026-03-06,Medan,Yogyakarta,TIKI,motor,7.3,3.4098,1172911,820.1,4092254,3.489,112.35,0.0,1.630041796019344,66705,0,0,1,1
SHP-03339,2026-04-03,Depok,Ambon,Anteraja,motor,1.52,0.6532,121210,2298.8,11218892,92.5575,1512.34,1.5,70.36,7893612,1,1,0,1
SHP-03340,2026-06-11,Solo,Ambon,TIKI,motor,2.67,1.1086,297382,2323.0,8605851,28.9387,870.05,1.1,74.14,6380378,1,1,0,1
SHP-03341,2026-03-10,Tangerang,Ternate,Ninja Xpress,pesawat,1.26,0.6396,154961,1021.4,5075509,32.7535,810.67,2.8,74.14,3762982,1,1,0,1
SHP-03342,2026-05-18,Tangerang,Blitar,Wahana,truk,3.91,1.9878,441199,652.7,928381,2.1042,166.93,0.0,1.110573264550223,10310,0,1,1,0
SHP-03343,2025-12-22,Palembang,Bandung,J&T Express,pesawat,2.49,1.4103,274739,2354.0,6449080,23.4735,945.37,0.0,3.655209874672769,235727,0,0,1,1
SHP-03344,2026-06-08,Depok,Tangerang,SiCepat,pesawat,1.37,0.6891,162157,399.0,708486,4.3691,291.23,2.2,62.29,441316,1,1,1,0
SHP-03345,2026-01-09,Pontianak,Ternate,TIKI,pesawat,3.35,1.9019,542626,1719.3,4047868,7.4598,513.24,3.0,74.22,3004328,1,0,0,0
SHP-03346,2026-04-10,Makassar,Padang,Wahana,pesawat,9.77,4.8302,953511,685.2,1554807,1.6306,70.13,1.9,75.04,1166727,1,0,0,0
SHP-03347,2026-06-13,Padang,Banjarmasin,Ninja Xpress,truk,2.12,1.1919,300828,490.1,1046301,3.4781,231.18,2.1,71.79,751139,1,0,0,0
SHP-03348,2026-05-05,Manado,Mataram,JX Express,motor,3.33,1.8843,250429,1553.8,5112659,20.4156,466.6,0.0,3.3966306934357897,173658,0,0,0,0
SHP-03349,2026-01-06,Ternate,Bekasi,JX Express,motor,3.52,1.5462,311925,711.0,3336392,10.6961,201.99,0.0,3.640935674190351,121476,0,0,1,1
SHP-03350,2026-04-19,Ternate,Bogor,JX Express,kapal_laut,1.17,0.5474,129581,1232.5,5591264,43.1488,1053.4,3.8,68.36,3822188,1,0,1,1
SHP-03351,2026-05-27,Bengkulu,Jambi,JNE,truk,0.97,0.3706,153591,971.8,2837787,18.4763,1001.87,0.0,3.282524283564603,93151,0,0,0,0
SHP-03352,2026-01-14,Bengkulu,Bandung,TIKI,motor,2.95,0.8976,399998,807.4,3491961,8.7299,273.69,0.0,2.621551636325533,91544,0,0,1,1
SHP-03353,2026-01-14,Tangerang,Bandung,J&T Express,truk,2.29,1.2948,385364,413.4,586665,1.5224,180.53,0.9,66.56,390484,1,1,1,0
SHP-03354,2026-02-09,Bandung,Manado,Wahana,motor,4.49,1.6381,718729,2103.9,9439528,13.1336,468.58,0.0,3.0480877373141424,287725,0,1,0,1
SHP-03355,2025-12-24,Bekasi,Palembang,JNE,truk,14.97,8.1507,1235838,1688.8,6172379,4.9945,112.81,0.7,72.22,4457692,1,1,0,1
SHP-03356,2026-05-30,Lampung,Ternate,JX Express,motor,3.93,1.1892,345630,742.0,1474557,4.2663,188.8,0.0,0.03236597402495378,477,0,0,0,0
SHP-03357,2026-01-26,Ambon,Jakarta,J&T Express,truk,4.81,1.7578,763239,1137.3,5245247,6.8724,236.44,7.7,79.32,4160530,1,0,1,1
SHP-03358,2026-05-17,Surabaya,Balikpapan,JX Express,kapal_laut,8.92,2.9754,1502495,1372.7,5210105,3.4676,153.89,0.0,0.3238850474233218,16875,0,1,0,1
SHP-03359,2026-01-14,Bekasi,Pekanbaru,Anteraja,truk,4.93,2.7154,673041,1225.6,4802587,7.1357,248.6,0.4,80.7,3875688,1,1,0,1
SHP-03360,2026-03-07,Depok,Pontianak,JX Express,truk,2.77,0.8833,278432,2065.5,9360696,33.6193,745.68,1.1,77.79,7281685,1,1,0,1
SHP-03361,2026-02-15,Depok,Bandung,SiCepat,pesawat,12.53,6.2526,2121424,675.4,718175,0.3385,53.9,0.0,1.656673986290249,11898,0,1,1,0
SHP-03362,2026-04-02,Bogor,Pekanbaru,Ninja Xpress,truk,1.83,0.9703,169468,1249.6,3833596,22.6214,682.84,0.0,3.146784876299825,120635,0,1,0,1
SHP-03363,2026-02-16,Pontianak,Makassar,Wahana,truk,1.97,0.8278,270314,1220.1,1865190,6.9001,619.35,2.2,75.31,1404675,1,0,0,0
SHP-03364,2026-06-06,Tangerang,Bekasi,SiCepat,kapal_laut,3.06,0.928,470510,82.9,135502,0.288,27.1,0.0,2.1619934301969144,2930,0,1,1,0
SHP-03365,2025-12-30,Lampung,Padang,JX Express,motor,2.45,1.35,209457,1212.4,4115758,19.6497,494.87,0.0,4.244992674669653,174714,0,0,0,0
SHP-03366,2026-01-02,Bekasi,Mataram,J&T Express,truk,1.25,0.4211,162630,1690.7,7882568,48.4693,1352.57,0.0,4.850501132038456,382344,0,1,0,1
SHP-03367,2026-02-06,Pontianak,Mataram,Anteraja,pesawat,5.7,2.4997,706193,1504.4,4161892,5.8934,263.92,0.7,72.67,3024447,1,0,0,0
SHP-03368,2026-04-10,Balikpapan,Padang,TIKI,kapal_laut,3.46,1.837,365170,477.6,1163946,3.1874,138.05,0.0,4.804320235565795,55920,0,0,0,0
SHP-03369,2026-06-07,Samarinda,Balikpapan,Anteraja,kapal_laut,3.0,1.4346,525424,1301.7,2845003,5.4147,433.92,0.2,79.92,2273726,1,0,0,0
SHP-03370,2026-01-24,Balikpapan,Jakarta,SiCepat,truk,4.8,2.0386,788598,1626.9,5527859,7.0097,338.94,0.0,2.7706405144209323,153157,0,0,1,1
SHP-03371,2026-02-28,Solo,Malang,SiCepat,kapal_laut,4.03,1.6776,372742,149.4,233237,0.6257,37.07,0.0,3.671396403207567,8563,0,1,1,0
SHP-03372,2026-01-09,Ambon,Bogor,Wahana,pesawat,4.38,2.2336,397860,965.5,3947915,9.9229,220.44,0.0,0.36612532259292396,14454,0,0,1,1
SHP-03373,2026-05-06,Surabaya,Kupang,Ninja Xpress,motor,2.94,1.6883,319657,658.0,2876479,8.9986,223.8,0.0,3.1835416101086462,91574,0,1,0,1
SHP-03374,2026-01-12,Malang,Surabaya,Ninja Xpress,kapal_laut,3.43,1.1044,352324,591.8,713145,2.0241,172.54,4.5,76.91,548480,1,1,1,0
SHP-03375,2026-05-22,Makassar,Kupang,Ninja Xpress,truk,2.36,1.2336,362040,393.2,1220954,3.3724,166.62,3.2,65.33,797649,1,0,0,0
SHP-03376,2026-01-24,Bandung,Jakarta,Anteraja,pesawat,2.84,1.491,326226,474.4,448795,1.3757,167.04,0.0,3.1425448577365516,14104,0,1,1,0
SHP-03377,2026-02-13,Jakarta,Ambon,SiCepat,motor,2.69,1.3246,196471,1993.2,7269195,36.9988,740.97,2.7,81.01,5888775,1,1,0,1
SHP-03378,2026-04-03,Surabaya,Tangerang,J&T Express,pesawat,1.54,0.5239,172936,552.7,884758,5.1161,358.89,0.0,4.443050478101421,39310,0,1,1,0
SHP-03379,2026-04-03,Malang,Pontianak,TIKI,truk,2.64,1.3656,384805,2166.2,10334360,26.8561,820.54,0.0,1.7788200278692723,183830,0,1,0,1
SHP-03380,2026-03-21,Bengkulu,Banjarmasin,Anteraja,kapal_laut,3.46,1.5451,421905,1717.8,4240715,10.0514,496.48,0.0,3.258453022881787,138182,0,0,0,0
SHP-03381,2026-05-17,Ambon,Pekanbaru,Wahana,kapal_laut,1.76,0.5419,191798,395.4,600538,3.1311,224.65,2.7,59.74,358761,1,0,0,0
SHP-03382,2026-03-08,Samarinda,Ambon,Wahana,motor,3.44,1.4157,494466,250.2,548536,1.1094,72.72,0.0,2.7319646768374977,14986,0,0,0,0
SHP-03383,2026-05-13,Yogyakarta,Balikpapan,JX Express,kapal_laut,4.74,2.2276,810063,1962.0,4946079,6.1058,413.92,0.0,3.144176225914756,155513,0,1,0,1
SHP-03384,2026-05-18,Jambi,Bogor,Ninja Xpress,kapal_laut,6.04,2.1441,708546,912.3,4202625,5.9313,151.04,0.0,3.7317221693022598,156830,0,0,1,1
SHP-03385,2026-04-15,Solo,Ambon,Ninja Xpress,kapal_laut,1.98,1.0931,209090,2499.6,10861436,51.9462,1262.44,1.8,74.46,8087425,1,1,0,1
SHP-03386,2026-01-25,Bengkulu,Malang,Ninja Xpress,kapal_laut,1.29,0.7091,124143,673.1,2404166,19.3661,521.77,0.7,73.98,1778602,1,0,1,1
SHP-03387,2026-05-01,Banjarmasin,Surabaya,Wahana,truk,4.97,2.827,698764,667.6,1763273,2.5234,134.34,5.2,76.39,1346964,1,0,1,1
SHP-03388,2026-01-25,Depok,Palembang,SiCepat,motor,1.8,0.6915,187935,749.3,2027784,10.7898,416.3,3.1,77.16,1564638,1,1,0,1
SHP-03389,2026-03-16,Palembang,Bengkulu,Wahana,pesawat,0.93,0.4133,67583,1251.7,3855684,57.0511,1345.91,2.7,72.31,2788045,1,0,0,0
SHP-03390,2026-04-05,Bandung,Ambon,JX Express,motor,3.43,1.9893,347875,1127.5,5229328,15.0322,328.71,0.0,1.6481506662582395,86187,0,1,0,1
SHP-03391,2026-06-07,Bekasi,Surabaya,JX Express,pesawat,4.63,1.527,499362,336.1,483107,0.9674,72.6,0.0,1.5608797581610019,7541,0,1,1,0
SHP-03392,2026-01-25,Solo,Medan,SiCepat,truk,3.09,1.5696,470970,2000.4,7045486,14.9595,647.38,3.5,79.73,5617366,1,1,0,1
SHP-03393,2026-01-07,Depok,Mataram,SiCepat,kapal_laut,3.34,1.8228,295436,2290.0,10514278,35.589,685.64,0.0,1.2022574543768432,126409,0,1,0,1
SHP-03394,2025-12-24,Pontianak,Makassar,J&T Express,pesawat,3.11,1.8224,385903,247.4,600906,1.5571,79.57,0.0,1.6846273397979887,10123,0,0,0,0
SHP-03395,2026-03-04,Samarinda,Kupang,Wahana,motor,2.87,1.4191,274732,1545.3,4867885,17.7187,538.44,0.3,73.1,3558424,1,0,0,0
SHP-03396,2026-03-09,Blitar,Malang,SiCepat,pesawat,0.79,0.4477,83636,299.4,459441,5.4933,378.97,0.0,2.5282339309763904,11616,0,1,1,0
SHP-03397,2026-02-03,Medan,Mataram,JNE,motor,5.63,2.46,803524,271.4,616870,0.7677,48.2,0.0,1.7856182165175953,11015,0,0,0,0
SHP-03398,2025-12-30,Bogor,Lampung,SiCepat,motor,3.07,1.2398,353073,1271.0,6284825,17.8004,414.0,0.0,4.328233119372101,272022,0,1,0,1
SHP-03399,2026-06-13,Lampung,Tangerang,J&T Express,kapal_laut,4.26,2.0049,500383,920.7,3643827,7.2821,216.13,0.0,0.25042049613309636,9125,0,0,1,1
SHP-03400,2026-05-08,Kupang,Surabaya,SiCepat,truk,6.73,2.8013,789375,743.5,2259371,2.8622,110.48,0.0,3.1570231408228997,71329,0,0,1,1
SHP-03401,2026-02-15,Banjarmasin,Surabaya,J&T Express,kapal_laut,4.57,2.6784,657315,757.2,2675232,4.0699,165.68,5.6,80.55,2154899,1,0,1,1
SHP-03402,2026-05-23,Balikpapan,Bogor,Wahana,motor,3.97,1.2291,521084,1867.3,6159482,11.8205,470.36,1.6,74.06,4561712,1,0,1,1
SHP-03403,2026-04-23,Depok,Yogyakarta,TIKI,kapal_laut,3.36,2.0029,349889,645.2,568069,1.6236,192.03,0.0,1.0045791818833467,5707,0,1,1,0
SHP-03404,2026-03-18,Surabaya,Mataram,Wahana,pesawat,3.25,1.293,496509,1477.8,7205039,14.5114,454.71,0.0,3.917096659597404,282228,0,1,0,1
SHP-03405,2026-03-08,Depok,Pekanbaru,TIKI,motor,2.65,0.8688,239336,1374.6,6451784,26.957,518.71,0.0,1.68780766838232,108894,0,1,0,1
SHP-03406,2026-04-02,Malang,Pekanbaru,J&T Express,motor,2.06,0.8218,197545,844.3,2307082,11.6788,409.86,0.0,4.725294194937579,109016,0,1,0,1
SHP-03407,2026-03-29,Semarang,Blitar,Ninja Xpress,truk,1.92,0.5831,281312,361.9,519167,1.8455,188.47,0.0,1.6288181187902373,8456,0,1,1,0
SHP-03408,2026-05-18,Jambi,Balikpapan,Anteraja,motor,4.03,1.5148,365898,1622.2,5658192,15.4639,402.52,11.8,77.6,4390757,1,0,0,0
SHP-03409,2026-04-22,Samarinda,Yogyakarta,Ninja Xpress,pesawat,3.56,2.0916,256619,2058.0,5443805,21.2136,578.09,0.0,1.7022079999107071,92665,0,0,1,1
SHP-03410,2026-04-17,Bekasi,Samarinda,JX Express,pesawat,2.26,1.0981,363452,938.3,3496023,9.6189,415.17,2.0,74.65,2609781,1,1,0,1
SHP-03411,2026-03-12,Bekasi,Surabaya,SiCepat,pesawat,6.05,2.7563,966446,530.1,563817,0.5834,87.62,0.0,0.12755637705075928,719,0,1,1,0
SHP-03412,2026-04-15,Samarinda,Makassar,SiCepat,motor,2.63,1.1218,269897,268.2,628125,2.3273,101.98,0.0,0.24629037331826753,1547,0,0,0,0
SHP-03413,2026-04-11,Kupang,Pekanbaru,TIKI,kapal_laut,7.24,3.6492,717771,351.9,1134872,1.5811,48.61,0.0,3.4185000344620047,38796,0,0,0,0
SHP-03414,2026-04-13,Malang,Padang,Wahana,truk,8.82,4.0213,963513,524.5,2191386,2.2744,59.47,0.0,0.17586632155887294,3854,0,1,0,1
SHP-03415,2026-03-05,Depok,Balikpapan,SiCepat,motor,3.95,2.2311,421917,770.4,3774239,8.9455,195.04,0.2,72.26,2727265,1,1,0,1
SHP-03416,2026-02-06,Medan,Bekasi,JX Express,pesawat,7.0,3.7604,1000093,1744.4,6654622,6.654,249.2,0.0,1.5228045489510995,101337,0,0,1,1
SHP-03417,2025-12-31,Jambi,Lampung,Wahana,pesawat,2.75,0.8954,292638,933.0,3194353,10.9157,339.26,0.0,2.0836824576197706,66560,0,0,0,0
SHP-03418,2026-04-23,Mataram,Pekanbaru,JNE,motor,8.1,2.8599,877099,1484.9,2513661,2.8659,183.32,0.0,3.246479293806224,81605,0,0,0,0
SHP-03419,2026-03-22,Yogyakarta,Samarinda,Wahana,motor,1.39,0.643,186650,1550.3,4442022,23.7987,1115.33,0.6,71.05,3156057,1,1,0,1
SHP-03420,2026-03-20,Bandung,Jambi,TIKI,truk,2.29,1.2056,183022,1314.0,6057270,33.0959,573.8,0.0,1.1147760680318475,67525,0,1,0,1
SHP-03421,2026-01-04,Solo,Ambon,Anteraja,pesawat,2.92,1.4997,377624,2225.8,5957563,15.7764,762.25,0.9,80.75,4810732,1,1,0,1
SHP-03422,2026-04-25,Bengkulu,Padang,SiCepat,motor,3.23,1.108,415018,985.5,1778442,4.2852,305.1,0.0,4.700177381090483,83590,0,0,0,0
SHP-03423,2026-06-02,Depok,Bekasi,Ninja Xpress,motor,4.54,1.7763,677551,700.8,1060527,1.5652,154.37,11.7,74.0,784790,1,1,1,0
SHP-03424,2026-04-23,Bandung,Pontianak,Ninja Xpress,truk,0.85,0.2632,78340,2268.9,10199985,130.2015,2669.3,0.0,1.088645796389291,111042,0,1,0,1
SHP-03425,2026-01-10,Bekasi,Ambon,SiCepat,pesawat,2.19,1.033,297932,824.9,2216619,7.44,376.67,0.0,4.411862621793579,97794,0,1,0,1
SHP-03426,2026-02-09,Mataram,Bengkulu,Anteraja,kapal_laut,7.25,2.4651,1161351,1644.7,4988707,4.2956,226.85,0.0,3.6602018003602748,182597,0,0,0,0
SHP-03427,2026-03-25,Bengkulu,Padang,JX Express,kapal_laut,5.31,2.7504,491878,328.5,1084177,2.2042,61.86,0.0,4.869110645098312,52790,0,0,0,0
SHP-03428,2026-02-23,Surabaya,Pekanbaru,JX Express,motor,2.07,0.8389,165184,2352.0,9004104,54.5095,1136.25,0.0,3.8943394462556284,350650,0,1,0,1
SHP-03429,2026-04-26,Solo,Ambon,TIKI,motor,3.12,1.3558,333089,1426.2,4199974,12.6092,457.12,0.0,2.8536783519168245,119854,0,1,0,1
SHP-03430,2026-05-04,Mataram,Lampung,J&T Express,motor,1.85,0.5556,334601,1219.1,1832162,5.4757,658.97,1.7,78.59,1439896,1,0,0,0
SHP-03431,2026-06-04,Balikpapan,Tangerang,Anteraja,pesawat,1.55,0.8592,158887,2438.7,7434482,46.791,1573.36,0.0,2.5035583837750117,186127,0,0,1,1
SHP-03432,2026-03-29,Palembang,Ternate,Anteraja,motor,5.58,2.6182,552850,1420.5,3666288,6.6316,254.57,0.0,3.6629191347847567,134293,0,0,0,0
SHP-03433,2026-06-08,Pekanbaru,Jambi,Wahana,pesawat,3.42,1.2091,339554,467.0,1216875,3.5837,136.55,0.0,2.5060355838689357,30495,0,0,0,0
SHP-03434,2026-01-17,Jambi,Bengkulu,TIKI,motor,4.85,1.9905,609244,1328.3,4375386,7.1817,273.87,0.0,1.0718184711134677,46896,0,0,0,0
SHP-03435,2026-04-04,Yogyakarta,Tangerang,JX Express,pesawat,2.51,0.857,242859,228.9,365722,1.5059,91.19,0.0,0.015116951316410665,55,0,1,1,0
SHP-03436,2026-02-25,Ambon,Kupang,Ninja Xpress,pesawat,2.81,1.4922,324242,875.0,1567140,4.8332,311.39,0.0,2.456560821771365,38498,0,0,0,0
SHP-03437,2026-01-04,Jakarta,Malang,SiCepat,truk,2.94,0.9252,292115,684.1,908596,3.1104,232.68,0.0,1.3641779166909185,12395,0,1,1,0
SHP-03438,2026-04-25,Makassar,Jambi,TIKI,motor,4.02,1.9996,627242,558.1,1725175,2.7504,138.84,0.0,1.2288555318665773,21200,0,0,0,0
SHP-03439,2026-02-23,Balikpapan,Malang,Wahana,motor,3.22,1.6613,364290,1558.6,5242872,14.392,484.05,1.8,76.57,4014467,1,0,1,1
SHP-03440,2026-02-09,Manado,Semarang,JX Express,pesawat,2.04,0.8156,279249,1706.4,7298531,26.1363,836.48,0.0,2.3996119776152085,175136,0,0,1,1
SHP-03441,2026-04-01,Blitar,Balikpapan,Ninja Xpress,kapal_laut,1.1,0.3383,136998,2329.5,8175852,59.6786,2117.74,0.0,4.647804767214195,379998,0,1,0,1
SHP-03442,2026-02-22,Solo,Pekanbaru,Ninja Xpress,truk,3.25,1.9477,323895,1367.8,5247740,16.202,420.87,0.0,2.2476169245004347,117949,0,1,0,1
SHP-03443,2026-02-06,Makassar,Balikpapan,Wahana,motor,1.49,0.4806,287755,272.7,764547,2.6569,182.99,0.0,4.53689714633689,34687,0,0,0,0
SHP-03444,2026-02-14,Ternate,Padang,TIKI,kapal_laut,2.95,1.2607,342877,387.8,1131621,3.3004,131.44,1.0,60.54,685083,1,0,0,0
SHP-03445,2026-04-15,Banjarmasin,Malang,JX Express,pesawat,1.26,0.6728,113016,1317.7,4590435,40.6176,1045.8,2.6,65.78,3019588,1,0,1,1
SHP-03446,2026-02-15,Bogor,Banjarmasin,SiCepat,pesawat,2.4,1.1516,290407,2116.0,8784159,30.2478,881.67,0.0,0.1726021994369198,15162,0,1,0,1
SHP-03447,2026-02-23,Yogyakarta,Manado,Anteraja,kapal_laut,3.09,1.256,487475,554.0,2246486,4.6084,179.3,0.0,2.5548000048374844,57393,0,1,0,1
SHP-03448,2026-03-18,Kupang,Bengkulu,SiCepat,pesawat,10.03,3.9509,729310,1594.0,4355828,5.9725,158.92,4.2,79.81,3476386,1,0,0,0
SHP-03449,2026-02-10,Balikpapan,Pekanbaru,Wahana,pesawat,0.72,0.4215,95570,1545.4,4230137,44.2622,2146.39,0.0,3.5790767916105173,151400,0,0,0,0
SHP-03450,2026-04-15,Banjarmasin,Balikpapan,Wahana,motor,1.93,0.9829,243841,1368.7,2284626,9.3693,709.19,0.0,4.671610491050739,106729,0,0,0,0
SHP-03451,2025-12-19,Bandung,Jakarta,SiCepat,motor,1.18,0.4826,120020,681.8,1094208,9.1169,577.78,0.0,3.0574986141312936,33455,0,1,1,0
SHP-03452,2026-06-05,Palembang,Lampung,TIKI,truk,0.97,0.4008,83260,1689.0,4275690,51.3535,1741.27,0.0,0.7747206748155311,33125,0,0,0,0
SHP-03453,2026-05-09,Banjarmasin,Depok,JNE,truk,6.21,2.0137,659632,2354.7,11349143,17.2053,379.17,2.6,74.99,8510722,1,0,1,1
SHP-03454,2026-05-24,Mataram,Tangerang,Anteraja,pesawat,2.31,0.8196,162228,1986.1,7627169,47.0151,859.8,0.0,1.3981999370004672,106643,0,0,1,1
SHP-03455,2026-06-04,Malang,Pekanbaru,Ninja Xpress,truk,6.08,2.9178,420504,1603.3,5278072,12.5518,263.69,0.0,2.9362864014567243,154979,0,1,0,1
SHP-03456,2026-02-02,Banjarmasin,Jakarta,Ninja Xpress,motor,4.24,1.2886,556170,1322.4,3676196,6.6098,311.89,0.0,4.039145415282948,148487,0,0,1,1
SHP-03457,2026-01-30,Mataram,Banjarmasin,Anteraja,truk,4.58,1.5294,416797,239.8,539892,1.2953,52.36,0.0,1.1460093346543576,6187,0,0,0,0
SHP-03458,2026-06-13,Yogyakarta,Surabaya,Anteraja,pesawat,1.52,0.9116,187746,485.3,662470,3.5285,319.27,2.6,71.04,470619,1,1,1,0
SHP-03459,2026-01-26,Samarinda,Jambi,SiCepat,pesawat,3.01,1.2491,317618,1390.5,3673514,11.5658,461.95,1.6,74.84,2749258,1,0,0,0
SHP-03460,2026-06-01,Bogor,Balikpapan,JX Express,pesawat,6.97,4.0575,991693,1418.1,5751171,5.7993,203.46,2.1,78.08,4490514,1,1,0,1
SHP-03461,2026-01-16,Bengkulu,Bogor,Anteraja,motor,2.06,0.8258,183436,2215.8,10672406,58.1805,1075.63,1.4,80.97,8641447,1,0,1,1
SHP-03462,2026-01-05,Jambi,Bekasi,Anteraja,motor,5.46,3.0451,604218,2060.1,9160472,15.1609,377.31,1.2,75.17,6885927,1,0,1,1
SHP-03463,2026-02-13,Bogor,Mataram,JX Express,motor,2.56,1.1607,248856,1415.5,4706051,18.9107,552.94,0.0,2.8724388112411066,135178,0,1,0,1
SHP-03464,2026-01-20,Padang,Lampung,TIKI,truk,5.66,2.1506,779260,1549.3,2453109,3.148,273.73,6.1,70.66,1733367,1,0,0,0
SHP-03465,2026-05-25,Balikpapan,Medan,JNE,truk,1.23,0.7035,90480,1422.7,4608704,50.9362,1156.7,3.4,66.22,3051884,1,0,0,0
SHP-03466,2026-04-12,Semarang,Surabaya,JNE,kapal_laut,2.68,1.3457,250653,794.0,1375093,5.486,296.28,0.7,76.83,1056484,1,1,1,0
SHP-03467,2026-04-29,Jakarta,Pekanbaru,TIKI,truk,6.75,2.354,967039,2090.6,6309978,6.5251,309.72,4.8,77.04,4861207,1,1,0,1
SHP-03468,2026-01-24,Pontianak,Makassar,Anteraja,kapal_laut,5.12,2.1556,754793,862.3,2210009,2.928,168.42,0.0,4.792189536007586,105908,0,0,0,0
SHP-03469,2026-03-21,Bandung,Lampung,Ninja Xpress,pesawat,2.15,0.9476,281763,2325.7,10775346,38.2426,1081.74,3.5,83.67,9015732,1,1,0,1
SHP-03470,2026-02-01,Makassar,Manado,J&T Express,truk,7.16,4.2243,803632,1682.2,5617815,6.9905,234.95,0.0,4.399565701577952,247159,0,0,0,0
SHP-03471,2026-03-19,Mataram,Ternate,J&T Express,pesawat,9.12,5.4244,1611605,633.8,1465687,0.9095,69.49,0.0,3.2890827057479015,48208,0,0,0,0
SHP-03472,2026-03-21,Tangerang,Semarang,Wahana,truk,2.58,1.4268,346592,452.2,525527,1.5163,175.29,0.0,1.5685120845976082,8243,0,1,1,0
SHP-03473,2026-05-12,Blitar,Samarinda,JX Express,kapal_laut,2.96,1.2659,334075,1204.4,4816137,14.4163,406.89,0.8,72.6,3496515,1,1,0,1
SHP-03474,2026-05-04,Blitar,Kupang,J&T Express,motor,1.76,1.0415,180425,1792.5,6840411,37.9128,1018.44,0.0,1.5602665165412133,106729,0,1,0,1
SHP-03475,2026-04-25,Manado,Pontianak,TIKI,motor,1.94,1.1294,281702,521.2,1468034,5.2113,268.67,0.7,72.6,1065793,1,0,0,0
SHP-03476,2026-04-17,Bogor,Palembang,J&T Express,truk,1.49,0.6592,146245,2160.9,9663012,66.0741,1450.25,0.0,3.740732490111558,361467,0,1,0,1
SHP-03477,2026-02-01,Samarinda,Pekanbaru,J&T Express,motor,4.02,2.0489,585318,1609.8,3529475,6.03,400.45,0.0,3.331401718668655,117581,0,0,0,0
SHP-03478,2026-02-19,Ambon,Tangerang,TIKI,truk,1.11,0.4376,141375,530.2,1918612,13.5711,477.67,0.0,0.13805109505563073,2649,0,0,1,1
SHP-03479,2026-02-05,Malang,Pekanbaru,Wahana,kapal_laut,3.43,1.7965,323753,1470.2,5776959,17.8437,428.63,0.0,1.924327393051436,111168,0,1,0,1
SHP-03480,2026-05-19,Kupang,Blitar,Anteraja,pesawat,1.99,0.8991,207602,1126.5,4463662,21.5011,566.06,0.0,0.6301963437122432,28130,0,0,1,1
SHP-03481,2026-04-11,Bogor,Yogyakarta,JX Express,kapal_laut,2.31,0.7392,295270,553.1,469030,1.5885,239.45,0.0,3.337498507672336,15654,0,1,1,0
SHP-03482,2026-03-09,Pekanbaru,Semarang,Anteraja,pesawat,2.45,1.3547,237615,1262.3,3457635,14.5514,515.24,0.0,3.365922872318927,116381,0,0,1,1
SHP-03483,2026-05-28,Bengkulu,Bekasi,J&T Express,pesawat,4.99,2.2083,719587,514.4,2082199,2.8936,103.09,0.2,72.28,1505013,1,0,1,1
SHP-03484,2025-12-30,Jakarta,Pekanbaru,JNE,motor,1.58,0.7785,175067,1189.6,3900897,22.2823,752.93,1.0,73.98,2885884,1,1,0,1
SHP-03485,2026-01-29,Bogor,Depok,TIKI,motor,5.45,1.6943,618721,345.5,527446,0.8525,63.4,0.0,2.587299758554016,13647,0,1,1,0
SHP-03486,2026-02-18,Tangerang,Blitar,J&T Express,motor,4.9,1.6757,443203,196.5,331231,0.7474,40.11,0.0,3.020707556287098,10006,0,1,1,0
SHP-03487,2026-01-08,Jakarta,Ternate,Anteraja,motor,2.11,0.7825,247146,505.2,1714538,6.9373,239.41,0.0,3.370367795609208,57786,0,1,0,1
SHP-03488,2026-01-09,Bandung,Pontianak,J&T Express,motor,1.2,0.4959,122197,2497.6,7388851,60.4667,2081.35,2.1,73.89,5459622,1,1,0,1
SHP-03489,2026-02-27,Mataram,Depok,JNE,pesawat,4.47,2.2113,572115,596.1,2182382,3.8146,133.37,1.2,69.89,1525267,1,0,1,1
SHP-03490,2026-03-12,Samarinda,Ambon,Ninja Xpress,pesawat,3.31,1.7812,536857,1738.2,4565709,8.5045,525.14,0.0,3.8443373257379267,175521,0,0,0,0
SHP-03491,2026-06-12,Semarang,Malang,Ninja Xpress,motor,2.09,1.0242,324868,507.5,721810,2.2219,242.85,0.0,2.3352605944595988,16856,0,1,1,0
SHP-03492,2026-03-27,Lampung,Depok,J&T Express,pesawat,3.7,2.1277,298979,637.7,2574694,8.6116,172.36,0.7,74.67,1922524,1,0,1,1
SHP-03493,2026-01-08,Lampung,Bandung,SiCepat,pesawat,2.47,1.2196,249327,1541.3,4637939,18.6018,624.01,0.0,3.0460833725783454,141275,0,0,1,1
SHP-03494,2026-02-17,Malang,Manado,Ninja Xpress,pesawat,0.72,0.3381,48315,1465.2,6839414,141.5588,2034.96,2.7,71.48,4888813,1,1,0,1
SHP-03495,2026-02-26,Bogor,Medan,Ninja Xpress,pesawat,1.29,0.6877,184282,1842.6,9190845,49.8738,1428.34,0.6,73.93,6794792,1,1,0,1
SHP-03496,2026-03-15,Bogor,Samarinda,Wahana,truk,0.97,0.3138,64081,949.0,4175984,65.1673,978.35,0.0,2.5791784559567574,107706,0,1,0,1
SHP-03497,2026-01-21,Ternate,Malang,Anteraja,kapal_laut,1.62,0.7345,201121,1851.8,8137914,40.4628,1143.08,0.0,2.270341861566102,184758,0,0,1,1
SHP-03498,2026-05-01,Pontianak,Lampung,TIKI,motor,3.23,1.115,376868,1197.2,2256247,5.9868,370.65,0.9,77.22,1742274,1,0,0,0
SHP-03499,2026-05-07,Surabaya,Bogor,J&T Express,motor,5.02,2.7859,702407,449.4,617520,0.8791,89.53,0.0,3.5644326260263544,22011,0,1,1,0
SHP-03500,2026-04-30,Balikpapan,Tangerang,Wahana,truk,7.44,2.9482,752556,592.8,2830860,3.7617,79.68,0.7,70.93,2007929,1,0,1,1
SHP-03501,2026-03-02,Kupang,Semarang,SiCepat,kapal_laut,6.67,2.4501,643526,2322.4,6379300,9.913,348.19,0.0,4.677394671897373,298385,0,0,1,1
SHP-03502,2026-03-06,Ambon,Blitar,SiCepat,motor,8.07,2.6965,653108,1449.6,4841972,7.4137,179.63,1.2,80.71,3907956,1,0,1,1
SHP-03503,2026-04-28,Banjarmasin,Manado,Wahana,motor,3.94,2.0872,642257,1222.2,3694809,5.7529,310.2,0.6,76.37,2821726,1,0,0,0
SHP-03504,2026-06-06,Malang,Solo,JX Express,kapal_laut,1.34,0.5686,141026,587.9,953917,6.7641,438.77,0.0,0.9413859280405312,8980,0,1,1,0
SHP-03505,2026-01-22,Kupang,Mataram,Ninja Xpress,motor,1.36,0.4798,133587,669.3,1457025,10.9069,492.1,0.0,4.940015000823225,71977,0,0,0,0
SHP-03506,2026-02-04,Balikpapan,Banjarmasin,JX Express,kapal_laut,1.98,0.8491,178474,572.4,1571159,8.8033,289.07,0.0,2.670371362328188,41956,0,0,0,0
SHP-03507,2026-01-20,Pekanbaru,Surabaya,Ninja Xpress,truk,2.87,1.2876,321619,1642.9,6432684,20.0009,572.43,0.0,4.753499705651226,305778,0,0,1,1
SHP-03508,2026-03-23,Jambi,Semarang,Anteraja,motor,2.3,0.8518,307340,1824.3,4725422,15.3752,793.17,1.3,72.13,3408447,1,0,1,1
SHP-03509,2026-02-06,Pontianak,Samarinda,JX Express,kapal_laut,2.06,0.7205,181416,1440.3,3869010,21.3267,699.17,0.0,4.813964904639246,186253,0,0,0,0
SHP-03510,2025-12-17,Palembang,Ternate,Ninja Xpress,pesawat,2.17,0.7562,207202,1310.5,2894941,13.9716,603.91,0.0,0.4211477303764455,12192,0,0,0,0
SHP-03511,2025-12-22,Pekanbaru,Tangerang,Wahana,kapal_laut,6.44,2.4926,430669,1207.3,4513222,10.4796,187.47,0.0,4.661224492077048,210371,0,0,1,1
SHP-03512,2026-03-22,Bandung,Bengkulu,SiCepat,motor,2.23,1.0418,357981,2026.7,7843165,21.9094,908.81,0.0,3.03951543528781,238394,0,1,0,1
SHP-03513,2026-02-24,Mataram,Pontianak,Anteraja,kapal_laut,2.22,0.7325,308687,467.3,795753,2.5779,210.5,6.1,72.58,577558,1,0,0,0
SHP-03514,2026-04-01,Bandung,Palembang,SiCepat,truk,1.53,0.8596,226906,1737.7,4845596,21.3551,1135.72,10.0,76.65,3714149,1,1,0,1
SHP-03515,2026-04-29,Jakarta,Bogor,JNE,pesawat,2.09,1.0215,348532,566.0,967285,2.7753,270.83,0.0,1.2732900705994354,12316,0,1,1,0
SHP-03516,2026-04-01,Solo,Ternate,JX Express,pesawat,2.79,1.0604,277965,2226.3,7154234,25.7379,797.97,7.9,73.73,5274817,1,1,0,1
SHP-03517,2026-01-30,Yogyakarta,Tangerang,JNE,truk,2.55,0.9765,227090,478.4,718462,3.1638,187.61,0.0,4.253225192433753,30558,0,1,1,0
SHP-03518,2026-03-07,Jambi,Depok,SiCepat,motor,1.85,0.5656,174899,704.2,2028859,11.6002,380.66,0.0,3.8461167508428193,78032,0,0,1,1
SHP-03519,2026-05-20,Semarang,Tangerang,SiCepat,truk,3.71,1.2926,548013,490.2,399655,0.7293,132.13,0.0,1.2341864540408665,4932,0,1,1,0
SHP-03520,2026-01-29,Ambon,Bengkulu,Ninja Xpress,truk,1.54,0.5605,99564,1273.1,2801635,28.139,826.71,2.1,75.36,2111312,1,0,0,0
SHP-03521,2026-04-14,Medan,Bandung,Anteraja,kapal_laut,2.81,1.1343,366275,896.6,2435270,6.6487,319.08,3.5,74.23,1807701,1,0,1,1
SHP-03522,2026-04-15,Blitar,Jakarta,JNE,kapal_laut,5.14,3.0085,732421,253.7,396667,0.5416,49.36,0.0,0.3357486125396325,1332,0,1,1,0
SHP-03523,2026-05-23,Surabaya,Semarang,Ninja Xpress,truk,3.65,1.7632,625966,569.3,545290,0.8711,155.96,0.0,2.1617882772347903,11788,0,1,1,0
SHP-03524,2026-01-02,Bogor,Bekasi,TIKI,truk,5.33,1.6459,643282,757.8,1130193,1.7569,142.18,0.2,77.85,879855,1,1,1,0
SHP-03525,2026-02-03,Depok,Malang,JX Express,motor,2.99,1.1716,476067,296.5,458692,0.9635,99.17,0.0,0.8438219943549885,3871,0,1,1,0
SHP-03526,2026-01-20,Samarinda,Jambi,SiCepat,kapal_laut,1.73,0.6313,192666,1360.3,4281816,22.224,786.29,0.0,3.8112409640975073,163190,0,0,0,0
SHP-03527,2025-12-22,Malang,Lampung,Anteraja,motor,2.3,0.9075,241499,1193.1,3338412,13.8237,518.72,0.0,0.0006165720255890683,21,0,1,0,1
SHP-03528,2026-04-23,Medan,Bekasi,JNE,motor,2.33,1.3488,389222,652.6,2089752,5.369,280.08,0.9,73.07,1526982,1,0,1,1
SHP-03529,2026-05-13,Jakarta,Kupang,Wahana,pesawat,1.3,0.4453,206235,1801.5,7075879,34.3098,1385.76,6.0,73.14,5175298,1,1,0,1
SHP-03530,2025-12-21,Medan,Pekanbaru,JX Express,kapal_laut,5.27,2.0515,469413,318.6,1058606,2.2552,60.46,0.0,4.732965873982764,50103,0,0,0,0
SHP-03531,2026-04-28,Depok,Bekasi,TIKI,motor,2.92,1.7033,422794,409.1,452345,1.0699,140.09,0.0,4.2775393250210945,19349,0,1,1,0
SHP-03532,2026-02-19,Medan,Pekanbaru,JX Express,kapal_laut,3.84,1.3047,489803,1483.9,4358955,8.8994,386.43,0.0,4.058918025144721,176926,0,0,0,0
SHP-03533,2026-05-14,Jakarta,Solo,JX Express,motor,1.22,0.3918,148543,120.5,161501,1.0872,98.78,4.0,29.71,47982,1,1,1,0
SHP-03534,2026-01-21,Palembang,Balikpapan,JNE,kapal_laut,3.35,1.3329,403816,1510.6,3823143,9.4675,450.93,0.5,73.47,2808863,1,0,0,0
SHP-03535,2026-03-20,Depok,Lampung,JX Express,truk,2.41,0.7308,322474,1844.8,6312127,19.5741,765.49,6.4,71.39,4506227,1,1,0,1
SHP-03536,2026-05-27,Makassar,Pontianak,JNE,pesawat,3.27,1.7795,385662,1377.5,4699150,12.1846,421.25,0.0,4.090703156931358,192228,0,0,0,0
SHP-03537,2026-03-22,Surabaya,Solo,JNE,kapal_laut,2.9,1.6034,218738,446.1,720569,3.2942,153.84,0.0,2.866401777878332,20654,0,1,1,0
SHP-03538,2026-04-19,Lampung,Mataram,J&T Express,kapal_laut,3.36,1.9681,298054,273.1,521499,1.7497,81.29,0.0,2.7672455143219574,14431,0,0,0,0
SHP-03539,2026-05-05,Blitar,Padang,Ninja Xpress,truk,0.97,0.4714,127483,2338.7,7271280,57.0373,2411.03,0.0,2.288659721673017,166415,0,1,0,1
SHP-03540,2026-03-02,Makassar,Manado,Wahana,motor,4.65,1.4057,482992,408.4,1241779,2.571,87.82,0.0,3.7898426818789788,47061,0,0,0,0
SHP-03541,2025-12-23,Depok,Semarang,Anteraja,pesawat,7.69,3.1763,706235,723.8,691385,0.979,94.12,2.3,74.09,512247,1,1,1,0
SHP-03542,2026-04-15,Mataram,Manado,Anteraja,truk,4.06,1.39,394251,326.6,626115,1.5881,80.45,0.0,2.588598812806782,16208,0,0,0,0
SHP-03543,2026-06-09,Jambi,Malang,J&T Express,pesawat,7.95,3.6961,787046,2420.2,8700690,11.0549,304.43,0.0,4.464116029255808,388409,0,0,1,1
SHP-03544,2026-01-14,Jambi,Depok,JNE,motor,4.31,2.5336,313608,978.1,4580716,14.6065,226.94,0.0,4.128908546287205,189134,0,0,1,1
SHP-03545,2025-12-21,Solo,Padang,JNE,kapal_laut,4.03,2.3595,498213,2092.4,7372260,14.7974,519.2,0.0,2.95951352317271,218183,0,1,0,1
SHP-03546,2026-02-05,Palembang,Ternate,SiCepat,pesawat,6.1,2.793,766538,1711.1,4807476,6.2717,280.51,0.0,0.6635743096666968,31901,0,0,0,0
SHP-03547,2026-05-14,Semarang,Malang,Wahana,truk,2.85,0.9204,261683,169.1,205296,0.7845,59.32,0.0,3.0048984388914595,6169,0,1,1,0
SHP-03548,2026-04-04,Lampung,Depok,SiCepat,pesawat,1.9,1.0274,182396,646.5,2907747,15.9419,340.29,0.0,3.9368636822829033,114474,0,0,1,1
SHP-03549,2026-05-20,Lampung,Palembang,JX Express,pesawat,4.27,1.5245,585489,1467.7,2496430,4.2638,343.72,0.6,75.74,1890796,1,0,0,0
SHP-03550,2026-04-12,Depok,Pontianak,Ninja Xpress,truk,6.53,2.9888,1125381,606.4,1948290,1.7312,92.86,0.6,81.13,1580648,1,1,0,1
SHP-03551,2026-02-08,Kupang,Depok,JX Express,kapal_laut,3.03,1.6222,456545,2198.2,9305355,20.3821,725.49,0.8,70.65,6574233,1,0,1,1
SHP-03552,2026-05-23,Ambon,Medan,JX Express,truk,3.24,1.4859,416272,1593.3,4023388,9.6653,491.76,0.0,2.299386820134816,92513,0,0,0,0
SHP-03553,2026-04-16,Manado,Surabaya,TIKI,kapal_laut,1.65,0.7146,176390,525.2,2387321,13.5343,318.33,0.0,1.27757338711325,30500,0,0,1,1
SHP-03554,2026-03-31,Jakarta,Jambi,JNE,kapal_laut,1.62,0.7344,203053,684.7,2977551,14.6639,422.66,0.0,0.10454685516766316,3113,0,1,0,1
SHP-03555,2026-02-27,Bekasi,Medan,Wahana,pesawat,1.75,0.7417,222619,2001.3,8809357,39.5715,1143.6,0.0,2.9537230898288014,260204,0,1,0,1
SHP-03556,2026-02-12,Pontianak,Balikpapan,TIKI,kapal_laut,1.56,0.5098,144704,543.2,1296306,8.9583,348.18,0.0,1.9509583365371486,25290,0,0,0,0
SHP-03557,2026-01-12,Jakarta,Medan,J&T Express,motor,4.13,2.1481,511966,1880.2,7870698,15.3735,455.26,3.1,71.31,5612595,1,1,0,1
SHP-03558,2026-03-12,Pontianak,Banjarmasin,SiCepat,pesawat,6.76,3.1121,863338,562.1,1158848,1.3423,83.15,0.0,0.2787627028885553,3230,0,0,0,0
SHP-03559,2026-03-02,Makassar,Yogyakarta,Anteraja,motor,4.12,2.2135,524724,892.1,4382382,8.3518,216.52,3.7,76.83,3366984,1,0,1,1
SHP-03560,2026-01-31,Jakarta,Bengkulu,Anteraja,pesawat,7.31,3.7299,760996,1748.1,4643666,6.1021,239.14,4.9,75.23,3493430,1,1,0,1
SHP-03561,2025-12-29,Medan,Blitar,Wahana,kapal_laut,1.21,0.4948,119241,1191.6,5781321,48.4843,984.83,0.0,4.6133203711616275,266711,0,0,1,1
SHP-03562,2025-12-22,Bandung,Ternate,Anteraja,motor,2.33,1.277,380734,1135.3,5566784,14.6212,487.24,7.1,73.78,4107173,1,1,0,1
SHP-03563,2025-12-20,Palembang,Depok,JX Express,motor,2.74,1.1988,284844,666.3,1863726,6.543,243.17,2.0,70.87,1320823,1,0,1,1
SHP-03564,2026-02-17,Bengkulu,Jakarta,Ninja Xpress,kapal_laut,5.66,2.5309,557012,2396.4,8443019,15.1577,423.39,6.2,74.74,6310312,1,0,1,1
SHP-03565,2025-12-20,Palembang,Surabaya,Ninja Xpress,truk,1.22,0.6581,120910,594.3,2252139,18.6266,487.16,1.7,75.8,1707121,1,0,1,1
SHP-03566,2025-12-20,Jambi,Pontianak,TIKI,truk,4.53,2.6551,439001,1264.7,3151607,7.179,279.18,0.4,78.31,2468023,1,0,0,0
SHP-03567,2026-02-27,Lampung,Jakarta,J&T Express,kapal_laut,1.5,0.7044,148385,1061.1,2778692,18.7262,707.42,0.0,4.066189038566771,112987,0,0,1,1
SHP-03568,2026-01-12,Bogor,Manado,Anteraja,truk,1.68,0.9453,211491,796.1,2690749,12.7228,473.88,0.0,0.1863790554021838,5015,0,1,0,1
SHP-03569,2026-04-26,Bandung,Pekanbaru,Ninja Xpress,truk,5.23,1.9946,519723,636.0,2535859,4.8793,121.61,0.0,0.5570982961481974,14127,0,1,0,1
SHP-03570,2026-02-13,Samarinda,Pontianak,JX Express,pesawat,3.21,1.3293,434234,863.5,2008427,4.6252,268.99,9.2,76.4,1534438,1,0,0,0
SHP-03571,2026-03-15,Kupang,Surabaya,Wahana,motor,1.88,0.9677,269786,2366.7,10582804,39.2267,1258.9,0.0,3.113915812196924,329540,0,0,1,1
SHP-03572,2026-01-29,Mataram,Tangerang,Wahana,truk,3.81,1.9318,448069,2089.8,9154811,20.4317,548.52,0.0,1.8080787374888518,165526,0,0,1,1
SHP-03573,2026-01-28,Ternate,Banjarmasin,Ninja Xpress,pesawat,1.31,0.4973,185810,1069.6,3641775,19.5995,816.46,0.0,4.373984959768558,159291,0,0,0,0
SHP-03574,2026-04-04,Manado,Bengkulu,JX Express,motor,3.13,1.2845,213767,1118.4,3735672,17.4754,357.31,1.9,74.12,2768880,1,0,0,0
SHP-03575,2026-03-07,Ambon,Lampung,J&T Express,pesawat,4.79,2.8523,651144,1422.8,2348122,3.6061,297.04,0.0,0.08325328279133737,1955,0,0,0,0
SHP-03576,2026-06-02,Solo,Bekasi,Wahana,motor,3.81,1.5519,486138,211.7,309828,0.6373,55.58,0.0,1.1361735400781785,3520,0,1,1,0
SHP-03577,2026-06-04,Pontianak,Bengkulu,JNE,kapal_laut,1.23,0.4833,134693,1644.6,5638421,41.8613,1337.09,0.2,70.65,3983544,1,0,0,0
SHP-03578,2026-06-14,Mataram,Pekanbaru,Ninja Xpress,pesawat,6.48,2.7577,873437,1264.5,2041466,2.3373,195.14,0.0,2.831375857143064,57802,0,0,0,0
SHP-03579,2026-05-04,Padang,Pekanbaru,J&T Express,pesawat,2.5,1.099,281083,348.3,550022,1.9568,139.31,0.0,1.7554851026821117,9656,0,0,0,0
SHP-03580,2026-06-08,Depok,Banjarmasin,JX Express,kapal_laut,5.33,1.8268,423910,2330.7,9266367,21.8593,437.27,0.0,1.8681044140199232,173105,0,1,0,1
SHP-03581,2026-03-11,Ternate,Bandung,Anteraja,pesawat,2.1,1.1664,269977,976.5,4748393,17.5881,464.99,1.8,72.56,3445434,1,0,1,1
SHP-03582,2026-04-17,Palembang,Yogyakarta,SiCepat,truk,1.6,0.7395,185432,924.2,3929180,21.1893,577.64,1.8,71.0,2789718,1,0,1,1
SHP-03583,2026-02-15,Jambi,Banjarmasin,JX Express,truk,1.12,0.4088,138336,1768.6,3336640,24.1198,1579.11,0.0,1.1371308061499574,37942,0,0,0,0
SHP-03584,2026-04-03,Kupang,Banjarmasin,Ninja Xpress,motor,2.93,1.1172,379780,720.3,2277234,5.9962,245.84,10.3,76.38,1739351,1,0,0,0
SHP-03585,2026-03-30,Yogyakarta,Palembang,JNE,motor,2.67,1.3085,313979,1559.3,6536423,20.818,584.01,0.0,1.8585813192455976,121485,0,1,0,1
SHP-03586,2026-03-18,Bogor,Surabaya,SiCepat,pesawat,1.27,0.4821,116037,539.4,792048,6.8258,424.71,0.0,0.45600512618244216,3612,0,1,1,0
SHP-03587,2026-02-22,Yogyakarta,Solo,Wahana,kapal_laut,2.47,1.087,244251,795.4,690375,2.8265,322.02,7.0,77.65,536076,1,1,1,0
SHP-03588,2026-04-30,Bekasi,Makassar,JX Express,kapal_laut,3.87,1.2508,406714,634.6,2438370,5.9953,163.99,0.0,4.9894336983387975,121661,0,1,0,1
SHP-03589,2026-06-12,Banjarmasin,Mataram,JX Express,truk,9.57,4.3223,1036298,1268.2,3887617,3.7514,132.52,0.0,0.8735848200185931,33962,0,0,0,0
SHP-03590,2026-03-25,Depok,Bengkulu,JNE,pesawat,1.17,0.4926,78196,918.5,4068033,52.0235,785.03,2.3,67.35,2739820,1,1,0,1
SHP-03591,2026-02-24,Samarinda,Semarang,Ninja Xpress,kapal_laut,10.45,3.8668,1311253,1503.6,6923161,5.2798,143.89,0.0,2.6582329999183636,184034,0,0,1,1
SHP-03592,2026-02-28,Bengkulu,Pontianak,JX Express,pesawat,0.63,0.3417,64685,222.5,674801,10.4321,353.21,0.0,1.184636675345994,7994,0,0,0,0
SHP-03593,2025-12-20,Makassar,Bandung,J&T Express,pesawat,1.09,0.3872,126527,1025.9,3554429,28.0923,941.22,0.0,1.6742414666032823,59510,0,0,1,1
SHP-03594,2026-02-16,Bengkulu,Balikpapan,Ninja Xpress,motor,19.15,11.3067,1597445,807.0,1595459,0.9988,42.14,5.1,74.97,1196116,1,0,0,0
SHP-03595,2026-02-21,Lampung,Semarang,J&T Express,kapal_laut,4.11,1.3068,305523,1537.7,3966735,12.9834,374.13,0.0,2.6678714250778954,105827,0,0,1,1
SHP-03596,2026-05-29,Bengkulu,Depok,Ninja Xpress,pesawat,2.7,1.045,266909,860.9,4053856,15.1882,318.87,0.4,80.26,3253625,1,0,1,1
SHP-03597,2026-02-02,Manado,Ternate,TIKI,motor,1.65,0.9863,173303,1140.2,3172330,18.3051,691.03,0.0,1.9502125904121588,61867,0,0,0,0
SHP-03598,2026-04-09,Ambon,Samarinda,Wahana,kapal_laut,2.8,1.0692,227370,371.2,1037863,4.5646,132.59,0.0,3.1256456726653727,32440,0,0,0,0
SHP-03599,2026-05-08,Bekasi,Medan,Anteraja,pesawat,5.39,2.2308,560645,1093.8,4168755,7.4356,202.94,0.0,4.081884414578702,170164,0,1,0,1
SHP-03600,2026-04-13,Mataram,Palembang,Anteraja,motor,4.21,2.3943,641466,999.5,3470239,5.4099,237.42,1.1,80.08,2778967,1,0,0,0
SHP-03601,2026-05-25,Surabaya,Yogyakarta,Anteraja,kapal_laut,3.67,2.1435,432603,564.1,917921,2.1219,153.71,0.0,0.46024097820498155,4225,0,1,1,0
SHP-03602,2026-03-07,Yogyakarta,Bandung,SiCepat,truk,2.5,0.8539,291806,207.7,271956,0.932,83.06,1.0,43.25,117621,1,1,1,0
SHP-03603,2026-05-05,Bengkulu,Depok,SiCepat,kapal_laut,2.96,1.3652,424063,1243.6,5019358,11.8363,420.13,0.0,1.0282102292740858,51610,0,0,1,1
SHP-03604,2026-04-06,Balikpapan,Palembang,JNE,motor,0.99,0.4349,110521,881.8,3007336,27.2105,890.76,0.0,1.5478844725419498,46550,0,0,0,0
SHP-03605,2026-01-28,Jambi,Blitar,J&T Express,truk,3.44,1.3973,326410,1369.3,6468102,19.8159,398.06,4.1,76.48,4946804,1,0,1,1
SHP-03606,2026-05-07,Solo,Surabaya,JX Express,pesawat,5.91,2.8594,547024,204.5,350051,0.6399,34.61,0.0,4.3963087752435115,15389,0,1,1,0
SHP-03607,2026-01-07,Bogor,Pontianak,TIKI,kapal_laut,3.19,1.0791,384647,541.5,1912168,4.9712,169.74,0.0,2.2863387129537305,43719,0,1,0,1
SHP-03608,2026-05-17,Lampung,Bengkulu,SiCepat,pesawat,1.24,0.4998,207086,721.4,1951393,9.4231,581.78,0.0,0.515517675524868,10060,0,0,0,0
SHP-03609,2026-04-04,Bogor,Ternate,JX Express,motor,1.2,0.407,129156,1134.6,4893490,37.8882,945.49,0.0,1.1541646559495904,56479,0,1,0,1
SHP-03610,2026-04-27,Palembang,Pontianak,Anteraja,pesawat,3.15,1.708,303673,1571.0,4099715,13.5004,498.74,3.7,72.35,2966144,1,0,0,0
SHP-03611,2026-02-02,Bengkulu,Solo,Wahana,pesawat,4.26,1.775,454134,846.0,3277765,7.2176,198.59,0.0,0.8118636507297833,26611,0,0,1,1
SHP-03612,2025-12-22,Ambon,Manado,JNE,motor,4.12,2.4279,372147,1518.9,4036724,10.8471,368.67,0.0,3.640741509718433,146967,0,0,0,0
SHP-03613,2026-02-04,Jambi,Semarang,JX Express,pesawat,1.28,0.6571,104835,1662.3,7431350,70.8862,1298.67,6.6,73.34,5450152,1,0,1,1
SHP-03614,2026-01-30,Banjarmasin,Jakarta,JNE,truk,2.54,0.8891,251912,1937.0,6699531,26.5947,762.6,0.0,2.645685358764505,177249,0,0,1,1
SHP-03615,2026-01-21,Jakarta,Bekasi,JX Express,motor,1.35,0.7435,82679,402.6,538121,6.5086,298.24,1.9,56.25,302693,1,1,1,0
SHP-03616,2026-02-16,Pekanbaru,Balikpapan,J&T Express,truk,5.02,1.5722,482509,1377.9,3485930,7.2246,274.49,0.0,2.5132934885124296,87612,0,0,0,0
SHP-03617,2026-04-24,Lampung,Palembang,JNE,kapal_laut,1.91,0.6424,186162,757.4,1369000,7.3538,396.55,6.1,68.33,935438,1,0,0,0
SHP-03618,2026-03-26,Yogyakarta,Balikpapan,Wahana,truk,1.11,0.4247,122641,1354.9,6143401,50.0926,1220.66,0.0,3.1785488032988845,195271,0,1,0,1
SHP-03619,2026-05-03,Palembang,Kupang,Anteraja,motor,3.19,1.3365,435257,1338.6,3110302,7.1459,419.64,0.0,0.6005322291721771,18678,0,0,0,0
SHP-03620,2026-04-29,Lampung,Pontianak,Anteraja,truk,5.73,2.488,646024,227.6,557452,0.8629,39.72,0.0,0.8914599638610066,4969,0,0,0,0
SHP-03621,2026-05-15,Yogyakarta,Depok,TIKI,kapal_laut,2.74,1.5647,268685,797.4,1212530,4.5128,291.01,0.1,73.19,887451,1,1,1,0
SHP-03622,2026-05-14,Banjarmasin,Medan,Ninja Xpress,motor,3.22,1.753,308052,280.7,431779,1.4016,87.19,0.0,0.4314311166275725,1863,0,0,0,0
SHP-03623,2026-04-02,Pontianak,Kupang,JX Express,kapal_laut,3.67,1.7708,294290,1727.3,5897300,20.0391,470.66,0.0,2.8894889386460902,170402,0,0,0,0
SHP-03624,2026-03-20,Bandung,Yogyakarta,JX Express,motor,1.6,0.8157,219953,85.9,70325,0.3197,53.68,0.0,2.491381085378074,1752,0,1,1,0
SHP-03625,2026-06-10,Makassar,Depok,J&T Express,kapal_laut,1.07,0.3646,73271,1984.0,6353090,86.7067,1854.2,2.3,71.29,4529118,1,0,1,1
SHP-03626,2026-03-03,Semarang,Bengkulu,TIKI,truk,1.98,1.1809,305483,1598.3,5229312,17.1182,807.23,0.0,0.8041978236697223,42054,0,1,0,1
SHP-03627,2026-02-26,Balikpapan,Tangerang,Ninja Xpress,motor,1.24,0.6733,177058,957.1,4475376,25.2763,771.84,0.0,0.33388219949689935,14942,0,0,1,1
SHP-03628,2025-12-31,Bogor,Malang,JX Express,truk,1.41,0.7725,130303,483.2,424742,3.2596,342.7,0.5,64.26,272939,1,1,1,0
SHP-03629,2026-01-08,Jambi,Banjarmasin,Wahana,pesawat,2.07,1.0727,270684,200.4,579297,2.1401,96.82,0.0,2.52717384821385,14640,0,0,0,0
SHP-03630,2026-02-11,Ambon,Medan,JNE,pesawat,1.25,0.4126,208807,499.0,1324532,6.3433,399.19,0.0,3.530718200557013,46765,0,0,0,0
SHP-03631,2026-05-11,Depok,Pontianak,JX Express,pesawat,1.55,0.5754,167441,2477.3,10473094,62.548,1598.24,9.5,72.58,7601372,1,1,0,1
SHP-03632,2026-03-09,Pontianak,Jambi,JX Express,truk,3.08,1.5332,295417,891.2,1782929,6.0353,289.34,1.0,75.62,1348251,1,0,0,0
SHP-03633,2026-01-24,Tangerang,Bengkulu,SiCepat,kapal_laut,3.28,1.7454,324059,521.7,2347280,7.2434,159.05,0.2,75.89,1781351,1,1,0,1
SHP-03634,2026-05-24,Samarinda,Makassar,Ninja Xpress,motor,2.1,0.691,212670,1028.4,3276013,15.4042,489.7,2.4,79.04,2589361,1,0,0,0
SHP-03635,2026-04-27,Kupang,Pekanbaru,SiCepat,motor,3.96,1.7259,718980,1009.7,1938070,2.6956,254.98,2.6,79.18,1534564,1,0,0,0
SHP-03636,2026-04-19,Yogyakarta,Pontianak,J&T Express,truk,2.4,1.367,301754,738.4,2263061,7.4997,307.67,0.2,80.16,1814070,1,1,0,1
SHP-03637,2026-06-11,Palembang,Surabaya,Wahana,pesawat,1.4,0.5299,169199,1503.9,6161781,36.4174,1074.24,4.7,67.81,4178304,1,0,1,1
SHP-03638,2026-01-01,Kupang,Ambon,J&T Express,kapal_laut,3.78,1.2672,548303,608.4,922405,1.6823,160.96,5.2,73.47,677691,1,0,0,0
SHP-03639,2026-02-27,Padang,Solo,J&T Express,pesawat,4.36,2.2583,294361,2035.7,9868355,33.5247,466.91,0.9,75.48,7448634,1,0,1,1
SHP-03640,2026-04-25,Bekasi,Depok,JX Express,truk,3.76,2.1228,396427,717.1,841395,2.1224,190.72,0.0,2.726684091402257,22942,0,1,1,0
SHP-03641,2026-04-28,Malang,Medan,Ninja Xpress,motor,0.55,0.3185,71944,1083.0,3956710,54.9971,1969.09,0.0,0.5935003460666988,23483,0,1,0,1
SHP-03642,2026-03-10,Lampung,Bengkulu,JNE,kapal_laut,1.65,0.56,198194,394.1,961595,4.8518,238.83,0.0,3.8940178819242934,37445,0,0,0,0
SHP-03643,2026-02-19,Manado,Kupang,J&T Express,kapal_laut,2.42,1.1739,243055,1118.5,2945088,12.117,462.19,3.8,75.58,2225898,1,0,0,0
SHP-03644,2026-01-12,Bengkulu,Jakarta,JX Express,motor,0.46,0.2472,75956,1242.3,4960379,65.306,2700.68,0.0,4.767489705970648,236486,0,0,1,1
SHP-03645,2026-04-26,Makassar,Banjarmasin,JX Express,motor,1.24,0.6717,103614,939.8,1473581,14.2218,757.9,0.0,2.6223904316539888,38643,0,0,0,0
SHP-03646,2026-03-20,Jambi,Balikpapan,TIKI,motor,3.3,1.7546,532111,1350.2,3197366,6.0088,409.16,0.0,2.021692015823808,64641,0,0,0,0
SHP-03647,2026-04-22,Makassar,Bandung,Wahana,kapal_laut,4.16,2.4204,385064,1987.8,8722643,22.6524,477.83,10.8,80.95,7060980,1,0,1,1
SHP-03648,2026-05-05,Yogyakarta,Surabaya,TIKI,kapal_laut,7.84,3.7251,1070708,715.4,1275741,1.1915,91.26,0.0,3.878646294630536,49481,0,1,1,0
SHP-03649,2026-05-28,Padang,Bengkulu,Ninja Xpress,pesawat,3.0,1.0962,355349,997.1,2858946,8.0455,332.36,0.0,3.6595919945132516,104626,0,0,0,0
SHP-03650,2026-02-18,Ambon,Lampung,JNE,motor,0.89,0.4403,80614,1436.7,2998660,37.1978,1614.26,5.3,64.83,1944031,1,0,0,0
SHP-03651,2026-04-24,Jakarta,Jambi,Anteraja,motor,2.96,1.2786,347386,1556.9,5122843,14.7468,525.97,0.0,1.1980410388149088,61374,0,1,0,1
SHP-03652,2026-04-12,Palembang,Bogor,JNE,pesawat,5.53,2.9404,658226,521.7,2095630,3.1838,94.33,3.3,66.2,1387307,1,0,1,1
SHP-03653,2026-03-21,Yogyakarta,Mataram,J&T Express,pesawat,5.69,2.4731,585712,653.2,2392666,4.0851,114.81,0.0,0.03628813727808933,868,0,1,0,1
SHP-03654,2025-12-31,Lampung,Pekanbaru,SiCepat,truk,2.92,1.3278,451071,1763.7,3174130,7.0369,604.01,0.3,77.84,2470743,1,0,0,0
SHP-03655,2026-04-10,Medan,Bandung,Ninja Xpress,truk,1.89,0.6288,206106,975.8,2658925,12.9008,516.32,0.0,4.495638523501894,119536,0,0,1,1
SHP-03656,2026-03-29,Surabaya,Tangerang,JX Express,pesawat,2.44,1.3224,192166,204.8,365514,1.9021,83.95,0.0,0.3749713828798351,1371,0,1,1,0
SHP-03657,2026-06-01,Balikpapan,Pekanbaru,J&T Express,pesawat,3.93,1.2067,302070,1020.0,2988712,9.8941,259.55,0.0,1.6638695828272465,49728,0,0,0,0
SHP-03658,2026-03-06,Makassar,Bekasi,Anteraja,kapal_laut,0.5,0.1976,46384,1633.3,5770593,124.4091,3266.63,0.9,62.53,3608352,1,0,1,1
SHP-03659,2026-02-24,Jambi,Palembang,JX Express,motor,2.88,1.5744,201168,1474.8,2653783,13.1919,512.09,0.0,1.3773193786873417,36551,0,0,0,0
SHP-03660,2026-04-22,Tangerang,Samarinda,J&T Express,pesawat,3.74,1.3423,451420,2166.9,6919510,15.3283,579.4,0.0,1.8930869526500276,130992,0,1,0,1
SHP-03661,2026-02-25,Pekanbaru,Yogyakarta,Anteraja,motor,1.59,0.5745,172332,569.1,2302247,13.3594,357.91,0.0,4.32812128860402,99644,0,0,1,1
SHP-03662,2026-01-10,Samarinda,Kupang,Anteraja,kapal_laut,5.76,2.5437,502338,356.8,1106725,2.2031,61.95,0.0,1.811861248638461,20052,0,0,0,0
SHP-03663,2026-01-24,Semarang,Medan,TIKI,kapal_laut,3.88,1.3402,478399,1282.1,4223870,8.8292,330.43,0.0,0.6704774450952472,28320,0,1,0,1
SHP-03664,2026-06-08,Palembang,Bogor,Wahana,truk,4.99,1.9357,458671,1521.7,6634672,14.465,304.96,0.0,0.012998986385798217,862,0,0,1,1
SHP-03665,2026-01-19,Palembang,Solo,TIKI,truk,3.46,2.0685,368137,731.9,2733322,7.4247,211.52,1.8,71.04,1941752,1,0,1,1
SHP-03666,2026-01-26,Palembang,Jakarta,Wahana,truk,4.85,1.8172,378225,2311.5,7207488,19.0561,476.6,0.0,3.5592433346208283,256532,0,0,1,1
SHP-03667,2026-05-22,Mataram,Makassar,SiCepat,pesawat,5.48,2.8256,915579,1119.2,1910573,2.0867,204.24,0.0,3.3256374484460123,63539,0,0,0,0
SHP-03668,2026-04-26,Samarinda,Ambon,JX Express,kapal_laut,3.26,1.1474,297767,656.7,1703990,5.7226,201.44,0.0,0.4837818220323781,8244,0,0,0,0
SHP-03669,2026-05-09,Medan,Yogyakarta,Wahana,truk,1.78,0.8771,248861,2497.2,10361854,41.6371,1402.93,0.0,4.3907455068338175,454963,0,0,1,1
SHP-03670,2026-03-19,Lampung,Solo,TIKI,kapal_laut,5.64,3.1405,684394,1612.4,4897094,7.1554,285.89,0.0,0.3929867281973748,19245,0,0,1,1
SHP-03671,2026-03-18,Tangerang,Semarang,Anteraja,pesawat,3.26,1.5756,317441,572.4,711425,2.2411,175.6,1.0,70.71,503049,1,1,1,0
SHP-03672,2026-04-16,Makassar,Padang,Anteraja,truk,2.53,1.3325,252236,1211.3,2466402,9.7782,478.77,0.0,3.3137884936334143,81731,0,0,0,0
SHP-03673,2026-01-26,Tangerang,Balikpapan,Ninja Xpress,truk,3.63,1.4367,300485,1894.7,6866354,22.8509,521.97,5.0,78.49,5389401,1,1,0,1
SHP-03674,2026-02-20,Ternate,Semarang,Ninja Xpress,motor,1.28,0.4523,121391,1911.8,9266959,76.3398,1493.62,1.1,75.49,6995627,1,0,1,1
SHP-03675,2025-12-21,Makassar,Semarang,Anteraja,pesawat,3.3,1.2689,411923,1359.3,4582525,11.1247,411.91,0.0,4.357502302394042,199684,0,0,1,1
SHP-03676,2026-06-13,Bengkulu,Blitar,JNE,pesawat,5.33,2.7633,774045,594.1,1746159,2.2559,111.47,0.0,3.2068405487473353,55997,0,0,1,1
SHP-03677,2026-02-09,Pekanbaru,Pontianak,SiCepat,kapal_laut,1.89,0.6322,279599,638.0,1140975,4.0808,337.56,0.0,3.3936806119689793,38721,0,0,0,0
SHP-03678,2026-05-03,Padang,Surabaya,TIKI,truk,4.77,2.5451,513490,1660.4,4846422,9.4382,348.09,0.0,3.362830017270662,162977,0,0,1,1
SHP-03679,2026-04-11,Solo,Banjarmasin,SiCepat,pesawat,6.76,3.6294,1156725,995.3,4450896,3.8478,147.23,0.0,3.6959760512210025,164504,0,1,0,1
SHP-03680,2026-03-18,Malang,Solo,JX Express,truk,1.9,1.0577,232446,59.4,76117,0.3275,31.27,0.0,2.45359469599281,1868,0,1,1,0
SHP-03681,2026-05-16,Bandung,Kupang,JX Express,pesawat,1.67,0.7546,246584,1671.1,7611032,30.8659,1000.64,3.4,73.01,5556814,1,1,0,1
SHP-03682,2026-01-18,Bogor,Surabaya,SiCepat,kapal_laut,4.08,2.3457,428642,479.4,682283,1.5917,117.5,0.0,3.448108370965514,23526,0,1,1,0
SHP-03683,2025-12-27,Tangerang,Semarang,J&T Express,motor,5.12,1.9902,837651,236.1,218569,0.2609,46.11,0.0,3.3657910973484646,7357,0,1,1,0
SHP-03684,2025-12-20,Samarinda,Jakarta,J&T Express,kapal_laut,1.92,0.8675,183890,2020.1,8578801,46.6518,1052.16,0.0,4.656265962314285,399452,0,0,1,1
SHP-03685,2025-12-24,Makassar,Manado,JX Express,motor,1.59,0.9252,162373,1516.3,4766565,29.3557,953.63,0.0,4.486665514847853,213860,0,0,0,0
SHP-03686,2026-01-01,Pekanbaru,Kupang,Ninja Xpress,motor,1.07,0.462,150428,271.1,940819,6.2543,253.41,0.0,0.41730730763495316,3926,0,0,0,0
SHP-03687,2026-01-04,Lampung,Balikpapan,JNE,kapal_laut,2.52,1.372,387705,383.0,1289678,3.3264,152.0,0.9,61.9,798311,1,0,0,0
SHP-03688,2026-03-29,Surabaya,Bogor,Ninja Xpress,motor,1.91,0.6362,207916,215.9,273434,1.3151,113.06,0.0,0.3214996808338727,879,0,1,1,0
SHP-03689,2026-03-23,Yogyakarta,Mataram,J&T Express,truk,9.65,5.0948,1075477,1013.6,4331710,4.0277,105.03,0.5,78.1,3383066,1,1,0,1
SHP-03690,2026-06-09,Bengkulu,Padang,Ninja Xpress,truk,2.9,1.4391,327170,645.8,1082535,3.3088,222.67,0.0,4.506362388426844,48783,0,0,0,0
SHP-03691,2026-03-18,Samarinda,Balikpapan,JNE,truk,3.23,1.0824,350070,596.8,1091747,3.1187,184.78,0.9,70.08,765096,1,0,0,0
SHP-03692,2026-02-19,Samarinda,Tangerang,Ninja Xpress,truk,4.64,2.3056,429860,1501.2,6244578,14.527,323.53,0.0,0.32529417391306714,20313,0,0,1,1
SHP-03693,2026-01-13,Pekanbaru,Semarang,Ninja Xpress,pesawat,5.69,2.6596,951375,2296.5,7289628,7.6622,403.59,0.0,1.2828304072409247,93514,0,0,1,1
SHP-03694,2026-05-02,Malang,Jakarta,Anteraja,pesawat,2.4,1.1541,251889,778.6,1319862,5.2399,324.42,1.9,80.59,1063677,1,1,1,0
SHP-03695,2026-02-02,Medan,Ternate,JX Express,pesawat,6.07,2.6349,505511,1119.4,1739768,3.4416,184.42,0.0,1.3904457546986426,24191,0,0,0,0
SHP-03696,2026-06-08,Semarang,Bandung,JX Express,motor,1.17,0.506,94377,653.4,1171370,12.4116,558.44,0.0,4.148265899675773,48592,0,1,1,0
SHP-03697,2026-02-23,Manado,Medan,Ninja Xpress,kapal_laut,4.15,1.5831,600616,513.1,962828,1.6031,123.64,0.0,4.338563674771667,41773,0,0,0,0
SHP-03698,2026-01-05,Medan,Balikpapan,Ninja Xpress,pesawat,1.88,0.8517,295878,856.5,2224045,7.5168,455.59,0.0,0.03612739849691515,803,0,0,0,0
SHP-03699,2026-03-21,Ternate,Jambi,JX Express,kapal_laut,2.72,0.9938,362593,393.1,1170231,3.2274,144.51,10.0,57.96,678266,1,0,0,0
SHP-03700,2026-02-06,Pontianak,Manado,J&T Express,truk,5.11,2.4865,514656,941.4,1597527,3.1041,184.22,0.3,71.29,1138877,1,0,0,0
SHP-03701,2026-03-01,Mataram,Tangerang,Anteraja,kapal_laut,1.9,1.0164,183559,1007.9,4178975,22.7664,530.48,11.6,76.43,3193991,1,0,1,1
SHP-03702,2026-01-19,Depok,Banjarmasin,J&T Express,kapal_laut,2.37,0.9599,309271,1636.4,8092681,26.167,690.45,2.7,71.64,5797597,1,1,0,1
SHP-03703,2026-03-11,Mataram,Kupang,JNE,truk,1.36,0.6477,97777,1231.8,2614520,26.7396,905.73,0.0,0.8498113471703805,22218,0,0,0,0
SHP-03704,2025-12-24,Yogyakarta,Ambon,J&T Express,motor,2.12,1.1608,276690,2124.9,6465359,23.3668,1002.29,0.0,4.424200311070725,286040,0,1,0,1
SHP-03705,2026-02-11,Bandung,Makassar,JX Express,motor,4.88,2.4911,738516,863.5,4246908,5.7506,176.94,5.5,77.32,3283709,1,1,0,1
SHP-03706,2026-02-23,Padang,Banjarmasin,JNE,motor,5.83,2.7239,395686,790.0,1277305,3.2281,135.51,0.0,2.753314049310392,35168,0,0,0,0
SHP-03707,2026-01-10,Blitar,Depok,JNE,motor,3.87,1.2805,273565,139.8,220419,0.8057,36.13,0.0,1.031586000939631,2274,0,1,1,0
SHP-03708,2026-04-27,Jambi,Blitar,Ninja Xpress,kapal_laut,2.69,1.1681,341539,1509.9,6937361,20.3121,561.29,4.7,77.86,5401429,1,0,1,1
SHP-03709,2026-04-05,Depok,Jambi,Anteraja,kapal_laut,3.21,1.5852,485856,2314.2,6083657,12.5215,720.94,7.5,73.23,4455062,1,1,0,1
SHP-03710,2026-03-24,Ambon,Mataram,JX Express,motor,2.7,1.4345,324806,571.9,1727394,5.3182,211.82,1.0,73.6,1271362,1,0,0,0
SHP-03711,2026-01-15,Mataram,Palembang,SiCepat,motor,1.77,0.9434,218824,1557.6,3077137,14.0622,880.03,0.5,74.26,2285082,1,0,0,0
SHP-03712,2026-02-03,Palembang,Tangerang,Ninja Xpress,motor,4.55,1.63,632078,915.0,2590716,4.0987,201.1,4.3,79.1,2049256,1,0,1,1
SHP-03713,2026-05-11,Bandung,Makassar,JNE,truk,3.29,1.0696,525961,2157.5,7207268,13.703,655.78,5.0,75.1,5412658,1,1,0,1
SHP-03714,2026-01-14,Ternate,Samarinda,Ninja Xpress,truk,1.45,0.5178,168376,224.3,628807,3.7345,154.72,0.0,3.566701638414973,22428,0,0,0,0
SHP-03715,2026-05-19,Kupang,Bekasi,Anteraja,pesawat,9.35,5.3169,1546173,2010.4,6919942,4.4755,215.02,1.6,79.33,5489590,1,0,1,1
SHP-03716,2026-05-01,Banjarmasin,Semarang,SiCepat,truk,4.37,1.6629,695451,1181.6,3971582,5.7108,270.38,0.0,3.0933726102530024,122856,0,0,1,1
SHP-03717,2026-05-24,Malang,Jakarta,JNE,kapal_laut,2.75,1.1427,219113,597.6,917966,4.1895,217.33,0.0,3.468950068786535,31844,0,1,1,0
SHP-03718,2026-02-14,Ternate,Pekanbaru,Wahana,kapal_laut,3.7,2.0475,658886,1689.8,4489606,6.8139,456.71,0.0,2.1083639492036177,94657,0,0,0,0
SHP-03719,2026-05-16,Palembang,Jambi,Anteraja,kapal_laut,3.78,2.0107,501962,1309.4,4579981,9.1242,346.41,0.2,77.13,3532539,1,0,0,0
SHP-03720,2026-02-14,Jakarta,Bengkulu,Anteraja,motor,2.23,0.9279,289006,1920.1,5227303,18.0872,861.05,5.5,74.58,3898523,1,1,0,1
SHP-03721,2026-01-30,Bengkulu,Jambi,SiCepat,kapal_laut,2.6,1.1929,445592,1380.5,2093302,4.6978,530.97,0.7,75.3,1576256,1,0,0,0
SHP-03722,2026-05-03,Manado,Mataram,JNE,motor,4.83,2.633,572928,957.0,2198985,3.8382,198.13,2.5,77.84,1711690,1,0,0,0
SHP-03723,2026-05-29,Manado,Padang,J&T Express,pesawat,2.16,0.7557,238630,1294.0,2611673,10.9444,599.06,3.6,80.71,2107881,1,0,0,0
SHP-03724,2026-04-01,Surabaya,Medan,JNE,pesawat,4.24,2.1379,298062,826.7,3395525,11.392,194.98,0.9,74.14,2517442,1,1,0,1
SHP-03725,2026-03-12,Tangerang,Makassar,Anteraja,pesawat,3.39,1.4188,511498,1120.8,5521629,10.795,330.61,0.9,72.18,3985512,1,1,0,1
SHP-03726,2026-04-03,Makassar,Yogyakarta,J&T Express,pesawat,0.78,0.3462,87291,670.6,2069429,23.7072,859.79,0.0,2.2033699752099905,45597,0,0,1,1
SHP-03727,2026-04-22,Bengkulu,Medan,J&T Express,kapal_laut,1.43,0.5674,189560,1220.0,2189316,11.5495,853.12,2.5,68.76,1505374,1,0,0,0
SHP-03728,2026-04-21,Makassar,Solo,JNE,motor,5.16,2.8804,622314,2425.1,8856762,14.232,469.98,5.8,74.51,6599173,1,0,1,1
SHP-03729,2026-04-27,Tangerang,Medan,JX Express,kapal_laut,1.24,0.7323,188342,2133.5,5798828,30.7888,1720.54,0.0,3.202827631763932,185726,0,1,0,1
SHP-03730,2026-02-17,Manado,Solo,J&T Express,kapal_laut,3.0,1.7454,285796,1282.4,3587446,12.5525,427.47,0.3,75.15,2695966,1,0,1,1
SHP-03731,2026-05-14,Pontianak,Depok,JX Express,motor,1.55,0.9013,258347,1849.8,8673597,33.5734,1193.44,0.8,71.91,6237184,1,0,1,1
SHP-03732,2026-03-08,Kupang,Bekasi,Anteraja,pesawat,1.76,0.7133,277374,1685.5,6120158,22.0646,957.69,0.1,72.49,4436503,1,0,1,1
SHP-03733,2025-12-31,Balikpapan,Malang,TIKI,pesawat,2.32,1.2526,218757,779.6,3717705,16.9947,336.03,0.0,3.998838570760035,148665,0,0,1,1
SHP-03734,2026-06-04,Pontianak,Bekasi,J&T Express,kapal_laut,1.67,0.7617,154921,1631.8,4699499,30.3348,977.1,0.0,0.7576889437530782,35608,0,0,1,1
SHP-03735,2025-12-18,Solo,Lampung,Anteraja,truk,5.23,3.0056,462012,2097.4,9529810,20.6268,401.04,0.0,2.6524887308970895,252777,0,1,0,1
SHP-03736,2025-12-20,Manado,Solo,SiCepat,motor,4.42,1.406,705403,1696.7,8434333,11.9568,383.86,0.0,1.106915188124118,93361,0,0,1,1
SHP-03737,2026-05-04,Mataram,Bekasi,JX Express,kapal_laut,1.33,0.5387,83143,681.5,2324345,27.956,512.41,0.0,0.258983862331697,6020,0,0,1,1
SHP-03738,2026-04-22,Depok,Blitar,Anteraja,kapal_laut,2.73,1.1708,192299,406.7,458838,2.3861,148.97,0.0,1.4523515486296446,6664,0,1,1,0
SHP-03739,2025-12-30,Jambi,Surabaya,Anteraja,kapal_laut,3.85,2.1826,358218,954.2,2626011,7.3308,247.84,0.0,4.6852753585590685,123036,0,0,1,1
SHP-03740,2026-06-01,Samarinda,Kupang,Ninja Xpress,pesawat,2.4,1.3131,344400,222.0,762312,2.2134,92.5,0.0,3.636339731209515,27720,0,0,0,0
SHP-03741,2026-03-02,Makassar,Solo,SiCepat,pesawat,5.95,3.5001,843841,2152.7,8795251,10.4229,361.8,0.0,3.555348169497842,312702,0,0,1,1
SHP-03742,2026-02-26,Kupang,Medan,JNE,truk,1.47,0.8323,123423,1728.1,5129848,41.5631,1175.57,0.6,67.52,3463673,1,0,0,0
SHP-03743,2026-01-02,Semarang,Tangerang,J&T Express,motor,1.83,0.8018,208472,579.1,982188,4.7114,316.44,11.6,77.74,763553,1,1,1,0
SHP-03744,2026-01-22,Mataram,Bogor,JNE,kapal_laut,3.73,1.9991,511609,1727.5,5298298,10.3561,463.14,0.0,2.368429628543087,125486,0,0,1,1
SHP-03745,2026-02-20,Pontianak,Mataram,J&T Express,truk,7.39,3.5155,1252501,239.6,531251,0.4242,32.42,6.4,46.23,245597,1,0,0,0
SHP-03746,2026-01-18,Pontianak,Bekasi,JNE,pesawat,1.67,0.9859,181730,2219.1,10581769,58.228,1328.79,0.0,2.439806938722862,258175,0,0,1,1
SHP-03747,2026-01-05,Samarinda,Bogor,J&T Express,pesawat,4.22,2.0114,406187,2370.0,7107293,17.4976,561.62,0.0,2.9115988326769573,206936,0,0,1,1
SHP-03748,2026-01-01,Surabaya,Medan,Anteraja,truk,2.06,0.8675,140512,1746.2,8633717,61.4447,847.66,0.0,2.354734606089845,203301,0,1,0,1
SHP-03749,2026-02-09,Pekanbaru,Semarang,Anteraja,truk,9.99,5.4257,1182683,1502.6,4277004,3.6164,150.41,0.0,4.999492070825856,213828,0,0,1,1
SHP-03750,2026-05-20,Ambon,Makassar,Anteraja,truk,2.74,1.1875,450922,1421.3,3384888,7.5066,518.73,1.6,77.84,2634797,1,0,0,0
SHP-03751,2026-02-09,Medan,Bekasi,TIKI,motor,4.94,2.6837,577618,641.7,2397221,4.1502,129.91,0.0,2.4696326367856365,59203,0,0,1,1
SHP-03752,2026-02-01,Manado,Solo,Ninja Xpress,motor,3.65,1.9049,253108,745.1,2015332,7.9623,204.14,7.7,83.11,1674942,1,0,1,1
SHP-03753,2026-02-15,Malang,Lampung,J&T Express,pesawat,4.15,1.581,261933,758.5,3425706,13.0786,182.77,0.0,4.061230842229133,139126,0,1,0,1
SHP-03754,2026-05-28,Tangerang,Lampung,J&T Express,pesawat,4.68,1.5395,672915,2272.2,6753194,10.0357,485.52,0.0,0.9304899252551829,62838,0,1,0,1
SHP-03755,2026-03-14,Solo,Tangerang,Ninja Xpress,kapal_laut,0.99,0.5196,81850,423.5,586459,7.165,427.82,0.0,3.2187917003955553,18877,0,1,1,0
SHP-03756,2026-03-25,Makassar,Tangerang,TIKI,motor,3.81,1.4568,537423,621.5,1821396,3.3891,163.13,0.0,0.5403550203625207,9842,0,0,1,1
SHP-03757,2025-12-17,Ambon,Ternate,Anteraja,motor,2.34,0.7944,325204,1318.4,3485120,10.7167,563.42,4.6,78.74,2744183,1,0,0,0
SHP-03758,2026-06-03,Semarang,Balikpapan,Wahana,truk,3.05,1.5484,370453,2009.8,6414522,17.3153,658.95,1.7,74.6,4785233,1,1,0,1
SHP-03759,2026-04-24,Manado,Solo,JNE,kapal_laut,1.63,0.78,106212,1106.3,2771120,26.0905,678.72,0.0,2.2536778270279347,62452,0,0,1,1
SHP-03760,2026-04-08,Palembang,Lampung,SiCepat,motor,5.37,3.0741,580903,1295.4,3701132,6.3713,241.24,11.1,78.29,2897616,1,0,0,0
SHP-03761,2026-05-12,Bekasi,Makassar,Ninja Xpress,truk,0.66,0.3233,74805,535.8,2356711,31.5047,811.8,2.3,69.76,1644042,1,1,0,1
SHP-03762,2026-01-04,Blitar,Bengkulu,SiCepat,truk,3.76,1.6611,328122,1961.5,7611921,23.1984,521.67,0.0,2.1096681547933245,160586,0,1,0,1
SHP-03763,2026-05-01,Depok,Malang,JNE,kapal_laut,1.34,0.4436,136333,763.5,1236580,9.0703,569.78,0.0,3.8679336000613596,47830,0,1,1,0
SHP-03764,2026-01-01,Lampung,Kupang,SiCepat,kapal_laut,2.01,0.7869,133892,1430.9,3267934,24.4072,711.87,0.7,77.53,2533629,1,0,0,0
SHP-03765,2026-03-05,Bengkulu,Surabaya,Anteraja,pesawat,3.42,2.0426,347754,883.1,2597342,7.4689,258.22,0.0,1.505481281316749,39102,0,0,1,1
SHP-03766,2025-12-22,Semarang,Pekanbaru,Wahana,truk,4.74,1.6306,523606,1786.3,6458049,12.3338,376.87,0.0,1.5900338707745465,102685,0,1,0,1
SHP-03767,2025-12-22,Mataram,Solo,J&T Express,pesawat,2.34,0.9139,206356,555.8,1460673,7.0784,237.51,2.2,75.18,1098134,1,0,1,1
SHP-03768,2026-03-13,Jambi,Pekanbaru,Wahana,pesawat,4.2,1.4806,484859,923.9,1444702,2.9796,219.98,0.0,2.575551117199484,37209,0,0,0,0
SHP-03769,2026-01-17,Jambi,Bandung,TIKI,motor,1.46,0.6371,136102,1828.4,6778688,49.8059,1252.32,0.0,2.5387553258139253,172094,0,0,1,1
SHP-03770,2026-04-12,Pontianak,Makassar,Wahana,truk,0.92,0.3385,79181,539.0,1634086,20.6373,585.86,0.0,0.18637050629956076,3045,0,0,0,0
SHP-03771,2026-01-31,Manado,Balikpapan,Anteraja,truk,1.93,0.7466,247508,367.6,1001297,4.0455,190.47,0.0,3.691767934194014,36966,0,0,0,0
SHP-03772,2026-02-25,Semarang,Yogyakarta,JNE,motor,3.6,1.3823,310333,510.3,488983,1.5757,141.74,0.4,69.24,338572,1,1,1,0
SHP-03773,2025-12-19,Semarang,Mataram,Wahana,kapal_laut,6.29,1.9896,809779,2160.6,5524453,6.8222,343.5,1.2,74.3,4104669,1,1,0,1
SHP-03774,2026-02-04,Medan,Makassar,Wahana,pesawat,2.9,0.9075,357963,1586.4,3205865,8.9559,547.03,0.0,3.0274655964296886,97056,0,0,0,0
SHP-03775,2026-01-18,Padang,Bandung,Wahana,truk,4.49,2.0093,732602,1530.5,4725550,6.4504,340.87,0.0,4.885380092500398,230861,0,0,1,1
SHP-03776,2026-04-25,Mataram,Yogyakarta,TIKI,truk,1.97,1.1219,287352,2058.8,8785181,30.5729,1045.07,0.0,0.09126100661557279,8017,0,0,1,1
SHP-03777,2026-04-19,Pekanbaru,Jambi,TIKI,truk,4.35,2.5359,515407,790.7,1511466,2.9326,181.77,0.0,1.2464364037298592,18839,0,0,0,0
SHP-03778,2026-03-13,Semarang,Yogyakarta,Ninja Xpress,truk,4.55,2.5925,724085,599.5,544527,0.752,131.75,0.0,2.493199247932751,13576,0,1,1,0
SHP-03779,2025-12-17,Padang,Mataram,Wahana,kapal_laut,1.91,0.9072,266676,262.4,703436,2.6378,137.38,0.0,1.176430019831174,8275,0,0,0,0
SHP-03780,2026-01-19,Bengkulu,Padang,JX Express,kapal_laut,2.01,0.8804,179249,264.5,514488,2.8702,131.59,1.5,45.68,235018,1,0,0,0
SHP-03781,2026-05-01,Samarinda,Tangerang,JX Express,motor,4.71,1.8003,408901,663.7,1834818,4.4872,140.92,0.5,77.44,1420883,1,0,1,1
SHP-03782,2026-04-29,Depok,Kupang,Wahana,kapal_laut,3.01,1.3494,274742,2208.6,5612483,20.4282,733.74,3.9,80.27,4505140,1,1,0,1
SHP-03783,2026-04-07,Banjarmasin,Lampung,Ninja Xpress,kapal_laut,1.64,0.9607,238737,1753.8,5754985,24.106,1069.41,0.2,72.44,4168911,1,0,0,0
SHP-03784,2026-01-19,Blitar,Bekasi,J&T Express,motor,1.25,0.5783,131582,324.0,448068,3.4052,259.24,1.7,48.05,215297,1,1,1,0
SHP-03785,2025-12-31,Pontianak,Lampung,Anteraja,motor,5.71,3.2657,660258,297.5,672880,1.0191,52.1,0.0,1.2978174422184847,8733,0,0,0,0
SHP-03786,2026-06-10,Manado,Palembang,Wahana,truk,2.7,1.6015,390076,1103.9,3340903,8.5647,408.84,0.0,0.9651706512864333,32245,0,0,0,0
SHP-03787,2026-01-27,Depok,Blitar,JNE,truk,2.88,1.622,435141,785.3,1203443,2.7656,272.68,3.1,69.37,834828,1,1,1,0
SHP-03788,2026-04-01,Banjarmasin,Bengkulu,JNE,kapal_laut,5.05,1.6007,629907,569.4,1621750,2.5746,112.76,10.8,69.91,1133765,1,0,0,0
SHP-03789,2026-04-03,Mataram,Bogor,Anteraja,pesawat,4.15,1.5976,375864,1537.4,5743256,15.2801,370.46,0.0,0.8734707642408546,50166,0,0,1,1
SHP-03790,2026-05-15,Ternate,Makassar,Wahana,truk,2.86,1.652,330175,1433.1,4287067,12.9842,501.1,0.0,3.859193152782333,165446,0,0,0,0
SHP-03791,2026-01-26,Malang,Banjarmasin,JX Express,kapal_laut,1.8,0.984,206401,1710.1,8113578,39.3098,950.08,0.0,4.559873567138745,369969,0,1,0,1
SHP-03792,2026-01-23,Banjarmasin,Pontianak,Wahana,truk,3.4,2.0224,235283,458.2,1059144,4.5016,134.76,7.4,69.77,738965,1,0,0,0
SHP-03793,2026-02-05,Semarang,Bogor,JX Express,motor,4.95,2.5384,751142,505.9,501827,0.6681,102.2,0.0,3.9849428820468513,19998,0,1,1,0
SHP-03794,2025-12-18,Mataram,Bekasi,Anteraja,kapal_laut,2.95,1.3639,418424,556.1,2634071,6.2952,188.52,0.0,1.7741789253707325,46733,0,0,1,1
SHP-03795,2026-04-23,Yogyakarta,Bandung,JNE,pesawat,3.0,1.0381,365220,543.9,669552,1.8333,181.3,0.0,2.332447115818863,15617,0,1,1,0
SHP-03796,2025-12-22,Jakarta,Malang,J&T Express,motor,0.79,0.2489,118734,406.7,358030,3.0154,514.79,0.0,4.43268004397029,15870,0,1,1,0
SHP-03797,2026-01-06,Manado,Ternate,Anteraja,truk,1.67,0.8582,218968,1183.5,4140342,18.9084,708.7,1.0,72.23,2990569,1,0,0,0
SHP-03798,2026-01-03,Yogyakarta,Jakarta,Anteraja,motor,1.44,0.5771,177132,329.9,396926,2.2408,229.1,0.0,3.4169626365223955,13563,0,1,1,0
SHP-03799,2026-02-14,Ternate,Padang,TIKI,pesawat,1.26,0.7048,167810,1759.4,4810819,28.6682,1396.33,6.0,73.44,3533065,1,0,0,0
SHP-03800,2026-04-02,Ternate,Balikpapan,Ninja Xpress,truk,1.89,0.9168,319948,1259.3,4120919,12.88,666.32,1.9,76.53,3153739,1,0,0,0
SHP-03801,2026-04-15,Bengkulu,Samarinda,Ninja Xpress,pesawat,3.56,1.0823,440272,728.5,2231450,5.0683,204.62,0.0,2.201539954115102,49126,0,0,0,0
SHP-03802,2026-02-11,Pekanbaru,Medan,Wahana,motor,3.15,1.852,241261,522.5,788425,3.2679,165.87,0.0,2.0217038972218937,15940,0,0,0,0
SHP-03803,2025-12-26,Pekanbaru,Bekasi,JNE,truk,2.77,0.9442,387157,1499.1,4775362,12.3344,541.18,1.5,71.41,3410086,1,0,1,1
SHP-03804,2026-04-06,Samarinda,Bogor,Anteraja,pesawat,9.23,4.4621,701225,2157.5,9425448,13.4414,233.75,1.1,80.81,7616705,1,0,1,1
SHP-03805,2026-02-04,Padang,Solo,SiCepat,kapal_laut,10.05,3.1173,1079919,968.2,3283438,3.0404,96.34,3.3,80.08,2629377,1,0,1,1
SHP-03806,2026-04-08,Jambi,Medan,TIKI,motor,16.15,8.4074,1437864,1741.7,4265785,2.9668,107.85,0.0,3.9699363651349873,169349,0,0,0,0
SHP-03807,2026-03-05,Blitar,Depok,J&T Express,motor,2.56,1.104,342625,710.1,591735,1.7271,277.36,0.0,1.3138043629602807,7774,0,1,1,0
SHP-03808,2026-03-21,Malang,Jambi,J&T Express,pesawat,2.62,1.0981,333745,600.3,2304241,6.9042,229.12,0.0,2.431697970634753,56032,0,1,0,1
SHP-03809,2026-03-22,Pontianak,Ambon,Ninja Xpress,kapal_laut,7.95,3.975,1498402,1542.6,3627783,2.4211,194.04,3.0,79.85,2896785,1,0,0,0
SHP-03810,2026-02-12,Surabaya,Semarang,Wahana,pesawat,4.96,1.7769,452564,389.4,509727,1.1263,78.52,1.1,59.75,304562,1,1,1,0
SHP-03811,2026-04-16,Bengkulu,Makassar,JNE,motor,9.54,4.4422,897663,1064.5,2391334,2.664,111.58,0.0,3.7639401459729616,90008,0,0,0,0
SHP-03812,2026-01-06,Solo,Mataram,Wahana,pesawat,2.74,1.1951,496275,1188.6,5776533,11.6398,433.78,1.5,79.88,4614295,1,1,0,1
SHP-03813,2026-04-04,Padang,Manado,J&T Express,truk,4.38,2.611,379893,1093.2,2197021,5.7833,249.59,0.3,78.19,1717851,1,0,0,0
SHP-03814,2026-02-03,Lampung,Palembang,JNE,motor,6.8,2.6705,1113577,582.0,1262641,1.1339,85.59,0.0,2.6936343763244928,34011,0,0,0,0
SHP-03815,2026-01-04,Pontianak,Malang,TIKI,kapal_laut,3.72,1.3939,409020,1522.4,7349719,17.9691,409.26,0.0,2.508495219095014,184367,0,0,1,1
SHP-03816,2026-05-24,Solo,Balikpapan,JNE,motor,2.7,1.0195,414132,2037.7,5272482,12.7314,754.72,0.5,73.8,3891092,1,1,0,1
SHP-03817,2026-05-28,Jakarta,Bandung,JNE,kapal_laut,1.51,0.6643,138129,668.7,1067425,7.7277,442.88,2.9,72.14,770040,1,1,1,0
SHP-03818,2026-01-19,Medan,Yogyakarta,Wahana,motor,4.65,1.6011,706732,2367.7,6876887,9.7305,509.17,0.3,72.33,4974052,1,0,1,1
SHP-03819,2026-05-16,Semarang,Bogor,TIKI,pesawat,1.9,0.9037,347924,104.8,145881,0.4193,55.14,0.0,3.7265536335995924,5436,0,1,1,0
SHP-03820,2026-02-22,Medan,Solo,Anteraja,kapal_laut,5.0,1.8189,487222,596.9,2613164,5.3634,119.38,0.0,0.22218130959482052,5806,0,0,1,1
SHP-03821,2026-04-24,Makassar,Samarinda,Anteraja,pesawat,2.38,0.9254,262327,1119.2,2769771,10.5585,470.26,1.8,78.59,2176763,1,0,0,0
SHP-03822,2026-01-02,Semarang,Yogyakarta,TIKI,kapal_laut,1.68,0.848,166337,179.8,294337,1.7695,107.02,0.0,3.1921232875369663,9396,0,1,1,0
SHP-03823,2026-02-18,Blitar,Makassar,Ninja Xpress,truk,2.15,1.0069,315929,1556.5,6139248,19.4324,723.96,9.1,79.7,4892981,1,1,0,1
SHP-03824,2026-03-13,Bengkulu,Mataram,TIKI,kapal_laut,2.73,0.9495,356330,1702.2,5202438,14.6001,623.51,0.0,4.435554569953769,230757,0,0,0,0
SHP-03825,2026-04-27,Bogor,Jambi,JNE,truk,1.02,0.5113,91373,2348.8,9348781,102.3145,2302.76,0.0,0.6459409863344473,60388,0,1,0,1
SHP-03826,2025-12-27,Kupang,Depok,Ninja Xpress,kapal_laut,3.37,1.5865,347035,2426.2,11280854,32.5064,719.94,0.0,1.8041412412365443,203523,0,0,1,1
SHP-03827,2026-05-12,Padang,Semarang,Anteraja,pesawat,5.16,2.5793,401498,993.8,4337202,10.8025,192.59,0.0,4.238291430772594,183823,0,0,1,1
SHP-03828,2026-03-30,Surabaya,Yogyakarta,J&T Express,truk,1.34,0.597,119108,80.3,69123,0.5803,59.95,0.0,2.158060234550997,1492,0,1,1,0
SHP-03829,2026-05-21,Solo,Bogor,Ninja Xpress,motor,7.68,4.1766,762852,764.5,1103516,1.4466,99.55,0.0,1.4160577880738994,15626,0,1,1,0
SHP-03830,2026-06-06,Makassar,Surabaya,JNE,pesawat,6.5,2.3689,914567,1896.0,8571461,9.3722,291.69,0.0,2.8669027922839945,245735,0,0,1,1
SHP-03831,2026-01-22,Makassar,Jakarta,JX Express,pesawat,5.06,1.7331,565986,2426.4,12078243,21.3402,479.52,0.0,0.9395538995783276,113482,0,0,1,1
SHP-03832,2026-02-20,Jambi,Kupang,Ninja Xpress,truk,2.82,0.9634,282750,263.7,670396,2.371,93.52,0.0,3.4354899804724925,23031,0,0,0,0
SHP-03833,2026-05-04,Medan,Yogyakarta,Wahana,kapal_laut,5.52,2.0092,605796,1113.9,4340193,7.1644,201.8,5.1,78.63,3412694,1,0,1,1
SHP-03834,2026-06-14,Mataram,Yogyakarta,Ninja Xpress,truk,2.1,0.8216,167438,1993.1,8670551,51.7837,949.09,0.0,1.1594391560867479,100530,0,0,1,1
SHP-03835,2026-05-24,Surabaya,Tangerang,JX Express,pesawat,2.65,1.4141,221488,645.5,1147540,5.181,243.57,0.0,4.49589270709683,51592,0,1,1,0
SHP-03836,2026-06-03,Manado,Depok,SiCepat,truk,1.67,0.9242,176733,2362.4,7537484,42.649,1414.6,0.7,73.83,5564924,1,0,1,1
SHP-03837,2026-02-01,Padang,Manado,JNE,kapal_laut,3.45,1.0554,566826,1603.4,3701294,6.5299,464.76,2.2,72.25,2674185,1,0,0,0
SHP-03838,2026-05-09,Bengkulu,Bekasi,SiCepat,kapal_laut,1.09,0.4708,124599,1232.4,4420483,35.4777,1130.67,0.0,1.4662760612263521,64816,0,0,1,1
SHP-03839,2026-04-28,Padang,Solo,Wahana,motor,2.51,0.9113,266188,1315.6,4740314,17.8081,524.16,0.0,0.6880871153663193,32617,0,0,1,1
SHP-03840,2025-12-20,Samarinda,Mataram,SiCepat,truk,2.76,1.6236,235762,1467.2,5063525,21.4773,531.61,0.0,2.250385622520547,113949,0,0,0,0
SHP-03841,2026-03-10,Bekasi,Solo,JNE,kapal_laut,4.1,1.8435,391274,240.1,261669,0.6688,58.56,1.4,48.18,126072,1,1,1,0
SHP-03842,2026-04-20,Yogyakarta,Samarinda,TIKI,truk,5.76,2.3349,537857,1763.4,8433048,15.679,306.15,0.0,3.2508935195115285,274149,0,1,0,1
SHP-03843,2026-01-06,Bandung,Mataram,JX Express,pesawat,6.43,2.2046,873922,1212.4,5830910,6.6721,188.55,0.0,1.9419007322355697,113230,0,1,0,1
SHP-03844,2026-01-01,Padang,Surabaya,Ninja Xpress,motor,1.79,0.811,186412,705.8,2237932,12.0053,394.29,0.0,3.4691655962295203,77638,0,0,1,1
SHP-03845,2026-03-16,Bekasi,Jambi,SiCepat,kapal_laut,2.51,0.8392,181590,1133.7,3056914,16.8342,451.67,0.0,1.7357025276002502,53059,0,1,0,1
SHP-03846,2026-05-23,Bogor,Ternate,J&T Express,truk,2.97,1.4213,364046,1302.8,5716910,15.7038,438.67,0.0,4.427847903385787,253136,0,1,0,1
SHP-03847,2026-05-16,Bogor,Manado,JNE,truk,2.86,1.2341,247367,515.7,1391302,5.6244,180.31,1.6,67.35,937042,1,1,0,1
SHP-03848,2026-02-11,Bogor,Samarinda,JX Express,kapal_laut,3.69,1.1737,333411,2454.7,10911336,32.7264,665.22,0.0,3.8412474090227686,419131,0,1,0,1
SHP-03849,2026-02-20,Palembang,Pekanbaru,JNE,pesawat,2.09,0.7224,233549,400.6,1352660,5.7918,191.68,5.1,58.42,790224,1,0,0,0
SHP-03850,2026-05-10,Surabaya,Padang,JNE,kapal_laut,3.69,1.8888,361008,1447.7,4511077,12.4958,392.33,1.8,74.62,3366166,1,1,0,1
SHP-03851,2026-04-23,Semarang,Solo,TIKI,truk,4.46,1.7385,634708,527.4,593108,0.9345,118.25,0.0,4.775748617936288,28325,0,1,1,0
SHP-03852,2026-02-18,Kupang,Surabaya,Wahana,kapal_laut,4.08,1.2943,618018,1290.2,5711932,9.2423,316.23,0.2,77.92,4450737,1,0,1,1
SHP-03853,2026-05-07,Mataram,Jakarta,J&T Express,motor,3.81,1.5428,428688,1090.4,4414295,10.2972,286.18,0.3,80.72,3563219,1,0,1,1
SHP-03854,2026-03-01,Bogor,Bekasi,Wahana,truk,3.0,0.993,380682,66.0,75404,0.1981,22.01,0.0,2.2478903419679526,1695,0,1,1,0
SHP-03855,2026-04-16,Tangerang,Samarinda,Wahana,truk,7.68,3.1901,720073,883.7,3420802,4.7506,115.07,0.3,79.78,2729116,1,1,0,1
SHP-03856,2026-02-11,Samarinda,Pekanbaru,Anteraja,truk,2.63,0.9864,410447,1028.9,2220795,5.4107,391.2,0.6,72.62,1612741,1,0,0,0
SHP-03857,2026-04-06,Medan,Bengkulu,JNE,kapal_laut,2.61,1.1627,261830,507.1,1497692,5.7201,194.3,0.0,1.272174488837647,19053,0,0,0,0
SHP-03858,2026-03-31,Bogor,Kupang,J&T Express,truk,2.48,1.2207,251826,2201.5,10822835,42.9774,887.69,1.6,78.24,8467786,1,1,0,1
SHP-03859,2025-12-20,Malang,Ambon,Wahana,truk,2.06,1.159,400740,870.6,2675064,6.6753,422.62,0.0,1.688061364395654,45157,0,1,0,1
SHP-03860,2026-04-19,Tangerang,Padang,Wahana,kapal_laut,2.41,1.0915,387131,2380.5,7104843,18.3526,987.76,1.2,79.47,5646219,1,1,0,1
SHP-03861,2026-02-12,Depok,Jakarta,SiCepat,kapal_laut,2.72,1.3473,239071,222.5,234736,0.9819,81.82,0.0,1.098631170682881,2579,0,1,1,0
SHP-03862,2026-03-28,Kupang,Jakarta,Ninja Xpress,motor,3.94,1.3976,375022,1753.2,5084962,13.5591,444.97,0.0,0.22569082802345264,11476,0,0,1,1
SHP-03863,2026-03-11,Jakarta,Jambi,SiCepat,kapal_laut,3.78,2.229,460714,1855.8,7167968,15.5584,490.95,0.0,2.765097294066503,198201,0,1,0,1
SHP-03864,2026-03-20,Samarinda,Ambon,TIKI,pesawat,1.71,0.8862,135549,804.1,2116198,15.6121,470.25,0.0,0.9436220454833727,19969,0,0,0,0
SHP-03865,2026-03-26,Pontianak,Medan,Anteraja,truk,3.7,1.8812,423246,1543.4,4505906,10.6461,417.13,0.0,1.46878498797547,66182,0,0,0,0
SHP-03866,2025-12-28,Balikpapan,Depok,TIKI,kapal_laut,3.66,1.3065,536479,2243.4,6484305,12.0868,612.95,2.1,75.15,4872955,1,0,1,1
SHP-03867,2026-03-31,Medan,Semarang,JX Express,motor,2.62,1.0213,421160,1706.4,4681636,11.1161,651.31,0.4,74.83,3503268,1,0,1,1
SHP-03868,2026-03-11,Pekanbaru,Ternate,Wahana,motor,1.36,0.8105,132366,1678.9,5648006,42.6696,1234.5,0.1,75.34,4255208,1,0,0,0
SHP-03869,2026-03-17,Jambi,Tangerang,Wahana,motor,6.45,3.2591,993856,2452.2,11594470,11.6661,380.19,0.0,4.017037608684792,465754,0,0,1,1
SHP-03870,2026-05-06,Semarang,Malang,TIKI,pesawat,6.45,3.5247,540695,500.4,611526,1.131,77.59,1.2,70.78,432838,1,1,1,0
SHP-03871,2026-01-21,Lampung,Kupang,TIKI,truk,2.96,1.392,424509,1510.5,4289873,10.1055,510.31,0.0,0.8388642695978776,35986,0,0,0,0
SHP-03872,2026-01-15,Manado,Bengkulu,TIKI,kapal_laut,4.48,1.4752,563885,1549.3,4125672,7.3165,345.83,0.0,1.0234462286997488,42224,0,0,0,0
SHP-03873,2026-05-24,Yogyakarta,Bogor,SiCepat,truk,7.27,2.6689,680992,304.1,441626,0.6485,41.83,0.1,58.29,257424,1,1,1,0
SHP-03874,2026-02-19,Samarinda,Balikpapan,J&T Express,motor,4.47,1.9413,526280,1445.8,3464259,6.5825,323.45,0.0,4.168746453738016,144416,0,0,0,0
SHP-03875,2026-05-24,Malang,Yogyakarta,JNE,motor,1.02,0.3828,92402,157.3,244290,2.6438,154.23,0.0,4.7571047272258955,11621,0,1,1,0
SHP-03876,2026-05-29,Pontianak,Lampung,Wahana,truk,4.19,2.1621,487034,1723.8,2657906,5.4573,411.4,0.0,0.3862249321365663,10265,0,0,0,0
SHP-03877,2026-03-31,Padang,Ternate,Anteraja,pesawat,3.6,1.2119,327870,327.8,577669,1.7619,91.07,0.0,1.5514788414705456,8962,0,0,0,0
SHP-03878,2026-06-02,Bogor,Surabaya,SiCepat,kapal_laut,3.11,1.7191,440077,633.0,644761,1.4651,203.52,0.0,2.797941830578135,18040,0,1,1,0
SHP-03879,2026-03-04,Balikpapan,Blitar,Ninja Xpress,motor,3.83,1.2493,352855,559.2,2300946,6.5209,146.0,0.0,0.897178510398336,20644,0,0,1,1
SHP-03880,2025-12-30,Bandung,Ambon,J&T Express,kapal_laut,3.21,1.6058,436975,2411.2,8786101,20.1066,751.14,4.5,73.28,6438455,1,1,0,1
SHP-03881,2026-06-10,Depok,Bandung,J&T Express,truk,3.31,1.8279,361556,147.0,202555,0.5602,44.4,0.0,2.2447717412848505,4547,0,1,1,0
SHP-03882,2026-02-06,Malang,Depok,Anteraja,truk,5.22,1.8004,521885,689.2,943158,1.8072,132.03,0.0,4.0417407651542865,38120,0,1,1,0
SHP-03883,2026-01-01,Banjarmasin,Medan,J&T Express,motor,1.16,0.5284,125615,481.2,864750,6.8841,414.79,1.4,63.46,548770,1,0,0,0
SHP-03884,2026-02-02,Malang,Samarinda,Wahana,truk,3.85,1.3204,372088,1924.1,8613757,23.1498,499.76,0.4,79.46,6844491,1,1,0,1
SHP-03885,2026-06-03,Ternate,Kupang,Wahana,truk,4.49,2.5531,595358,1011.1,2522568,4.2371,225.18,1.1,75.93,1915386,1,0,0,0
SHP-03886,2026-03-03,Balikpapan,Ternate,JNE,motor,2.25,0.9284,278451,1774.4,5470816,19.6473,788.6,0.0,3.150639547126861,172366,0,0,0,0
SHP-03887,2026-02-19,Balikpapan,Bandung,J&T Express,motor,5.66,2.6385,733695,2070.2,7901439,10.7694,365.76,4.0,74.07,5852596,1,0,1,1
SHP-03888,2026-03-11,Samarinda,Depok,TIKI,kapal_laut,3.29,1.3602,313972,2350.9,9920159,31.5957,714.56,0.0,0.558178783669363,55372,0,0,1,1
SHP-03889,2026-04-03,Balikpapan,Makassar,Anteraja,kapal_laut,3.2,1.4635,395397,947.7,2463705,6.231,296.15,6.4,71.21,1754404,1,0,0,0
SHP-03890,2026-05-16,Medan,Ternate,J&T Express,kapal_laut,2.34,0.9249,279729,1398.7,2684893,9.5982,597.75,3.7,77.67,2085356,1,0,0,0
SHP-03891,2026-01-19,Malang,Pekanbaru,SiCepat,kapal_laut,4.95,1.5713,570239,693.7,2134634,3.7434,140.14,0.0,4.859194419065902,103726,0,1,0,1
SHP-03892,2026-02-20,Manado,Ambon,SiCepat,truk,1.93,0.9049,208225,1356.9,4519564,21.7052,703.04,0.8,75.15,3396452,1,0,0,0
SHP-03893,2026-06-08,Ambon,Lampung,TIKI,motor,4.74,1.9155,307936,407.7,1290830,4.1919,86.02,0.0,3.095440684064097,39957,0,0,0,0
SHP-03894,2026-05-25,Surabaya,Blitar,TIKI,motor,5.75,3.2584,544389,404.4,443479,0.8146,70.33,0.0,4.626021011494681,20515,0,1,1,0
SHP-03895,2025-12-21,Blitar,Pekanbaru,SiCepat,kapal_laut,4.16,2.0258,387869,1365.3,4178700,10.7735,328.2,0.0,0.09636594780748797,4027,0,1,0,1
SHP-03896,2026-01-10,Malang,Blitar,TIKI,kapal_laut,13.85,4.9807,1328013,589.6,508476,0.3829,42.57,0.0,2.070241424312624,10527,0,1,1,0
SHP-03897,2026-01-17,Bekasi,Kupang,Ninja Xpress,motor,2.44,0.8134,195241,2411.3,9659710,49.4758,988.26,0.0,0.7556367218028082,72992,0,1,0,1
SHP-03898,2026-06-05,Solo,Blitar,J&T Express,motor,5.44,3.1196,625731,792.5,800671,1.2796,145.67,0.0,0.20952441037639713,1678,0,1,1,0
SHP-03899,2026-02-22,Bengkulu,Manado,J&T Express,truk,2.92,1.5131,324767,1559.0,5196460,16.0006,533.91,0.0,4.982673404379603,258923,0,0,0,0
SHP-03900,2026-04-01,Pontianak,Blitar,JNE,truk,5.14,1.9544,524048,906.9,3994115,7.6217,176.44,0.5,71.06,2838218,1,0,1,1
SHP-03901,2026-05-25,Yogyakarta,Tangerang,Anteraja,truk,5.66,2.6301,640988,166.5,230357,0.3594,29.41,0.0,3.2008759003061833,7373,0,1,1,0
SHP-03902,2026-04-14,Bandung,Pekanbaru,J&T Express,pesawat,2.8,1.5675,245236,1977.9,7143342,29.1284,706.39,0.0,4.050677946767172,289354,0,1,0,1
SHP-03903,2026-05-05,Bekasi,Kupang,J&T Express,truk,10.93,6.5025,1003947,1144.1,4824653,4.8057,104.67,0.2,74.77,3607393,1,1,0,1
SHP-03904,2026-01-29,Palembang,Ambon,Anteraja,pesawat,2.58,1.3836,447188,1177.6,1972217,4.4103,456.42,0.0,2.138213725154971,42170,0,0,0,0
SHP-03905,2026-05-29,Makassar,Lampung,SiCepat,motor,1.24,0.5552,172685,341.0,1158791,6.7104,274.98,0.0,4.453208122722667,51603,0,0,0,0
SHP-03906,2026-03-25,Bandung,Balikpapan,JNE,kapal_laut,2.02,0.7145,152594,731.6,2585454,16.9434,362.18,5.5,77.21,1996229,1,1,0,1
SHP-03907,2026-06-11,Kupang,Yogyakarta,JNE,truk,1.76,0.7252,128624,1787.1,7776449,60.4588,1015.41,0.0,0.4355963868918028,33874,0,0,1,1
SHP-03908,2026-02-01,Tangerang,Yogyakarta,JNE,pesawat,2.63,1.491,375806,666.4,754035,2.0064,253.39,0.8,70.27,529860,1,1,1,0
SHP-03909,2026-05-09,Mataram,Tangerang,Anteraja,truk,1.28,0.5075,195733,1866.7,5011534,25.6039,1458.33,4.1,67.0,3357728,1,0,1,1
SHP-03910,2026-03-12,Blitar,Ambon,TIKI,pesawat,3.17,1.7162,427578,1436.9,5996273,14.0238,453.28,0.0,4.162427402434713,249591,0,1,0,1
SHP-03911,2025-12-31,Banjarmasin,Kupang,JNE,kapal_laut,4.91,2.0335,452416,647.4,2018216,4.461,131.86,7.2,75.49,1523551,1,0,0,0
SHP-03912,2026-06-10,Lampung,Pontianak,SiCepat,pesawat,8.12,3.5386,773719,672.2,1320939,1.7073,82.78,0.0,0.2822740477408453,3729,0,0,0,0
SHP-03913,2026-05-07,Malang,Kupang,JNE,pesawat,3.16,1.0601,515723,972.4,2438817,4.7289,307.72,0.0,0.6271574870616076,15295,0,1,0,1
SHP-03914,2026-04-23,Bogor,Ambon,JNE,pesawat,5.93,3.1553,538226,927.5,2727190,5.067,156.41,0.0,3.074533301284292,83848,0,1,0,1
SHP-03915,2026-01-26,Lampung,Pontianak,JX Express,pesawat,1.41,0.5673,215624,1626.3,2471181,11.4606,1153.41,0.0,1.8710623752323108,46237,0,0,0,0
SHP-03916,2026-01-13,Lampung,Bekasi,Wahana,kapal_laut,2.76,1.0038,299145,1060.0,3511939,11.7399,384.05,0.0,3.416366292898054,119981,0,0,1,1
SHP-03917,2026-05-26,Semarang,Tangerang,JX Express,truk,3.45,1.7907,277826,728.4,1259480,4.5333,211.14,0.0,4.1083253340729655,51744,0,1,1,0
SHP-03918,2026-05-01,Ternate,Bengkulu,JX Express,truk,7.14,3.803,963086,586.6,1856276,1.9274,82.15,0.0,2.152071677256837,39948,0,0,0,0
SHP-03919,2026-01-26,Semarang,Bogor,Ninja Xpress,kapal_laut,3.68,1.7848,519964,201.5,260845,0.5017,54.76,0.0,4.086065850568243,10658,0,1,1,0
SHP-03920,2026-03-19,Medan,Semarang,SiCepat,kapal_laut,10.39,3.2196,866425,2178.3,7265315,8.3854,209.66,0.0,2.6652094061661,193636,0,0,1,1
SHP-03921,2026-02-02,Bandung,Jambi,JNE,kapal_laut,1.5,0.7859,133790,1682.6,5771196,43.1362,1121.73,0.0,4.913463208946998,283566,0,1,0,1
SHP-03922,2026-01-29,Balikpapan,Tangerang,SiCepat,kapal_laut,1.96,1.139,194490,2109.2,6911644,35.5373,1076.1,1.1,73.34,5069000,1,0,1,1
SHP-03923,2026-04-25,Lampung,Pontianak,Anteraja,truk,2.58,1.464,223644,949.4,2547065,11.3889,367.97,3.1,75.16,1914374,1,0,0,0
SHP-03924,2026-04-27,Pekanbaru,Bengkulu,SiCepat,truk,1.19,0.6554,185297,944.5,2909559,15.7021,793.69,0.0,4.337322999390741,126197,0,0,0,0
SHP-03925,2026-04-01,Balikpapan,Blitar,JNE,pesawat,1.39,0.6485,152286,2335.6,10683804,70.1562,1680.28,0.0,2.5824943732636867,275909,0,0,1,1
SHP-03926,2026-06-13,Bekasi,Blitar,TIKI,motor,5.08,3.0094,445748,507.0,520839,1.1685,99.8,2.4,73.38,382192,1,1,1,0
SHP-03927,2026-02-05,Blitar,Pekanbaru,J&T Express,truk,1.71,0.7652,189272,1575.2,5658580,29.8966,921.15,1.6,71.4,4040226,1,1,0,1
SHP-03928,2026-02-03,Bekasi,Balikpapan,Anteraja,kapal_laut,5.91,2.3069,668732,2306.7,11374502,17.0091,390.3,0.0,0.10526853772908573,11974,0,1,0,1
SHP-03929,2026-01-28,Yogyakarta,Kupang,TIKI,kapal_laut,3.19,1.0503,288229,1414.3,3837279,13.3133,443.37,0.0,3.420656975932457,131260,0,1,0,1
SHP-03930,2026-04-21,Mataram,Samarinda,JNE,motor,1.47,0.5766,127351,428.0,903466,7.0943,291.15,0.0,4.084107667733168,36899,0,0,0,0
SHP-03931,2025-12-19,Samarinda,Jambi,Wahana,kapal_laut,1.46,0.7728,191509,699.5,1415205,7.3898,479.11,0.0,0.7030369519038016,9949,0,0,0,0
SHP-03932,2026-02-05,Bekasi,Jakarta,SiCepat,motor,2.14,1.0382,218035,87.7,90860,0.4167,41.0,0.0,0.6034332897190259,548,0,1,1,0
SHP-03933,2026-04-18,Semarang,Pontianak,Ninja Xpress,pesawat,6.96,3.7955,1078919,1006.3,4174688,3.8693,144.59,0.0,0.8791342181616568,36701,0,1,0,1
SHP-03934,2026-04-24,Banjarmasin,Jambi,Anteraja,truk,3.38,1.298,515553,1711.7,4763075,9.2388,506.41,0.0,4.3435381377483075,206886,0,0,0,0
SHP-03935,2026-02-14,Ambon,Mataram,SiCepat,pesawat,4.71,2.6615,788190,351.9,680292,0.8631,74.71,0.6,61.16,416067,1,0,0,0
SHP-03936,2026-02-16,Bandung,Solo,Ninja Xpress,pesawat,1.24,0.6286,124833,139.7,148851,1.1924,112.7,0.0,3.2330564913711948,4812,0,1,1,0
SHP-03937,2026-05-19,Makassar,Bengkulu,J&T Express,truk,3.24,1.6153,577937,1190.4,2806540,4.8561,367.42,2.3,74.66,2095363,1,0,0,0
SHP-03938,2026-01-17,Jambi,Tangerang,J&T Express,truk,3.26,1.1545,419818,1815.4,5787218,13.7851,556.86,0.0,4.282765011854593,247853,0,0,1,1
SHP-03939,2026-04-16,Jambi,Samarinda,SiCepat,pesawat,1.26,0.4499,144859,1476.8,3442244,23.7627,1172.03,0.0,1.0060068359139644,34629,0,0,0,0
SHP-03940,2026-01-27,Banjarmasin,Semarang,SiCepat,truk,2.26,1.0164,208278,2475.0,9469706,45.4667,1095.14,0.0,1.2866102222991667,121838,0,0,1,1
SHP-03941,2026-03-23,Kupang,Medan,TIKI,kapal_laut,2.18,1.2704,246823,1292.8,3498744,14.1751,593.02,0.0,2.452504568839406,85807,0,0,0,0
SHP-03942,2025-12-21,Yogyakarta,Semarang,JX Express,truk,3.09,1.0818,451036,653.5,1032935,2.2901,211.5,0.0,3.8236225336303074,39496,0,1,1,0
SHP-03943,2026-05-19,Padang,Malang,Anteraja,motor,0.94,0.451,73263,1921.4,8969026,122.4223,2044.09,0.0,0.8191335499402203,73468,0,0,1,1
SHP-03944,2026-03-02,Balikpapan,Depok,Anteraja,kapal_laut,4.31,2.3676,360801,1551.2,6216836,17.2307,359.9,0.0,0.7899512696937228,49110,0,0,1,1
SHP-03945,2026-03-17,Balikpapan,Banjarmasin,JNE,truk,1.51,0.5521,157927,1378.2,3328716,21.0776,912.75,0.0,2.2392269219455443,74538,0,0,0,0
SHP-03946,2026-01-15,Padang,Tangerang,J&T Express,pesawat,1.89,0.6681,228789,2283.7,11271671,49.2667,1208.31,0.0,3.9294074620049555,442910,0,0,1,1
SHP-03947,2026-02-15,Ternate,Makassar,J&T Express,motor,1.61,0.8656,166833,1253.6,2005807,12.0228,778.65,0.0,0.19296288634145342,3870,0,0,0,0
SHP-03948,2026-04-19,Padang,Pontianak,SiCepat,kapal_laut,5.44,2.9764,792408,958.2,2377623,3.0005,176.14,3.0,81.0,1925875,1,0,0,0
SHP-03949,2026-04-19,Pekanbaru,Solo,J&T Express,truk,3.02,1.7194,245146,1266.2,6228200,25.4061,419.27,0.0,2.386692182637197,148648,0,0,1,1
SHP-03950,2026-06-14,Depok,Balikpapan,J&T Express,truk,1.86,1.0114,190389,1100.2,5225385,27.4458,591.5,0.0,4.027875922341467,210472,0,1,0,1
SHP-03951,2026-05-20,Bandung,Pekanbaru,Anteraja,motor,3.53,1.8613,497042,1670.8,7739917,15.572,473.32,15.6,79.49,6152460,1,1,0,1
SHP-03952,2026-02-09,Medan,Mataram,JX Express,kapal_laut,3.37,1.4608,373400,829.9,2889084,7.7372,246.26,3.1,78.45,2266486,1,0,0,0
SHP-03953,2026-04-10,Makassar,Ambon,JX Express,kapal_laut,3.69,2.063,276813,218.4,672707,2.4302,59.17,0.0,1.838927977203485,12371,0,0,0,0
SHP-03954,2026-02-14,Jakarta,Jambi,Anteraja,truk,1.72,0.5423,129634,798.4,3081833,23.7733,464.18,5.0,78.01,2404138,1,1,0,1
SHP-03955,2026-05-02,Pekanbaru,Jakarta,Wahana,motor,5.41,2.4946,731325,848.4,2999450,4.1014,156.81,1.7,71.4,2141607,1,0,1,1
SHP-03956,2026-03-01,Manado,Jambi,JNE,kapal_laut,7.49,2.5723,867583,681.4,2168262,2.4992,90.98,0.0,4.862137947103015,105424,0,0,0,0
SHP-03957,2026-01-30,Depok,Surabaya,Wahana,pesawat,3.33,1.9908,423936,423.4,360940,0.8514,127.15,0.0,2.722450897561769,9826,0,1,1,0
SHP-03958,2026-02-20,Malang,Samarinda,SiCepat,kapal_laut,3.07,1.4533,315671,2280.2,6143337,19.4612,742.74,0.9,77.87,4783817,1,1,0,1
SHP-03959,2026-03-24,Makassar,Kupang,Anteraja,kapal_laut,2.1,0.9878,391877,1286.5,3680061,9.3909,612.64,0.0,0.1291638509427484,4753,0,0,0,0
SHP-03960,2026-04-11,Bekasi,Makassar,SiCepat,truk,4.05,1.5405,636379,2113.0,8384186,13.1748,521.72,0.0,3.584207802790283,300507,0,1,0,1
SHP-03961,2026-01-20,Kupang,Banjarmasin,J&T Express,truk,4.26,1.3336,462932,1361.8,2168094,4.6834,319.68,0.0,4.588089378472408,99474,0,0,0,0
SHP-03962,2026-04-09,Banjarmasin,Medan,JX Express,truk,4.22,2.2446,321424,597.2,1277457,3.9744,141.51,2.8,70.73,903545,1,0,0,0
SHP-03963,2026-05-18,Depok,Jambi,JX Express,kapal_laut,3.5,1.8278,400086,1015.6,4603544,11.5064,290.19,0.0,2.8851120640548205,132817,0,1,0,1
SHP-03964,2026-03-29,Surabaya,Kupang,TIKI,motor,2.31,0.9212,227616,1279.0,4526634,19.8872,553.66,0.0,1.1014601372858386,49859,0,1,0,1
SHP-03965,2025-12-27,Mataram,Pekanbaru,Ninja Xpress,truk,7.99,2.8207,906906,1494.3,3349366,3.6932,187.02,0.0,0.7630433536837133,25557,0,0,0,0
SHP-03966,2026-04-01,Balikpapan,Malang,J&T Express,pesawat,11.78,4.9665,1411723,1520.4,7401210,5.2427,129.07,0.0,2.887521036785397,213711,0,0,1,1
SHP-03967,2026-05-21,Makassar,Bandung,JNE,motor,4.35,2.0191,401079,2076.3,7643035,19.0562,477.32,1.1,69.26,5293566,1,0,1,1
SHP-03968,2026-06-08,Bengkulu,Semarang,TIKI,motor,1.73,0.8379,227680,1565.1,5977848,26.2555,904.66,0.0,2.6945900890231544,161078,0,0,1,1
SHP-03969,2025-12-19,Malang,Pekanbaru,J&T Express,kapal_laut,3.95,2.189,351654,882.2,3685977,10.4818,223.34,0.0,1.6644020034318157,61349,0,1,0,1
SHP-03970,2026-02-08,Pontianak,Lampung,Ninja Xpress,kapal_laut,4.12,1.4591,554398,1723.1,3376977,6.0913,418.24,0.0,2.312724878339441,78100,0,0,0,0
SHP-03971,2026-01-09,Malang,Blitar,JNE,truk,2.27,1.1357,248291,730.8,1150806,4.6349,321.93,0.0,3.4290066601719458,39461,0,1,1,0
SHP-03972,2026-01-08,Kupang,Bekasi,Anteraja,truk,7.03,2.9246,668716,2316.1,6890144,10.3035,329.45,2.5,76.24,5253046,1,0,1,1
SHP-03973,2026-01-05,Blitar,Bekasi,SiCepat,truk,1.6,0.7895,153283,723.3,737342,4.8103,452.04,0.0,0.42293603376596545,3118,0,1,1,0
SHP-03974,2025-12-17,Tangerang,Semarang,Ninja Xpress,motor,4.73,1.7399,437045,479.3,457199,1.0461,101.34,0.0,4.051527369603055,18524,0,1,1,0
SHP-03975,2026-02-20,Medan,Semarang,Wahana,pesawat,1.5,0.7704,140579,1164.3,4027383,28.6485,776.23,0.0,0.6189220344961621,24926,0,0,1,1
SHP-03976,2026-06-13,Yogyakarta,Banjarmasin,TIKI,pesawat,1.05,0.6001,123100,954.4,4231413,34.3738,908.91,0.0,3.592018437009323,151993,0,1,0,1
SHP-03977,2026-06-07,Mataram,Bengkulu,J&T Express,pesawat,3.48,1.6481,311249,271.7,489999,1.5743,78.08,0.8,53.38,261561,1,0,0,0
SHP-03978,2026-05-10,Tangerang,Bengkulu,Ninja Xpress,truk,2.73,0.9536,198606,779.0,2838552,14.2924,285.36,0.0,1.6748909325708499,47543,0,1,0,1
SHP-03979,2026-02-26,Padang,Bogor,J&T Express,motor,3.18,1.4718,413925,738.9,3517598,8.4982,232.37,8.7,75.73,2663877,1,0,1,1
SHP-03980,2026-03-17,Malang,Balikpapan,Anteraja,motor,12.95,5.2897,1737668,691.2,2643548,1.5213,53.37,13.2,75.08,1984776,1,1,0,1
SHP-03981,2026-02-21,Depok,Ternate,SiCepat,truk,3.48,1.1266,438618,2118.6,7796178,17.7744,608.8,0.0,1.687180981538251,131536,0,1,0,1
SHP-03982,2026-04-29,Samarinda,Semarang,TIKI,pesawat,7.12,3.4857,921588,517.2,1510835,1.6394,72.64,3.0,69.61,1051692,1,0,1,1
SHP-03983,2026-01-04,Tangerang,Makassar,JX Express,pesawat,4.06,2.3934,337292,1146.2,4414960,13.0894,282.31,0.0,3.003091794038823,132585,0,1,0,1
SHP-03984,2026-01-26,Samarinda,Lampung,JNE,motor,3.35,1.5874,400240,1063.8,2885194,7.2087,317.55,0.0,3.1078548968020976,89668,0,0,0,0
SHP-03985,2025-12-23,Mataram,Kupang,Anteraja,pesawat,5.4,1.8566,667598,255.9,709248,1.0624,47.39,0.0,0.24235082214236314,1719,0,0,0,0
SHP-03986,2026-04-24,Jambi,Yogyakarta,J&T Express,truk,5.06,1.8125,734648,2257.9,7505947,10.2171,446.23,10.5,73.2,5494353,1,0,1,1
SHP-03987,2026-04-18,Medan,Ternate,Wahana,motor,2.98,1.1033,339827,430.7,1368205,4.0262,144.54,0.0,3.1604839155062088,43242,0,0,0,0
SHP-03988,2026-02-10,Yogyakarta,Bogor,TIKI,kapal_laut,1.68,0.8856,166318,533.7,952845,5.7291,317.7,4.3,69.19,659273,1,1,1,0
SHP-03989,2025-12-18,Tangerang,Solo,SiCepat,truk,5.01,2.482,638093,614.4,501008,0.7852,122.64,0.0,3.782386236177264,18950,0,1,1,0
SHP-03990,2026-03-06,Surabaya,Jakarta,J&T Express,motor,6.54,3.1011,724543,755.3,1083212,1.495,115.49,0.3,74.04,802010,1,1,1,0
SHP-03991,2026-05-26,Jakarta,Makassar,TIKI,motor,1.84,0.6863,187990,1096.7,3519843,18.7236,596.04,0.0,0.5129658862279463,18056,0,1,0,1
SHP-03992,2026-04-14,Makassar,Manado,Ninja Xpress,motor,4.93,2.4492,471401,638.2,1422809,3.0183,129.46,0.5,73.47,1045338,1,0,0,0
SHP-03993,2026-04-23,Surabaya,Solo,JX Express,motor,2.63,1.0915,302708,656.8,854917,2.8242,249.74,0.0,1.9140049160301043,16363,0,1,1,0
SHP-03994,2026-02-14,Samarinda,Yogyakarta,JNE,pesawat,3.08,1.3928,242549,1664.7,6569899,27.0869,540.48,0.0,3.4389819400434725,225938,0,0,1,1
SHP-03995,2026-05-12,Ambon,Bandung,J&T Express,pesawat,0.54,0.2381,93176,1910.9,7053188,75.6975,3538.79,0.0,4.450042978727865,313870,0,0,1,1
SHP-03996,2026-05-01,Tangerang,Ternate,JX Express,motor,3.16,1.237,378174,815.4,3611406,9.5496,258.03,0.0,2.5862858717873256,93401,0,1,0,1
SHP-03997,2026-05-07,Blitar,Yogyakarta,Anteraja,kapal_laut,6.49,2.7878,709954,589.0,734913,1.0352,90.75,0.0,1.0648384671343676,7826,0,1,1,0
SHP-03998,2026-05-27,Blitar,Banjarmasin,SiCepat,pesawat,7.52,3.8698,1002156,993.9,2828264,2.8222,132.17,0.0,4.6327897307809085,131028,0,1,0,1
SHP-03999,2026-01-07,Pontianak,Medan,Anteraja,motor,1.32,0.718,115676,1676.6,2605354,22.5229,1270.13,0.0,3.5116252082089217,91490,0,0,0,0
SHP-04000,2026-04-28,Bogor,Bengkulu,SiCepat,motor,2.52,0.907,400849,1544.7,6765593,16.8782,612.96,1.2,81.69,5526813,1,1,0,1
SHP-04001,2026-03-26,Depok,Mataram,JX Express,kapal_laut,1.39,0.6152,131992,616.6,1768281,13.3969,443.59,0.5,72.43,1280766,1,1,0,1
SHP-04002,2026-03-15,Medan,Yogyakarta,JX Express,truk,2.63,1.4823,171471,1426.1,4967724,28.9712,542.23,3.5,79.23,3935928,1,0,1,1
SHP-04003,2026-02-08,Samarinda,Lampung,TIKI,truk,7.48,3.3226,855495,964.4,2179193,2.5473,128.93,0.0,3.91088281662244,85226,0,0,0,0
SHP-04004,2026-01-02,Banjarmasin,Balikpapan,Wahana,kapal_laut,1.36,0.773,125623,1452.1,2387691,19.0068,1067.76,0.0,3.3355551768678415,79643,0,0,0,0
SHP-04005,2026-01-10,Palembang,Samarinda,J&T Express,kapal_laut,5.09,2.1785,386001,1342.4,3658169,9.4771,263.73,0.0,2.3078393730630835,84425,0,0,0,0
SHP-04006,2026-03-31,Padang,Pekanbaru,Anteraja,truk,3.96,1.2322,396376,1555.0,3411679,8.6072,392.68,0.0,3.6167827625083864,123393,0,0,0,0
SHP-04007,2026-05-26,Bandung,Manado,JX Express,motor,4.58,1.8187,499171,2422.8,9210451,18.4515,528.99,5.7,72.54,6681261,1,1,0,1
SHP-04008,2026-05-13,Medan,Bogor,JX Express,kapal_laut,5.18,2.7735,579115,1133.9,5470649,9.4466,218.89,0.9,73.31,4010533,1,0,1,1
SHP-04009,2026-05-07,Pontianak,Jakarta,Wahana,motor,5.25,2.7819,402636,1662.5,8307949,20.6339,316.67,0.0,4.424709556434158,367603,0,0,1,1
SHP-04010,2026-04-24,Bengkulu,Blitar,TIKI,motor,1.92,0.964,193908,1580.1,5258015,27.116,822.97,0.0,0.6879929057221473,36175,0,0,1,1
SHP-04011,2026-03-13,Depok,Bekasi,TIKI,pesawat,3.54,1.6869,263650,649.8,1047755,3.974,183.57,2.4,78.03,817563,1,1,1,0
SHP-04012,2025-12-29,Yogyakarta,Bekasi,JNE,pesawat,5.86,3.1013,489973,83.2,92832,0.1895,14.2,0.9,31.06,28834,1,1,1,0
SHP-04013,2026-04-29,Pontianak,Surabaya,Ninja Xpress,kapal_laut,1.52,0.7975,180626,586.7,2666453,14.7623,385.97,0.0,4.701859828105074,125373,0,0,1,1
SHP-04014,2026-05-17,Pontianak,Kupang,J&T Express,pesawat,4.05,2.323,700407,1143.2,3664136,5.2314,282.26,0.0,2.4111374300692074,88347,0,0,0,0
SHP-04015,2026-03-10,Samarinda,Kupang,Ninja Xpress,pesawat,4.49,1.6003,360877,1449.7,3090491,8.5638,322.87,0.0,1.1127956192394732,34391,0,0,0,0
SHP-04016,2026-04-07,Medan,Samarinda,Anteraja,pesawat,3.42,1.7452,275707,1228.7,2900377,10.5198,359.28,0.0,2.7362520153511456,79362,0,0,0,0
SHP-04017,2026-05-31,Ternate,Depok,JX Express,motor,1.65,0.6683,146972,1318.1,3306341,22.4964,798.86,0.0,1.5368577343136298,50814,0,0,1,1
SHP-04018,2026-01-05,Bogor,Makassar,Wahana,motor,2.1,1.0912,225704,815.2,3974246,17.6082,388.17,0.3,79.57,3162308,1,1,0,1
SHP-04019,2026-06-11,Banjarmasin,Blitar,JNE,motor,1.88,0.5801,210211,1925.3,5457400,25.9615,1024.08,0.0,2.48111032703195,135404,0,0,1,1
SHP-04020,2026-01-28,Semarang,Ambon,JX Express,pesawat,2.53,1.3528,225997,2249.5,9292687,41.1186,889.13,2.6,76.6,7118198,1,1,0,1
SHP-04021,2026-02-18,Tangerang,Malang,JX Express,pesawat,2.38,0.7899,236110,481.6,866253,3.6689,202.37,0.0,4.060870105813613,35177,0,1,1,0
SHP-04022,2025-12-30,Malang,Manado,J&T Express,pesawat,4.87,2.3056,581561,762.1,2058393,3.5394,156.48,0.0,0.4193131323199245,8631,0,1,0,1
SHP-04023,2026-03-06,Jakarta,Yogyakarta,TIKI,kapal_laut,2.34,0.7654,354132,263.0,368838,1.0415,112.41,4.4,49.1,181099,1,1,1,0
SHP-04024,2026-04-07,Pontianak,Makassar,JX Express,pesawat,3.47,2.0665,406883,1545.8,4403317,10.8221,445.49,0.0,4.853123434893154,213698,0,0,0,0
SHP-04025,2026-05-31,Bandung,Padang,JX Express,truk,3.87,1.8933,303031,1470.9,5218587,17.2213,380.07,4.8,77.86,4063192,1,1,0,1
SHP-04026,2026-02-05,Palembang,Bandung,SiCepat,truk,1.7,0.6031,224317,1339.4,4957090,22.0986,787.87,0.0,2.2746857176781465,112758,0,0,1,1
SHP-04027,2026-05-27,Lampung,Ambon,TIKI,kapal_laut,2.56,1.146,205178,1026.6,2165206,10.5528,401.0,0.0,2.5006233135504363,54144,0,0,0,0
SHP-04028,2026-02-15,Samarinda,Yogyakarta,JNE,truk,2.55,1.2356,226436,2482.4,12195102,53.8567,973.48,0.0,3.1918868907437483,389254,0,0,1,1
SHP-04029,2026-02-10,Ternate,Jakarta,J&T Express,kapal_laut,1.2,0.5713,178491,1085.3,5096955,28.5558,904.46,0.0,1.9331127042791079,98530,0,0,1,1
SHP-04030,2026-03-04,Bengkulu,Semarang,Ninja Xpress,truk,3.97,1.3885,336055,563.1,1869240,5.5623,141.84,0.0,3.2679142247590165,61085,0,0,1,1
SHP-04031,2026-05-11,Manado,Mataram,Ninja Xpress,kapal_laut,1.34,0.7213,187838,965.3,2320186,12.3521,720.38,0.0,1.48451753974479,34444,0,0,0,0
SHP-04032,2026-02-07,Jambi,Bandung,J&T Express,truk,1.98,0.6795,335115,2360.1,8657078,25.8332,1191.98,0.0,0.3383826063723694,29294,0,0,1,1
SHP-04033,2026-05-09,Jakarta,Tangerang,JX Express,motor,3.15,1.6927,547928,718.5,975792,1.7809,228.11,0.0,3.0529923881512966,29791,0,1,1,0
SHP-04034,2025-12-24,Semarang,Surabaya,JX Express,motor,1.77,0.6718,228910,784.9,939676,4.105,443.43,2.8,68.55,644148,1,1,1,0
SHP-04035,2026-06-05,Jambi,Balikpapan,J&T Express,motor,3.94,2.147,286558,1477.6,4292531,14.9796,375.03,9.6,80.59,3459351,1,0,0,0
SHP-04036,2026-04-26,Manado,Medan,J&T Express,truk,1.84,0.5635,169470,1113.4,2518367,14.8603,605.1,2.6,74.83,1884494,1,0,0,0
SHP-04037,2026-03-29,Kupang,Bekasi,J&T Express,pesawat,1.93,1.1489,196766,1387.8,3523391,17.9065,719.09,0.0,2.8320838768216476,99785,0,0,1,1
SHP-04038,2026-04-19,Malang,Bekasi,Anteraja,pesawat,7.62,3.3538,772171,339.1,553172,0.7164,44.51,0.0,0.9291333737804391,5140,0,1,1,0
SHP-04039,2026-06-13,Solo,Blitar,SiCepat,pesawat,9.24,5.0172,917826,151.0,136220,0.1484,16.34,0.0,4.025246594186193,5483,0,1,1,0
SHP-04040,2025-12-23,Manado,Makassar,SiCepat,motor,5.15,2.8933,396324,383.2,746722,1.8841,74.4,0.0,1.0698247674830241,7989,0,0,0,0
SHP-04041,2026-05-12,Bandung,Pekanbaru,JNE,pesawat,2.15,0.8996,368740,1702.0,4605722,12.4904,791.61,0.0,0.04905627187600292,2259,0,1,0,1
SHP-04042,2026-04-28,Samarinda,Bandung,J&T Express,pesawat,4.42,1.5383,316634,1599.7,7507726,23.7111,361.93,1.6,80.23,6023449,1,0,1,1
SHP-04043,2026-04-29,Tangerang,Semarang,SiCepat,motor,3.06,1.0061,355597,710.2,1271377,3.5753,232.08,0.0,0.9338125273440095,11872,0,1,1,0
SHP-04044,2026-03-08,Tangerang,Padang,SiCepat,pesawat,1.44,0.469,161699,1886.8,5350526,33.0894,1310.31,0.0,2.453460016360298,131273,0,1,0,1
SHP-04045,2026-03-10,Lampung,Bengkulu,Anteraja,motor,4.81,2.2915,390064,319.0,551449,1.4137,66.32,0.0,1.3966869693268285,7702,0,0,0,0
SHP-04046,2026-03-19,Balikpapan,Bandung,Ninja Xpress,truk,3.04,1.4943,277173,2410.7,11690350,42.1771,792.99,2.0,74.47,8705804,1,0,1,1
SHP-04047,2026-03-11,Blitar,Pontianak,Anteraja,motor,4.65,1.7649,822521,1881.9,6388978,7.7676,404.71,0.8,74.64,4768733,1,1,0,1
SHP-04048,2026-01-08,Padang,Solo,Ninja Xpress,motor,5.32,2.64,678737,1899.4,8112509,11.9524,357.04,0.0,4.765615714531883,386611,0,0,1,1
SHP-04049,2025-12-20,Manado,Samarinda,J&T Express,truk,3.95,1.2868,582312,489.7,1156824,1.9866,123.98,2.0,69.77,807116,1,0,0,0
SHP-04050,2026-01-17,Banjarmasin,Solo,Wahana,truk,0.79,0.2558,101394,695.1,2666394,26.2974,879.81,0.7,65.63,1749954,1,0,1,1
SHP-04051,2026-02-02,Surabaya,Bekasi,TIKI,truk,4.73,2.5651,815056,636.5,1019206,1.2505,134.57,0.3,70.52,718744,1,1,1,0
SHP-04052,2026-05-27,Pekanbaru,Solo,TIKI,truk,2.93,1.0815,342694,1539.0,6988582,20.3931,525.24,0.0,4.64899735381133,324899,0,0,1,1
SHP-04053,2025-12-24,Malang,Balikpapan,JNE,pesawat,1.85,0.8153,247196,1983.2,4992030,20.1946,1071.98,0.0,2.420692250631484,120842,0,1,0,1
SHP-04054,2026-01-15,Balikpapan,Makassar,JX Express,pesawat,1.56,0.6818,158196,1047.8,2343403,14.8133,671.66,0.0,4.2106146353366904,98672,0,0,0,0
SHP-04055,2026-04-18,Pekanbaru,Surabaya,TIKI,pesawat,2.67,1.0015,305746,1897.3,8514649,27.8488,710.58,1.0,71.51,6088825,1,0,1,1
SHP-04056,2026-05-19,Malang,Tangerang,Anteraja,truk,0.92,0.4561,158759,735.8,595470,3.7508,799.77,0.0,0.7611614329146044,4532,0,1,1,0
SHP-04057,2026-03-05,Makassar,Semarang,JNE,motor,2.12,0.687,279260,2072.3,9060509,32.4447,977.49,0.0,3.371109546122571,305440,0,0,1,1
SHP-04058,2026-02-19,Lampung,Jakarta,Wahana,kapal_laut,4.97,2.2356,569586,972.4,3674119,6.4505,195.65,0.0,0.5916406119120476,21738,0,0,1,1
SHP-04059,2026-05-07,Ternate,Palembang,TIKI,pesawat,1.93,0.8824,297746,218.5,729998,2.4517,113.21,0.0,3.9655010561317883,28948,0,0,0,0
SHP-04060,2025-12-18,Semarang,Pekanbaru,Wahana,pesawat,4.5,2.1339,505699,1619.6,4408781,8.7182,359.91,0.0,4.419438758328475,194843,0,1,0,1
SHP-04061,2026-01-18,Bogor,Bengkulu,J&T Express,motor,2.34,1.1334,289314,2307.7,7737596,26.7446,986.19,0.0,1.8836464095338212,145749,0,1,0,1
SHP-04062,2026-03-02,Mataram,Solo,TIKI,truk,3.44,1.7061,590844,2233.9,7223095,12.225,649.38,0.0,0.8070571448188857,58295,0,0,1,1
SHP-04063,2026-04-23,Ambon,Makassar,J&T Express,kapal_laut,5.76,2.0715,807368,966.9,1822802,2.2577,167.86,0.0,2.820488570628882,51412,0,0,0,0
SHP-04064,2026-03-02,Solo,Balikpapan,Anteraja,kapal_laut,1.93,1.0991,243773,2373.0,11700786,47.9987,1229.56,0.8,79.55,9307975,1,1,0,1
SHP-04065,2025-12-28,Balikpapan,Pekanbaru,Ninja Xpress,pesawat,1.98,0.7579,215758,397.3,1086291,5.0348,200.65,0.0,3.9602572171067734,43020,0,0,0,0
SHP-04066,2026-02-15,Banjarmasin,Ternate,Wahana,motor,10.71,4.2027,2011709,1569.8,3930992,1.9541,146.58,0.0,1.3649603404744282,53656,0,0,0,0
SHP-04067,2026-02-10,Mataram,Semarang,JX Express,motor,2.31,0.9392,356208,2217.7,6444312,18.0914,960.05,6.2,79.06,5094873,1,0,1,1
SHP-04068,2026-04-20,Palembang,Pekanbaru,JX Express,pesawat,6.75,3.9087,650929,1028.4,2764442,4.2469,152.36,0.0,0.7474668450678468,20663,0,0,0,0
SHP-04069,2026-04-27,Solo,Pontianak,TIKI,motor,3.27,1.5949,288886,1795.3,8239134,28.5204,549.02,0.0,0.5669423435182375,46711,0,1,0,1
SHP-04070,2026-03-02,Padang,Manado,TIKI,truk,1.42,0.6084,172277,1521.8,4308435,25.0088,1071.67,0.0,3.335115914161901,143691,0,0,0,0
SHP-04071,2026-03-27,Balikpapan,Bandung,J&T Express,motor,2.72,0.8643,266505,1582.0,7047539,26.4443,581.6,7.3,76.12,5364587,1,0,1,1
SHP-04072,2026-04-18,Bandung,Bekasi,Wahana,motor,5.74,2.6328,833368,98.0,100286,0.1203,17.07,2.2,33.72,33816,1,1,1,0
SHP-04073,2026-01-23,Ambon,Blitar,JX Express,motor,1.84,1.033,182048,1761.3,7298820,40.0928,957.22,0.0,0.5280793502106412,38544,0,0,1,1
SHP-04074,2026-04-20,Solo,Manado,J&T Express,kapal_laut,7.09,2.6912,1142490,1339.3,3519958,3.081,188.9,0.5,80.77,2843070,1,1,0,1
SHP-04075,2026-04-05,Bandung,Padang,Anteraja,motor,7.43,4.3832,811869,1173.5,3713890,4.5745,157.94,3.1,78.99,2933602,1,1,0,1
SHP-04076,2026-03-09,Depok,Pontianak,SiCepat,pesawat,0.64,0.3775,73543,939.2,2371213,32.2425,1467.54,0.0,2.2815337068995256,54100,0,1,0,1
SHP-04077,2026-05-23,Bengkulu,Medan,SiCepat,kapal_laut,1.59,0.6516,251855,1770.8,5875075,23.3272,1113.74,0.0,4.037262224744586,237192,0,0,0,0
SHP-04078,2025-12-30,Padang,Bekasi,JNE,truk,2.53,1.2628,297612,1967.6,6355488,21.3549,777.69,1.3,76.55,4865126,1,0,1,1
SHP-04079,2026-03-11,Blitar,Makassar,JNE,motor,1.58,0.8012,194233,2030.9,7392291,38.0589,1285.4,0.0,1.2761620892587044,94338,0,1,0,1
SHP-04080,2026-05-31,Blitar,Mataram,Ninja Xpress,pesawat,4.64,1.6222,429625,1918.0,6992061,16.2748,413.36,0.0,1.93503193689802,135299,0,1,0,1
SHP-04081,2026-03-12,Pekanbaru,Banjarmasin,Anteraja,truk,7.42,2.4291,515160,562.3,1467467,2.8486,75.78,1.1,74.82,1097959,1,0,0,0
SHP-04082,2026-02-16,Pekanbaru,Ambon,Anteraja,truk,1.66,0.6329,199803,1649.7,4930305,24.6758,993.78,0.0,4.122533778355296,203253,0,0,0,0
SHP-04083,2026-06-09,Bogor,Palembang,J&T Express,kapal_laut,2.42,0.7451,262183,1214.6,4502406,17.1728,501.91,3.8,73.7,3318273,1,1,0,1
SHP-04084,2026-05-24,Semarang,Yogyakarta,J&T Express,motor,1.9,0.9075,146077,68.3,117820,0.8066,35.97,0.0,4.324066378058224,5095,0,1,1,0
SHP-04085,2026-02-08,Bengkulu,Pekanbaru,Ninja Xpress,motor,2.73,0.9918,270424,1736.3,3122109,11.5452,636.02,3.6,75.67,2362500,1,0,0,0
SHP-04086,2026-03-13,Semarang,Jambi,TIKI,motor,4.88,2.1467,592743,2192.7,7454126,12.5756,449.32,0.0,4.346671018106237,324006,0,1,0,1
SHP-04087,2026-01-25,Solo,Depok,Ninja Xpress,kapal_laut,4.8,2.5011,444415,252.7,447116,1.0061,52.64,8.0,49.82,222753,1,1,1,0
SHP-04088,2025-12-20,Banjarmasin,Yogyakarta,Anteraja,kapal_laut,1.26,0.6542,118723,737.7,3582091,30.1718,585.45,0.5,73.52,2633553,1,0,1,1
SHP-04089,2026-04-24,Bandung,Padang,JX Express,kapal_laut,1.79,0.9126,156877,1152.8,3906493,24.9016,644.02,2.4,76.88,3003312,1,1,0,1
SHP-04090,2026-02-13,Padang,Depok,Anteraja,pesawat,1.6,0.7898,251152,1188.0,4403324,17.5325,742.48,0.0,4.602340506547579,202656,0,0,1,1
SHP-04091,2026-03-14,Palembang,Balikpapan,JNE,pesawat,6.43,2.3831,598380,1518.6,2998227,5.0106,236.17,0.1,73.05,2190205,1,0,0,0
SHP-04092,2026-05-06,Tangerang,Jambi,Wahana,truk,1.76,0.9955,152031,1759.4,6280191,41.3086,999.65,2.4,72.52,4554395,1,1,0,1
SHP-04093,2026-03-28,Kupang,Semarang,J&T Express,truk,2.14,1.0083,190861,2386.1,9731541,50.9876,1114.99,1.5,72.88,7092347,1,0,1,1
SHP-04094,2026-04-27,Jambi,Padang,TIKI,truk,3.7,1.5951,474436,398.9,898187,1.8932,107.8,4.1,61.06,548433,1,0,0,0
SHP-04095,2026-05-27,Mataram,Balikpapan,JNE,pesawat,2.01,0.7188,356701,508.7,1374072,3.8522,253.09,0.0,3.9204851244245558,53870,0,0,0,0
SHP-04096,2026-06-08,Lampung,Yogyakarta,J&T Express,truk,3.2,1.8857,271908,1442.6,6955533,25.5805,450.8,0.0,4.577283842419301,318374,0,0,1,1
SHP-04097,2025-12-19,Kupang,Bandung,Wahana,motor,5.8,3.1047,818769,1882.6,7304496,8.9213,324.59,0.0,4.585227482425364,334928,0,0,1,1
SHP-04098,2026-01-29,Palembang,Mataram,JX Express,motor,3.06,1.7726,531739,893.7,1398551,2.6301,292.05,0.0,1.1257826871730963,15745,0,0,0,0
SHP-04099,2026-03-10,Surabaya,Bengkulu,SiCepat,motor,1.78,0.9324,194467,608.9,1986461,10.2149,342.1,0.0,1.1510506376402323,22865,0,1,0,1
SHP-04100,2026-03-20,Pekanbaru,Pontianak,Anteraja,motor,4.18,1.6075,603994,1571.8,2917021,4.8296,376.02,2.2,71.9,2097338,1,0,0,0
SHP-04101,2026-03-09,Samarinda,Blitar,Ninja Xpress,pesawat,3.27,0.9984,371306,570.6,1442035,3.8837,174.49,0.0,3.041585502613155,43861,0,0,1,1
SHP-04102,2026-02-15,Bengkulu,Manado,JX Express,truk,6.03,2.7271,568433,766.3,1679074,2.9539,127.08,0.0,0.45988246148248424,7722,0,0,0,0
SHP-04103,2026-05-23,Mataram,Bengkulu,JX Express,truk,2.15,0.9154,181008,991.2,2997631,16.5608,461.01,0.9,77.33,2318068,1,0,0,0
SHP-04104,2026-01-31,Surabaya,Jakarta,JNE,truk,3.54,1.9827,540322,202.2,226761,0.4197,57.11,0.0,1.2932668195955699,2933,0,1,1,0
SHP-04105,2026-03-15,Padang,Bogor,JX Express,pesawat,1.94,0.7792,178081,2008.2,9714179,54.5492,1035.17,4.5,73.78,7167121,1,0,1,1
SHP-04106,2026-06-07,Palembang,Bogor,JX Express,kapal_laut,6.72,3.9418,555140,1606.6,4314464,7.7718,239.08,4.3,77.82,3357516,1,0,1,1
SHP-04107,2026-02-14,Jakarta,Solo,Anteraja,kapal_laut,5.29,2.1829,553663,793.0,739791,1.3362,149.91,0.0,1.8522665268349296,13703,0,1,1,0
SHP-04108,2026-05-07,Manado,Banjarmasin,Anteraja,pesawat,3.02,1.0642,392367,1793.3,4434147,11.301,593.81,0.0,4.989804313752914,221255,0,0,0,0
SHP-04109,2026-01-04,Surabaya,Lampung,Anteraja,truk,12.73,7.5716,1632953,2198.5,9187078,5.6261,172.7,2.0,75.37,6924301,1,1,0,1
SHP-04110,2026-03-18,Palembang,Pontianak,Anteraja,truk,3.75,1.39,521607,922.3,2479880,4.7543,245.94,1.3,80.15,1987624,1,0,0,0
SHP-04111,2026-05-02,Jakarta,Padang,Wahana,kapal_laut,4.88,2.7699,604184,592.9,2749314,4.5505,121.49,0.0,3.5218158838876694,96826,0,1,0,1
SHP-04112,2026-03-08,Padang,Manado,Ninja Xpress,kapal_laut,2.98,1.2925,326862,1655.3,5608277,17.1579,555.48,0.7,80.22,4498960,1,0,0,0
SHP-04113,2026-01-30,Tangerang,Banjarmasin,Anteraja,motor,6.92,2.5938,440750,2055.5,5791913,13.141,297.04,0.2,79.64,4612680,1,1,0,1
SHP-04114,2026-04-15,Surabaya,Bogor,Ninja Xpress,truk,1.64,0.9715,185238,74.8,109025,0.5886,45.62,0.0,1.1609850506538129,1266,0,1,1,0
SHP-04115,2026-02-14,Bogor,Semarang,J&T Express,kapal_laut,3.81,1.3316,335636,561.8,610172,1.818,147.44,0.0,1.0451666295516326,6377,0,1,1,0
SHP-04116,2026-04-05,Medan,Manado,J&T Express,truk,4.81,1.5207,401288,358.3,593829,1.4798,74.48,0.8,57.51,341511,1,0,0,0
SHP-04117,2026-04-08,Lampung,Depok,Anteraja,pesawat,4.59,2.6694,512918,1782.7,4479209,8.7328,388.38,0.0,3.4894444042512784,156300,0,0,1,1
SHP-04118,2026-03-21,Ambon,Pontianak,Wahana,motor,2.25,1.3219,247599,873.1,2936660,11.8605,388.06,0.0,3.906539691729697,114722,0,0,0,0
SHP-04119,2026-02-11,Jambi,Bengkulu,J&T Express,motor,1.31,0.4915,92810,284.8,491935,5.3005,217.38,0.0,1.5200458071491703,7478,0,0,0,0
SHP-04120,2026-01-25,Ambon,Solo,SiCepat,kapal_laut,3.95,1.4225,323844,2111.7,5708657,17.6278,534.61,1.0,80.63,4602890,1,0,1,1
SHP-04121,2026-01-08,Bengkulu,Jakarta,Ninja Xpress,pesawat,2.38,1.2393,356520,1710.8,7567178,21.2251,718.82,12.2,78.2,5917533,1,0,1,1
SHP-04122,2026-06-09,Medan,Lampung,J&T Express,truk,7.88,3.7612,1020692,1381.5,3993779,3.9128,175.32,0.3,79.85,3189033,1,0,0,0
SHP-04123,2026-06-09,Mataram,Bengkulu,Wahana,truk,2.79,1.3185,382197,1499.3,3888707,10.1746,537.39,3.9,76.5,2974861,1,0,0,0
SHP-04124,2026-06-10,Malang,Manado,Ninja Xpress,kapal_laut,3.86,1.8667,389919,2222.6,10823588,27.7586,575.8,3.6,80.3,8691341,1,1,0,1
SHP-04125,2026-02-04,Medan,Pontianak,Ninja Xpress,truk,1.21,0.3961,150973,1556.0,5396847,35.7471,1285.97,0.0,0.9985347193418354,53889,0,0,0,0
SHP-04126,2026-04-26,Bandung,Manado,Ninja Xpress,truk,5.09,2.1436,512059,1817.7,7706279,15.0496,357.11,1.1,73.56,5668739,1,1,0,1
SHP-04127,2026-01-09,Semarang,Ternate,TIKI,pesawat,3.52,1.8788,402634,1423.8,6996600,17.3771,404.48,0.0,3.175394186163471,222170,0,1,0,1
SHP-04128,2026-04-19,Ambon,Bogor,Wahana,truk,1.33,0.7896,149226,836.7,2658470,17.8151,629.11,0.0,0.3100914945508082,8244,0,0,1,1
SHP-04129,2026-04-28,Pontianak,Samarinda,Wahana,kapal_laut,1.09,0.622,133713,1519.1,3113926,23.2881,1393.63,0.0,4.37201897424176,136141,0,0,0,0
SHP-04130,2026-05-11,Balikpapan,Palembang,SiCepat,kapal_laut,2.3,0.806,365356,1079.6,2396044,6.5581,469.4,1.8,76.65,1836568,1,0,0,0
SHP-04131,2026-02-14,Ternate,Bandung,JX Express,motor,0.84,0.4739,96671,1654.7,5021682,51.9461,1969.93,1.8,68.71,3450398,1,0,1,1
SHP-04132,2026-01-17,Samarinda,Tangerang,Ninja Xpress,truk,3.05,1.2816,435185,1532.6,7108761,16.335,502.5,0.0,0.25795457058647664,18337,0,0,1,1
SHP-04133,2026-02-19,Lampung,Palembang,Wahana,kapal_laut,3.31,1.7081,550780,1699.1,4006680,7.2746,513.33,0.0,4.805674784340735,192548,0,0,0,0
SHP-04134,2026-02-10,Lampung,Pekanbaru,JNE,truk,1.94,1.0064,292082,470.0,905761,3.1011,242.27,0.0,4.594857799452727,41618,0,0,0,0
SHP-04135,2026-04-20,Jakarta,Samarinda,Wahana,motor,15.13,5.9015,1199101,997.4,2604367,2.1719,65.92,0.0,3.1031717573671447,80818,0,1,0,1
SHP-04136,2026-02-07,Ternate,Yogyakarta,J&T Express,truk,2.46,1.3408,164493,1960.0,8932514,54.3033,796.75,0.0,1.31757647346737,117693,0,0,1,1
SHP-04137,2026-01-27,Jakarta,Ternate,TIKI,truk,4.5,1.5146,447873,1057.1,2720349,6.0739,234.92,0.0,1.5088409119449637,41046,0,1,0,1
SHP-04138,2026-01-24,Ternate,Manado,TIKI,truk,6.89,3.9779,953964,1158.5,3612835,3.7872,168.14,0.0,1.8438376113498278,66615,0,0,0,0
SHP-04139,2026-04-10,Semarang,Pekanbaru,Wahana,pesawat,3.06,1.6428,321816,1593.5,4606261,14.3133,520.76,4.7,74.99,3454235,1,1,0,1
SHP-04140,2026-01-26,Solo,Ambon,Ninja Xpress,truk,2.26,0.9911,425915,1976.5,8804820,20.6727,874.57,1.5,81.86,7207626,1,1,0,1
SHP-04141,2026-05-05,Manado,Kupang,Anteraja,truk,6.76,3.6375,838232,240.8,394993,0.4712,35.62,0.0,4.052360881139371,16007,0,0,0,0
SHP-04142,2025-12-30,Ternate,Jambi,Anteraja,truk,4.4,2.2317,345547,1384.2,2139966,6.193,314.6,0.0,1.9990405295199853,42779,0,0,0,0
SHP-04143,2026-05-12,Balikpapan,Solo,JX Express,kapal_laut,1.15,0.5068,119763,1259.4,3367000,28.1139,1095.1,4.9,72.94,2455890,1,0,1,1
SHP-04144,2026-02-09,Tangerang,Malang,SiCepat,pesawat,1.38,0.5943,151087,161.1,221163,1.4638,116.7,0.0,0.617029730527977,1365,0,1,1,0
SHP-04145,2026-04-03,Solo,Samarinda,Anteraja,motor,2.97,1.3586,351165,1368.2,3583319,10.2041,460.68,0.5,73.11,2619765,1,1,0,1
SHP-04146,2026-04-04,Bekasi,Balikpapan,Ninja Xpress,motor,0.93,0.4651,97292,1896.7,8786162,90.3071,2039.41,0.5,67.99,5973712,1,1,0,1
SHP-04147,2026-05-16,Jakarta,Makassar,J&T Express,kapal_laut,6.82,3.7358,404184,1535.2,4688926,11.601,225.11,0.0,0.8647259869536206,40546,0,1,0,1
SHP-04148,2026-05-21,Mataram,Balikpapan,TIKI,pesawat,1.46,0.6202,229474,1110.2,1950004,8.4977,760.43,3.6,73.99,1442808,1,0,0,0
SHP-04149,2025-12-19,Palembang,Balikpapan,Anteraja,truk,4.57,2.0579,698552,1515.9,3073037,4.3992,331.71,3.0,78.87,2423704,1,0,0,0
SHP-04150,2026-02-08,Bogor,Palembang,Anteraja,motor,5.19,2.3061,515533,680.0,2944570,5.7117,131.02,0.7,74.54,2194882,1,1,0,1
SHP-04151,2026-01-18,Bogor,Jambi,Wahana,pesawat,3.47,1.4624,316082,1819.8,6806359,21.5335,524.45,1.7,73.56,5006758,1,1,0,1
SHP-04152,2026-05-17,Lampung,Surabaya,TIKI,pesawat,3.79,2.1795,592393,2410.4,11507070,19.4247,636.0,1.1,71.23,8196486,1,0,1,1
SHP-04153,2026-02-03,Palembang,Lampung,Anteraja,pesawat,2.1,1.0581,239014,1215.5,2114968,8.8487,578.81,0.0,1.4202713061941463,30038,0,0,0,0
SHP-04154,2026-01-13,Malang,Depok,JNE,truk,2.13,1.1274,255166,324.3,507066,1.9872,152.25,0.0,0.28656420568685614,1453,0,1,1,0
SHP-04155,2026-01-27,Bengkulu,Surabaya,TIKI,motor,2.68,1.1717,256554,1417.7,5454104,21.2591,528.98,0.0,0.45619059417495944,24881,0,0,1,1
SHP-04156,2026-05-01,Bandung,Banjarmasin,Ninja Xpress,truk,1.93,1.1018,169029,1359.6,4334588,25.644,704.46,3.6,82.16,3561298,1,1,0,1
SHP-04157,2026-05-28,Balikpapan,Yogyakarta,JNE,pesawat,5.15,2.9516,577670,2326.4,7958336,13.7766,451.72,0.0,4.565051766782643,363302,0,0,1,1
SHP-04158,2026-04-23,Pekanbaru,Lampung,Wahana,truk,2.7,1.5465,304773,388.9,650495,2.1344,144.05,0.0,3.835686743270163,24951,0,0,0,0
SHP-04159,2026-01-17,Yogyakarta,Manado,JNE,kapal_laut,1.72,0.7932,227258,1035.0,4726245,20.7968,601.76,0.0,0.6055863749140245,28621,0,1,0,1
SHP-04160,2026-04-30,Yogyakarta,Ambon,J&T Express,motor,2.35,1.3107,340160,699.0,3404593,10.0088,297.45,12.8,76.53,2605535,1,1,0,1
SHP-04161,2026-02-16,Medan,Semarang,J&T Express,motor,1.83,1.0061,236408,2229.7,7594901,32.1262,1218.39,0.0,2.994225785034611,227408,0,0,1,1
SHP-04162,2025-12-18,Blitar,Surabaya,TIKI,truk,1.91,1.0669,329355,723.2,712065,2.162,378.62,3.7,73.01,519879,1,1,1,0
SHP-04163,2026-05-12,Medan,Yogyakarta,J&T Express,kapal_laut,2.03,1.1328,153012,653.8,3182310,20.7978,322.05,0.0,0.5642543619703677,17956,0,0,1,1
SHP-04164,2026-03-12,Jakarta,Depok,Anteraja,pesawat,1.9,0.6953,222285,70.9,77704,0.3496,37.31,0.7,32.43,25199,1,1,1,0
SHP-04165,2026-03-23,Blitar,Malang,TIKI,motor,5.36,3.0086,560649,555.2,693123,1.2363,103.59,1.4,69.46,481443,1,1,1,0
SHP-04166,2026-03-20,Tangerang,Pontianak,TIKI,motor,23.27,13.3166,2394197,897.4,4483804,1.8728,38.57,2.2,75.8,3398723,1,1,0,1
SHP-04167,2026-03-03,Jakarta,Banjarmasin,TIKI,truk,5.03,2.2352,380175,1865.5,7130106,18.7548,370.87,4.8,73.62,5249184,1,1,0,1
SHP-04168,2026-05-25,Makassar,Malang,J&T Express,kapal_laut,8.29,4.3488,997492,908.5,3582616,3.5916,109.59,2.0,72.18,2585932,1,0,1,1
SHP-04169,2026-02-03,Solo,Surabaya,Anteraja,kapal_laut,5.24,2.8688,855670,220.5,233640,0.273,42.08,0.0,4.928227818391532,11514,0,1,1,0
SHP-04170,2026-04-04,Ambon,Balikpapan,SiCepat,truk,2.09,1.1335,123905,1088.4,2644114,21.3398,520.78,1.9,72.34,1912752,1,0,0,0
SHP-04171,2026-06-03,Manado,Surabaya,TIKI,kapal_laut,2.11,1.2244,273934,810.5,3779149,13.7958,384.13,0.4,78.53,2967766,1,0,1,1
SHP-04172,2026-01-27,Medan,Manado,Anteraja,kapal_laut,4.27,2.3051,643445,1476.2,3363804,5.2278,345.7,0.5,75.22,2530253,1,0,0,0
SHP-04173,2026-02-27,Lampung,Yogyakarta,TIKI,truk,3.84,1.6937,495587,1814.5,5800042,11.7034,472.52,0.0,4.023408679660302,233359,0,0,1,1
SHP-04174,2026-03-27,Lampung,Bengkulu,JNE,kapal_laut,4.85,2.6756,573682,1520.8,3377874,5.8881,313.56,2.7,74.37,2512125,1,0,0,0
SHP-04175,2026-01-15,Pontianak,Semarang,SiCepat,motor,0.79,0.4487,68717,1966.3,6624587,96.4039,2489.0,3.0,70.64,4679608,1,0,1,1
SHP-04176,2026-04-10,Tangerang,Semarang,TIKI,motor,1.57,0.6927,145968,426.9,462436,3.1681,271.88,4.0,57.99,268167,1,1,1,0
SHP-04177,2026-05-02,Makassar,Samarinda,JNE,kapal_laut,3.49,1.541,316438,1073.7,3076440,9.7221,307.64,0.0,3.438007431565693,105768,0,0,0,0
SHP-04178,2026-02-12,Makassar,Semarang,JNE,pesawat,2.08,0.6811,196910,2353.3,9209778,46.7715,1131.4,0.3,76.56,7051006,1,0,1,1
SHP-04179,2026-02-18,Kupang,Bekasi,Anteraja,motor,8.2,3.4232,728872,2067.1,7593023,10.4175,252.09,0.1,72.64,5515572,1,0,1,1
SHP-04180,2026-01-08,Samarinda,Semarang,SiCepat,pesawat,0.89,0.3037,107252,2214.2,7573148,70.6108,2487.82,0.8,72.6,5498105,1,0,1,1
SHP-04181,2026-05-29,Jambi,Bengkulu,Wahana,pesawat,2.76,1.0466,179514,779.5,2052224,11.4321,282.42,5.2,74.63,1531575,1,0,0,0
SHP-04182,2026-01-22,Ternate,Padang,Ninja Xpress,pesawat,1.96,0.6796,254346,491.3,1356585,5.3336,250.65,0.0,1.4173632619952574,19228,0,0,0,0
SHP-04183,2026-02-05,Ternate,Depok,Ninja Xpress,pesawat,1.52,0.6849,274529,2180.3,10183576,37.0947,1434.38,0.0,0.9290714413078033,94613,0,0,1,1
SHP-04184,2026-05-26,Bengkulu,Lampung,JX Express,motor,1.38,0.6939,172074,1550.1,3653534,21.2323,1123.29,0.7,66.32,2423024,1,0,0,0
SHP-04185,2026-03-17,Makassar,Surabaya,Ninja Xpress,pesawat,6.28,2.6944,689817,1798.3,5032434,7.2953,286.35,0.0,0.6313065093221992,31770,0,0,1,1
SHP-04186,2026-02-02,Lampung,Palembang,Wahana,pesawat,9.64,3.4853,956967,578.8,887115,0.927,60.04,0.0,1.216708233795492,10794,0,0,0,0
SHP-04187,2026-01-29,Palembang,Bengkulu,JNE,kapal_laut,2.36,1.2941,271190,1004.2,3329756,12.2783,425.52,0.8,75.97,2529616,1,0,0,0
SHP-04188,2026-03-31,Jambi,Manado,JX Express,pesawat,3.18,1.4375,370466,397.0,720141,1.9439,124.86,1.6,57.01,410552,1,0,0,0
SHP-04189,2026-04-09,Surabaya,Jakarta,Ninja Xpress,kapal_laut,5.31,2.9318,555604,491.7,525695,0.9462,92.59,0.0,2.828774692300731,14871,0,1,1,0
SHP-04190,2026-04-02,Depok,Jakarta,JNE,motor,1.59,0.7923,184139,569.1,830916,4.5124,357.94,0.6,67.96,564691,1,1,1,0
SHP-04191,2026-04-28,Palembang,Semarang,J&T Express,pesawat,5.1,2.0416,604356,560.2,1593036,2.6359,109.84,0.0,4.0387254461484945,64338,0,0,1,1
SHP-04192,2026-05-13,Bandung,Semarang,Ninja Xpress,truk,8.16,2.9145,667691,515.4,739853,1.1081,63.16,0.0,0.6169328224795123,4564,0,1,1,0
SHP-04193,2026-04-20,Yogyakarta,Kupang,TIKI,pesawat,1.39,0.7638,157115,1874.6,9061017,57.6712,1348.67,0.0,4.520811093664021,409631,0,1,0,1
SHP-04194,2025-12-18,Banjarmasin,Mataram,JX Express,motor,1.49,0.8386,169016,767.7,1286805,7.6135,515.22,2.4,69.43,893429,1,0,0,0
SHP-04195,2026-05-06,Balikpapan,Semarang,Anteraja,pesawat,4.85,1.6023,356552,1081.5,2998952,8.411,223.0,0.0,1.7915301083141406,53727,0,0,1,1
SHP-04196,2026-03-08,Bekasi,Jambi,J&T Express,truk,2.11,0.8188,315483,776.7,3362961,10.6597,368.09,0.0,4.365423799378408,146807,0,1,0,1
SHP-04197,2026-03-02,Bogor,Manado,TIKI,pesawat,2.14,1.2603,287327,2075.7,8023552,27.9248,969.96,0.0,3.5793446349319407,287191,0,1,0,1
SHP-04198,2026-02-25,Pekanbaru,Tangerang,Ninja Xpress,motor,3.23,1.3945,576116,2256.3,9135323,15.8567,698.55,0.0,3.3294349755998036,304155,0,0,1,1
SHP-04199,2026-06-13,Depok,Padang,J&T Express,kapal_laut,5.66,2.9671,950262,2459.2,10907527,11.4784,434.48,0.0,3.083954051795094,336383,0,1,0,1
SHP-04200,2026-02-13,Makassar,Jambi,Anteraja,pesawat,2.28,0.8634,314087,1376.2,2528540,8.0504,603.62,0.0,0.29175711722351283,7377,0,0,0,0
SHP-04201,2026-02-04,Semarang,Kupang,Anteraja,motor,8.14,2.474,517531,999.9,3520963,6.8034,122.83,0.0,0.3366646927437045,11854,0,1,0,1
SHP-04202,2026-03-26,Surabaya,Ternate,J&T Express,kapal_laut,2.91,0.9697,204152,1809.3,5734014,28.087,621.75,0.0,1.265092836889123,72541,0,1,0,1
SHP-04203,2026-04-06,Mataram,Kupang,TIKI,kapal_laut,2.24,0.7321,344973,1100.5,3379866,9.7975,491.32,6.4,69.92,2363202,1,0,0,0
SHP-04204,2026-06-12,Bogor,Balikpapan,SiCepat,motor,1.62,0.7969,136548,1213.4,3943690,28.8813,749.01,0.0,3.402170161826476,134171,0,1,0,1
SHP-04205,2026-02-25,Mataram,Jakarta,JNE,motor,3.7,1.9838,366345,1390.6,4033086,11.009,375.84,0.0,1.6296649330146684,65726,0,0,1,1
SHP-04206,2026-02-28,Ternate,Padang,TIKI,truk,4.88,1.8031,505717,1355.6,3988370,7.8866,277.78,0.0,0.7156187468558439,28542,0,0,0,0
SHP-04207,2026-01-17,Mataram,Lampung,J&T Express,truk,2.84,0.86,313200,1304.6,2460919,7.8573,459.35,0.0,3.296536219060534,81125,0,0,0,0
SHP-04208,2026-04-17,Blitar,Malang,Ninja Xpress,pesawat,4.75,2.2438,279871,248.6,402761,1.4391,52.34,0.0,2.364907046196934,9525,0,1,1,0
SHP-04209,2025-12-26,Padang,Makassar,J&T Express,truk,3.16,1.0393,527964,902.8,2898363,5.4897,285.69,0.0,0.1605994375110248,4655,0,0,0,0
SHP-04210,2026-01-14,Samarinda,Padang,Ninja Xpress,pesawat,3.31,1.6721,359986,430.6,838129,2.3282,130.08,0.0,2.342417031760843,19632,0,0,0,0
SHP-04211,2026-02-08,Lampung,Palembang,Wahana,kapal_laut,1.64,0.6254,126552,1509.9,3732095,29.4906,920.69,2.4,73.41,2739731,1,0,0,0
SHP-04212,2025-12-24,Ambon,Yogyakarta,TIKI,truk,2.55,0.8842,332516,2441.6,11597092,34.8768,957.47,0.0,3.0150062734052825,349653,0,0,1,1
SHP-04213,2026-03-06,Kupang,Medan,SiCepat,motor,2.14,1.0039,213264,472.2,1220354,5.7223,220.66,0.0,1.4561701674236334,17770,0,0,0,0
SHP-04214,2026-05-13,Ambon,Jakarta,JX Express,pesawat,7.25,4.3152,459472,2155.6,9380054,20.4149,297.32,0.1,72.56,6806167,1,0,1,1
SHP-04215,2026-03-27,Semarang,Banjarmasin,Ninja Xpress,kapal_laut,1.54,0.8219,205392,1996.1,6403699,31.1779,1296.2,0.0,1.2910372773108558,82674,0,1,0,1
SHP-04216,2026-06-01,Bengkulu,Samarinda,Anteraja,truk,2.65,1.1327,378645,818.5,2461865,6.5018,308.88,0.0,2.4345530590031235,59935,0,0,0,0
SHP-04217,2026-06-09,Bandung,Blitar,TIKI,motor,3.38,1.8618,441619,137.6,213040,0.4824,40.7,4.9,37.97,80891,1,1,1,0
SHP-04218,2026-06-12,Bogor,Mataram,JNE,pesawat,0.99,0.5205,142341,693.6,2597324,18.2472,700.6,0.0,2.534518707620653,65830,0,1,0,1
SHP-04219,2026-03-26,Makassar,Ternate,SiCepat,pesawat,2.7,0.9327,356628,1789.2,4084743,11.4538,662.65,0.0,1.3944019235403193,56958,0,0,0,0
SHP-04220,2026-05-28,Kupang,Mataram,JX Express,truk,1.6,0.4972,219704,716.2,1462476,6.6566,447.61,1.0,71.15,1040552,1,0,0,0
SHP-04221,2025-12-18,Palembang,Kupang,Wahana,kapal_laut,0.97,0.539,65912,396.1,926141,14.0512,408.39,2.6,55.61,515027,1,0,0,0
SHP-04222,2025-12-17,Lampung,Balikpapan,Wahana,kapal_laut,4.37,2.1661,381626,325.2,630021,1.6509,74.41,0.0,2.769683863654726,17450,0,0,0,0
SHP-04223,2025-12-23,Padang,Lampung,JX Express,kapal_laut,1.95,0.669,258899,1107.4,3140963,12.132,567.88,4.1,76.61,2406292,1,0,0,0
SHP-04224,2025-12-21,Blitar,Jakarta,Ninja Xpress,truk,7.35,3.0427,744390,741.9,873893,1.174,100.93,0.2,77.86,680413,1,1,1,0
SHP-04225,2026-05-17,Lampung,Surabaya,Ninja Xpress,truk,4.18,2.0219,567923,1583.9,5243707,9.2331,378.93,0.0,4.954442023668806,259796,0,0,1,1
SHP-04226,2026-05-26,Bekasi,Bogor,JNE,truk,3.4,1.5903,612952,660.9,727497,1.1869,194.37,0.0,1.9239080192949443,13996,0,1,1,0
SHP-04227,2026-03-27,Solo,Depok,J&T Express,pesawat,1.09,0.5975,88550,757.3,1003932,11.3375,694.81,0.0,0.3976879317474463,3993,0,1,1,0
SHP-04228,2026-02-05,Surabaya,Depok,SiCepat,truk,6.65,3.5719,613680,62.9,93254,0.152,9.46,0.8,30.63,28564,1,1,1,0
SHP-04229,2026-03-28,Padang,Makassar,Ninja Xpress,motor,1.01,0.4429,127805,1304.7,3601829,28.1822,1291.74,0.3,72.7,2618530,1,0,0,0
SHP-04230,2026-01-14,Bogor,Yogyakarta,JNE,motor,3.5,1.0565,344077,274.2,241175,0.7009,78.34,0.0,4.7042302795991215,11345,0,1,1,0
SHP-04231,2026-03-19,Pontianak,Mataram,Anteraja,pesawat,1.82,0.6198,168992,1585.5,4618427,27.3293,871.16,0.0,0.845346693304177,39042,0,0,0,0
SHP-04232,2026-02-25,Mataram,Surabaya,Anteraja,truk,3.99,2.2515,447376,717.1,2171138,4.853,179.72,3.2,71.11,1543896,1,0,1,1
SHP-04233,2026-05-14,Semarang,Ternate,TIKI,truk,4.5,2.6216,707477,1340.9,5755597,8.1354,297.97,0.0,2.5581527196023464,147237,0,1,0,1
SHP-04234,2026-01-16,Malang,Balikpapan,Ninja Xpress,kapal_laut,4.01,2.1818,345702,559.9,2201075,6.367,139.63,3.9,76.92,1693067,1,1,0,1
SHP-04235,2026-05-04,Padang,Malang,TIKI,kapal_laut,1.18,0.5838,110006,1624.5,8090377,73.5449,1376.71,0.0,4.6433491267638,375664,0,0,1,1
SHP-04236,2026-02-02,Jakarta,Mataram,SiCepat,motor,4.85,2.1919,330320,972.4,4289510,12.9859,200.5,0.0,3.2214927601663597,138186,0,1,0,1
SHP-04237,2026-06-05,Palembang,Solo,TIKI,pesawat,3.04,1.2425,464371,1403.8,5822329,12.5381,461.78,0.0,2.178185675302347,126821,0,0,1,1
SHP-04238,2026-03-09,Makassar,Palembang,Wahana,truk,1.89,0.7151,141142,751.0,1989980,14.0991,397.36,0.0,3.168650743426562,63056,0,0,0,0
SHP-04239,2026-05-06,Tangerang,Pontianak,Anteraja,truk,3.95,1.7441,585303,2115.0,10084646,17.2298,535.45,0.5,79.28,7995107,1,1,0,1
SHP-04240,2026-05-18,Kupang,Jambi,Anteraja,truk,1.37,0.6333,196443,531.4,1224055,6.2311,387.9,0.0,3.03399796614029,37138,0,0,0,0
SHP-04241,2026-04-05,Depok,Kupang,JX Express,pesawat,4.64,2.3346,462372,608.1,1895032,4.0985,131.06,5.7,78.5,1487600,1,1,0,1
SHP-04242,2025-12-25,Depok,Blitar,JX Express,motor,5.42,1.9321,896169,192.5,204208,0.2279,35.52,0.0,0.2910294200031882,594,0,1,1,0
SHP-04243,2025-12-19,Surabaya,Banjarmasin,Ninja Xpress,motor,2.7,1.38,261317,1246.3,5195358,19.8814,461.6,0.0,0.2932549835971715,15236,0,1,0,1
SHP-04244,2026-01-15,Pekanbaru,Ternate,Ninja Xpress,motor,1.42,0.5896,150383,1702.2,3120924,20.7532,1198.71,3.1,78.71,2456479,1,0,0,0
SHP-04245,2026-04-21,Palembang,Jakarta,JX Express,pesawat,3.48,1.2253,520688,2105.3,7169731,13.7697,604.97,0.0,1.5044786888622907,107867,0,0,1,1
SHP-04246,2026-03-03,Palembang,Jakarta,Anteraja,pesawat,3.37,1.6974,325083,718.7,2307395,7.0979,213.26,0.0,1.5811009496893424,36482,0,0,1,1
SHP-04247,2026-06-02,Pontianak,Yogyakarta,JX Express,kapal_laut,6.4,3.2242,993226,1661.9,6134162,6.176,259.67,0.0,1.1701749506720711,71780,0,0,1,1
SHP-04248,2026-03-24,Blitar,Palembang,Ninja Xpress,truk,2.86,1.2335,347373,1094.9,2754977,7.9309,382.83,0.0,2.2824520265193904,62881,0,1,0,1
SHP-04249,2026-02-14,Depok,Ternate,JNE,truk,5.53,1.99,665041,2050.2,9555116,14.3677,370.74,0.0,3.731687109516236,356567,0,1,0,1
SHP-04250,2026-05-14,Balikpapan,Yogyakarta,Wahana,pesawat,3.73,1.3697,430900,968.8,3045181,7.067,259.73,0.0,1.956101875541778,59567,0,0,1,1
SHP-04251,2026-02-01,Ambon,Bengkulu,JNE,truk,2.09,0.8276,273498,1644.6,3151067,11.5214,786.87,1.8,77.79,2451215,1,0,0,0
SHP-04252,2026-02-02,Mataram,Lampung,Ninja Xpress,motor,2.75,1.0571,177748,1542.5,2728493,15.3503,560.9,0.0,0.43852340766389997,11965,0,0,0,0
SHP-04253,2026-04-10,Palembang,Medan,SiCepat,motor,1.92,0.7508,165216,347.0,912741,5.5245,180.72,0.0,2.1991095961239178,20072,0,0,0,0
SHP-04254,2026-01-28,Semarang,Manado,J&T Express,kapal_laut,2.69,1.5772,448253,2049.2,8965600,20.0012,761.78,0.0,2.6285659957503253,235667,0,1,0,1
SHP-04255,2026-01-30,Manado,Samarinda,SiCepat,motor,2.68,0.9728,312965,793.8,2355640,7.5268,296.19,0.0,3.4622660579644315,81559,0,0,0,0
SHP-04256,2026-02-20,Medan,Jambi,TIKI,pesawat,7.82,2.8877,792696,377.7,1196461,1.5094,48.3,0.0,2.2357646072302866,26750,0,0,0,0
SHP-04257,2026-05-08,Tangerang,Bengkulu,Wahana,kapal_laut,0.87,0.4748,98927,756.1,2249684,22.7408,869.08,0.0,0.5156689764447003,11601,0,1,0,1
SHP-04258,2026-04-06,Balikpapan,Semarang,Ninja Xpress,pesawat,0.93,0.3236,75125,1866.8,6775553,90.1904,2007.34,0.0,4.698235467830699,318331,0,0,1,1
SHP-04259,2026-06-06,Bengkulu,Semarang,Anteraja,pesawat,7.64,4.363,614605,889.3,2764759,4.4984,116.4,0.0,4.409801621753079,121920,0,0,1,1
SHP-04260,2025-12-21,Medan,Blitar,SiCepat,motor,2.44,1.4219,318311,575.0,1459767,4.586,235.64,4.9,81.0,1182411,1,0,1,1
SHP-04261,2026-01-17,Pekanbaru,Padang,Wahana,pesawat,2.59,0.8307,351154,1662.1,5723852,16.3001,641.75,0.0,2.86152095364904,163789,0,0,0,0
SHP-04262,2025-12-22,Padang,Balikpapan,SiCepat,motor,1.26,0.3901,205197,990.3,2513365,12.2485,785.92,5.7,72.44,1820682,1,0,0,0
SHP-04263,2026-04-27,Manado,Pekanbaru,SiCepat,truk,3.0,1.4188,567377,1319.3,3351851,5.9076,439.76,0.0,0.5406297335449095,18121,0,0,0,0
SHP-04264,2025-12-20,Medan,Kupang,SiCepat,pesawat,1.57,0.7912,229576,617.2,1413707,6.1579,393.12,0.9,72.8,1029179,1,0,0,0
SHP-04265,2026-06-12,Kupang,Malang,SiCepat,kapal_laut,2.27,1.1227,259090,1541.2,6398389,24.6956,678.96,0.0,2.7789068535892545,177805,0,0,1,1
SHP-04266,2026-02-19,Samarinda,Ambon,Ninja Xpress,pesawat,2.13,0.6437,245654,1377.0,2683675,10.9246,646.48,0.0,1.1043958612466338,29638,0,0,0,0
SHP-04267,2025-12-28,Mataram,Semarang,Anteraja,kapal_laut,4.97,2.4992,461536,745.5,3560379,7.7142,150.0,0.0,4.594252451439125,163573,0,0,1,1
SHP-04268,2026-05-18,Tangerang,Pekanbaru,SiCepat,pesawat,4.98,2.6443,424151,1874.2,6262799,14.7655,376.35,0.0,1.574185931740606,98588,0,1,0,1
SHP-04269,2026-05-02,Solo,Yogyakarta,JNE,motor,1.94,0.8983,252871,54.1,92797,0.367,27.9,2.1,25.31,23487,1,1,1,0
SHP-04270,2026-05-08,Jambi,Lampung,J&T Express,kapal_laut,8.75,3.1257,1266488,295.3,760374,0.6004,33.75,3.5,51.16,389007,1,0,0,0
SHP-04271,2026-05-11,Padang,Ambon,TIKI,pesawat,2.49,1.2156,271109,1586.1,2402451,8.8616,636.97,0.0,3.651188706242773,87718,0,0,0,0
SHP-04272,2026-05-14,Bengkulu,Yogyakarta,Anteraja,pesawat,5.82,1.9575,448027,702.0,2653273,5.9221,120.62,5.0,71.55,1898417,1,0,1,1
SHP-04273,2026-01-18,Padang,Malang,JX Express,pesawat,2.6,1.4732,243254,1075.0,3290289,13.5261,413.44,0.0,0.825329227184759,27156,0,0,1,1
SHP-04274,2026-01-27,Bogor,Bandung,J&T Express,truk,1.88,1.0592,219649,658.6,669984,3.0502,350.32,0.0,3.4091609394455262,22841,0,1,1,0
SHP-04275,2026-05-22,Depok,Kupang,J&T Express,pesawat,8.0,3.1607,559575,1037.6,5023178,8.9768,129.7,0.0,1.9628172683768441,98596,0,1,0,1
SHP-04276,2025-12-27,Bandung,Lampung,J&T Express,pesawat,2.15,0.7042,218724,1783.1,8915171,40.7599,829.33,0.0,4.065338889612571,362432,0,1,0,1
SHP-04277,2026-01-28,Manado,Surabaya,Anteraja,kapal_laut,7.22,3.7075,786096,1912.7,7769679,9.8839,264.92,0.0,4.719472922622892,366688,0,0,1,1
SHP-04278,2026-02-23,Mataram,Surabaya,Wahana,motor,1.36,0.6506,207316,2002.6,5547239,26.7574,1472.48,7.6,74.05,4107730,1,0,1,1
SHP-04279,2026-06-07,Lampung,Makassar,JNE,truk,3.64,2.1014,677528,1278.8,4225292,6.2363,351.33,0.0,0.6858809968508106,28980,0,0,0,0
SHP-04280,2026-02-18,Palembang,Tangerang,Ninja Xpress,motor,3.42,1.7499,370274,790.2,3337691,9.0141,231.05,0.0,1.0228783119433134,34141,0,0,1,1
SHP-04281,2026-05-27,Yogyakarta,Bogor,SiCepat,truk,5.99,2.4776,742117,514.1,459943,0.6198,85.83,0.0,2.2233858684496393,10226,0,1,1,0
SHP-04282,2026-01-04,Kupang,Yogyakarta,Wahana,pesawat,8.67,2.8531,909177,1401.1,4627683,5.09,161.6,3.1,72.65,3362012,1,0,1,1
SHP-04283,2025-12-24,Padang,Makassar,JNE,motor,4.63,2.0968,822120,1523.9,4036487,4.9099,329.14,0.0,4.126981126544568,166585,0,0,0,0
SHP-04284,2026-05-30,Kupang,Yogyakarta,SiCepat,pesawat,2.23,0.7637,282851,1280.3,6340720,22.4172,574.15,0.0,1.598468411192488,101354,0,0,1,1
SHP-04285,2026-01-25,Semarang,Depok,JX Express,kapal_laut,2.27,1.1961,215369,671.5,1039748,4.8278,295.81,0.0,3.5323867365298116,36728,0,1,1,0
SHP-04286,2026-03-26,Surabaya,Bekasi,Wahana,truk,1.59,0.6206,236256,682.6,645423,2.7319,429.29,1.5,73.51,474450,1,1,1,0
SHP-04287,2025-12-30,Ambon,Blitar,TIKI,pesawat,6.23,2.2277,518326,1722.9,4903062,9.4594,276.55,0.0,2.5254043381617413,123822,0,0,1,1
SHP-04288,2026-03-15,Malang,Semarang,JNE,kapal_laut,3.03,0.9483,273206,510.8,413598,1.5139,168.57,0.9,68.26,282322,1,1,1,0
SHP-04289,2025-12-25,Palembang,Bogor,Ninja Xpress,truk,3.53,1.3312,364348,1191.4,3081852,8.4585,337.5,0.0,1.483287392271642,45713,0,0,1,1
SHP-04290,2026-04-03,Jambi,Bengkulu,Anteraja,kapal_laut,2.47,0.9413,244311,1042.1,1713933,7.0154,421.9,1.8,77.97,1336354,1,0,0,0
SHP-04291,2026-05-06,Kupang,Padang,Anteraja,pesawat,5.03,2.2841,488698,736.1,1841596,3.7684,146.34,0.0,4.365958284434221,80403,0,0,0,0
SHP-04292,2026-01-24,Makassar,Kupang,JX Express,kapal_laut,2.06,1.1069,201335,1243.6,2810160,13.9576,603.7,6.4,71.77,2016852,1,0,0,0
SHP-04293,2026-05-05,Ambon,Solo,J&T Express,truk,5.04,1.7551,335099,2242.1,8429936,25.1566,444.86,0.0,1.4117027588614328,119006,0,0,1,1
SHP-04294,2025-12-23,Blitar,Semarang,J&T Express,motor,6.6,3.621,854950,718.2,880533,1.0299,108.82,0.1,77.8,685055,1,1,1,0
SHP-04295,2026-03-03,Ambon,Malang,TIKI,pesawat,5.76,1.8642,544422,1416.9,6714650,12.3335,245.99,12.3,73.06,4905723,1,0,1,1
SHP-04296,2026-05-20,Padang,Bekasi,J&T Express,pesawat,1.44,0.7439,185292,797.3,3497555,18.8759,553.7,0.0,1.3102470971683915,45827,0,0,1,1
SHP-04297,2026-03-06,Bengkulu,Medan,J&T Express,motor,5.92,2.9969,974234,843.2,1287785,1.3218,142.43,1.4,74.4,958112,1,0,0,0
SHP-04298,2026-05-06,Semarang,Makassar,J&T Express,truk,1.03,0.4353,130906,1731.6,8524906,65.1223,1681.17,2.6,69.0,5882185,1,1,0,1
SHP-04299,2026-04-03,Blitar,Bekasi,Anteraja,kapal_laut,1.15,0.5186,106460,189.2,251065,2.3583,164.54,0.0,2.9924560997631353,7513,0,1,1,0
SHP-04300,2026-02-12,Makassar,Jambi,Anteraja,truk,3.0,1.5295,413586,385.2,1314102,3.1773,128.41,0.0,4.71552690211686,61967,0,0,0,0
SHP-04301,2025-12-27,Medan,Samarinda,JNE,pesawat,0.94,0.3764,111610,1543.4,4722397,42.3116,1641.88,3.3,69.2,3267899,1,0,0,0
SHP-04302,2026-02-25,Bogor,Bekasi,JNE,motor,2.28,1.2675,310202,551.4,645627,2.0813,241.83,0.0,1.9561808297738248,12630,0,1,1,0
SHP-04303,2026-05-09,Ternate,Ambon,JNE,kapal_laut,2.08,0.8007,234517,485.7,1213701,5.1753,233.53,0.0,4.839763850993389,58740,0,0,0,0
SHP-04304,2026-02-07,Surabaya,Makassar,TIKI,motor,7.02,2.5939,797045,1860.5,8562314,10.7426,265.03,0.0,4.516025079740614,386676,0,1,0,1
SHP-04305,2026-02-14,Bengkulu,Banjarmasin,SiCepat,kapal_laut,2.2,0.932,313358,892.0,1967037,6.2773,405.44,0.0,4.949126390993536,97351,0,0,0,0
SHP-04306,2026-03-20,Jambi,Semarang,JX Express,pesawat,0.4,0.1991,70286,1010.8,4839074,68.8483,2526.99,0.0,4.072332975543057,197063,0,0,1,1
SHP-04307,2026-01-17,Balikpapan,Makassar,SiCepat,pesawat,4.85,1.5821,546333,1653.4,3877888,7.098,340.91,2.2,72.9,2826980,1,0,0,0
SHP-04308,2026-03-06,Pekanbaru,Kupang,Ninja Xpress,motor,3.04,1.4245,310227,227.1,792404,2.5543,74.69,0.8,46.21,366170,1,0,0,0
SHP-04309,2026-03-08,Samarinda,Palembang,Wahana,truk,1.17,0.5782,117302,1449.7,2425845,20.6803,1239.08,0.0,2.715441386283974,65872,0,0,0,0
SHP-04310,2026-01-15,Bandung,Medan,JX Express,kapal_laut,1.79,1.0473,216147,672.9,1754478,8.1171,375.93,8.6,76.53,1342702,1,1,0,1
SHP-04311,2026-03-03,Makassar,Mataram,Ninja Xpress,motor,1.15,0.6086,122502,674.5,1373124,11.209,586.5,0.0,0.37188073232824026,5106,0,0,0,0
SHP-04312,2026-06-11,Jambi,Bengkulu,J&T Express,kapal_laut,5.0,1.9918,476845,1697.0,2844654,5.9656,339.4,0.0,3.9098344312210513,111221,0,0,0,0
SHP-04313,2026-06-01,Bekasi,Ternate,JNE,truk,1.73,0.9834,286910,1545.6,6613360,23.0503,893.39,3.7,69.47,4594301,1,1,0,1
SHP-04314,2026-04-07,Solo,Bekasi,TIKI,motor,1.7,0.816,220595,566.3,644675,2.9224,333.14,6.0,69.23,446309,1,1,1,0
SHP-04315,2026-03-16,Depok,Ternate,JNE,pesawat,5.79,3.1481,928905,1682.9,6733476,7.2488,290.66,0.2,71.33,4802988,1,1,0,1
SHP-04316,2026-04-25,Ternate,Bengkulu,Wahana,kapal_laut,5.13,2.5241,540773,275.2,473626,0.8758,53.65,0.0,0.4189994339351688,1984,0,0,0,0
SHP-04317,2026-03-21,Ambon,Makassar,JX Express,kapal_laut,1.02,0.3668,172753,833.6,2299506,13.3109,817.25,0.0,3.8203915072370083,87850,0,0,0,0
SHP-04318,2026-05-14,Makassar,Bandung,JNE,truk,2.5,1.2791,190862,2197.4,6337240,33.2033,878.98,3.9,72.55,4597668,1,0,1,1
SHP-04319,2026-05-11,Mataram,Blitar,Anteraja,kapal_laut,2.9,1.5835,282272,505.2,1899868,6.7306,174.21,0.0,2.2541762801452974,42826,0,0,1,1
SHP-04320,2026-03-05,Ternate,Bengkulu,Wahana,truk,1.83,0.7694,222908,1421.5,4664313,20.9248,776.77,0.0,0.2505407657629344,11686,0,0,0,0
SHP-04321,2026-04-18,Jambi,Padang,JNE,motor,4.01,1.8636,391644,564.5,1874408,4.786,140.78,0.0,2.9305304128113137,54930,0,0,0,0
SHP-04322,2026-06-10,Tangerang,Bogor,Wahana,truk,2.24,1.3038,257358,679.2,683775,2.6569,303.23,1.6,80.58,550986,1,1,1,0
SHP-04323,2026-01-27,Samarinda,Lampung,J&T Express,kapal_laut,3.82,1.3521,384300,995.2,2343255,6.0975,260.52,0.8,80.85,1894522,1,0,0,0
SHP-04324,2026-05-11,Surabaya,Palembang,JNE,kapal_laut,2.45,1.2838,263138,791.6,3402109,12.929,323.1,2.2,68.78,2339971,1,1,0,1
SHP-04325,2026-01-03,Bekasi,Kupang,Ninja Xpress,truk,4.42,2.0227,438797,820.0,3717291,8.4716,185.52,0.0,3.9483437778940655,146771,0,1,0,1
SHP-04326,2026-02-14,Medan,Banjarmasin,Ninja Xpress,motor,0.48,0.2839,60261,1049.5,2866824,47.5735,2186.56,0.1,68.76,1971228,1,0,0,0
SHP-04327,2026-04-07,Jakarta,Blitar,Wahana,motor,2.05,1.2121,216700,62.6,82580,0.3811,30.56,3.3,28.7,23700,1,1,1,0
SHP-04328,2026-06-03,Kupang,Balikpapan,Ninja Xpress,pesawat,1.69,0.6932,248638,1205.9,2223537,8.9429,713.54,0.9,80.19,1783054,1,0,0,0
SHP-04329,2026-06-02,Bogor,Samarinda,Anteraja,motor,7.09,3.6752,987535,964.8,4527647,4.5848,136.08,0.0,4.149854385315407,187891,0,1,0,1
SHP-04330,2026-04-11,Manado,Jakarta,Wahana,pesawat,5.0,2.8061,648790,2025.3,7208474,11.1106,405.06,0.1,78.57,5663698,1,0,1,1
SHP-04331,2026-04-25,Solo,Banjarmasin,JNE,kapal_laut,3.59,2.1283,431076,1551.1,6315441,14.6504,432.07,0.0,1.4990520712703788,94672,0,1,0,1
SHP-04332,2026-02-08,Bengkulu,Samarinda,TIKI,truk,5.89,3.41,545237,1464.2,4042536,7.4143,248.58,0.0,3.443743824483973,139215,0,0,0,0
SHP-04333,2026-03-12,Pontianak,Bandung,Anteraja,motor,6.65,3.1004,769408,1905.2,5955535,7.7404,286.5,0.0,2.9287215758681584,174421,0,0,1,1
SHP-04334,2026-02-01,Pontianak,Solo,Anteraja,truk,2.77,0.9747,363046,695.5,2977210,8.2006,251.09,6.6,74.89,2229633,1,0,1,1
SHP-04335,2025-12-25,Medan,Ternate,Anteraja,motor,5.35,2.7818,344086,998.4,2599030,7.5534,186.61,0.0,1.5610009418743114,40571,0,0,0,0
SHP-04336,2025-12-22,Lampung,Semarang,JNE,pesawat,2.64,0.8947,456383,1345.7,6499498,14.2413,509.74,8.4,71.93,4675089,1,0,1,1
SHP-04337,2026-05-17,Jambi,Banjarmasin,JX Express,pesawat,5.14,2.3926,548578,541.5,1720673,3.1366,105.35,7.6,75.62,1301173,1,0,0,0
SHP-04338,2026-01-26,Jambi,Bengkulu,SiCepat,pesawat,2.17,0.884,229706,1730.6,5564467,24.2243,797.51,0.9,79.43,4419856,1,0,0,0
SHP-04339,2026-02-04,Bengkulu,Bogor,J&T Express,motor,3.13,1.3905,268513,2158.2,10104517,37.6314,689.51,0.0,3.1567163414599135,318971,0,0,1,1
SHP-04340,2026-04-27,Yogyakarta,Blitar,Wahana,truk,1.46,0.4469,210409,164.3,212008,1.0076,112.5,0.0,0.6444807824739707,1366,0,1,1,0
SHP-04341,2026-02-06,Lampung,Samarinda,Wahana,pesawat,3.85,1.3097,578788,1182.9,3536155,6.1096,307.26,0.0,4.70677487792981,166439,0,0,0,0
SHP-04342,2025-12-30,Bogor,Surabaya,J&T Express,pesawat,2.09,0.8677,163866,778.4,1030332,6.2876,372.45,0.0,2.0077761688205453,20687,0,1,1,0
SHP-04343,2026-05-12,Balikpapan,Kupang,Wahana,motor,3.14,1.4752,415769,648.8,1972446,4.7441,206.62,0.0,1.3424656553813734,26479,0,0,0,0
SHP-04344,2026-02-04,Palembang,Jambi,JNE,kapal_laut,2.04,1.0605,264063,1214.7,2337805,8.8532,595.43,0.0,0.303866894962575,7104,0,0,0,0
SHP-04345,2026-02-24,Ternate,Depok,Anteraja,kapal_laut,5.0,2.642,777559,858.4,3208956,4.127,171.68,0.0,3.348659736626894,107457,0,0,1,1
SHP-04346,2026-04-24,Makassar,Depok,TIKI,motor,2.47,0.9721,279232,2010.0,9174120,32.8548,813.75,0.0,4.081731553641407,374463,0,0,1,1
SHP-04347,2026-03-31,Balikpapan,Kupang,TIKI,motor,6.22,2.9869,547467,1112.9,1803209,3.2937,178.92,0.0,0.11948330405783913,2155,0,0,0,0
SHP-04348,2026-04-05,Yogyakarta,Ternate,Wahana,kapal_laut,2.11,0.9949,166918,2478.7,9337625,55.9414,1174.75,0.0,1.2859986985003202,120082,0,1,0,1
SHP-04349,2026-03-11,Lampung,Pontianak,SiCepat,motor,4.63,2.3266,383901,392.3,625892,1.6303,84.74,1.0,67.31,421288,1,0,0,0
SHP-04350,2026-06-05,Yogyakarta,Kupang,J&T Express,kapal_laut,5.42,1.8757,531100,2100.0,9651331,18.1723,387.45,0.0,3.6158288266964176,348976,0,1,0,1
SHP-04351,2026-03-11,Palembang,Bogor,Anteraja,pesawat,6.44,2.8891,897684,596.0,1559943,1.7377,92.54,0.0,2.829876277815755,44144,0,0,1,1
SHP-04352,2025-12-20,Lampung,Kupang,Ninja Xpress,motor,4.66,2.6681,839027,406.6,888600,1.0591,87.26,0.0,2.7781585698912497,24687,0,0,0,0
SHP-04353,2025-12-20,Malang,Makassar,J&T Express,truk,2.69,1.487,438933,1200.9,5803488,13.2218,446.43,0.0,3.0887792671806698,179257,0,1,0,1
SHP-04354,2026-04-15,Surabaya,Lampung,Wahana,truk,3.01,1.2001,472764,1218.8,4843648,10.2454,404.93,3.0,75.29,3646783,1,1,0,1
SHP-04355,2026-02-10,Pekanbaru,Malang,Wahana,pesawat,1.49,0.4823,269642,2255.5,9933188,36.8384,1513.78,0.2,68.24,6778407,1,0,1,1
SHP-04356,2026-05-29,Lampung,Ternate,J&T Express,pesawat,6.96,3.7657,421891,1641.9,5488747,13.0099,235.91,0.0,4.667712949848197,256199,0,0,0,0
SHP-04357,2026-04-05,Bekasi,Palembang,TIKI,truk,2.83,1.0334,385566,1392.3,5739054,14.8848,491.96,0.8,76.91,4413906,1,1,0,1
SHP-04358,2026-01-15,Banjarmasin,Jakarta,J&T Express,kapal_laut,2.68,1.1016,326533,2313.4,6690851,20.4906,863.2,0.0,2.014727420646851,134802,0,0,1,1
SHP-04359,2026-01-24,Solo,Kupang,TIKI,motor,10.22,4.4063,943103,1501.0,7503793,7.9565,146.87,0.0,0.5478515878715978,41110,0,1,0,1
SHP-04360,2026-04-03,Jakarta,Malang,J&T Express,motor,4.58,1.6379,452810,311.9,406845,0.8985,68.09,0.0,1.248133350084375,5078,0,1,1,0
SHP-04361,2026-05-12,Makassar,Pontianak,SiCepat,pesawat,1.9,0.641,225740,1358.0,2616546,11.591,714.76,2.0,73.58,1925255,1,0,0,0
SHP-04362,2026-04-03,Manado,Pontianak,SiCepat,kapal_laut,4.53,2.504,350417,525.5,1345097,3.8386,116.0,7.7,72.04,969008,1,0,0,0
SHP-04363,2026-05-05,Jakarta,Ternate,Ninja Xpress,pesawat,2.94,1.0433,547275,1342.0,6153473,11.2438,456.47,1.9,81.66,5024926,1,1,0,1
SHP-04364,2026-04-23,Balikpapan,Jambi,Anteraja,truk,2.32,1.1763,320585,1081.6,2734733,8.5304,466.21,0.0,3.754288381199089,102670,0,0,0,0
SHP-04365,2026-04-21,Lampung,Medan,JNE,truk,1.07,0.4216,144417,1170.6,2082908,14.4229,1094.0,0.0,1.15119917191702,23978,0,0,0,0
SHP-04366,2026-05-04,Makassar,Malang,SiCepat,motor,9.49,5.335,703831,1124.6,4412557,6.2693,118.51,0.0,4.752496820703312,209707,0,0,1,1
SHP-04367,2026-03-27,Solo,Medan,Ninja Xpress,truk,6.04,2.1059,628042,692.8,1981035,3.1543,114.7,4.9,77.22,1529755,1,1,0,1
SHP-04368,2026-06-06,Balikpapan,Bandung,SiCepat,motor,7.09,3.3519,887789,1912.6,7039161,7.9289,269.76,0.0,3.3175049446514633,233525,0,0,1,1
SHP-04369,2026-05-28,Surabaya,Malang,Wahana,pesawat,3.29,1.4803,430515,217.0,279950,0.6503,65.95,0.0,1.3145077004169687,3680,0,1,1,0
SHP-04370,2026-03-23,Jakarta,Depok,TIKI,truk,3.15,1.5755,450997,789.9,890702,1.975,250.77,0.0,4.943191323025269,44029,0,1,1,0
SHP-04371,2026-05-26,Ternate,Semarang,Ninja Xpress,pesawat,3.6,1.1456,498252,2067.3,6001333,12.0448,574.25,0.0,4.455046593593245,267362,0,0,1,1
SHP-04372,2026-02-13,Jakarta,Bengkulu,Ninja Xpress,truk,2.33,1.0877,200001,1992.2,5010812,25.0539,855.03,0.0,2.622347373942752,131401,0,1,0,1
SHP-04373,2026-06-14,Padang,Makassar,Ninja Xpress,kapal_laut,4.66,1.698,490651,1046.0,2655768,5.4127,224.45,5.6,82.07,2179589,1,0,0,0
SHP-04374,2026-05-21,Bandung,Padang,Wahana,pesawat,3.29,1.7618,489873,1920.8,9250662,18.8838,583.82,0.0,2.4477093267327508,226429,0,1,0,1
SHP-04375,2026-05-21,Padang,Bengkulu,Wahana,kapal_laut,4.65,1.4675,574771,755.2,1847889,3.215,162.42,0.0,4.1330869738095535,76375,0,0,0,0
SHP-04376,2026-06-09,Medan,Depok,Anteraja,truk,4.1,1.2381,576951,2363.7,6878875,11.9228,576.51,0.0,2.0091705835576357,138208,0,0,1,1
SHP-04377,2026-04-30,Palembang,Jambi,JX Express,motor,0.89,0.4251,67610,1576.7,2937661,43.4501,1771.6,0.0,3.3355796224648677,97988,0,0,0,0
SHP-04378,2026-05-04,Pekanbaru,Medan,TIKI,truk,1.85,0.8859,184394,1604.9,4202293,22.7897,867.54,1.3,75.0,3151720,1,0,0,0
SHP-04379,2026-02-28,Solo,Balikpapan,JX Express,pesawat,4.09,2.0861,365079,2414.1,9933963,27.2104,590.25,2.3,73.99,7350139,1,1,0,1
SHP-04380,2026-02-12,Pontianak,Semarang,SiCepat,kapal_laut,1.75,0.7484,156747,1578.9,4369503,27.8762,902.22,7.0,79.83,3488174,1,0,1,1
SHP-04381,2026-05-21,Malang,Pontianak,JNE,truk,3.52,1.1998,500149,2015.6,9028099,18.0508,572.62,0.0,4.7211174714431365,426227,0,1,0,1
SHP-04382,2026-01-10,Bandung,Surabaya,JNE,motor,4.6,1.6263,733461,577.9,482224,0.6575,125.63,0.0,0.3998924444182256,1928,0,1,1,0
SHP-04383,2026-06-09,Jambi,Balikpapan,Wahana,truk,2.48,1.3418,230533,1310.0,4158123,18.037,528.22,0.0,4.3882174910171114,182467,0,0,0,0
SHP-04384,2026-03-22,Bengkulu,Lampung,Anteraja,truk,1.99,1.1067,124870,1762.1,5833928,46.72,885.49,0.0,3.825478849293888,223176,0,0,0,0
SHP-04385,2026-05-18,Bandung,Pontianak,SiCepat,motor,2.9,1.3625,298053,516.6,2087498,7.0038,178.12,2.8,71.25,1487342,1,1,0,1
SHP-04386,2026-03-17,Pekanbaru,Surabaya,JNE,pesawat,2.48,0.9343,320985,2499.1,11168921,34.7958,1007.71,1.6,69.1,7717724,1,0,1,1
SHP-04387,2026-01-07,Manado,Blitar,Anteraja,kapal_laut,1.99,1.0845,274927,2421.1,10562199,38.4182,1216.62,6.1,77.08,8141343,1,0,1,1
SHP-04388,2026-05-28,Balikpapan,Bandung,Ninja Xpress,kapal_laut,7.09,4.1292,791833,1175.2,5303287,6.6975,165.75,0.0,2.885823020734043,153043,0,0,1,1
SHP-04389,2026-03-22,Kupang,Banjarmasin,TIKI,pesawat,4.03,1.9908,504119,256.1,707357,1.4032,63.56,0.0,1.8454957577381925,13054,0,0,0,0
SHP-04390,2026-05-12,Pontianak,Manado,J&T Express,truk,3.22,1.425,259724,1549.8,3443175,13.2571,481.3,0.0,4.484961794071236,154425,0,0,0,0
SHP-04391,2026-02-06,Makassar,Surabaya,JNE,motor,0.73,0.2737,103414,1967.7,6070542,58.7014,2695.51,0.0,0.7197305135192678,43692,0,0,1,1
SHP-04392,2026-02-01,Surabaya,Depok,Wahana,truk,1.16,0.6483,150746,137.3,231276,1.5342,118.38,0.0,0.31048345645869,718,0,1,1,0
SHP-04393,2026-03-01,Depok,Blitar,Anteraja,motor,2.48,1.0705,277965,274.4,303352,1.0913,110.63,0.0,1.3107865035797546,3976,0,1,1,0
SHP-04394,2026-04-16,Balikpapan,Pekanbaru,SiCepat,motor,2.51,0.9162,271055,1743.2,4435776,16.3649,694.5,0.0,1.141217333609688,50622,0,0,0,0
SHP-04395,2026-04-27,Malang,Tangerang,Anteraja,truk,2.26,0.8002,360775,169.4,213632,0.5921,74.95,0.0,2.269320491292061,4848,0,1,1,0
SHP-04396,2026-02-06,Bogor,Manado,JX Express,truk,6.08,1.9306,441680,2144.0,10650065,24.1126,352.64,0.0,3.128127101531834,333148,0,1,0,1
SHP-04397,2026-05-09,Makassar,Surabaya,Wahana,motor,4.3,2.383,477490,616.9,1630862,3.4155,143.46,0.0,4.758702198861345,77608,0,0,1,1
SHP-04398,2026-06-14,Ambon,Depok,Anteraja,truk,8.24,4.8061,733133,2494.2,7930948,10.8179,302.7,0.0,3.3332650510530737,264360,0,0,1,1
SHP-04399,2026-01-13,Depok,Kupang,JNE,motor,3.05,1.6507,259785,1239.3,3582799,13.7914,406.32,0.0,3.841547546928088,137635,0,1,0,1
SHP-04400,2026-05-11,Makassar,Malang,Wahana,pesawat,2.28,0.7023,408048,1320.6,5543714,13.5859,579.22,0.0,2.4790873545329712,137434,0,0,1,1
SHP-04401,2026-02-25,Malang,Banjarmasin,Wahana,kapal_laut,2.39,1.3197,244998,1681.9,5590969,22.8205,703.71,0.0,2.634292244265668,147282,0,1,0,1
SHP-04402,2026-04-06,Bekasi,Makassar,JNE,pesawat,3.36,1.328,231512,2060.5,10149196,43.8387,613.24,0.0,3.6497257386800785,370418,0,1,0,1
SHP-04403,2026-02-04,Ambon,Banjarmasin,J&T Express,pesawat,5.82,2.1271,588729,1378.8,4570818,7.7639,236.9,0.9,76.15,3480678,1,0,0,0
SHP-04404,2026-02-26,Yogyakarta,Palembang,SiCepat,truk,8.66,2.8774,696369,2372.9,6961714,9.9972,274.01,0.0,4.613368350252044,321170,0,1,0,1
SHP-04405,2026-01-13,Bengkulu,Banjarmasin,Ninja Xpress,motor,2.1,1.0899,298310,1456.4,3490992,11.7026,693.52,4.9,77.88,2718785,1,0,0,0
SHP-04406,2026-01-04,Makassar,Blitar,JX Express,pesawat,7.6,4.1102,997470,1678.9,4818428,4.8306,220.91,0.0,1.0527397364170787,50726,0,0,1,1
SHP-04407,2026-04-25,Bogor,Semarang,J&T Express,truk,4.08,1.8514,291875,684.3,595992,2.0419,167.72,0.0,2.9551047343276315,17612,0,1,1,0
SHP-04408,2026-02-15,Lampung,Samarinda,JX Express,motor,4.65,1.9663,539398,1041.3,2624276,4.8652,223.94,0.0,1.1997298450567877,31484,0,0,0,0
SHP-04409,2026-02-27,Ambon,Medan,JNE,motor,2.52,1.0968,310135,1175.1,3649307,11.7668,466.3,0.0,2.678030399962025,97730,0,0,0,0
SHP-04410,2026-05-24,Tangerang,Bandung,TIKI,pesawat,5.52,1.999,573233,441.5,656789,1.1458,79.97,0.0,2.9679168237135647,19493,0,1,1,0
SHP-04411,2026-02-26,Bandung,Pontianak,Wahana,motor,1.67,0.7198,185481,1479.7,3702930,19.9639,886.04,4.0,69.76,2583164,1,1,0,1
SHP-04412,2026-05-12,Samarinda,Pontianak,TIKI,kapal_laut,1.28,0.6645,168861,726.3,1510505,8.9453,567.42,0.0,0.5277299926625639,7971,0,0,0,0
SHP-04413,2025-12-22,Medan,Ternate,SiCepat,motor,3.58,1.6884,300062,1177.3,3365054,11.2145,328.85,2.3,77.01,2591428,1,0,0,0
SHP-04414,2026-03-21,Medan,Bandung,J&T Express,kapal_laut,3.18,1.2031,373173,2327.9,10210658,27.3617,732.06,8.7,78.72,8037830,1,0,1,1
SHP-04415,2026-04-03,Yogyakarta,Solo,Wahana,truk,4.17,1.5761,557547,377.2,625740,1.1223,90.46,0.0,1.2509201851674452,7828,0,1,1,0
SHP-04416,2026-03-30,Solo,Jambi,J&T Express,truk,1.77,0.8406,188538,1226.2,4585295,24.3203,692.79,5.2,76.5,3507751,1,1,0,1
SHP-04417,2026-05-29,Pekanbaru,Manado,Wahana,motor,3.69,1.4629,509655,1387.7,3938646,7.7281,376.06,0.9,80.23,3159976,1,0,0,0
SHP-04418,2026-02-19,Lampung,Pekanbaru,J&T Express,kapal_laut,3.44,1.9789,572821,1618.2,2973614,5.1912,470.4,0.0,0.7991413986965457,23763,0,0,0,0
SHP-04419,2026-04-27,Palembang,Banjarmasin,SiCepat,kapal_laut,5.25,3.0763,763383,544.6,1215433,1.5922,103.73,0.0,3.558932216000156,43256,0,0,0,0
SHP-04420,2026-01-19,Palembang,Pontianak,Anteraja,pesawat,3.71,1.3418,364623,984.6,1810040,4.9641,265.38,1.8,80.51,1457263,1,0,0,0
SHP-04421,2026-05-22,Depok,Mataram,Ninja Xpress,pesawat,9.06,4.1859,1328986,1873.9,4883630,3.6747,206.83,3.9,82.75,4041204,1,1,0,1
SHP-04422,2026-05-01,Banjarmasin,Semarang,Wahana,truk,2.26,1.3377,269785,870.6,4234290,15.6951,385.2,1.4,80.4,3404369,1,0,1,1
SHP-04423,2026-05-16,Tangerang,Banjarmasin,JNE,truk,1.87,0.9301,177082,2439.8,10430053,58.8996,1304.72,0.0,2.3470386844109914,244797,0,1,0,1
SHP-04424,2026-03-06,Solo,Bandung,JNE,motor,2.65,0.8297,290257,155.8,220977,0.7613,58.78,0.0,3.1927988096272264,7055,0,1,1,0
SHP-04425,2026-02-06,Lampung,Banjarmasin,Ninja Xpress,kapal_laut,1.08,0.5076,78491,968.7,3351599,42.7004,896.92,0.0,0.2562212706563094,8588,0,0,0,0
SHP-04426,2026-04-06,Pontianak,Bekasi,J&T Express,pesawat,3.05,1.6708,480106,730.6,3410655,7.104,239.53,0.0,4.20517311365623,143424,0,0,1,1
SHP-04427,2026-02-07,Medan,Makassar,JNE,truk,2.18,1.0477,220626,581.7,957337,4.3392,266.82,0.0,1.9815973656382557,18971,0,0,0,0
SHP-04428,2026-03-23,Mataram,Jakarta,Wahana,kapal_laut,1.48,0.6931,97967,996.3,2605453,26.5952,673.2,1.0,72.75,1895467,1,0,1,1
SHP-04429,2026-01-25,Pekanbaru,Jakarta,J&T Express,motor,2.48,0.9742,225251,1408.6,4796832,21.2955,567.98,3.3,74.26,3562127,1,0,1,1
SHP-04430,2026-05-14,Semarang,Bekasi,J&T Express,kapal_laut,4.11,2.4157,506647,151.4,202658,0.4,36.83,0.0,0.8421151188836951,1707,0,1,1,0
SHP-04431,2026-05-09,Yogyakarta,Ambon,TIKI,truk,3.9,1.8174,550426,2091.4,5517999,10.025,536.27,0.0,1.1172738207040456,61651,0,1,0,1
SHP-04432,2026-04-04,Medan,Solo,Anteraja,kapal_laut,1.93,0.8606,181774,2200.9,7260036,39.9399,1140.37,0.0,0.6929412332484763,50308,0,0,1,1
SHP-04433,2026-04-15,Tangerang,Kupang,SiCepat,pesawat,4.46,1.5232,556868,1457.7,5472036,9.8265,326.84,0.8,75.27,4118801,1,1,0,1
SHP-04434,2026-04-21,Solo,Jambi,JX Express,truk,3.72,1.2833,382705,1497.8,7075733,18.4887,402.63,0.0,1.7694583731766915,125202,0,1,0,1
SHP-04435,2026-01-18,Bekasi,Bengkulu,Anteraja,truk,4.57,2.2254,735993,1890.8,8181726,11.1166,413.74,0.0,0.41703681343527255,34121,0,1,0,1
SHP-04436,2026-05-07,Lampung,Yogyakarta,Anteraja,kapal_laut,0.9,0.3161,83210,2121.1,7913235,95.0996,2356.79,2.2,69.06,5464880,1,0,1,1
SHP-04437,2026-05-24,Jakarta,Samarinda,TIKI,motor,6.18,1.9209,593567,852.4,2622236,4.4178,137.93,0.0,2.668016715636361,69962,0,1,0,1
SHP-04438,2026-05-08,Tangerang,Bogor,Ninja Xpress,pesawat,5.95,2.2921,613009,796.8,1357664,2.2148,133.92,0.0,1.1124755251875746,15104,0,1,1,0
SHP-04439,2026-04-19,Palembang,Manado,TIKI,kapal_laut,4.38,2.3666,422193,1277.5,2866421,6.7894,291.66,0.0,3.1895489853845533,91426,0,0,0,0
SHP-04440,2026-03-18,Banjarmasin,Manado,Ninja Xpress,truk,1.52,0.9021,158132,1759.5,3800140,24.0314,1157.56,5.9,74.7,2838705,1,0,0,0
SHP-04441,2026-04-16,Medan,Lampung,JX Express,motor,1.2,0.6556,124917,1233.0,3457915,27.6817,1027.51,0.8,73.15,2529465,1,0,0,0
SHP-04442,2026-04-16,Bogor,Medan,SiCepat,pesawat,2.48,0.9934,225823,2049.4,8745964,38.7293,826.39,0.9,72.95,6380181,1,1,0,1
SHP-04443,2026-03-05,Makassar,Malang,SiCepat,truk,7.38,4.3478,699839,752.2,2689236,3.8426,101.92,0.0,4.808544844362286,129313,0,0,1,1
SHP-04444,2026-01-13,Manado,Medan,JX Express,motor,0.99,0.3019,115963,654.1,2239272,19.3102,660.72,0.0,1.1417508096385647,25567,0,0,0,0
SHP-04445,2026-01-31,Balikpapan,Pekanbaru,Wahana,pesawat,8.69,2.8641,831219,731.2,2239553,2.6943,84.15,10.5,72.29,1618973,1,0,0,0
SHP-04446,2026-03-05,Bekasi,Padang,TIKI,kapal_laut,1.1,0.4108,147334,757.0,3253211,22.0805,688.18,0.0,4.240772407525696,137961,0,1,0,1
SHP-04447,2026-03-06,Malang,Mataram,SiCepat,truk,3.74,1.3941,385674,1292.7,4275209,11.085,345.63,0.6,78.31,3347916,1,1,0,1
SHP-04448,2025-12-17,Ambon,Pekanbaru,J&T Express,truk,3.92,1.5395,383950,318.2,536649,1.3977,81.18,0.0,1.4671448926962494,7873,0,0,0,0
SHP-04449,2026-06-10,Samarinda,Bengkulu,Anteraja,motor,6.51,2.2406,937810,1683.4,4528050,4.8283,258.58,0.0,2.1626479769012255,97926,0,0,0,0
SHP-04450,2026-01-21,Bandung,Pontianak,JNE,truk,1.73,0.9045,239136,2221.3,7252755,30.329,1283.98,0.0,0.948835310066985,68817,0,1,0,1
SHP-04451,2026-04-06,Surabaya,Malang,Anteraja,motor,1.62,0.7996,150346,170.7,256687,1.7073,105.39,0.0,4.392943074401902,11276,0,1,1,0
SHP-04452,2026-01-06,Solo,Pontianak,SiCepat,kapal_laut,3.97,1.2306,374895,1743.0,6501534,17.3423,439.04,0.0,4.2042896732200905,273343,0,1,0,1
SHP-04453,2026-02-03,Jambi,Malang,SiCepat,truk,3.49,2.0593,326487,1330.0,3481515,10.6636,381.08,0.0,2.4507436829748066,85323,0,0,1,1
SHP-04454,2026-02-25,Bekasi,Padang,Wahana,truk,1.5,0.5195,118901,2211.2,8058985,67.779,1474.11,0.0,4.219276901660234,340031,0,1,0,1
SHP-04455,2026-04-14,Bengkulu,Ambon,TIKI,truk,6.06,1.9575,931339,1334.2,2744243,2.9466,220.16,0.7,73.04,2004395,1,0,0,0
SHP-04456,2026-02-17,Solo,Banjarmasin,J&T Express,pesawat,6.49,3.2985,736670,1463.7,5042524,6.845,225.53,0.8,72.27,3644232,1,1,0,1
SHP-04457,2026-02-28,Bogor,Bandung,Anteraja,pesawat,3.05,1.7696,520170,785.4,1215046,2.3359,257.51,0.0,1.0706992444552987,13009,0,1,1,0
SHP-04458,2026-02-11,Jakarta,Ternate,J&T Express,motor,2.71,1.4838,330530,2353.0,7059598,21.3584,868.27,5.5,77.58,5476836,1,1,0,1
SHP-04459,2026-01-20,Bogor,Manado,Anteraja,kapal_laut,2.34,1.0136,229792,2075.4,8377530,36.457,886.93,0.0,0.029513207957006515,2472,0,1,0,1
SHP-04460,2026-05-09,Depok,Ambon,Wahana,kapal_laut,1.07,0.6203,133014,2240.5,10755018,80.8563,2093.91,1.7,67.55,7265015,1,1,0,1
SHP-04461,2026-02-22,Bengkulu,Yogyakarta,TIKI,pesawat,2.74,0.922,433901,782.2,3704027,8.5366,285.49,5.2,77.49,2870251,1,0,1,1
SHP-04462,2026-01-08,Makassar,Palembang,JNE,motor,0.98,0.399,74308,682.9,1194638,16.0768,696.81,0.0,1.1725205181129716,14007,0,0,0,0
SHP-04463,2026-01-23,Manado,Ambon,TIKI,truk,2.25,1.0832,212122,1027.3,3114124,14.6808,456.59,5.3,76.33,2377011,1,0,0,0
SHP-04464,2025-12-21,Banjarmasin,Bekasi,Ninja Xpress,truk,3.48,1.9073,485366,1926.9,6874447,14.1634,553.72,2.0,81.72,5617798,1,0,1,1
SHP-04465,2026-05-05,Medan,Jambi,Ninja Xpress,motor,2.51,1.0752,219307,1156.8,3797887,17.3177,460.9,0.0,0.914908630778547,34747,0,0,0,0
SHP-04466,2026-05-02,Banjarmasin,Ambon,Wahana,pesawat,1.34,0.4757,205873,948.5,1884137,9.1519,707.84,1.8,72.33,1362796,1,0,0,0
SHP-04467,2026-05-01,Bandung,Semarang,TIKI,motor,4.23,1.7284,481231,597.1,880172,1.829,141.17,2.0,76.31,671659,1,1,1,0
SHP-04468,2026-03-10,Kupang,Samarinda,JNE,pesawat,2.63,1.5423,198320,988.0,1604088,8.0884,375.67,5.7,73.22,1174513,1,0,0,0
SHP-04469,2026-04-12,Ternate,Banjarmasin,Wahana,kapal_laut,5.24,2.8924,740263,408.3,685050,0.9254,77.92,0.0,0.9754725985411683,6682,0,0,0,0
SHP-04470,2026-04-24,Pontianak,Manado,Anteraja,truk,7.71,3.17,734649,1534.0,3790633,5.1598,198.96,0.0,0.25396627873989885,9627,0,0,0,0
SHP-04471,2026-06-06,Surabaya,Pekanbaru,Ninja Xpress,pesawat,1.81,0.7775,229705,1041.8,5124729,22.31,575.61,2.8,79.22,4059810,1,1,0,1
SHP-04472,2025-12-30,Bengkulu,Mataram,JX Express,pesawat,1.5,0.5095,198134,600.1,1472017,7.4294,400.08,0.1,68.47,1007890,1,0,0,0
SHP-04473,2026-03-18,Surabaya,Ternate,Anteraja,truk,2.5,1.0874,419845,1485.6,3934811,9.3721,594.23,2.5,74.41,2927893,1,1,0,1
SHP-04474,2026-04-26,Bandung,Palembang,TIKI,pesawat,3.72,1.8618,471821,872.4,4116424,8.7245,234.51,0.0,4.729313352901741,194679,0,1,0,1
SHP-04475,2026-02-21,Jambi,Malang,JX Express,truk,1.17,0.5074,163808,1338.5,5143629,31.4004,1144.06,1.7,70.38,3620086,1,0,1,1
SHP-04476,2026-04-27,Palembang,Jakarta,Wahana,truk,2.04,0.8761,152771,2016.9,8770896,57.412,988.7,0.0,1.3928100680441253,122162,0,0,1,1
SHP-04477,2026-03-23,Tangerang,Pekanbaru,J&T Express,motor,0.98,0.3489,124449,1622.8,4674100,37.5584,1655.89,0.0,0.6969951072488856,32578,0,1,0,1
SHP-04478,2026-04-16,Depok,Makassar,Anteraja,truk,3.55,1.4322,533616,1542.7,7531087,14.1133,434.56,1.5,73.32,5521793,1,1,0,1
SHP-04479,2026-06-07,Tangerang,Jakarta,J&T Express,motor,2.69,1.005,314541,333.3,363758,1.1565,123.89,0.0,0.8628569369797251,3139,0,1,1,0
SHP-04480,2026-05-21,Tangerang,Bengkulu,TIKI,kapal_laut,0.75,0.283,68437,1521.4,5344770,78.0977,2028.52,0.0,1.3668730637360638,73056,0,1,0,1
SHP-04481,2026-01-15,Ternate,Depok,SiCepat,motor,3.25,1.8853,269944,1103.3,4830559,17.8947,339.48,0.0,3.4550912241281324,166900,0,0,1,1
SHP-04482,2026-02-22,Tangerang,Padang,J&T Express,motor,11.91,7.0679,693617,1967.6,7588353,10.9403,165.2,0.0,0.6958590203520404,52804,0,1,0,1
SHP-04483,2026-06-01,Mataram,Bandung,JX Express,truk,1.19,0.6147,149868,1600.0,7568762,50.5029,1344.53,0.0,1.560390832869658,118102,0,0,1,1
SHP-04484,2025-12-30,Palembang,Banjarmasin,Ninja Xpress,motor,8.99,4.706,1388164,1407.6,3297689,2.3756,156.57,0.0,2.2245674210414834,73359,0,0,0,0
SHP-04485,2026-02-26,Bekasi,Lampung,JX Express,truk,1.56,0.5005,150291,1164.5,5815375,38.6941,746.46,0.5,70.74,4113796,1,1,0,1
SHP-04486,2026-01-27,Ternate,Mataram,SiCepat,truk,4.19,1.7404,433156,395.7,927754,2.1418,94.44,0.0,3.0350985107610335,28158,0,0,0,0
SHP-04487,2026-05-10,Jakarta,Jambi,Anteraja,pesawat,4.1,1.6441,351508,585.1,2395986,6.8163,142.72,4.6,79.86,1913434,1,1,0,1
SHP-04488,2026-05-28,Pekanbaru,Surabaya,Wahana,truk,2.29,0.762,153677,2451.2,9327154,60.6932,1070.4,0.0,2.5167755891134864,234744,0,0,1,1
SHP-04489,2026-05-28,Padang,Malang,JX Express,kapal_laut,1.24,0.631,89195,1875.8,7433363,83.3383,1512.72,0.0,2.3307110187461504,173250,0,0,1,1
SHP-04490,2026-04-18,Balikpapan,Pontianak,SiCepat,pesawat,1.12,0.4153,131287,465.8,1271952,9.6883,415.89,0.2,67.75,861747,1,0,0,0
SHP-04491,2026-01-29,Surabaya,Bogor,Anteraja,motor,6.56,2.8578,1026991,243.2,346267,0.3372,37.07,0.0,2.857477917083976,9895,0,1,1,0
SHP-04492,2026-05-03,Bengkulu,Pontianak,TIKI,truk,8.44,2.9724,648500,1521.1,4053787,6.251,180.22,0.0,1.5497907714730847,62825,0,0,0,0
SHP-04493,2026-05-25,Kupang,Pontianak,Anteraja,pesawat,1.17,0.6172,107937,1035.0,2609008,24.1716,884.58,0.0,1.463042444434236,38171,0,0,0,0
SHP-04494,2026-05-30,Tangerang,Pontianak,Wahana,motor,4.55,1.6611,676154,604.3,2648405,3.9169,132.82,0.0,4.3894497858747314,116250,0,1,0,1
SHP-04495,2026-06-06,Kupang,Samarinda,JX Express,kapal_laut,1.29,0.7019,83248,476.5,1200554,14.4214,369.38,4.5,64.09,769435,1,0,0,0
SHP-04496,2026-06-10,Kupang,Makassar,TIKI,kapal_laut,5.77,2.8144,518246,985.2,1624022,3.1337,170.75,0.0,2.7827720575377697,45193,0,0,0,0
SHP-04497,2026-03-01,Palembang,Kupang,Ninja Xpress,truk,4.02,2.2721,497709,1684.1,2695119,5.415,418.92,3.4,78.48,2115129,1,0,0,0
SHP-04498,2026-02-25,Surabaya,Makassar,SiCepat,motor,2.79,1.3481,299954,2255.3,9466993,31.5615,808.33,0.0,3.1489819158636347,298114,0,1,0,1
SHP-04499,2026-04-14,Semarang,Ambon,J&T Express,motor,3.33,1.2777,347795,2237.8,8431199,24.2419,672.01,0.0,2.8329287443159785,238850,0,1,0,1
SHP-04500,2026-05-16,Bandung,Jakarta,Anteraja,pesawat,3.42,1.6229,454740,518.7,622971,1.3699,151.67,5.2,75.12,467976,1,1,1,0
SHP-04501,2026-02-23,Manado,Bogor,Wahana,truk,3.97,1.2152,351025,2186.6,8064380,22.9738,550.79,0.0,4.570797037271944,368606,0,0,1,1
SHP-04502,2026-03-26,Medan,Depok,Ninja Xpress,motor,8.39,4.9967,691847,585.7,1852635,2.6778,69.8,0.0,2.732032851064372,50615,0,0,1,1
SHP-04503,2026-03-05,Surabaya,Makassar,JX Express,motor,4.74,2.4178,648229,797.3,2959966,4.5662,168.2,2.7,76.81,2273550,1,1,0,1
SHP-04504,2026-04-29,Malang,Bogor,TIKI,truk,2.01,0.82,184914,504.3,893287,4.8308,250.89,2.9,71.46,638343,1,1,1,0
SHP-04505,2026-05-31,Balikpapan,Ambon,Anteraja,motor,1.8,0.7162,203794,1588.4,2654330,13.0246,882.47,0.0,0.4611872570992659,12241,0,0,0,0
SHP-04506,2026-05-16,Bengkulu,Tangerang,Ninja Xpress,kapal_laut,3.09,1.4919,372578,1814.8,5998933,16.1011,587.31,1.0,77.41,4643774,1,0,1,1
SHP-04507,2026-06-05,Pekanbaru,Palembang,JX Express,kapal_laut,3.82,1.3643,396488,944.9,3061612,7.7218,247.35,0.0,1.7203182905316856,52669,0,0,0,0
SHP-04508,2026-03-01,Pontianak,Surabaya,Ninja Xpress,truk,9.68,4.9654,1656315,1490.0,6987662,4.2188,153.93,4.4,78.83,5508374,1,0,1,1
SHP-04509,2026-02-25,Surabaya,Bekasi,Anteraja,motor,1.02,0.4147,97967,216.6,186640,1.9051,212.37,0.4,38.79,72398,1,1,1,0
SHP-04510,2026-01-07,Manado,Pekanbaru,Wahana,pesawat,4.65,1.8401,584357,1152.6,1873542,3.2062,247.86,0.0,1.7484988321150956,32759,0,0,0,0
SHP-04511,2025-12-31,Semarang,Bengkulu,JX Express,pesawat,1.37,0.6147,129698,519.4,2164674,16.6901,379.16,0.0,1.6687841918809954,36124,0,1,0,1
SHP-04512,2026-04-05,Palembang,Ambon,JX Express,pesawat,2.8,1.0551,312727,1047.6,3330758,10.6507,374.14,0.0,4.071239052302968,135603,0,0,0,0
SHP-04513,2026-02-22,Jakarta,Ambon,SiCepat,kapal_laut,1.1,0.5226,119387,824.2,4056911,33.9812,749.27,0.0,0.9728128319709733,39466,0,1,0,1
SHP-04514,2026-01-20,Semarang,Balikpapan,Ninja Xpress,truk,1.87,1.0579,159917,1117.2,3157301,19.7434,597.44,0.0,0.2805292629348338,8857,0,1,0,1
SHP-04515,2026-01-14,Bekasi,Bandung,J&T Express,motor,1.53,0.5038,141931,155.4,212269,1.4956,101.55,0.0,0.5590917917374438,1187,0,1,1,0
SHP-04516,2026-01-01,Lampung,Palembang,Wahana,truk,3.77,1.4659,366762,1124.4,3056181,8.3329,298.25,0.0,3.6075176468953005,110252,0,0,0,0
SHP-04517,2026-05-15,Manado,Samarinda,Wahana,motor,2.39,1.0555,294982,1170.9,3896418,13.209,489.91,0.0,2.3090412522442643,89970,0,0,0,0
SHP-04518,2026-04-11,Samarinda,Balikpapan,Wahana,kapal_laut,1.04,0.524,98918,244.7,760374,7.6869,235.28,0.0,2.564890595173358,19503,0,0,0,0
SHP-04519,2026-04-26,Mataram,Medan,Anteraja,kapal_laut,5.88,2.295,935489,505.2,1748645,1.8692,85.92,0.0,3.646705651990575,63768,0,0,0,0
SHP-04520,2026-04-18,Semarang,Surabaya,J&T Express,kapal_laut,1.8,0.6374,210874,289.8,461737,2.1896,161.0,0.0,1.5614751353755074,7210,0,1,1,0
SHP-04521,2026-06-06,Semarang,Malang,SiCepat,truk,5.54,2.3039,521915,214.5,222095,0.4255,38.71,0.0,0.726406038653522,1613,0,1,1,0
SHP-04522,2026-05-18,Lampung,Bekasi,JX Express,truk,0.65,0.2812,64359,1075.6,4777649,74.2344,1654.71,0.0,4.111678862790258,196442,0,0,1,1
SHP-04523,2026-02-19,Pontianak,Banjarmasin,Wahana,truk,5.28,2.5422,507749,1091.1,2332123,4.5931,206.65,0.0,0.798615011953987,18625,0,0,0,0
SHP-04524,2026-04-14,Lampung,Semarang,J&T Express,pesawat,4.0,1.5858,350034,2415.9,11890401,33.9693,603.98,0.0,4.256459884326829,506110,0,0,1,1
SHP-04525,2026-01-21,Solo,Bandung,Anteraja,truk,4.63,1.6278,404810,681.6,1047182,2.5868,147.22,0.0,4.084028693154856,42767,0,1,1,0
SHP-04526,2026-05-17,Pekanbaru,Mataram,J&T Express,truk,4.38,1.938,610015,1476.9,4503283,7.3822,337.19,0.0,2.2878216914011853,103027,0,0,0,0
SHP-04527,2026-02-08,Padang,Makassar,JX Express,motor,3.12,1.3115,411670,302.6,934981,2.2712,96.98,3.3,51.22,478897,1,0,0,0
SHP-04528,2026-02-25,Bandung,Makassar,TIKI,kapal_laut,1.08,0.4679,96470,2187.5,9595302,99.4641,2025.43,0.0,0.5462742893204603,52417,0,1,0,1
SHP-04529,2025-12-30,Banjarmasin,Malang,Anteraja,kapal_laut,3.23,1.387,428867,2149.1,8060470,18.7948,665.37,1.2,76.42,6159811,1,0,1,1
SHP-04530,2026-05-20,Semarang,Yogyakarta,JNE,motor,3.07,1.1503,214123,514.0,848809,3.9641,167.41,0.0,2.2811576159313196,19363,0,1,1,0
SHP-04531,2026-01-14,Lampung,Bogor,SiCepat,motor,3.19,1.6549,432217,967.4,4155132,9.6135,303.26,0.0,2.8138960553963837,116921,0,0,1,1
SHP-04532,2026-06-13,Banjarmasin,Kupang,TIKI,motor,3.05,1.1583,199301,1655.5,2925619,14.6794,542.77,0.0,0.3327625987886995,9735,0,0,0,0
SHP-04533,2026-02-09,Padang,Balikpapan,J&T Express,kapal_laut,3.1,1.3831,411397,505.8,1332035,3.2378,163.16,0.0,1.06418833049166,14175,0,0,0,0
SHP-04534,2026-04-24,Palembang,Lampung,Wahana,kapal_laut,12.32,7.3749,1233632,1434.1,3420787,2.7729,116.41,0.9,72.33,2474255,1,0,0,0
SHP-04535,2026-02-10,Depok,Bengkulu,SiCepat,motor,5.21,1.9371,540373,644.8,2807755,5.196,123.76,0.0,0.7089833456048206,19907,0,1,0,1
SHP-04536,2026-03-04,Medan,Palembang,Anteraja,motor,3.71,1.4553,444184,814.2,2832973,6.3779,219.47,0.2,71.23,2017927,1,0,0,0
SHP-04537,2026-06-01,Medan,Samarinda,JNE,kapal_laut,6.91,2.3705,539186,1770.6,3912125,7.2556,256.24,0.0,3.0049684119238567,117558,0,0,0,0
SHP-04538,2026-04-20,Surabaya,Bengkulu,Anteraja,truk,2.69,1.5204,406264,2165.7,7387621,18.1843,805.11,0.7,74.99,5539977,1,1,0,1
SHP-04539,2026-06-12,Bengkulu,Ternate,SiCepat,motor,1.94,0.7696,229427,1210.6,2323360,10.1268,624.04,0.0,3.5998768143121844,83638,0,0,0,0
SHP-04540,2026-01-31,Solo,Banjarmasin,Anteraja,motor,2.37,1.3516,349896,2128.0,8485485,24.2514,897.89,0.0,3.5842182247534664,304138,0,1,0,1
SHP-04541,2026-03-08,Banjarmasin,Mataram,JNE,kapal_laut,3.49,1.8319,269146,235.8,566065,2.1032,67.57,0.0,1.8637391747814314,10550,0,0,0,0
SHP-04542,2026-03-22,Banjarmasin,Pekanbaru,Ninja Xpress,kapal_laut,3.41,1.8786,422071,1752.1,4880943,11.5643,513.81,0.0,0.08480062536261157,4139,0,0,0,0
SHP-04543,2026-05-30,Banjarmasin,Palembang,Anteraja,pesawat,3.72,2.0819,338322,1087.9,1892968,5.5952,292.44,0.5,73.75,1396064,1,0,0,0
SHP-04544,2026-05-07,Mataram,Bekasi,TIKI,motor,1.75,0.5666,295822,2188.5,5746389,19.4252,1250.55,0.0,3.542168816104372,203547,0,0,1,1
SHP-04545,2026-02-16,Palembang,Bengkulu,Ninja Xpress,motor,2.95,1.0238,276343,1569.9,5182140,18.7526,532.18,0.0,0.4862108785662367,25196,0,0,0,0
SHP-04546,2026-03-02,Ternate,Manado,J&T Express,pesawat,3.28,1.5126,396046,1738.8,4867949,12.2914,530.13,0.0,0.5167182273719539,25154,0,0,0,0
SHP-04547,2026-02-25,Pekanbaru,Yogyakarta,J&T Express,truk,4.75,2.394,643029,1457.8,7239769,11.2589,306.91,0.6,76.08,5508016,1,0,1,1
SHP-04548,2026-03-02,Banjarmasin,Jakarta,Anteraja,pesawat,2.06,0.6619,193685,627.2,2971908,15.344,304.47,0.1,71.52,2125509,1,0,1,1
SHP-04549,2026-05-29,Yogyakarta,Lampung,TIKI,pesawat,4.25,1.8891,415384,1673.4,8048775,19.3767,393.73,0.0,3.6347599395631853,292554,0,1,0,1
SHP-04550,2026-06-03,Yogyakarta,Depok,Ninja Xpress,kapal_laut,5.41,1.8417,620844,697.4,846974,1.3642,128.91,0.0,4.779986726382791,40485,0,1,1,0
SHP-04551,2026-05-28,Palembang,Manado,Ninja Xpress,motor,2.07,1.0934,331269,205.6,371094,1.1202,99.35,0.0,3.9767485597635566,14757,0,0,0,0
SHP-04552,2026-02-16,Surabaya,Ambon,J&T Express,truk,3.47,1.4145,291696,679.9,3149946,10.7987,195.93,4.7,78.2,2463258,1,1,0,1
SHP-04553,2026-04-11,Lampung,Makassar,J&T Express,pesawat,3.13,1.2115,436343,234.2,795777,1.8237,74.83,0.0,3.5391770930020536,28164,0,0,0,0
SHP-04554,2026-05-21,Pekanbaru,Lampung,Ninja Xpress,kapal_laut,2.49,1.402,421486,1733.8,5483257,13.0093,696.3,0.0,1.9224485485455944,105413,0,0,0,0
SHP-04555,2026-02-05,Mataram,Malang,Wahana,kapal_laut,6.26,2.0761,428696,1024.3,3926088,9.1582,163.62,0.0,2.076616265745918,81530,0,0,1,1
SHP-04556,2026-04-28,Bandung,Solo,Ninja Xpress,pesawat,1.78,0.9374,294413,607.5,953287,3.2379,341.28,0.0,2.2361502546535856,21317,0,1,1,0
SHP-04557,2026-01-27,Mataram,Palembang,Ninja Xpress,motor,2.47,0.9557,282780,1450.7,2599634,9.1931,587.31,0.0,3.552961346940078,92364,0,0,0,0
SHP-04558,2026-06-13,Surabaya,Lampung,J&T Express,motor,4.66,1.8545,721956,1367.3,4083878,5.6567,293.4,4.7,71.08,2902820,1,1,0,1
SHP-04559,2025-12-21,Malang,Banjarmasin,Anteraja,kapal_laut,1.9,0.5751,222103,1525.2,5285922,23.7994,802.72,3.8,75.03,3966027,1,1,0,1
SHP-04560,2026-01-08,Depok,Makassar,J&T Express,pesawat,0.8,0.3326,97323,1867.6,6988105,71.8032,2334.46,1.6,72.59,5072665,1,1,0,1
SHP-04561,2026-06-07,Surabaya,Balikpapan,Anteraja,pesawat,2.41,1.1708,402898,1963.1,7752175,19.241,814.58,3.9,80.23,6219570,1,1,0,1
SHP-04562,2026-05-21,Padang,Depok,JNE,pesawat,1.26,0.6885,164838,1311.6,5981617,36.2879,1040.97,0.0,1.7004531522542292,101715,0,0,1,1
SHP-04563,2026-02-27,Bandung,Blitar,J&T Express,pesawat,2.9,1.0674,322281,357.7,616990,1.9144,123.35,0.0,3.1215880716441804,19260,0,1,1,0
SHP-04564,2026-01-21,Manado,Jambi,Wahana,truk,2.69,0.8527,291316,1257.8,2053632,7.0495,467.57,0.0,0.7803124150966506,16025,0,0,0,0
SHP-04565,2026-04-03,Pekanbaru,Balikpapan,JX Express,motor,1.87,1.1161,149194,1550.7,3715542,24.9041,829.26,0.0,1.2911317945648477,47973,0,0,0,0
SHP-04566,2025-12-31,Ternate,Padang,J&T Express,motor,1.64,0.8003,169763,1201.5,2606285,15.3525,732.65,0.0,3.262434907975513,85028,0,0,0,0
SHP-04567,2025-12-20,Ternate,Bekasi,Anteraja,kapal_laut,3.6,1.4849,373021,1617.0,5405503,14.4911,449.17,0.0,4.296918321481508,232270,0,0,1,1
SHP-04568,2026-02-27,Solo,Pontianak,JX Express,kapal_laut,2.21,1.117,272324,1848.4,9109286,33.4502,836.39,0.0,0.6846114380680868,62363,0,1,0,1
SHP-04569,2026-02-26,Tangerang,Ternate,J&T Express,motor,2.56,1.4971,289875,2164.0,5549373,19.144,845.3,4.2,75.04,4164249,1,1,0,1
SHP-04570,2026-05-30,Bogor,Semarang,Anteraja,kapal_laut,1.2,0.4235,101806,786.3,1291808,12.6889,655.23,0.0,1.2385801612180631,16000,0,1,1,0
SHP-04571,2026-02-11,Padang,Ternate,SiCepat,kapal_laut,1.09,0.3569,113548,1325.7,3126192,27.5319,1216.28,0.0,0.5632387365288405,17608,0,0,0,0
SHP-04572,2026-02-08,Ternate,Bekasi,SiCepat,truk,11.22,5.3192,1655519,1991.5,9387072,5.6702,177.5,0.0,2.8889155979310797,271185,0,0,1,1
SHP-04573,2026-04-26,Bandung,Banjarmasin,TIKI,pesawat,2.5,0.7676,292849,1577.1,6978196,23.8286,630.84,0.0,3.8483539383725294,268546,0,1,0,1
SHP-04574,2026-03-01,Depok,Pekanbaru,Anteraja,truk,2.39,0.9412,304870,572.1,1995771,6.5463,239.37,0.0,0.6835052880329434,13641,0,1,0,1
SHP-04575,2026-05-25,Malang,Pontianak,Ninja Xpress,truk,0.71,0.2363,64249,662.4,2094497,32.5997,932.95,0.0,2.7053792373570227,56664,0,1,0,1
SHP-04576,2026-02-07,Bekasi,Depok,Anteraja,truk,1.82,0.6944,181658,187.3,218043,1.2003,102.93,0.0,4.357901853934868,9502,0,1,1,0
SHP-04577,2026-04-27,Surabaya,Kupang,SiCepat,truk,2.88,1.4436,292726,827.2,3773553,12.8911,287.23,0.0,2.541237802673779,95895,0,1,0,1
SHP-04578,2025-12-20,Yogyakarta,Jambi,Anteraja,pesawat,2.1,0.7343,195357,1755.4,6292526,32.2104,835.89,0.9,71.12,4475244,1,1,0,1
SHP-04579,2026-02-15,Mataram,Samarinda,JNE,kapal_laut,5.08,2.2084,338343,1721.4,4971598,14.694,338.86,0.0,1.3211858140790884,65684,0,0,0,0
SHP-04580,2026-04-28,Samarinda,Bekasi,Anteraja,truk,1.55,0.7845,113950,2411.3,7003445,61.4607,1555.67,5.2,71.24,4989254,1,0,1,1
SHP-04581,2026-02-11,Blitar,Yogyakarta,Wahana,kapal_laut,2.22,1.1228,345126,709.4,724784,2.1001,319.53,0.0,1.044000473045562,7567,0,1,1,0
SHP-04582,2026-04-02,Palembang,Jambi,Anteraja,pesawat,1.77,0.9176,175953,489.0,1359941,7.729,276.28,0.0,0.31563935355646167,4293,0,0,0,0
SHP-04583,2026-03-16,Manado,Tangerang,TIKI,pesawat,1.63,0.6291,161735,579.9,1946826,12.0371,355.79,0.0,1.8162867014593587,35360,0,0,1,1
SHP-04584,2026-01-08,Bogor,Manado,Ninja Xpress,truk,14.22,6.5245,1395585,2362.0,8690704,6.2273,166.11,0.0,1.2602452290619004,109524,0,1,0,1
SHP-04585,2026-05-25,Padang,Bogor,Ninja Xpress,kapal_laut,7.17,3.9054,774374,2174.5,6649151,8.5865,303.28,2.3,75.48,5018779,1,0,1,1
SHP-04586,2025-12-27,Kupang,Solo,J&T Express,motor,6.01,2.4457,609847,1411.2,6491150,10.6439,234.81,0.1,78.94,5124114,1,0,1,1
SHP-04587,2026-01-26,Pekanbaru,Pontianak,TIKI,kapal_laut,1.19,0.5901,133639,1644.6,3399203,25.4357,1382.03,0.0,4.373655081194375,148669,0,0,0,0
SHP-04588,2026-03-09,Manado,Bengkulu,Wahana,truk,5.68,2.595,548896,1595.9,4975342,9.0643,280.98,0.0,0.28629938296130475,14244,0,0,0,0
SHP-04589,2026-03-08,Palembang,Depok,J&T Express,pesawat,7.75,4.5376,649832,2251.8,9967488,15.3386,290.55,0.0,4.879060917006047,486320,0,0,1,1
SHP-04590,2026-03-14,Tangerang,Samarinda,JX Express,pesawat,1.42,0.6096,188058,1626.2,7552329,40.1596,1145.19,1.1,71.55,5403691,1,1,0,1
SHP-04591,2026-05-13,Bandung,Makassar,TIKI,kapal_laut,2.14,0.9044,289601,613.9,2272774,7.8479,286.86,0.0,2.076397523508028,47192,0,1,0,1
SHP-04592,2026-04-03,Bogor,Solo,TIKI,kapal_laut,2.67,1.5894,342938,75.1,60956,0.1777,28.14,0.1,33.07,20158,1,1,1,0
SHP-04593,2026-02-14,Bandung,Banjarmasin,Ninja Xpress,kapal_laut,1.45,0.7305,177377,947.7,2519155,14.2023,653.56,0.0,1.671800296942239,42115,0,1,0,1
SHP-04594,2026-04-27,Pontianak,Ambon,Wahana,kapal_laut,1.9,0.8432,235369,1653.3,4714694,20.0311,870.18,0.0,4.446817808952003,209654,0,0,0,0
SHP-04595,2026-03-03,Makassar,Padang,JX Express,motor,6.33,1.9734,844642,1334.8,3537236,4.1879,210.86,0.0,1.2542821721860076,44367,0,0,0,0
SHP-04596,2026-04-19,Balikpapan,Bogor,JNE,truk,2.94,1.0358,316648,2292.8,9971036,31.4893,779.86,0.0,4.623589945664871,461020,0,0,1,1
SHP-04597,2026-01-03,Bekasi,Bandung,JX Express,kapal_laut,2.14,1.076,204154,253.4,419090,2.0528,118.4,0.0,2.2008642156583007,9224,0,1,1,0
SHP-04598,2026-05-30,Bekasi,Depok,Anteraja,truk,3.0,1.3639,401506,666.7,1147760,2.8586,222.24,0.0,3.518472453517774,40384,0,1,1,0
SHP-04599,2026-01-12,Padang,Samarinda,TIKI,kapal_laut,1.34,0.7097,135831,1721.4,3804088,28.006,1284.64,1.2,72.39,2753779,1,0,0,0
SHP-04600,2026-05-31,Surabaya,Jambi,SiCepat,pesawat,4.39,2.532,639052,1319.2,5481875,8.5781,300.51,0.0,2.591789456977155,142079,0,1,0,1
SHP-04601,2026-03-18,Malang,Mataram,TIKI,kapal_laut,9.81,4.4172,875206,579.4,2471940,2.8244,59.07,0.0,2.5545410001392135,63147,0,1,0,1
SHP-04602,2026-02-22,Pontianak,Balikpapan,JX Express,motor,3.44,1.552,429599,586.1,1040286,2.4215,170.38,0.0,3.2441921202153203,33749,0,0,0,0
SHP-04603,2026-01-01,Balikpapan,Depok,JNE,motor,4.15,1.8236,620757,1522.1,3853716,6.2081,366.77,0.0,3.3675941685169293,129778,0,0,1,1
SHP-04604,2026-04-23,Lampung,Bogor,J&T Express,kapal_laut,4.18,1.7636,730971,1393.5,4845990,6.6295,333.37,0.0,3.6375564854240707,176276,0,0,1,1
SHP-04605,2026-03-25,Manado,Medan,Anteraja,motor,7.3,3.7011,616050,1559.6,3141104,5.0988,213.64,1.7,79.51,2497492,1,0,0,0
SHP-04606,2026-05-13,Pontianak,Kupang,SiCepat,kapal_laut,4.62,1.7932,512061,390.3,1314999,2.5681,84.49,0.0,2.0807405876656144,27362,0,0,0,0
SHP-04607,2025-12-27,Blitar,Kupang,TIKI,kapal_laut,1.35,0.6402,108103,2341.9,9835710,90.9846,1734.74,0.0,4.340040834958247,426874,0,1,0,1
SHP-04608,2026-02-12,Padang,Bengkulu,Anteraja,truk,2.95,1.0152,388876,516.8,1409981,3.6258,175.2,0.1,71.22,1004188,1,0,0,0
SHP-04609,2026-01-05,Jambi,Mataram,JNE,kapal_laut,3.3,1.6421,424258,203.5,699413,1.6486,61.66,2.1,43.34,303126,1,0,0,0
SHP-04610,2025-12-27,Banjarmasin,Surabaya,JX Express,pesawat,1.19,0.6352,101441,2328.2,9581745,94.4563,1956.47,0.0,4.390334693172184,420671,0,0,1,1
SHP-04611,2026-05-21,Bengkulu,Semarang,SiCepat,kapal_laut,5.19,2.6141,621514,2286.5,6172550,9.9315,440.56,7.1,80.95,4996679,1,0,1,1
SHP-04612,2026-05-12,Bogor,Malang,JNE,truk,2.79,1.2277,403323,176.5,263213,0.6526,63.28,0.0,1.2494500445346128,3289,0,1,1,0
SHP-04613,2026-04-05,Blitar,Tangerang,Ninja Xpress,pesawat,1.94,1.0088,184857,408.1,530265,2.8685,210.36,1.5,68.06,360898,1,1,1,0
SHP-04614,2026-05-31,Solo,Banjarmasin,JX Express,pesawat,3.8,2.0878,340779,1878.1,8837125,25.9321,494.24,0.0,4.325091738740237,382214,0,1,0,1
SHP-04615,2026-06-13,Bengkulu,Yogyakarta,J&T Express,pesawat,2.6,1.4448,473397,1995.2,6931959,14.643,767.38,1.2,76.03,5270368,1,0,1,1
SHP-04616,2026-05-07,Jakarta,Bengkulu,Anteraja,truk,7.59,2.8543,510433,1692.9,7678477,15.0431,223.04,4.6,71.02,5453254,1,1,0,1
SHP-04617,2026-01-24,Malang,Balikpapan,Wahana,kapal_laut,4.4,1.6144,702918,1923.6,9496726,13.5104,437.18,0.0,0.12265505632564622,11648,0,1,0,1
SHP-04618,2026-03-17,Padang,Ambon,Ninja Xpress,kapal_laut,1.54,0.6913,161694,706.9,1814589,11.2224,459.01,0.5,74.36,1349328,1,0,0,0
SHP-04619,2026-05-28,Yogyakarta,Tangerang,TIKI,truk,6.55,2.2071,403491,118.8,161041,0.3991,18.13,0.0,1.5435750324320852,2486,0,1,1,0
SHP-04620,2026-01-19,Semarang,Lampung,SiCepat,truk,3.93,1.2379,540380,1350.2,3775196,6.9862,343.57,0.0,0.6841992112063433,25830,0,1,0,1
SHP-04621,2025-12-18,Samarinda,Medan,Wahana,pesawat,3.57,1.098,417061,367.7,1138966,2.7309,102.98,0.0,4.8840206941641275,55627,0,0,0,0
SHP-04622,2026-03-02,Ambon,Bekasi,TIKI,pesawat,2.45,0.7567,224000,2275.7,6163663,27.5164,928.87,0.0,1.5988442053779306,98547,0,0,1,1
SHP-04623,2026-01-29,Bekasi,Pontianak,JX Express,pesawat,2.18,0.8252,218273,713.7,2737169,12.5401,327.37,0.0,1.6264470636979422,44519,0,1,0,1
SHP-04624,2026-06-09,Pekanbaru,Palembang,JNE,kapal_laut,5.41,1.8819,416552,1158.5,2735747,6.5676,214.15,1.0,69.98,1914476,1,0,0,0
SHP-04625,2026-02-12,Semarang,Ternate,Ninja Xpress,kapal_laut,3.13,1.5575,552740,976.9,2944539,5.3272,312.1,0.0,1.4235990043411528,41918,0,1,0,1
SHP-04626,2026-01-08,Semarang,Depok,SiCepat,pesawat,8.83,4.9421,1358434,575.4,689582,0.5076,65.16,0.0,4.13531479366009,28516,0,1,1,0
SHP-04627,2026-02-17,Bandung,Malang,J&T Express,motor,4.13,2.2784,368471,631.8,739059,2.0057,152.99,0.0,1.2519097342063268,9252,0,1,1,0
SHP-04628,2026-02-16,Blitar,Ternate,Anteraja,kapal_laut,2.29,0.8328,315754,2014.0,9451305,29.9325,879.48,0.0,2.176780913305234,205734,0,1,0,1
SHP-04629,2026-03-12,Depok,Bengkulu,Wahana,truk,1.61,0.8177,127468,1831.2,8905789,69.8669,1137.38,0.0,0.19783104287205033,17618,0,1,0,1
SHP-04630,2026-04-19,Bogor,Banjarmasin,Wahana,kapal_laut,1.51,0.5592,240829,1941.1,7744158,32.1563,1285.49,0.0,2.160691405586708,167327,0,1,0,1
SHP-04631,2026-05-26,Depok,Lampung,TIKI,kapal_laut,1.05,0.4691,87612,2249.4,8837849,100.8749,2142.28,0.0,4.8993200530217615,432995,0,1,0,1
SHP-04632,2026-02-07,Kupang,Surabaya,Ninja Xpress,kapal_laut,9.84,3.5228,849854,2445.2,8615788,10.138,248.5,0.0,4.4340551700945126,382029,0,0,1,1
SHP-04633,2026-03-15,Yogyakarta,Tangerang,Anteraja,motor,4.28,1.8347,297611,98.6,93178,0.3131,23.03,0.0,4.471181068256334,4166,0,1,1,0
SHP-04634,2026-03-15,Yogyakarta,Palembang,Ninja Xpress,pesawat,1.88,1.0974,257986,1829.2,5133864,19.8998,972.97,5.7,72.69,3731806,1,1,0,1
SHP-04635,2026-02-17,Palembang,Ambon,Ninja Xpress,pesawat,2.43,1.2755,234734,1351.1,2564886,10.9268,555.99,0.0,1.0198058013173612,26157,0,0,0,0
SHP-04636,2026-05-12,Solo,Kupang,Wahana,truk,2.3,1.1081,199142,1806.9,5312690,26.6779,785.6,2.5,73.51,3905358,1,1,0,1
SHP-04637,2026-04-13,Blitar,Lampung,SiCepat,truk,1.37,0.4261,130847,651.3,2939222,22.463,475.43,1.7,76.19,2239393,1,1,0,1
SHP-04638,2026-05-30,Manado,Malang,Ninja Xpress,pesawat,1.28,0.7455,163906,767.3,2989874,18.2414,599.44,0.7,74.03,2213404,1,0,1,1
SHP-04639,2026-05-19,Mataram,Bogor,Wahana,truk,1.55,0.912,109801,727.9,3005873,27.3756,469.6,0.8,70.23,2111025,1,0,1,1
SHP-04640,2026-01-24,Padang,Depok,JNE,motor,2.09,1.0503,354701,1633.1,7133849,20.1123,781.36,0.0,1.2216277399592756,87149,0,0,1,1
SHP-04641,2026-01-16,Balikpapan,Pekanbaru,TIKI,kapal_laut,4.3,2.1524,473985,294.4,931848,1.966,68.46,0.0,3.062659339197284,28539,0,0,0,0
SHP-04642,2026-04-29,Pontianak,Pekanbaru,Ninja Xpress,truk,1.89,0.5738,248731,760.0,1763984,7.0919,402.11,1.1,81.43,1436412,1,0,0,0
SHP-04643,2026-04-06,Makassar,Malang,JNE,truk,2.6,1.1413,262289,619.8,2842848,10.8386,238.38,0.0,3.130705395521699,89001,0,0,1,1
SHP-04644,2026-02-04,Bengkulu,Manado,J&T Express,kapal_laut,10.86,4.138,972341,1253.8,3105926,3.1943,115.45,0.0,4.414569781703527,137113,0,0,0,0
SHP-04645,2026-06-09,Jakarta,Tangerang,Wahana,truk,1.7,0.9491,258595,489.7,439795,1.7007,288.06,0.0,2.8252780611792128,12425,0,1,1,0
SHP-04646,2026-01-08,Ternate,Depok,Wahana,motor,2.26,0.7267,229374,756.7,2032080,8.8592,334.84,3.6,76.08,1546006,1,0,1,1
SHP-04647,2026-04-11,Jambi,Balikpapan,J&T Express,motor,2.8,1.2367,305083,1305.7,3477430,11.3983,466.31,0.0,2.4796253502172694,86227,0,0,0,0
SHP-04648,2026-03-27,Surabaya,Palembang,Ninja Xpress,pesawat,1.41,0.7301,169586,1822.1,7406320,43.6729,1292.27,0.0,1.7464643791180912,129349,0,1,0,1
SHP-04649,2026-02-14,Jakarta,Bogor,TIKI,pesawat,2.99,1.0609,491913,759.6,639247,1.2995,254.03,0.0,3.8445526007636186,24576,0,1,1,0
SHP-04650,2026-03-24,Balikpapan,Pekanbaru,TIKI,pesawat,2.37,1.3288,205760,951.0,2695959,13.1024,401.26,5.3,78.17,2107431,1,0,0,0
SHP-04651,2026-02-11,Mataram,Blitar,TIKI,motor,3.33,1.8693,505361,2302.1,8522802,16.8648,691.33,6.2,74.26,6329033,1,0,1,1
SHP-04652,2026-01-25,Mataram,Lampung,SiCepat,kapal_laut,5.09,2.6905,567529,1695.9,4130593,7.2782,333.18,0.2,79.91,3300757,1,0,0,0
SHP-04653,2026-03-13,Ambon,Malang,Ninja Xpress,truk,5.46,1.6858,504443,2463.3,6234827,12.3598,451.15,8.4,78.92,4920525,1,0,1,1
SHP-04654,2026-02-17,Bekasi,Solo,J&T Express,truk,9.24,4.5189,1228691,118.7,209200,0.1703,12.85,0.0,0.30232397201764294,632,0,1,1,0
SHP-04655,2026-06-04,Padang,Banjarmasin,Anteraja,kapal_laut,1.56,0.5441,217230,376.3,1075271,4.9499,241.24,0.0,1.7550049104165932,18871,0,0,0,0
SHP-04656,2026-05-08,Medan,Bogor,TIKI,truk,1.24,0.6506,183104,877.4,2304180,12.584,707.59,0.1,68.02,1567303,1,0,1,1
SHP-04657,2026-03-20,Kupang,Tangerang,Wahana,truk,1.8,1.0699,233712,597.2,1605320,6.8688,331.75,0.0,0.6890206521638864,11061,0,0,1,1
SHP-04658,2026-05-05,Jakarta,Manado,TIKI,kapal_laut,13.25,6.0733,2104685,1859.4,8772756,4.1682,140.33,0.2,75.4,6614658,1,1,0,1
SHP-04659,2026-03-19,Medan,Pekanbaru,Anteraja,pesawat,3.81,1.2562,260435,1612.0,2852042,10.9511,423.09,0.0,2.178455578272122,62130,0,0,0,0
SHP-04660,2026-04-26,Pontianak,Malang,Ninja Xpress,motor,7.39,3.3721,573415,1981.0,5804327,10.1224,268.07,0.0,2.474212781192275,143611,0,0,1,1
SHP-04661,2026-02-19,Tangerang,Manado,TIKI,kapal_laut,3.49,1.5625,314087,517.6,1873003,5.9633,148.32,1.9,69.85,1308293,1,1,0,1
SHP-04662,2026-06-13,Mataram,Bogor,JNE,kapal_laut,6.23,2.5375,556822,1952.9,8150689,14.6379,313.47,0.0,2.086503973606572,170064,0,0,1,1
SHP-04663,2026-04-02,Semarang,Solo,JNE,truk,8.76,2.9487,1212729,553.2,687718,0.5671,63.16,2.9,69.61,478720,1,1,1,0
SHP-04664,2026-03-30,Kupang,Bandung,Ninja Xpress,truk,1.63,0.522,182314,1114.1,3041124,16.6807,683.49,0.0,2.5999358167223354,79067,0,0,1,1
SHP-04665,2026-03-06,Manado,Yogyakarta,JX Express,truk,4.08,1.4159,575206,963.9,3736217,6.4954,236.25,0.6,73.42,2743131,1,0,1,1
SHP-04666,2026-05-02,Blitar,Ternate,Anteraja,kapal_laut,2.73,0.9358,340631,1514.0,5083096,14.9226,554.58,1.1,73.1,3715743,1,1,0,1
SHP-04667,2026-04-27,Ternate,Jambi,Ninja Xpress,pesawat,4.9,1.8197,570237,250.0,830009,1.4556,51.02,0.0,1.2623468068210586,10478,0,0,0,0
SHP-04668,2026-04-28,Ternate,Padang,JNE,motor,3.66,1.3739,322534,411.5,1252474,3.8832,112.42,4.2,58.13,728063,1,0,0,0
SHP-04669,2026-01-10,Semarang,Samarinda,SiCepat,kapal_laut,4.2,2.0874,420045,2129.5,9016210,21.4649,507.03,0.0,4.868698736046275,438972,0,1,0,1
SHP-04670,2026-01-16,Balikpapan,Banjarmasin,JNE,kapal_laut,1.57,0.8293,155001,659.6,2148791,13.8631,420.12,0.0,1.9291715607429383,41454,0,0,0,0
SHP-04671,2026-03-31,Bengkulu,Lampung,Wahana,motor,4.29,1.5291,396490,506.7,1408502,3.5524,118.11,0.0,4.62083367269889,65085,0,0,0,0
SHP-04672,2025-12-18,Yogyakarta,Semarang,Wahana,pesawat,16.81,8.3758,1229284,589.8,1026829,0.8353,35.09,0.0,1.334555771357896,13704,0,1,1,0
SHP-04673,2026-05-23,Blitar,Medan,J&T Express,motor,5.92,3.2552,804844,606.0,2958509,3.6759,102.37,0.0,3.0131611556898754,89145,0,1,0,1
SHP-04674,2026-04-11,Padang,Surabaya,JNE,truk,5.47,2.1811,472946,1140.1,3417268,7.2255,208.43,0.0,4.445511923139395,151915,0,0,1,1
SHP-04675,2026-01-24,Semarang,Bandung,SiCepat,kapal_laut,1.87,0.6508,251459,101.5,170651,0.6786,54.29,1.9,32.66,55735,1,1,1,0
SHP-04676,2026-06-07,Pekanbaru,Blitar,J&T Express,kapal_laut,4.63,1.9888,355102,1555.4,6210802,17.4902,335.94,3.2,71.72,4454387,1,0,1,1
SHP-04677,2026-05-24,Surabaya,Bandung,J&T Express,pesawat,5.75,2.3717,560597,437.0,730031,1.3022,76.0,0.0,4.479490203979392,32702,0,1,1,0
SHP-04678,2026-04-15,Lampung,Kupang,Wahana,truk,2.93,1.1347,296358,1537.1,3763490,12.6991,524.62,0.5,74.7,2811327,1,0,0,0
SHP-04679,2026-04-13,Kupang,Banjarmasin,TIKI,motor,2.19,0.7562,352790,1324.8,3211506,9.1032,604.93,1.6,78.73,2528419,1,0,0,0
SHP-04680,2025-12-23,Semarang,Kupang,Ninja Xpress,pesawat,0.97,0.3205,88714,943.4,3203167,36.1067,972.59,0.0,2.9049500176255005,93050,0,1,0,1
SHP-04681,2026-05-05,Manado,Banjarmasin,Anteraja,kapal_laut,1.87,0.7249,188467,1579.6,4892608,25.96,844.71,4.2,76.01,3718871,1,0,0,0
SHP-04682,2026-01-09,Palembang,Blitar,Anteraja,pesawat,2.31,0.867,400466,2492.5,8332953,20.8081,1079.0,0.0,4.551535342998438,379277,0,0,1,1
SHP-04683,2026-06-08,Medan,Jakarta,J&T Express,kapal_laut,3.96,2.2287,607265,1133.9,4975670,8.1936,286.35,0.0,2.686548568301947,133674,0,0,1,1
SHP-04684,2026-06-05,Ternate,Banjarmasin,TIKI,pesawat,1.76,1.0085,173712,367.3,927547,5.3396,208.67,0.0,1.7581247658917336,16307,0,0,0,0
SHP-04685,2026-02-10,Solo,Palembang,Anteraja,motor,1.87,0.7077,178296,808.5,2327877,13.0562,432.36,0.0,1.9726668059199404,45921,0,1,0,1
SHP-04686,2026-05-02,Padang,Palembang,JX Express,motor,2.53,0.9158,213113,633.6,2138965,10.0368,250.44,0.0,3.703373535728155,79214,0,0,0,0
SHP-04687,2026-02-08,Blitar,Medan,JX Express,motor,4.14,2.3615,368198,2408.9,11077316,30.0852,581.86,0.0,4.924388588298859,545490,0,1,0,1
SHP-04688,2026-01-12,Banjarmasin,Samarinda,JX Express,motor,8.16,4.3718,734528,1664.0,2597514,3.5363,203.93,0.0,4.620401287175772,120016,0,0,0,0
SHP-04689,2026-04-07,Solo,Bogor,J&T Express,truk,4.38,2.444,506153,522.7,629951,1.2446,119.33,2.4,75.26,474101,1,1,1,0
SHP-04690,2026-03-08,Palembang,Banjarmasin,Wahana,kapal_laut,7.61,3.6142,753048,1200.5,2914233,3.8699,157.75,3.2,72.57,2114859,1,0,0,0
SHP-04691,2026-05-27,Malang,Mataram,J&T Express,pesawat,5.21,2.725,477952,1711.2,6519207,13.6399,328.45,0.0,0.4069057218644573,26527,0,1,0,1
SHP-04692,2026-02-16,Solo,Jakarta,J&T Express,truk,2.96,1.665,281427,226.6,392511,1.3947,76.56,0.0,1.5503449710998696,6085,0,1,1,0
SHP-04693,2026-05-30,Palembang,Semarang,J&T Express,pesawat,1.63,0.7746,203775,881.7,4130728,20.271,540.94,2.2,69.59,2874574,1,0,1,1
SHP-04694,2026-03-16,Bogor,Mataram,SiCepat,truk,6.07,2.5719,793319,702.8,2691382,3.3926,115.79,0.0,1.9064366925376137,51309,0,1,0,1
SHP-04695,2026-04-27,Malang,Blitar,TIKI,motor,2.18,1.1805,358824,378.5,312272,0.8703,173.6,0.1,58.79,183585,1,1,1,0
SHP-04696,2026-01-24,Jambi,Bogor,TIKI,kapal_laut,3.35,1.2764,271935,2081.6,7126235,26.2057,621.38,0.0,2.844027822311851,202672,0,0,1,1
SHP-04697,2026-03-04,Jakarta,Solo,Wahana,kapal_laut,3.98,2.2712,237079,513.6,643952,2.7162,129.05,0.0,1.703135047562796,10967,0,1,1,0
SHP-04698,2026-02-17,Banjarmasin,Mataram,JNE,truk,2.13,0.9889,226582,1790.7,5506289,24.3015,840.7,0.0,4.921385033495612,270986,0,0,0,0
SHP-04699,2026-01-03,Bandung,Malang,Anteraja,truk,2.36,0.7603,207498,90.2,105710,0.5095,38.24,0.0,4.660057636886925,4926,0,1,1,0
SHP-04700,2026-01-26,Yogyakarta,Mataram,Wahana,truk,2.72,1.2507,263114,1819.9,5862384,22.2808,669.09,0.0,1.9229050777959538,112728,0,1,0,1
SHP-04701,2026-04-25,Bekasi,Ternate,J&T Express,pesawat,2.14,1.0403,278717,832.7,2431410,8.7236,389.1,0.0,3.8536690005048353,93698,0,1,0,1
SHP-04702,2026-04-15,Padang,Depok,Wahana,motor,2.13,0.7872,170007,1034.7,4160096,24.4701,485.76,7.0,76.55,3184553,1,0,1,1
SHP-04703,2026-04-24,Semarang,Manado,SiCepat,motor,3.15,1.4735,335189,1945.3,7629557,22.762,617.55,0.0,2.27153538547093,173308,0,1,0,1
SHP-04704,2026-03-09,Makassar,Lampung,Ninja Xpress,motor,3.61,1.8743,479807,1157.0,4026022,8.3909,320.5,0.0,0.7152497067471197,28796,0,0,0,0
SHP-04705,2026-05-22,Mataram,Kupang,TIKI,pesawat,3.18,1.7342,547261,1674.3,4257303,7.7793,526.52,1.2,70.98,3021834,1,0,0,0
SHP-04706,2026-04-18,Pontianak,Bekasi,SiCepat,motor,5.6,2.082,870728,1771.8,7848109,9.0133,316.39,0.0,3.4783192922511006,272982,0,0,1,1
SHP-04707,2026-03-05,Bogor,Yogyakarta,JX Express,kapal_laut,4.57,2.6781,591592,381.4,675588,1.142,83.46,3.7,59.16,399678,1,1,1,0
SHP-04708,2026-05-30,Yogyakarta,Bogor,JNE,truk,6.23,3.0912,538425,123.8,175587,0.3261,19.87,0.0,3.5425474474410996,6220,0,1,1,0
SHP-04709,2026-04-14,Pekanbaru,Ternate,Ninja Xpress,motor,8.01,3.9603,1115013,592.1,1759082,1.5776,73.93,0.0,3.465951529242614,60969,0,0,0,0
SHP-04710,2026-05-02,Medan,Lampung,Ninja Xpress,pesawat,1.12,0.5821,78917,1431.7,2212286,28.0331,1278.34,0.0,4.356427098221473,96377,0,0,0,0
SHP-04711,2026-04-13,Solo,Semarang,JX Express,kapal_laut,7.49,3.7501,993551,688.6,1238200,1.2462,91.94,0.0,3.3010906148784964,40874,0,1,1,0
SHP-04712,2026-05-07,Blitar,Tangerang,JNE,pesawat,3.16,1.2235,324864,154.5,244275,0.7519,48.9,0.0,0.69542576587862,1699,0,1,1,0
SHP-04713,2026-05-24,Padang,Balikpapan,JX Express,motor,6.7,3.7556,581346,816.3,1557020,2.6783,121.84,0.0,3.139617131059189,48884,0,0,0,0
SHP-04714,2025-12-21,Solo,Yogyakarta,JNE,truk,1.98,0.8746,294376,559.0,931485,3.1643,282.33,4.9,76.0,707929,1,1,1,0
SHP-04715,2026-01-04,Malang,Surabaya,Anteraja,truk,2.83,1.5823,241648,491.5,492452,2.0379,173.69,2.7,69.54,342451,1,1,1,0
SHP-04716,2026-06-09,Tangerang,Bengkulu,Wahana,pesawat,8.63,4.3537,754961,1560.1,5231381,6.9293,180.77,0.0,0.754857374282919,39489,0,1,0,1
SHP-04717,2026-04-15,Ternate,Samarinda,JX Express,motor,3.97,1.3494,421959,1508.0,4385457,10.3931,379.85,0.0,2.896818295722909,127039,0,0,0,0
SHP-04718,2025-12-19,Semarang,Blitar,Anteraja,motor,4.29,1.7105,498570,719.7,979188,1.964,167.77,0.0,4.67550218809604,45782,0,1,1,0
SHP-04719,2025-12-24,Yogyakarta,Ambon,JX Express,pesawat,1.58,0.8467,210040,1099.3,4399321,20.9452,695.77,0.0,1.2343626794826978,54304,0,1,0,1
SHP-04720,2026-01-05,Bandung,Samarinda,JNE,motor,2.0,1.0688,265192,2258.5,7249813,27.338,1129.24,0.0,0.19725968620415868,14301,0,1,0,1
SHP-04721,2026-02-23,Ternate,Jakarta,JX Express,pesawat,2.65,1.3298,269042,777.4,2745432,10.2045,293.36,1.1,70.23,1928117,1,0,1,1
SHP-04722,2026-05-13,Manado,Lampung,Wahana,motor,1.76,0.8181,253876,1778.4,3407942,13.4236,1010.45,0.0,3.233825042721424,110207,0,0,0,0
SHP-04723,2026-03-29,Semarang,Manado,JNE,kapal_laut,3.4,1.915,518912,1653.0,7324206,14.1145,486.16,0.0,1.2219548958883393,89498,0,1,0,1
SHP-04724,2026-01-06,Yogyakarta,Bengkulu,JNE,pesawat,2.49,1.4658,218039,2153.5,7515717,34.4696,864.86,1.5,77.07,5792363,1,1,0,1
SHP-04725,2026-03-19,Kupang,Mataram,JNE,pesawat,8.85,5.1486,1536482,731.7,1100677,0.7164,82.67,6.9,75.53,831341,1,0,0,0
SHP-04726,2026-03-21,Jakarta,Bandung,Wahana,kapal_laut,1.29,0.4425,139567,313.3,291300,2.0872,242.83,2.6,52.79,153777,1,1,1,0
SHP-04727,2026-01-06,Ambon,Tangerang,J&T Express,pesawat,11.14,4.1273,1036428,2089.9,10412889,10.0469,187.61,1.2,76.88,8005429,1,0,1,1
SHP-04728,2026-06-07,Mataram,Padang,Ninja Xpress,motor,4.74,1.8856,500177,1290.0,2900842,5.7996,272.16,4.1,81.56,2365927,1,0,0,0
SHP-04729,2026-01-24,Ternate,Malang,SiCepat,pesawat,2.72,1.3151,290816,1487.7,5320525,18.2952,546.94,3.7,73.52,3911650,1,0,1,1
SHP-04730,2026-02-02,Yogyakarta,Kupang,JNE,kapal_laut,1.18,0.6072,118021,798.0,2018146,17.0999,676.28,9.3,70.38,1420371,1,1,0,1
SHP-04731,2026-02-21,Pekanbaru,Jakarta,Anteraja,kapal_laut,4.53,2.1029,548253,2270.4,7018207,12.801,501.18,3.2,76.87,5394896,1,0,1,1
SHP-04732,2026-01-29,Kupang,Bengkulu,Ninja Xpress,truk,3.98,1.2744,277750,393.8,1319789,4.7517,98.94,0.0,3.6124093019175025,47676,0,0,0,0
SHP-04733,2026-04-17,Lampung,Pontianak,J&T Express,motor,3.84,2.2317,464878,1409.8,2509369,5.3979,367.14,0.0,4.385594983432205,110051,0,0,0,0
SHP-04734,2025-12-22,Pontianak,Ternate,Anteraja,pesawat,6.75,2.2096,933587,707.1,1900488,2.0357,104.75,4.1,79.17,1504616,1,0,0,0
SHP-04735,2026-01-01,Ambon,Surabaya,Wahana,truk,3.72,1.8241,319841,2495.8,7847222,24.5348,670.91,0.0,3.436978372371191,269707,0,0,1,1
SHP-04736,2026-03-14,Kupang,Mataram,TIKI,truk,5.22,1.7143,511529,803.2,1964965,3.8414,153.87,5.2,70.86,1392374,1,0,0,0
SHP-04737,2026-02-26,Medan,Ambon,J&T Express,truk,7.6,4.2789,791837,665.8,1989127,2.512,87.6,0.0,3.2040063604320475,63732,0,0,0,0
SHP-04738,2026-02-11,Bekasi,Bandung,JNE,pesawat,5.85,3.4588,513588,127.3,203931,0.3971,21.76,0.0,0.8566899222469643,1747,0,1,1,0
SHP-04739,2026-05-04,Ternate,Yogyakarta,Anteraja,kapal_laut,8.74,2.8197,1537326,1365.0,6015281,3.9128,156.18,0.0,2.986537645596952,179649,0,0,1,1
SHP-04740,2026-01-17,Bengkulu,Tangerang,TIKI,kapal_laut,1.86,0.8344,220521,717.1,3522194,15.9721,385.53,7.4,72.41,2550421,1,0,1,1
SHP-04741,2026-02-22,Samarinda,Malang,TIKI,pesawat,2.21,1.1797,213000,1504.2,4180968,19.629,680.65,0.0,1.9161866510427479,80115,0,0,1,1
SHP-04742,2026-01-04,Samarinda,Bogor,JX Express,kapal_laut,6.0,2.127,731824,1538.3,5662583,7.7376,256.38,3.3,74.16,4199372,1,0,1,1
SHP-04743,2026-01-08,Surabaya,Malang,J&T Express,pesawat,4.63,1.9768,742001,127.9,190095,0.2562,27.63,0.0,2.1665824259649002,4119,0,1,1,0
SHP-04744,2026-02-07,Bekasi,Ambon,Anteraja,pesawat,1.45,0.7778,118399,1833.8,6371604,53.8147,1264.71,0.0,2.671301207374661,170205,0,1,0,1
SHP-04745,2026-06-07,Depok,Surabaya,J&T Express,pesawat,3.69,1.8537,450990,716.2,723057,1.6033,194.1,0.0,4.307677389368903,31147,0,1,1,0
SHP-04746,2025-12-18,Surabaya,Bekasi,Anteraja,motor,5.36,2.3451,503559,243.9,348630,0.6923,45.51,0.0,1.8191460891299416,6342,0,1,1,0
SHP-04747,2026-04-12,Pekanbaru,Medan,J&T Express,pesawat,5.88,2.309,737119,1527.0,2725460,3.6974,259.7,5.2,74.26,2023927,1,0,0,0
SHP-04748,2025-12-23,Bogor,Yogyakarta,TIKI,kapal_laut,1.49,0.7094,189809,94.2,149427,0.7872,63.25,2.1,28.61,42751,1,1,1,0
SHP-04749,2026-05-03,Blitar,Yogyakarta,JX Express,truk,7.24,3.19,1033526,216.5,326614,0.316,29.91,0.0,3.2131306887755025,10495,0,1,1,0
SHP-04750,2026-04-15,Makassar,Lampung,J&T Express,truk,1.49,0.8306,140011,865.6,2999295,21.4219,580.95,0.0,2.646012361521332,79362,0,0,0,0
SHP-04751,2026-01-17,Ternate,Lampung,JNE,kapal_laut,5.19,1.7582,812738,1236.0,2428864,2.9885,238.15,0.0,1.2950681167811695,31455,0,0,0,0
SHP-04752,2026-01-20,Makassar,Palembang,SiCepat,kapal_laut,1.36,0.473,189799,1680.9,5303927,27.945,1235.99,0.0,0.6137433282893007,32552,0,0,0,0
SHP-04753,2026-02-05,Medan,Samarinda,Wahana,kapal_laut,1.2,0.6244,170829,1047.9,3152937,18.4567,873.25,6.3,74.36,2344524,1,0,0,0
SHP-04754,2026-05-02,Yogyakarta,Jakarta,Anteraja,kapal_laut,1.46,0.4971,136233,617.2,960242,7.0485,422.75,6.3,75.43,724311,1,1,1,0
SHP-04755,2026-03-22,Bengkulu,Banjarmasin,Anteraja,kapal_laut,2.8,1.2352,270478,1001.8,1664735,6.1548,357.79,1.4,79.33,1320634,1,0,0,0
SHP-04756,2026-01-04,Manado,Jakarta,Ninja Xpress,kapal_laut,2.72,1.5482,314655,2222.8,8147620,25.8938,817.2,0.9,78.37,6385290,1,0,1,1
SHP-04757,2026-06-05,Jambi,Malang,SiCepat,pesawat,1.21,0.5487,114315,2185.1,8328862,72.8589,1805.9,0.0,2.398962903288066,199806,0,0,1,1
SHP-04758,2026-04-21,Manado,Solo,SiCepat,truk,3.22,1.162,381150,1217.4,4984987,13.0788,378.07,0.0,4.401543224150565,219416,0,0,1,1
SHP-04759,2025-12-24,Medan,Makassar,TIKI,pesawat,3.31,1.3318,440833,856.2,2369313,5.3746,258.68,0.0,1.0474280455516167,24817,0,0,0,0
SHP-04760,2026-02-01,Ternate,Kupang,SiCepat,kapal_laut,3.73,1.9074,306262,1342.3,4098946,13.3838,359.86,1.0,75.38,3089785,1,0,0,0
SHP-04761,2025-12-23,Balikpapan,Mataram,TIKI,kapal_laut,2.36,1.0751,367737,466.2,1174999,3.1952,197.54,0.0,1.9954042856431764,23446,0,0,0,0
SHP-04762,2026-05-10,Kupang,Jambi,Wahana,motor,2.83,1.3011,232966,1456.4,3096814,13.293,514.62,5.3,71.39,2210816,1,0,0,0
SHP-04763,2026-03-30,Malang,Palembang,J&T Express,truk,4.07,1.7372,430889,782.9,1994648,4.6291,192.36,0.0,1.722365536307251,34355,0,1,0,1
SHP-04764,2026-04-27,Medan,Surabaya,SiCepat,truk,1.63,0.9088,113388,863.9,4314357,38.0495,529.98,0.0,3.3838650750543513,145992,0,0,1,1
SHP-04765,2026-05-15,Semarang,Bengkulu,Anteraja,truk,8.17,4.5909,1427162,1789.1,8592111,6.0204,218.99,0.0,3.396196369216607,291805,0,1,0,1
SHP-04766,2026-03-27,Manado,Depok,JNE,kapal_laut,0.96,0.4741,93754,1788.4,4529622,48.3139,1862.97,0.0,0.34920141682548644,15818,0,0,1,1
SHP-04767,2026-03-25,Pekanbaru,Yogyakarta,JNE,truk,3.93,1.5298,431214,1689.4,7534535,17.4728,429.88,2.9,69.21,5214652,1,0,1,1
SHP-04768,2026-03-14,Banjarmasin,Yogyakarta,Wahana,kapal_laut,3.07,1.5636,441103,1337.0,3951867,8.9591,435.49,1.3,78.43,3099449,1,0,1,1
SHP-04769,2026-02-14,Blitar,Palembang,JNE,motor,2.09,1.0989,144778,1702.7,8388575,57.941,814.7,0.5,72.98,6121982,1,1,0,1
SHP-04770,2026-04-27,Solo,Jambi,JX Express,kapal_laut,8.54,3.1432,1249076,1324.2,3665238,2.9344,155.06,1.6,76.26,2795110,1,1,0,1
SHP-04771,2026-05-20,Yogyakarta,Makassar,Anteraja,kapal_laut,1.25,0.6473,174210,1392.3,5756155,33.0415,1113.81,0.0,4.701827876749586,270645,0,1,0,1
SHP-04772,2026-06-01,Jambi,Pontianak,Anteraja,motor,2.65,1.2706,285405,1114.9,1724781,6.0433,420.73,0.0,0.7287938994794946,12570,0,0,0,0
SHP-04773,2026-04-27,Manado,Tangerang,Wahana,motor,2.53,0.781,299150,868.8,2819054,9.4235,343.42,0.0,2.6626901350626735,75063,0,0,1,1
SHP-04774,2026-06-08,Jambi,Ternate,J&T Express,pesawat,3.59,1.1882,580852,707.2,1800697,3.1001,197.0,2.7,78.44,1412467,1,0,0,0
SHP-04775,2026-02-08,Balikpapan,Makassar,Ninja Xpress,truk,2.5,1.0905,426875,457.5,753976,1.7663,182.99,0.0,2.0636517707056115,15559,0,0,0,0
SHP-04776,2026-04-06,Makassar,Ambon,Anteraja,truk,5.37,1.6292,624665,1303.5,4535343,7.2604,242.74,0.0,2.154020760294271,97692,0,0,0,0
SHP-04777,2026-03-13,Yogyakarta,Mataram,JX Express,kapal_laut,6.55,3.0401,1018623,1133.4,5373731,5.2755,173.04,0.0,3.6127184866193787,194138,0,1,0,1
SHP-04778,2025-12-24,Makassar,Solo,Wahana,kapal_laut,4.05,1.3516,621415,1011.2,2817328,4.5337,249.69,1.9,72.85,2052423,1,0,1,1
SHP-04779,2026-03-02,Blitar,Pontianak,JNE,kapal_laut,1.89,0.5999,230405,639.4,2279070,9.8916,338.29,0.0,0.4384177878005874,9992,0,1,0,1
SHP-04780,2026-02-25,Kupang,Samarinda,Anteraja,truk,3.08,1.3121,330804,1121.7,1877779,5.6764,364.18,0.0,4.54332553678008,85314,0,0,0,0
SHP-04781,2026-03-30,Kupang,Malang,SiCepat,kapal_laut,3.62,1.8044,470200,1521.3,6787381,14.4351,420.24,0.0,1.0624270425142468,72111,0,0,1,1
SHP-04782,2026-06-08,Banjarmasin,Yogyakarta,JNE,motor,2.96,1.533,320888,635.0,2271962,7.0802,214.54,5.1,78.11,1774630,1,0,1,1
SHP-04783,2026-01-05,Blitar,Mataram,SiCepat,motor,1.72,0.797,204563,1138.5,2848702,13.9258,661.92,0.0,0.06953435206510317,1981,0,1,0,1
SHP-04784,2026-02-02,Malang,Ambon,JX Express,truk,5.41,3.2183,936483,1200.9,3251052,3.4716,221.98,0.0,3.383316977357877,109993,0,1,0,1
SHP-04785,2026-02-23,Manado,Kupang,SiCepat,motor,4.88,2.2044,381856,689.1,1302847,3.4119,141.22,1.4,78.76,1026122,1,0,0,0
SHP-04786,2026-02-19,Samarinda,Balikpapan,TIKI,pesawat,7.76,4.6268,905863,1033.6,1875124,2.07,133.19,0.0,2.964289721225905,55584,0,0,0,0
SHP-04787,2026-04-23,Pekanbaru,Solo,SiCepat,motor,7.26,2.359,751538,1250.8,4237032,5.6378,172.28,5.4,78.62,3331155,1,0,1,1
SHP-04788,2026-06-02,Blitar,Banjarmasin,J&T Express,truk,3.49,1.955,295690,2318.9,8210872,27.7685,664.45,4.9,72.1,5920039,1,1,0,1
SHP-04789,2026-03-26,Malang,Ternate,Wahana,motor,1.55,0.5989,139999,1660.6,5293903,37.8139,1071.37,3.6,73.55,3893666,1,1,0,1
SHP-04790,2025-12-20,Depok,Bekasi,SiCepat,motor,1.79,1.0019,153265,514.9,735210,4.797,287.65,0.0,3.238437868007944,23809,0,1,1,0
SHP-04791,2026-06-12,Balikpapan,Yogyakarta,JNE,truk,5.86,2.0744,850254,1849.0,6384290,7.5087,315.53,0.0,3.333766956690594,212837,0,0,1,1
SHP-04792,2026-01-26,Medan,Palembang,JNE,truk,2.14,1.2461,167917,1760.6,2743398,16.3378,822.7,1.4,69.68,1911600,1,0,0,0
SHP-04793,2026-02-23,Bengkulu,Bandung,JNE,motor,2.7,1.153,399477,1460.1,6560614,16.423,540.78,0.0,0.9390002103013712,61604,0,0,1,1
SHP-04794,2026-04-13,Jakarta,Bandung,Anteraja,kapal_laut,4.93,2.8166,458512,506.7,859022,1.8735,102.77,0.0,0.6896997533192589,5925,0,1,1,0
SHP-04795,2025-12-20,Palembang,Padang,J&T Express,truk,3.97,2.2525,487535,1525.6,2486173,5.0995,384.28,1.5,77.7,1931756,1,0,0,0
SHP-04796,2026-06-09,Bengkulu,Samarinda,J&T Express,motor,2.22,0.694,217087,362.8,688662,3.1723,163.42,0.0,3.329731189902633,22931,0,0,0,0
SHP-04797,2025-12-29,Pekanbaru,Malang,Ninja Xpress,motor,6.36,2.0199,432859,1954.1,9470450,21.8788,307.25,0.0,1.8240786721632403,172748,0,0,1,1
SHP-04798,2026-04-25,Kupang,Semarang,Wahana,truk,2.4,1.1561,197268,1210.6,5035487,25.5261,504.4,0.0,1.009939895803384,50855,0,0,1,1
SHP-04799,2026-01-17,Tangerang,Pekanbaru,SiCepat,kapal_laut,1.81,1.0389,124943,1299.8,3486706,27.9064,718.12,12.0,80.01,2789713,1,1,0,1
SHP-04800,2026-02-21,Jakarta,Kupang,Anteraja,motor,5.61,2.5186,591453,1710.2,7357881,12.4403,304.84,5.5,79.4,5842158,1,1,0,1
SHP-04801,2026-02-17,Jambi,Balikpapan,JNE,motor,2.62,1.2007,351342,516.9,1434849,4.0839,197.29,0.8,71.49,1025774,1,0,0,0
SHP-04802,2026-06-09,Pontianak,Bekasi,TIKI,motor,3.8,1.9853,307590,1283.4,4751134,15.4463,337.73,0.0,0.12023159941968731,5712,0,0,1,1
SHP-04803,2026-02-19,Depok,Bandung,TIKI,kapal_laut,4.97,2.6832,756822,467.3,793623,1.0486,94.02,6.1,69.01,547679,1,1,1,0
SHP-04804,2026-05-13,Jambi,Blitar,JX Express,kapal_laut,1.12,0.3403,120527,2113.9,9429975,78.2395,1887.41,1.7,66.83,6302052,1,0,1,1
SHP-04805,2026-05-28,Medan,Kupang,SiCepat,motor,1.38,0.4248,113017,222.5,595280,5.2672,161.26,0.0,0.406491936997882,2420,0,0,0,0
SHP-04806,2026-01-20,Jakarta,Samarinda,SiCepat,kapal_laut,6.14,2.3292,578893,1650.7,5579108,9.6375,268.84,0.0,4.196383489578942,234121,0,1,0,1
SHP-04807,2026-01-14,Bogor,Jambi,JX Express,pesawat,5.66,3.3492,905923,2017.3,7270778,8.0258,356.41,6.6,72.02,5236414,1,1,0,1
SHP-04808,2026-06-05,Yogyakarta,Ternate,Anteraja,pesawat,2.0,0.7272,165236,755.6,3344634,20.2416,377.79,0.0,1.15162010361184,38517,0,1,0,1
SHP-04809,2026-01-01,Kupang,Bandung,JNE,pesawat,3.99,1.593,229265,758.1,2271864,9.9093,189.99,1.2,73.48,1669366,1,0,1,1
SHP-04810,2026-05-04,Solo,Jakarta,SiCepat,truk,4.62,1.4556,514743,317.9,443147,0.8609,68.81,13.1,52.29,231722,1,1,1,0
SHP-04811,2026-02-10,Blitar,Ambon,J&T Express,pesawat,1.8,0.7029,174702,1201.1,5930807,33.9481,667.31,0.0,0.6604531013892706,39170,0,1,0,1
SHP-04812,2026-04-09,Palembang,Blitar,JNE,truk,2.87,1.662,319658,1415.8,4403783,13.7765,493.31,0.0,1.928727346874074,84937,0,0,1,1
SHP-04813,2026-04-15,Manado,Surabaya,TIKI,truk,1.73,0.9215,188722,2090.4,6523293,34.5656,1208.35,0.0,0.14509965112991186,9465,0,0,1,1
SHP-04814,2026-04-28,Padang,Pontianak,Wahana,pesawat,1.22,0.4542,186042,939.1,2374928,12.7655,769.78,0.0,4.438484458666098,105411,0,0,0,0
SHP-04815,2026-01-26,Manado,Kupang,Anteraja,truk,8.12,3.7345,1341663,786.9,2239755,1.6694,96.91,0.0,0.9152540064874831,20499,0,0,0,0
SHP-04816,2026-01-20,Samarinda,Depok,SiCepat,truk,7.62,3.2098,1366215,1900.0,8118111,5.942,249.34,0.0,1.8394504618627576,149329,0,0,1,1
SHP-04817,2026-01-25,Mataram,Medan,Anteraja,motor,4.54,2.5002,666186,223.9,610540,0.9165,49.31,0.0,3.631351614996639,22171,0,0,0,0
SHP-04818,2026-02-26,Ternate,Mataram,Anteraja,kapal_laut,7.36,3.0089,566594,1481.1,3441663,6.0743,201.24,0.0,0.2260170841737491,7779,0,0,0,0
SHP-04819,2026-03-21,Manado,Surabaya,TIKI,pesawat,3.54,1.818,298076,1040.6,3348659,11.2342,293.97,0.0,4.781745092154227,160124,0,0,1,1
SHP-04820,2026-04-04,Bogor,Palembang,J&T Express,pesawat,4.93,1.6688,564679,1818.5,8414267,14.901,368.87,0.0,0.6604849719025385,55575,0,1,0,1
SHP-04821,2026-02-06,Lampung,Manado,Anteraja,motor,2.21,1.0469,267063,645.1,1094977,4.1001,291.92,0.8,71.56,783566,1,0,0,0
SHP-04822,2026-06-01,Bekasi,Banjarmasin,JNE,motor,4.71,1.4197,689316,1271.2,3665893,5.3182,269.9,0.0,4.5841056346035325,168048,0,1,0,1
SHP-04823,2026-01-06,Jakarta,Balikpapan,Wahana,truk,1.48,0.5755,143509,2053.0,5876421,40.9481,1387.17,4.2,71.72,4214569,1,1,0,1
SHP-04824,2026-03-22,Ternate,Jambi,JNE,truk,5.5,3.0423,485198,1065.7,2886087,5.9483,193.76,0.0,4.693771370897871,135466,0,0,0,0
SHP-04825,2026-05-15,Tangerang,Surabaya,J&T Express,kapal_laut,1.34,0.7895,211491,94.3,147735,0.6985,70.41,4.6,28.44,42016,1,1,1,0
SHP-04826,2026-03-24,Banjarmasin,Lampung,SiCepat,pesawat,8.7,4.0674,968076,429.6,1330571,1.3744,49.38,0.0,2.0328332291170885,27048,0,0,0,0
SHP-04827,2026-01-15,Palembang,Balikpapan,Wahana,motor,5.03,2.5425,499347,1091.2,3434563,6.8781,216.95,0.0,1.7480278512127052,60037,0,0,0,0
SHP-04828,2026-04-25,Balikpapan,Makassar,J&T Express,truk,6.24,2.7733,628446,1636.4,4189640,6.6667,262.24,0.0,4.6398027030180025,194391,0,0,0,0
SHP-04829,2026-04-19,Malang,Banjarmasin,Wahana,pesawat,2.0,1.0328,170392,1537.8,4745402,27.8499,768.9,9.4,78.32,3716599,1,1,0,1
SHP-04830,2026-03-28,Medan,Bekasi,JNE,motor,3.77,1.9215,376925,1844.8,5325067,14.1277,489.33,0.0,0.1444065005185985,7690,0,0,1,1
SHP-04831,2025-12-22,Jambi,Padang,Ninja Xpress,motor,1.71,0.9135,180490,1372.6,4050692,22.4428,802.71,5.1,74.53,3018981,1,0,0,0
SHP-04832,2026-03-28,Surabaya,Tangerang,SiCepat,truk,5.86,2.3604,1044397,306.4,483747,0.4632,52.28,0.0,1.25516638976005,6072,0,1,1,0
SHP-04833,2025-12-19,Malang,Manado,SiCepat,pesawat,1.15,0.5958,178741,2031.6,5723906,32.0235,1766.65,0.2,69.04,3951785,1,1,0,1
SHP-04834,2026-05-11,Samarinda,Surabaya,Ninja Xpress,pesawat,5.95,3.1922,897049,1586.8,5088368,5.6723,266.69,2.2,77.0,3918043,1,0,1,1
SHP-04835,2026-02-08,Makassar,Bandung,JX Express,truk,2.56,1.2664,304745,1292.2,3691732,12.1142,504.75,0.0,3.066028658554836,113190,0,0,1,1
SHP-04836,2026-05-07,Kupang,Ambon,JNE,kapal_laut,4.18,1.4712,297229,935.2,2626312,8.836,223.73,0.0,3.5711956389444803,93791,0,0,0,0
SHP-04837,2026-05-02,Samarinda,Lampung,J&T Express,truk,2.87,1.001,314097,221.3,342644,1.0909,77.12,1.9,43.38,148639,1,0,0,0
SHP-04838,2026-02-09,Ambon,Bandung,Anteraja,truk,4.24,1.5217,293686,685.0,3071942,10.46,161.56,0.0,3.0905235867436276,94939,0,0,1,1
SHP-04839,2025-12-25,Semarang,Banjarmasin,JX Express,kapal_laut,1.9,0.7992,243533,981.5,3816542,15.6716,516.58,0.0,1.363398730296859,52035,0,1,0,1
SHP-04840,2026-01-04,Medan,Jambi,Ninja Xpress,truk,2.16,1.0205,199380,1688.9,3073919,15.4174,781.92,1.5,81.89,2517232,1,0,0,0
SHP-04841,2026-04-24,Bengkulu,Balikpapan,Wahana,pesawat,3.83,2.0721,571471,952.2,1573612,2.7536,248.6,0.0,4.076612580387364,64150,0,0,0,0
SHP-04842,2026-04-02,Lampung,Palembang,TIKI,pesawat,4.23,1.4178,316343,1311.6,3769082,11.9145,310.08,0.0,0.2600396214720052,9801,0,0,0,0
SHP-04843,2026-04-18,Depok,Bekasi,Wahana,kapal_laut,7.78,3.8643,936031,484.0,680976,0.7275,62.21,0.8,72.36,492754,1,1,1,0
SHP-04844,2026-06-07,Ambon,Banjarmasin,J&T Express,motor,1.21,0.6229,107959,902.5,2762572,25.5891,745.9,5.6,71.84,1984632,1,0,0,0
SHP-04845,2026-02-28,Lampung,Samarinda,Ninja Xpress,motor,2.02,0.9991,143421,1137.4,2055295,14.3305,563.07,1.3,74.92,1539827,1,0,0,0
SHP-04846,2026-01-26,Malang,Bogor,Wahana,pesawat,1.02,0.5696,102083,249.2,271597,2.6606,244.27,12.5,42.46,115320,1,1,1,0
SHP-04847,2026-02-08,Ambon,Yogyakarta,Ninja Xpress,kapal_laut,8.19,3.3204,617685,911.2,3497707,5.6626,111.26,5.7,81.32,2844335,1,0,1,1
SHP-04848,2026-03-16,Banjarmasin,Pekanbaru,JNE,pesawat,4.74,2.4083,481804,545.2,820650,1.7033,115.01,0.0,3.161579211706692,25945,0,0,0,0
SHP-04849,2026-04-18,Jakarta,Makassar,JX Express,truk,1.39,0.6316,123166,1820.1,7262832,58.9678,1309.43,0.0,3.9228177160556355,284908,0,1,0,1
SHP-04850,2026-06-09,Manado,Yogyakarta,J&T Express,truk,3.35,1.6293,313574,1551.3,4412889,14.0729,463.06,0.0,2.773865362593109,122408,0,0,1,1
SHP-04851,2026-02-27,Padang,Kupang,Anteraja,motor,4.15,2.2872,368519,1754.9,5805495,15.7536,422.86,0.0,3.1440381332454024,182527,0,0,0,0
SHP-04852,2026-03-23,Jambi,Semarang,JNE,motor,3.07,1.6334,335127,1605.4,6851501,20.4445,522.92,1.4,73.05,5005021,1,0,1,1
SHP-04853,2026-02-21,Bengkulu,Banjarmasin,SiCepat,motor,4.03,1.3687,360108,303.4,785052,2.18,75.29,0.0,4.191508722874334,32906,0,0,0,0
SHP-04854,2026-02-14,Yogyakarta,Bandung,JX Express,motor,1.6,0.8597,182143,595.7,1005563,5.5207,372.34,0.0,3.9076746815593117,39294,0,1,1,0
SHP-04855,2026-01-27,Semarang,Malang,JNE,pesawat,5.78,2.7795,644144,343.9,421285,0.654,59.49,1.2,54.82,230948,1,1,1,0
SHP-04856,2025-12-17,Medan,Bogor,Wahana,pesawat,3.02,1.596,420854,2209.8,9054662,21.515,731.74,0.0,0.32807937142568355,29706,0,0,1,1
SHP-04857,2026-03-14,Mataram,Balikpapan,Wahana,pesawat,2.41,0.8712,201315,765.7,1461684,7.2607,317.7,7.5,71.1,1039257,1,0,0,0
SHP-04858,2026-05-29,Lampung,Manado,TIKI,pesawat,3.86,1.7854,501083,1457.8,3150046,6.2865,377.67,0.0,1.3769782675613467,43375,0,0,0,0
SHP-04859,2025-12-17,Balikpapan,Makassar,Anteraja,kapal_laut,2.85,1.5168,308349,1446.4,3551870,11.519,507.52,0.0,4.847563546805585,172179,0,0,0,0
SHP-04860,2026-04-28,Medan,Pekanbaru,Ninja Xpress,kapal_laut,3.79,1.4338,573328,1149.2,3462926,6.04,303.21,0.0,1.3013196647102783,45064,0,0,0,0
SHP-04861,2026-02-04,Depok,Padang,JNE,pesawat,6.53,3.351,697039,2342.4,10511801,15.0806,358.71,0.0,2.8003822108546474,294371,0,1,0,1
SHP-04862,2026-01-04,Surabaya,Lampung,Anteraja,kapal_laut,4.08,2.4274,532468,1923.5,8784583,16.4979,471.45,0.6,76.91,6756223,1,1,0,1
SHP-04863,2026-06-02,Surabaya,Solo,SiCepat,motor,4.47,2.1245,710613,594.6,993645,1.3983,133.02,0.0,0.5151445781457986,5119,0,1,1,0
SHP-04864,2026-02-16,Palembang,Yogyakarta,JX Express,pesawat,0.92,0.2869,92911,564.9,1698040,18.276,614.07,0.0,3.1970917564697383,54288,0,0,1,1
SHP-04865,2026-02-01,Jakarta,Jambi,Anteraja,pesawat,4.2,1.587,328029,918.9,4552649,13.8788,218.78,1.2,74.24,3379887,1,1,0,1
SHP-04866,2026-03-11,Manado,Bogor,Ninja Xpress,motor,3.48,1.7119,385327,1209.9,3434572,8.9134,347.67,0.0,0.7872169748286573,27038,0,0,1,1
SHP-04867,2026-06-11,Ternate,Mataram,J&T Express,pesawat,1.22,0.6656,210907,851.6,2708846,12.8438,698.03,0.0,0.8081509898681344,21892,0,0,0,0
SHP-04868,2026-03-18,Banjarmasin,Bandung,TIKI,motor,5.18,2.8306,698019,1448.4,5029207,7.205,279.62,0.0,0.24009008318918557,12075,0,0,1,1
SHP-04869,2026-05-07,Kupang,Jambi,SiCepat,motor,2.67,1.4358,235357,640.0,1593031,6.7686,239.71,0.0,0.08433328410113017,1343,0,0,0,0
SHP-04870,2026-04-30,Padang,Semarang,Anteraja,pesawat,4.63,2.5068,654109,805.1,3757781,5.7449,173.88,0.3,73.12,2747689,1,0,1,1
SHP-04871,2026-06-14,Solo,Mataram,JNE,kapal_laut,2.26,1.3092,170854,2063.4,8460507,49.5189,913.01,3.4,76.09,6437600,1,1,0,1
SHP-04872,2026-05-28,Ternate,Semarang,JX Express,pesawat,4.55,1.858,431751,2369.6,9622749,22.2877,520.79,0.0,0.9899431280601817,95260,0,0,1,1
SHP-04873,2026-04-09,Pekanbaru,Manado,JX Express,pesawat,3.03,0.9282,439089,1724.4,2826683,6.4376,569.12,0.0,2.0035107926500437,56633,0,0,0,0
SHP-04874,2026-03-30,Manado,Kupang,J&T Express,kapal_laut,2.47,1.1854,209027,1679.4,4911200,23.4955,679.9,0.0,0.10437197412761057,5126,0,0,0,0
SHP-04875,2026-02-15,Makassar,Jambi,JNE,truk,5.58,1.9091,955713,321.6,772800,0.8086,57.63,0.0,3.0564524262277546,23620,0,0,0,0
SHP-04876,2026-06-10,Bengkulu,Bekasi,JNE,kapal_laut,1.48,0.8082,114173,1116.4,3573951,31.3029,754.33,10.8,72.37,2586468,1,0,1,1
SHP-04877,2026-03-23,Palembang,Bandung,Ninja Xpress,motor,9.51,3.2182,1084384,2088.4,9733045,8.9756,219.6,0.2,74.3,7231652,1,0,1,1
SHP-04878,2026-03-01,Padang,Pontianak,SiCepat,kapal_laut,4.74,2.5462,528664,1293.5,3711116,7.0198,272.9,0.2,78.39,2909144,1,0,0,0
SHP-04879,2026-04-01,Surabaya,Malang,Wahana,truk,3.18,1.4071,252302,585.3,936754,3.7128,184.06,10.3,74.94,702003,1,1,1,0
SHP-04880,2026-02-08,Blitar,Padang,TIKI,truk,4.4,1.7358,449081,1320.5,3481982,7.7536,300.1,0.0,3.9939414386125116,139068,0,1,0,1
SHP-04881,2026-02-28,Pekanbaru,Depok,JX Express,truk,2.77,1.5297,321619,1772.8,7382486,22.9541,639.99,9.0,71.3,5263713,1,0,1,1
SHP-04882,2026-05-07,Samarinda,Manado,SiCepat,kapal_laut,5.75,2.306,402680,600.4,1463116,3.6334,104.42,5.1,81.68,1195073,1,0,0,0
SHP-04883,2026-06-03,Ambon,Mataram,TIKI,kapal_laut,2.61,0.8083,237456,1039.1,1918529,8.0795,398.14,0.0,3.9716948850693,76198,0,0,0,0
SHP-04884,2026-01-09,Bengkulu,Yogyakarta,Ninja Xpress,pesawat,3.58,1.7408,524289,860.1,3846124,7.3359,240.26,0.0,1.4537542925364249,55913,0,0,1,1
SHP-04885,2026-01-20,Banjarmasin,Samarinda,Wahana,truk,2.9,1.1639,244324,728.8,1800193,7.3681,251.32,9.4,72.1,1297939,1,0,0,0
SHP-04886,2026-03-24,Semarang,Padang,Ninja Xpress,motor,2.13,1.1977,195143,530.5,1754378,8.9902,249.07,0.0,0.2454616663891751,4306,0,1,0,1
SHP-04887,2026-01-30,Bekasi,Balikpapan,Wahana,kapal_laut,3.52,1.7481,377790,1355.1,3637757,9.629,384.97,0.0,0.5400295133236765,19645,0,1,0,1
SHP-04888,2026-03-11,Mataram,Makassar,JNE,truk,2.55,1.3476,221048,864.9,2249371,10.1759,339.17,0.1,70.5,1585807,1,0,0,0
SHP-04889,2026-03-29,Bogor,Palembang,Wahana,motor,5.16,1.7263,597040,1738.8,8364690,14.0103,336.98,0.0,3.6710874468183214,307075,0,1,0,1
SHP-04890,2026-02-15,Samarinda,Bogor,JNE,motor,2.72,1.1885,410198,694.9,2287298,5.5761,255.47,0.8,73.79,1687797,1,0,1,1
SHP-04891,2026-03-01,Banjarmasin,Bogor,J&T Express,pesawat,3.0,1.1662,217804,2062.0,10255615,47.0864,687.34,0.0,3.7166559403203707,381166,0,0,1,1
SHP-04892,2026-04-21,Jakarta,Semarang,Anteraja,pesawat,1.96,0.7316,200029,266.1,382590,1.9127,135.78,4.2,49.77,190415,1,1,1,0
SHP-04893,2026-04-07,Lampung,Padang,Ninja Xpress,kapal_laut,3.04,1.7122,259904,856.8,1305073,5.0214,281.83,3.8,74.46,971757,1,0,0,0
SHP-04894,2026-04-24,Pekanbaru,Bandung,TIKI,kapal_laut,2.17,0.8993,211544,1895.3,5440665,25.7188,873.4,0.0,3.3983843568965995,184895,0,0,1,1
SHP-04895,2026-03-10,Surabaya,Bogor,JX Express,motor,5.66,1.9953,661092,319.2,297664,0.4503,56.39,0.1,50.76,151094,1,1,1,0
SHP-04896,2026-03-15,Mataram,Surabaya,JNE,kapal_laut,1.78,0.8441,188451,922.4,4439637,23.5586,518.18,1.3,74.41,3303534,1,0,1,1
SHP-04897,2026-01-05,Bogor,Surabaya,Ninja Xpress,motor,3.53,2.0515,392226,104.2,167670,0.4275,29.52,0.0,0.8145871202236682,1366,0,1,1,0
SHP-04898,2026-01-14,Jakarta,Pekanbaru,J&T Express,truk,2.69,0.8717,379849,2174.6,7953965,20.9398,808.41,0.0,0.5782392791119101,45993,0,1,0,1
SHP-04899,2026-04-09,Depok,Medan,Wahana,pesawat,8.71,4.7471,763533,1922.5,7157697,9.3744,220.72,0.0,1.414314023910224,101232,0,1,0,1
SHP-04900,2026-04-28,Bekasi,Semarang,Ninja Xpress,motor,2.45,1.4314,418705,719.3,817031,1.9513,293.58,0.0,3.0000452521412364,24511,0,1,1,0
SHP-04901,2026-04-06,Bekasi,Manado,J&T Express,kapal_laut,1.36,0.7948,111193,689.6,2036044,18.3109,507.09,0.0,1.7588076927519696,35810,0,1,0,1
SHP-04902,2026-05-24,Bengkulu,Tangerang,Ninja Xpress,motor,5.76,2.4028,459828,1895.9,9273672,20.1677,329.15,0.0,4.640700689365957,430363,0,0,1,1
SHP-04903,2026-05-28,Malang,Semarang,JNE,pesawat,2.32,0.7956,303012,246.7,303912,1.003,106.35,0.0,3.971418634468918,12070,0,1,1,0
SHP-04904,2026-06-06,Jambi,Solo,JNE,kapal_laut,3.11,1.2307,296823,1401.8,5512249,18.5708,450.73,4.4,70.55,3888892,1,0,1,1
SHP-04905,2026-02-24,Kupang,Jambi,JNE,pesawat,1.82,0.9188,319919,333.0,1037371,3.2426,182.95,0.0,0.7805346861511681,8097,0,0,0,0
SHP-04906,2026-04-20,Semarang,Bogor,Anteraja,kapal_laut,2.53,1.4496,364515,569.7,985511,2.7036,225.19,0.4,73.04,719817,1,1,1,0
SHP-04907,2026-05-22,Surabaya,Lampung,TIKI,kapal_laut,3.65,1.1237,451779,1746.0,8093757,17.9153,478.37,0.0,4.311162923851656,348935,0,1,0,1
SHP-04908,2026-01-24,Tangerang,Ambon,Ninja Xpress,pesawat,1.88,0.9241,227350,1541.1,7535113,33.1432,819.71,1.9,73.81,5561667,1,1,0,1
SHP-04909,2026-02-10,Mataram,Samarinda,Ninja Xpress,kapal_laut,3.55,1.2378,437647,1578.2,3598981,8.2235,444.56,2.7,77.53,2790290,1,0,0,0
SHP-04910,2026-06-04,Lampung,Bengkulu,Ninja Xpress,motor,4.48,2.2873,489522,280.0,780474,1.5944,62.5,5.7,53.11,414510,1,0,0,0
SHP-04911,2026-05-11,Yogyakarta,Pontianak,J&T Express,truk,2.96,1.1453,433467,1816.1,8178693,18.8681,613.56,1.1,71.49,5846948,1,1,0,1
SHP-04912,2026-02-26,Semarang,Balikpapan,Wahana,truk,1.4,0.5216,226675,612.4,1653142,7.293,437.39,0.0,4.829665054553353,79841,0,1,0,1
SHP-04913,2026-06-01,Yogyakarta,Padang,Ninja Xpress,truk,2.84,1.189,393334,2237.4,10898775,27.7087,787.81,1.5,83.71,9123365,1,1,0,1
SHP-04914,2026-04-01,Medan,Tangerang,Ninja Xpress,pesawat,13.21,5.0163,1070057,2302.8,9978345,9.3251,174.33,0.0,2.5556920619321923,255016,0,0,1,1
SHP-04915,2026-05-18,Mataram,Bogor,TIKI,motor,2.36,1.0031,333603,1331.1,6482010,19.4303,564.01,0.0,4.859862187408531,315017,0,0,1,1
SHP-04916,2026-03-06,Depok,Bogor,SiCepat,pesawat,2.78,1.0115,192718,334.9,448377,2.3266,120.46,1.6,56.71,254275,1,1,1,0
SHP-04917,2026-01-24,Malang,Bekasi,Ninja Xpress,pesawat,2.28,1.0202,182047,325.5,576332,3.1658,142.74,0.0,4.18559934008721,24123,0,1,1,0
SHP-04918,2026-03-17,Solo,Palembang,TIKI,pesawat,1.86,0.6729,233233,1539.9,5676415,24.338,827.88,0.0,1.659512450386521,94201,0,1,0,1
SHP-04919,2026-02-06,Surabaya,Ternate,TIKI,motor,5.15,3.0044,559533,697.1,2835439,5.0675,135.35,2.4,79.26,2247369,1,1,0,1
SHP-04920,2026-04-14,Makassar,Tangerang,SiCepat,motor,1.02,0.4013,72154,2035.8,7000506,97.0217,1995.87,1.4,72.21,5055065,1,0,1,1
SHP-04921,2026-04-03,Kupang,Lampung,SiCepat,truk,9.57,5.1357,1126412,1694.8,4622125,4.1034,177.1,0.0,2.3479644126435018,108526,0,0,0,0
SHP-04922,2026-04-15,Ternate,Samarinda,JNE,kapal_laut,4.78,2.3446,424011,1582.6,4368006,10.3016,331.09,0.0,2.987381757541503,130489,0,0,0,0
SHP-04923,2026-01-10,Ternate,Manado,TIKI,pesawat,2.45,1.1637,239056,1177.3,3767078,15.7581,480.53,1.2,70.84,2668598,1,0,0,0
SHP-04924,2026-02-02,Palembang,Samarinda,JNE,pesawat,2.88,1.5247,283449,495.5,1528492,5.3925,172.04,2.4,67.86,1037235,1,0,0,0
SHP-04925,2026-01-14,Padang,Malang,TIKI,kapal_laut,4.73,1.5502,704162,1925.6,5739637,8.151,407.11,0.0,4.37131476667203,250898,0,0,1,1
SHP-04926,2026-05-10,Pekanbaru,Ternate,Anteraja,truk,3.57,1.8648,316786,1183.3,2846487,8.9855,331.44,0.0,3.104405994424364,88367,0,0,0,0
SHP-04927,2026-02-04,Banjarmasin,Makassar,J&T Express,pesawat,5.03,2.0777,500932,1162.4,1976454,3.9456,231.1,0.0,2.1602157916842177,42696,0,0,0,0
SHP-04928,2026-05-02,Pontianak,Depok,Wahana,pesawat,2.02,0.7832,133273,2442.6,6676078,50.0933,1209.21,0.0,0.25195198227590865,16821,0,0,1,1
SHP-04929,2026-02-26,Samarinda,Bengkulu,Ninja Xpress,pesawat,2.45,1.4271,164294,1739.7,5023440,30.5759,710.08,0.0,1.5558245698590705,78156,0,0,0,0
SHP-04930,2026-02-15,Blitar,Malang,TIKI,truk,8.24,4.8656,890442,378.4,461642,0.5184,45.92,0.0,0.22513892878831987,1039,0,1,1,0
SHP-04931,2026-02-01,Makassar,Jakarta,JX Express,truk,4.02,1.4822,277745,747.1,3051386,10.9863,185.84,2.8,77.05,2351093,1,0,1,1
SHP-04932,2026-05-26,Ternate,Lampung,JX Express,pesawat,13.2,4.8176,1043464,809.7,2346514,2.2488,61.34,1.1,73.17,1716944,1,0,0,0
SHP-04933,2025-12-28,Padang,Bandung,SiCepat,motor,2.9,1.1476,483196,522.6,2351112,4.8658,180.2,0.0,0.29135929447859366,6850,0,0,1,1
SHP-04934,2026-03-17,Blitar,Ternate,JNE,motor,2.76,1.2319,264039,1768.8,8483464,32.1296,640.85,0.0,2.185274232777984,185387,0,1,0,1
SHP-04935,2026-03-25,Samarinda,Medan,Anteraja,pesawat,7.05,2.4364,1224467,569.3,1142491,0.9331,80.76,0.0,1.9052703145071086,21768,0,0,0,0
SHP-04936,2026-02-27,Bekasi,Palembang,JNE,truk,4.07,1.5561,318056,1953.7,9274135,29.1588,480.03,6.6,71.91,6669030,1,1,0,1
SHP-04937,2026-02-14,Yogyakarta,Bengkulu,Wahana,pesawat,1.84,0.7179,286964,805.7,3406465,11.8707,437.87,7.6,76.32,2599814,1,1,0,1
SHP-04938,2026-01-10,Jakarta,Blitar,Wahana,pesawat,5.77,2.5577,585995,337.1,474873,0.8104,58.42,0.9,57.08,271058,1,1,1,0
SHP-04939,2026-05-07,Blitar,Yogyakarta,Wahana,motor,1.68,0.6937,160187,442.6,702394,4.3848,263.46,0.0,3.8632740743335665,27135,0,1,1,0
SHP-04940,2026-02-03,Depok,Semarang,SiCepat,pesawat,2.88,1.6079,313694,374.7,319208,1.0176,130.11,0.0,1.1344089957088188,3621,0,1,1,0
SHP-04941,2026-05-31,Semarang,Jambi,JNE,pesawat,2.49,1.3252,214812,1928.0,7761463,36.1314,774.31,0.0,1.9741080721170174,153220,0,1,0,1
SHP-04942,2026-02-24,Lampung,Banjarmasin,Anteraja,kapal_laut,1.24,0.5406,223755,414.1,998872,4.4641,333.98,0.8,59.41,593430,1,0,0,0
SHP-04943,2025-12-18,Depok,Makassar,JX Express,truk,1.81,0.5968,137702,665.8,2684344,19.4939,367.83,0.0,4.572409328898253,122739,0,1,0,1
SHP-04944,2026-05-28,Bekasi,Malang,J&T Express,kapal_laut,1.98,0.7426,310844,266.5,475457,1.5296,134.57,2.4,52.67,250423,1,1,1,0
SHP-04945,2026-05-25,Semarang,Padang,Ninja Xpress,motor,12.2,5.1949,1290319,1895.8,9392701,7.2794,155.39,1.4,81.78,7681351,1,1,0,1
SHP-04946,2026-05-15,Kupang,Malang,JNE,truk,2.48,1.1646,227453,1630.5,6145833,27.0202,657.45,5.1,72.58,4460646,1,0,1,1
SHP-04947,2026-05-06,Palembang,Yogyakarta,JX Express,truk,6.2,2.4324,800355,2134.4,8802841,10.9987,344.26,1.3,78.62,6920794,1,0,1,1
SHP-04948,2026-03-05,Bengkulu,Semarang,Ninja Xpress,motor,1.66,0.8136,187293,2354.5,10800467,57.6662,1418.4,0.0,1.5331272378459626,165585,0,0,1,1
SHP-04949,2026-01-12,Pontianak,Banjarmasin,SiCepat,motor,1.56,0.8128,109816,1324.4,3868474,35.2269,848.97,0.0,2.2588993567121425,87385,0,0,0,0
SHP-04950,2026-04-20,Makassar,Mataram,JNE,motor,3.16,1.0429,348048,1630.1,4457565,12.8073,515.87,0.0,3.0792958202209366,137262,0,0,0,0
SHP-04951,2026-05-15,Palembang,Pekanbaru,TIKI,pesawat,3.43,1.535,205769,1631.1,2979799,14.4813,475.53,2.3,78.75,2346592,1,0,0,0
SHP-04952,2025-12-28,Ambon,Tangerang,JX Express,truk,1.7,0.9862,284278,954.3,2560853,9.0083,561.34,0.0,0.9945261361240193,25468,0,0,1,1
SHP-04953,2026-03-05,Bekasi,Padang,SiCepat,kapal_laut,8.06,4.0911,624952,893.7,3904875,6.2483,110.88,7.2,73.17,2857197,1,1,0,1
SHP-04954,2026-01-08,Solo,Ternate,Ninja Xpress,truk,5.01,1.5132,805011,1323.5,6085260,7.5592,264.18,0.0,0.12709152802112988,7734,0,1,0,1
SHP-04955,2025-12-31,Lampung,Makassar,JX Express,kapal_laut,1.3,0.6068,103810,591.4,1969244,18.9697,454.92,0.0,0.539042290450702,10615,0,0,0,0
SHP-04956,2026-04-01,Pontianak,Yogyakarta,J&T Express,truk,1.74,0.9462,148404,1556.3,6811476,45.8982,894.41,7.0,77.05,5248242,1,0,1,1
SHP-04957,2026-05-26,Bengkulu,Surabaya,Ninja Xpress,truk,3.56,1.5961,438575,1553.8,4221079,9.6245,436.45,0.0,1.2634906255499134,53333,0,0,1,1
SHP-04958,2026-04-13,Depok,Blitar,SiCepat,kapal_laut,4.83,1.7857,492723,534.6,844178,1.7133,110.69,3.7,77.89,657530,1,1,1,0
SHP-04959,2026-05-03,Tangerang,Kupang,Wahana,kapal_laut,4.9,2.5436,517818,1688.4,7366630,14.2263,344.58,0.0,2.1030499159485894,154924,0,1,0,1
SHP-04960,2026-03-16,Makassar,Bengkulu,Wahana,kapal_laut,1.82,0.5515,198994,1643.7,2506386,12.5953,903.16,0.0,3.3228579892022485,83284,0,0,0,0
SHP-04961,2026-02-09,Ambon,Bengkulu,Anteraja,truk,2.72,1.5283,508604,810.8,2715363,5.3389,298.1,0.0,4.730238842390301,128443,0,0,0,0
SHP-04962,2026-06-13,Yogyakarta,Banjarmasin,Wahana,pesawat,4.1,1.3689,395704,1149.0,3826227,9.6694,280.24,0.3,76.87,2941221,1,1,0,1
SHP-04963,2026-04-24,Jakarta,Surabaya,Ninja Xpress,truk,1.55,0.5831,91297,173.1,304831,3.3389,111.69,0.0,3.9106524105873746,11921,0,1,1,0
SHP-04964,2026-04-02,Medan,Tangerang,Anteraja,pesawat,2.58,1.2334,390876,1257.7,4939305,12.6365,487.49,0.0,4.659877261125773,230166,0,0,1,1
SHP-04965,2026-05-10,Samarinda,Pekanbaru,Anteraja,truk,4.94,2.0867,469861,350.4,990377,2.1078,70.94,0.8,54.35,538270,1,0,0,0
SHP-04966,2026-01-07,Pontianak,Malang,Anteraja,kapal_laut,5.35,2.0812,714530,582.6,1908129,2.6705,108.9,0.0,0.857205831177012,16357,0,0,1,1
SHP-04967,2026-01-30,Bengkulu,Pontianak,SiCepat,truk,1.63,0.7729,116072,283.8,462457,3.9842,174.1,0.0,1.6448671904727048,7607,0,0,0,0
SHP-04968,2026-05-16,Kupang,Padang,Wahana,motor,3.41,2.0038,321256,1657.0,3733542,11.6217,485.91,11.0,72.53,2707938,1,0,0,0
SHP-04969,2026-01-07,Ambon,Medan,JX Express,kapal_laut,4.27,1.9044,744778,1129.2,3592695,4.8238,264.44,0.0,4.684938018014424,168316,0,0,0,0
SHP-04970,2026-02-17,Palembang,Kupang,TIKI,pesawat,2.91,1.6508,205356,402.7,1379937,6.7197,138.37,0.0,1.8008024501882898,24850,0,0,0,0
SHP-04971,2026-04-15,Padang,Bekasi,J&T Express,pesawat,2.73,1.634,258633,1113.5,4062839,15.7089,407.88,0.9,74.71,3035347,1,0,1,1
SHP-04972,2026-02-01,Banjarmasin,Bengkulu,Anteraja,truk,3.84,1.1567,393129,1760.9,4381855,11.1461,458.58,0.0,0.2576211631976416,11289,0,0,0,0
SHP-04973,2026-03-14,Samarinda,Padang,JX Express,truk,2.77,1.4629,412977,1515.0,3402879,8.2399,546.93,3.7,77.52,2637912,1,0,0,0
SHP-04974,2026-04-23,Makassar,Blitar,SiCepat,kapal_laut,4.25,1.3221,434701,787.8,3196902,7.3543,185.37,0.0,2.6542493522394333,84854,0,0,1,1
SHP-04975,2026-03-03,Solo,Bandung,J&T Express,kapal_laut,2.23,1.0385,305452,672.5,1021583,3.3445,301.57,2.2,78.7,803986,1,1,1,0
SHP-04976,2026-05-25,Lampung,Banjarmasin,SiCepat,motor,3.07,0.9423,449035,1257.9,3375703,7.5177,409.73,1.0,79.3,2676932,1,0,0,0
SHP-04977,2026-02-10,Tangerang,Medan,Wahana,kapal_laut,1.44,0.7449,137622,1995.3,5186265,37.6849,1385.64,0.0,4.131853921574125,214289,0,1,0,1
SHP-04978,2026-01-04,Tangerang,Jakarta,TIKI,truk,2.74,1.5317,267600,245.2,328175,1.2264,89.5,4.3,45.96,150829,1,1,1,0
SHP-04979,2026-03-29,Makassar,Jambi,JX Express,pesawat,6.55,2.0845,534689,617.2,1346302,2.5179,94.23,0.0,0.429817236033585,5787,0,0,0,0
SHP-04980,2026-03-15,Semarang,Bogor,J&T Express,motor,3.04,1.5086,226570,739.9,1058532,4.672,243.37,0.2,72.43,766695,1,1,1,0
SHP-04981,2026-06-10,Blitar,Bogor,Ninja Xpress,pesawat,4.2,1.5069,330728,712.6,1073513,3.2459,169.68,0.0,4.080669522803816,43807,0,1,1,0
SHP-04982,2026-05-23,Jakarta,Jambi,JX Express,pesawat,2.03,0.8297,196999,2131.2,7799153,39.5898,1049.85,4.9,78.22,6100497,1,1,0,1
SHP-04983,2026-04-25,Bandung,Medan,JNE,truk,3.94,1.4569,449499,824.4,4102676,9.1272,209.25,1.3,71.6,2937516,1,1,0,1
SHP-04984,2026-05-25,Lampung,Banjarmasin,Anteraja,pesawat,1.77,0.9805,224376,824.3,2398401,10.6892,465.72,0.0,4.269884384132715,102409,0,0,0,0
SHP-04985,2026-01-28,Mataram,Medan,TIKI,kapal_laut,1.62,0.672,191792,563.0,1543739,8.049,347.53,0.0,1.3918070379687069,21486,0,0,0,0
SHP-04986,2026-05-21,Ambon,Tangerang,TIKI,motor,6.47,2.0369,859736,608.4,2218654,2.5806,94.04,6.0,69.89,1550617,1,0,1,1
SHP-04987,2026-03-14,Bogor,Jambi,JNE,motor,7.82,2.5277,1242345,900.1,4184567,3.3683,115.11,0.0,3.303659429130856,138244,0,1,0,1
SHP-04988,2026-01-11,Balikpapan,Bengkulu,J&T Express,pesawat,3.61,2.0065,325841,1093.5,3070727,9.424,302.9,0.5,73.75,2264661,1,0,0,0
SHP-04989,2026-02-18,Depok,Jakarta,J&T Express,pesawat,4.96,1.5097,616910,677.4,1166185,1.8904,136.58,2.9,75.47,880120,1,1,1,0
SHP-04990,2026-01-30,Ternate,Padang,TIKI,kapal_laut,1.32,0.6543,179844,472.7,1203666,6.6928,358.08,0.0,1.0057563993238972,12106,0,0,0,0
SHP-04991,2026-04-02,Pekanbaru,Jambi,JX Express,truk,1.9,0.6798,142031,913.7,1881586,13.2477,480.9,0.0,0.8438535310114498,15878,0,0,0,0
SHP-04992,2026-01-13,Pekanbaru,Tangerang,Anteraja,kapal_laut,4.06,1.8759,715924,809.2,2758243,3.8527,199.3,0.0,1.8773840515049423,51783,0,0,1,1
SHP-04993,2026-04-17,Surabaya,Banjarmasin,SiCepat,motor,1.56,0.5547,161393,544.4,1897324,11.7559,348.98,13.1,72.9,1383149,1,1,0,1
SHP-04994,2026-02-12,Surabaya,Palembang,Ninja Xpress,truk,1.85,1.0149,204722,1999.1,6041645,29.5115,1080.6,0.0,0.48408854333995,29247,0,1,0,1
SHP-04995,2026-05-07,Palembang,Jakarta,Wahana,truk,1.62,0.7194,202672,1095.3,3455096,17.0477,676.13,0.0,1.3585782730632885,46940,0,0,1,1
SHP-04996,2026-05-07,Bandung,Bengkulu,JX Express,motor,4.7,2.1589,490282,1872.2,5847331,11.9265,398.35,0.0,0.3797480387847979,22205,0,1,0,1
SHP-04997,2026-06-04,Yogyakarta,Medan,Anteraja,truk,1.77,0.6645,166601,2120.9,5370031,32.2329,1198.23,0.0,1.7334199604580314,93085,0,1,0,1
SHP-04998,2026-02-01,Pekanbaru,Manado,SiCepat,kapal_laut,1.41,0.4817,160656,555.2,1790444,11.1446,393.76,3.7,75.14,1345340,1,0,0,0
SHP-04999,2026-02-07,Ambon,Bekasi,JNE,motor,2.3,0.8577,308758,2260.5,10440532,33.8146,982.83,3.1,69.96,7304196,1,0,1,1
SHP-05000,2026-01-21,Tangerang,Bekasi,JNE,kapal_laut,11.91,4.326,1029515,65.3,65806,0.0639,5.49,0.0,3.978514824924903,2618,0,1,1,0
